,title,address,price,price_per_sqm,rooms,sqm
385,Inchiriez garsnoiera confort 3 Manastur,"Marasti, Cluj-Napoca, Cluj",160.97,13.41,1,12
2194,Dau în chirie garsonieră 1 cameră,"Marasti, Cluj-Napoca, Cluj",190,7.92,1,24
882,Garsoniera modesta in zona Autogara Beta / Scoala de Politie,"Dambul Rotund, Cluj-Napoca, Cluj",199,8.65,1,23
929,Garsoniera de vânzare în zona Gheorgheni,"Andrei Muresanu, Cluj-Napoca, Cluj",200,18.18,1,11
123,Inchiriez garsoniera,"Gheorgheni, Cluj-Napoca, Cluj",201.21,9.15,1,22
2360,Garsoniera cart. Zorilor,"Marasti, Cluj-Napoca, Cluj",220,7.33,1,30
2182,Închiriez garsonieră in Mărăști,"Plopilor, Cluj-Napoca, Cluj",220,8.46,1,26
2359,"Termen scurt-mediu-lung, Iulius Mall, din iulie","Gheorgheni, Cluj-Napoca, Cluj",240,16,1,15
360,Inchiriz garsoniera,"Iris, Cluj-Napoca, Cluj",241.45,9.29,1,26
655,Garsoniera spatioasa la curte sau spatiu pentru firma.,"Dambul Rotund, Cluj-Napoca, Cluj",250,5,1,50
609,"Spatiu 40 mp, Strada Sanatoriului","Dambul Rotund, Cluj-Napoca, Cluj",250,6.25,1,40
778,De închiriat garsonieră cartier Bună Ziua,"Zorilor, Cluj-Napoca, Cluj",250,6.25,1,40
849,Închiriez apartament cu o cameră,"Marasti, Cluj-Napoca, Cluj",250,6.25,1,40
2076,"Inchiriez spatiu pt. firmă, birouri sau depozit","Marasti, Cluj-Napoca, Cluj",250,6.25,1,40
2118,"Spatiu birou de inchiriat, 40mp, 3 parcari, str. Campului","Strada Campului, Manastur, Cluj-Napoca, Cluj",250,6.25,1,40
2033,"Garsoniera, 35 mp, gradina, imobil de tip casa, zona UMF","Strada Sighisoarei, Zorilor, Cluj-Napoca, Cluj",250,7.14,1,35
972,Închiriez garsoniera,"Marasti, Cluj-Napoca, Cluj",250,7.81,1,32
375,Persoana fizica ofer garsoniera din 1 iunie,"Marasti, Cluj-Napoca, Cluj",250,8.33,1,30
924,Inchiriere garsoniera 30 mp decomandata str Teleorman CLuj Napoca,"Marasti, Cluj-Napoca, Cluj",250,8.33,1,30
166,"Inchriez garsoniera conf. I, in Manastur, etaj 1/10.","Marasti, Cluj-Napoca, Cluj",250,8.62,1,29
1692,Apartament cu 1 cameră de închiriat | Zorilor - Str. Luceafărului,"Zorilor, Cluj-Napoca, Cluj",250,8.93,1,28
204,NOU Renovată utilată/mobilată garsonieră strada Fabricii zona Terapia,"Marasti, Cluj-Napoca, Cluj",250,9.26,1,27
245,250€ Garsonieră NOU renovată utilată complet,"Marasti, Cluj-Napoca, Cluj",250,9.26,1,27
531,Garsonieră NOU renovată 1 cameră / Strada Fabricii Mărăști,"Marasti, Cluj-Napoca, Cluj",250,9.26,1,27
716,Garsonieră renovată NOU / Strada Fabricii zona Terapia Mărăști,"Marasti, Cluj-Napoca, Cluj",250,9.26,2,27
945,250€ / Garsonieră NOU renovată / Strada Fabricii zona Terapia,"Marasti, Cluj-Napoca, Cluj",250,9.26,1,27
324,"Garsoniera, 1 camera, situata in Grigorescu!","Strada David Ferenc, Centru, Cluj-Napoca, Cluj",250,10.42,2,24
510,"Garsoniera de inchiriat, 24 mp, zona Manastur","Manastur, Cluj-Napoca, Cluj",250,10.42,1,24
551,Garsonieră zona Mărăști str Fabricii / Etaj 2 din 4,"Marasti, Cluj-Napoca, Cluj",250,10.87,1,23
1460,"Garsoniera 23 mp, Strada Cojocnei","Bulgaria, Cluj-Napoca, Cluj",250,10.87,1,23
109,"Apartament de 1 camera, mobilat utilat, zona Manastur","Manastur, Cluj-Napoca, Cluj",250,11.36,1,22
263,"Garsoniera 22 mp, Strada Bucegi","Manastur, Cluj-Napoca, Cluj",250,11.36,1,22
276,Garsonieră de închiriat - Mănăștur - Str. Primăverii,"Manastur, Cluj-Napoca, Cluj",250,11.36,1,22
53,Garsoniera finisata mobilata zona Expo,"Intre Lacuri, Cluj-Napoca, Cluj",250,11.9,1,21
1784,Garsonieră tip studio,"Marasti, Cluj-Napoca, Cluj",250,13.89,1,18
2333,Garsoniera Zona Intre Lacuri - Str. Dunarii,"Marasti, Cluj-Napoca, Cluj",250,15.62,1,16
452,"Inchiriez garsoniera Gheorgheni, 250 euro","Gheorgheni, Cluj-Napoca, Cluj",250,22.73,1,11
843,Garsoniera finisata mobilata in Manastur,"Manastur, Cluj-Napoca, Cluj",255,8.5,1,30
271,"Oportunitate!Garsoniera,RENOVATA, MODERNA,Zona Manastur/Bucegi","Manastur, Cluj-Napoca, Cluj",259,12.33,1,21
301,Inchiriere apartament 1 camera cart. Iris,"Marasti, Cluj-Napoca, Cluj",260,7.22,1,36
1944,"Dau în chirie garsonieră 30 m2, decomandată, Mănăștur","Marasti, Cluj-Napoca, Cluj",260,8.67,1,30
1810,inchiriez garsoniera in gheorgheni str constantin brancusi nr 153,"Marasti, Cluj-Napoca, Cluj",260,9.29,1,28
2286,Chirie Garsoniera Marasti,"Marasti, Cluj-Napoca, Cluj",260,9.63,1,27
265,"Apartament cu o camera, 40 mp, Strada Edgar Quinet","Manastur, Cluj-Napoca, Cluj",262,6.24,2,42
1720,Apartament la casa cu loc parcare pe strada Codrului,"Dambul Rotund, Cluj-Napoca, Cluj",265,6.62,1,40
2112,Închiriez apartament 2 camere Floresti,"Marasti, Cluj-Napoca, Cluj",270,4.74,2,57
97,"Apartament de 1 camera, mobilat utilat, zona Iris","Iris, Cluj-Napoca, Cluj",270,7.5,1,36
344,Inchiriez Apartament zona Bulevardul Muncii,"Marasti, Cluj-Napoca, Cluj",270,7.5,1,36
43,Apartament cu 1 camera de inchiriat langa Petrom (Baciu),"Marasti, Cluj-Napoca, Cluj",270,8.18,1,33
544,"Garsoniera mobilata, utilata in Manastur","Manastur, Cluj-Napoca, Cluj",270,9,1,30
1006,"Garsoniera de inchiriat, Manastur, 25 mp, Casa Piratilor","Aleea Garbau, Manastur, Cluj-Napoca, Cluj",270,10.8,1,25
233,"Garsoniera, 30mp, Gheorgheni, zona Nicolae Titulescu","Gheorgheni, Cluj-Napoca, Cluj",279,9.3,1,30
1174,"Garsoniera, Mobilata Modern, Strada Lunii, Zorilor,Golden Tulip, Profi","Zorilor, Cluj-Napoca, Cluj",279,13.95,1,20
1986,P.F. Dau in chirie ap. 2 cam. pe str. București,"Marasti, Cluj-Napoca, Cluj",280,7,2,40
274,"Spatiu-birou, 32 mp, Strada Petru Maior","Centru, Cluj-Napoca, Cluj",280,8.75,1,32
1358,Apartament cu o camera central,"Marasti, Cluj-Napoca, Cluj",280,8.75,1,32
322,"Apartament cu 1 camera, situat in cartierul Iris!","Strada Oasului, Iris, Cluj-Napoca, Cluj",280,9.33,1,30
348,"OPORTUNITATE! Garsoniera, 30mp, loc de parcare, PET FRIENDLY, zona Iri","Iris, Cluj-Napoca, Cluj",280,9.33,1,30
415,De inchiriat garsoniera | Zona Iris,"Iris, Cluj-Napoca, Cluj",280,9.33,1,30
1330,"Apartament cu o camera la casa, 30 mp, Strada Pajiștei","Centru, Cluj-Napoca, Cluj",280,9.33,1,30
1719,Garsoniera zona Iris prima inchiriere!,"Iris, Cluj-Napoca, Cluj",280,10.37,1,27
1930,Garsoniera in zona Spitalului de Recuperare,"Zorilor, Cluj-Napoca, Cluj",280,10.77,1,26
279,OPORTUNITATE! Garsoniera 22MP/Gheorgheni/Baza Sportiva,"Gheorgheni, Cluj-Napoca, Cluj",280,12.73,1,22
297,Inchiriez garsoniera in cartierul Gheorgheni,"Marasti, Cluj-Napoca, Cluj",280,12.73,1,22
345,"Garsoniera de inchiriat, 22 mp, zona Gruia / Stadion","Gruia, Cluj-Napoca, Cluj",280,12.73,1,22
2324,"Inchiriez garsoniera str. Teodor Mihali, aproape de FSEGA/Iulius Mall","Marasti, Cluj-Napoca, Cluj",280,12.73,1,22
1158,"Garsoniera de 45 mp, etaj intermediar, zona Dambul Rotund","Strada Bethlen Gabor, Dambul Rotund, Cluj-Napoca, Cluj",290,6.44,1,45
343,"Apartament de 1 camera,Calea Baciului","Dambul Rotund, Cluj-Napoca, Cluj",290,6.9,1,42
857,"Apartament spatios cu o camera, Dambu Rotund, zona Corneliu Coposu","Strada Ileana Cosanzeana, Dambul Rotund, Cluj-Napoca, Cluj",290,6.9,1,42
1411,Inchiriez ap 1 camera decomandat,"Dambul Rotund, Cluj-Napoca, Cluj",290,6.9,1,42
1401,"Apartament cu 1 camera, 40 mp, Strada Ileana Cosânzeana","Dambul Rotund, Cluj-Napoca, Cluj",290,7.25,1,40
1550,Inchiriez apartament 1 camera Calea Baciului Petrom,"Marasti, Cluj-Napoca, Cluj",290,8.29,1,35
464,Apartament spatios cu 1 camera | zona Zorilor/Observator,"Buna Ziua, Cluj-Napoca, Cluj",299,6.64,1,45
332,"APARTAMENT 2 CAMERE, ZONA PIATA ION MESTER","Manastur, Cluj-Napoca, Cluj",299,6.95,2,43
368,"O Camera, Zona Big, Manastur","Manastur, Cluj-Napoca, Cluj",299,6.95,1,43
272,"APARTAMENT 2 CAMERE,GHEORGHENI","Gheorgheni, Cluj-Napoca, Cluj",299,9.34,2,32
834,Garsoniera spatioasa | cartier Grigorescu | aproape de Cluj Arena,"Grigorescu, Cluj-Napoca, Cluj",299,9.34,1,32
21,"APARTAMENT CU 1 CAMERA, MARASTI","Bulgaria, Cluj-Napoca, Cluj",299,10.68,1,28
117,"O camera, Zona Kaufland, Lidl, Leroy Merlin, Marasti","Intre Lacuri, Cluj-Napoca, Cluj",299,10.68,1,28
330,"GARSONIERA, ZONA KAUFLAND AUREL VLAICU","Intre Lacuri, Cluj-Napoca, Cluj",299,10.68,1,28
369,"Garsoniera, Zona Calvaria, Plopilor, Penny","Manastur, Cluj-Napoca, Cluj",299,10.68,1,28
2357,"Garsoniera ultramoderna tip studio, bloc lux, langa Iulius Mall/FSEGA","Gheorgheni, Cluj-Napoca, Cluj",299,10.68,1,28
168,"Garsoniera, mobilata modern, balcon, CT, Blvd Muncii, zona UTCN, Iris","Iris, Cluj-Napoca, Cluj",299,13.59,1,22
309,"Inchiriez apartament cu 2 camere, cartier Europa","Marasti, Cluj-Napoca, Cluj",300,4.62,2,65
910,Inchiriez apartament 2 camere,"Marasti, Cluj-Napoca, Cluj",300,5.77,2,52
975,Inchiriez apartament Floresti,"Centru, Cluj-Napoca, Cluj",300,5.77,2,52
1056,"Doua camere Manastur, Aleea Micus","Marasti, Cluj-Napoca, Cluj",300,5.77,2,52
225,Inchiriez apartament doua camere,"Marasti, Cluj-Napoca, Cluj",300,6,2,50
1162,"Apartament 2 camere, decomandat, 50 mp, parcare, zona Clabucet","Aleea Putna, Manastur, Cluj-Napoca, Cluj",300,6,2,50
1901,"Apartament 2 camere, Buna ziua, 50mp, parcare","Aleea Zaharia Stancu, Buna Ziua, Cluj-Napoca, Cluj",300,6,2,50
1978,Inchiriez apart. 2 camere Horea,"Marasti, Cluj-Napoca, Cluj",300,6,2,50
2066,300€ Apartament 2 camere decomandate / Parcare privată inclusă,"Marasti, Cluj-Napoca, Cluj",300,6,2,50
2380,Apartament 2 camere / Zona Calea Baciului Petrom,"Marasti, Cluj-Napoca, Cluj",300,6,2,50
228,"APARTAMENT 2 CAMERE,FLORESTI","Centru, Cluj-Napoca, Cluj",300,6.38,2,47
1099,Apartament 2 camere decomandate / Parcare privată inclusă,"Marasti, Cluj-Napoca, Cluj",300,6.38,2,47
1100,Apartament 2 camere / Disponibil imediat / Parcare inclusă,"Marasti, Cluj-Napoca, Cluj",300,6.38,2,47
2227,Apartament NOU 2 camere / Parcare inclusă în preț,"Marasti, Cluj-Napoca, Cluj",300,6.38,2,47
2293,"Str Galaxiei zona Calea Baciului Petrom, Ap 2 Camere ,Parcare inclusă","Dambul Rotund, Cluj-Napoca, Cluj",300,6.38,2,47
712,"Apartament de inchiriat, in cartierul Gheorgheni, Cluj-Napoca","Gheorgheni, Cluj-Napoca, Cluj",300,6.52,1,46
759,De închiriat apartament str Saturn zona Petrom - Calea Baciului,"Marasti, Cluj-Napoca, Cluj",300,6.52,2,46
640,Str Galaxiei - Apartament 2 camere - Loc de parcare inclus,"Dambul Rotund, Cluj-Napoca, Cluj",300,6.67,2,45
1825,Apartament semidecomandat+terasa si parcare- Dambul Rotund,"Dambul Rotund, Cluj-Napoca, Cluj",300,6.67,2,45
2012,GARSONIERĂ DAMBU ROTUND || CENTRALĂ || LOC DE PARCARE,"Dambul Rotund, Cluj-Napoca, Cluj",300,6.67,1,45
268,"Apartament cu o camera, 43 mp, Strada Izlazului","Manastur, Cluj-Napoca, Cluj",300,6.98,1,43
386,Închiriez apartament,"Marasti, Cluj-Napoca, Cluj",300,6.98,1,43
1809,Apartament NOU 2 camere decomandate / Bloc nou / Disponibil imediat,"Marasti, Cluj-Napoca, Cluj",300,7.14,2,42
2150,"Str Galaxiei, zona Calea Baciului-Petrom cu loc de parcare","Dambul Rotund, Cluj-Napoca, Cluj",300,7.14,2,42
38,Inchiriez apartament 1 camera zona Vivo,"Marasti, Cluj-Napoca, Cluj",300,7.5,1,40
325,"Apartament, 1 camera, situata in cartierul Dambul Rotund!","Strada Ileana Cosanzeana, Dambul Rotund, Cluj-Napoca, Cluj",300,7.5,1,40
1434,Apartament 1 camera 40mp! str.Calea Manastur! Vis a vis de Big Belly!,"Marasti, Cluj-Napoca, Cluj",300,7.5,1,40
1571,Apartament cu 1 camere de inchiriat in zona Manastur,"Manastur, Cluj-Napoca, Cluj",300,7.5,1,40
1726,"Exclusiv! Apartament cu 2 camere decomandate, garaj, Manastur, Clabuce","Manastur, Cluj-Napoca, Cluj",300,7.5,2,40
1942,Inchiriez apartament 1 camera str. Calea Floresti,"Marasti, Cluj-Napoca, Cluj",300,7.5,1,40
1698,Apartament cu o camera/ Mobilat si utilat complet ! str. Parang!,"Marasti, Cluj-Napoca, Cluj",300,7.69,1,39
334,"Apartament cu 2 camere, semidecomandat, situat in zona strazii Calea T","Strada Pakei Lajos, Buna Ziua, Cluj-Napoca, Cluj",300,7.89,2,38
1413,"De inchiriat apartament cu 2 camere, zona Primaverii","Manastur, Cluj-Napoca, Cluj",300,8.11,2,37
1200,Dau in chirie apartament cu două camere,"Marasti, Cluj-Napoca, Cluj",300,8.57,2,35
1602,"Inchiriere studio, zona Hasdeu!","Zorilor, Cluj-Napoca, Cluj",300,8.57,1,35
570,Apartament cu o camera de inchiriat pe Calea Floresti,"Marasti, Cluj-Napoca, Cluj",300,9.09,1,33
1082,"Apartament de inchiriat, cu balcon inchis- Manastur","Manastur, Cluj-Napoca, Cluj",300,9.38,1,32
1777,Garsonieră la curte zona Iris,"Iris, Cluj-Napoca, Cluj",300,9.38,1,32
556,"Garsoniera confort 1, cart.Manastur, strada Bucegi, aer conditionat","Marasti, Cluj-Napoca, Cluj",300,9.68,1,31
214,Inchiriez garsoniera - cartier Buna Ziua,"Marasti, Cluj-Napoca, Cluj",300,10,1,30
1120,"De inchiriat apartament cu 2 camere semidecomandat, zona Piata Hermes","Strada Albac, Gheorgheni, Cluj-Napoca, Cluj",300,10,2,30
2312,"apartament 1 camera, 30 mp, Gheorgheni zona fsega","Gheorgheni, Cluj-Napoca, Cluj",300,10,1,30
13,OPORTUNITATE!! Garsoniera 28MP/MARASTI/BALCON/,"Intre Lacuri, Cluj-Napoca, Cluj",300,10.71,1,28
39,Inchiriez Ap cu o camera,"Marasti, Cluj-Napoca, Cluj",300,10.71,1,28
597,"APARTAMENT 1 CAMERA, DECOMANDAT, MANASTUR","Manastur, Cluj-Napoca, Cluj",300,10.71,1,28
859,"Garsoniera, mobilata, utilata, etaj 1, Manastur, zona Podul Calvaria","Strada Portile de Fier, Manastur, Cluj-Napoca, Cluj",300,10.71,1,28
863,"Garsoniera, mobilata, utilata, etaj 2, Manastur, zona Podul Calvaria","Strada Portile de Fier, Manastur, Cluj-Napoca, Cluj",300,10.71,1,28
982,Garsoniera de închiriat zona Big Mănăștur,"Manastur, Cluj-Napoca, Cluj",300,10.71,1,28
1029,"Garsoniera 28 mp, Strada Porțile de Fier","Plopilor, Cluj-Napoca, Cluj",300,10.71,1,28
1068,"Garsoniera S-28mp+balcon, etaj 8\/10, str. Bucegi, nr.15, zona BIG","Strada Bucegi, Manastur, Cluj-Napoca, Cluj",300,10.71,1,28
707,De închiriat garsonieră în Zorilor,"Zorilor, Cluj-Napoca, Cluj",300,12,1,25
970,"inchiriez garsoniera 24mp Gradini Manastur, Cluj Napoca","Marasti, Cluj-Napoca, Cluj",300,12,1,25
2315,Dau în chirie garsonieră în Mărăști,"Marasti, Cluj-Napoca, Cluj",300,13.04,1,23
306,Inchiriez garsoniera,"Marasti, Cluj-Napoca, Cluj",300,13.64,1,22
504,Garsoniera de inchiriat,"Marasti, Cluj-Napoca, Cluj",300,13.64,1,22
1223,"Garsoniera de 22 mp, mobilata si utilata, zona B-dul. Muncii","Strada Ciucea, Iris, Cluj-Napoca, Cluj",300,13.64,1,22
2375,Inchiriez garsoniera,"Marasti, Cluj-Napoca, Cluj",300,14.29,1,21
112,OPORTUNITATE!! NOU!! Garsoniera/Str. Fabricii,"Iris, Cluj-Napoca, Cluj",300,15,1,20
328,Inchiriez garsoniera Fabricii 125A,"Marasti, Cluj-Napoca, Cluj",301.81,15.09,1,20
184,"Garsoniera 22 mp, Bulevardul Muncii","Iris, Cluj-Napoca, Cluj",303,13.77,1,22
1055,"Apartament la casa, pe strada Oasului","Iris, Cluj-Napoca, Cluj",310,7.75,1,40
946,"2 Camere, Zona Interservisan, Iulius Mall, Gheorgheni","Gheorgheni, Cluj-Napoca, Cluj",319,6.38,2,50
2328,"Inchiriez apartament la curte, parcare Andrei Muresanu-Gheorgheni","Marasti, Cluj-Napoca, Cluj",319,7.6,1,42
9,"OPORTUNITATE!GARSONIERA,MODERNA,BALCON,Zona Gheorgheni/Iulius Mall/Det","Gheorgheni, Cluj-Napoca, Cluj",319,11.39,1,28
1697,"Apartament 2 camere str.Campului, Manastur, zona de case, cu parcare","Strada Campului, Manastur, Cluj-Napoca, Cluj",320,5.71,2,56
407,"APARTAMENT CU 2 CAMERE, ZONA MANASTUR","Manastur, Cluj-Napoca, Cluj",320,5.82,2,55
470,"Apartament cu 2 camere, 55 mp, Aleea Gârbău","Gheorgheni, Cluj-Napoca, Cluj",320,5.82,2,55
1641,"Apartament decomandat, 2 camere, cartier Intre Lacuri","Intre Lacuri, Cluj-Napoca, Cluj",320,5.82,2,55
1322,"Dau in chirie apartament 2 camere Gheorgheni ,zona Interservisan","Marasti, Cluj-Napoca, Cluj",320,6.4,2,50
1833,"Apartament cu 2 camere, 50 mp, decomandat, zona strazii Clabucet","Aleea Clabucet, Manastur, Cluj-Napoca, Cluj",320,6.4,2,50
841,"Apartament 2camere(living cu bucatarie si dormitor), zona Campului","Strada Campului, Manastur, Cluj-Napoca, Cluj",320,6.67,2,48
1043,Apartament 2 camere / Bloc nou / Calea Baciului,"Marasti, Cluj-Napoca, Cluj",320,6.81,2,47
257,"Apartament 2 camere, Gheorgheni","Gheorgheni, Cluj-Napoca, Cluj",320,8,2,40
756,Apartament cu 1 camera | parcare | zona Liberty Park,"Dambul Rotund, Cluj-Napoca, Cluj",320,9.14,1,35
940,"Apartament in bloc nou, 1 camera, de închiriat, în Centru","Strada Remetea, Zorilor, Cluj-Napoca, Cluj",320,9.14,1,35
1701,Apartament 2 camere/ 35mp/ str. Garbau/ Manastur!,"Marasti, Cluj-Napoca, Cluj",320,9.14,2,35
769,Apartament cu 1 camera! Balcon inchis! Mobila noua! Manastur!,"Marasti, Cluj-Napoca, Cluj",320,9.7,1,33
862,"Apartament cu o camera, etaj 3, Manastur, zona Piata Flora","Calea Floresti, Manastur, Cluj-Napoca, Cluj",320,10,1,32
1143,garsoniera confort 1 finisata si utilata pe termen lung,"Marasti, Cluj-Napoca, Cluj",320,10,1,32
1210,"Apartament cu 2 camere, 30 mp, situat in cartierul Gheorgheni!","Strada Albac, Gheorgheni, Cluj-Napoca, Cluj",320,10.67,2,30
18,GARSONIERA/DETUNATA/IULIUS MALL/BALCON,"Gheorgheni, Cluj-Napoca, Cluj",320,11.43,1,28
48,Inchiriez Garsoniera DETUNATA,"Marasti, Cluj-Napoca, Cluj",320,11.43,1,28
915,Inchiriez garsionera str. Horea,"Marasti, Cluj-Napoca, Cluj",320,11.43,1,28
1131,Apartament 1 camera Manastur,"Strada Ravasului, Manastur, Cluj-Napoca, Cluj",320,11.43,1,28
1188,Apartament 1 camera Manastur,"Faget, Cluj-Napoca, Cluj",320,11.43,1,28
1351,"Garsoniera moderna, bloc lux, zona Hasdeu, aproape de UMF/USAMV","Zorilor, Cluj-Napoca, Cluj",320,11.43,1,28
107,OPORTUNITATE!! Garsoniera 22MP/Iris/Sinterom,"Iris, Cluj-Napoca, Cluj",320,14.55,1,22
913,"Garsoniera de 22mp, lux, zona strazii Calea Baciului","Calea Baciului, Dambul Rotund, Cluj-Napoca, Cluj",320,14.55,1,22
1201,Inchiriez apartament 2 camere,"Marasti, Cluj-Napoca, Cluj",321.93,5.55,2,58
122,Închiriez apartament 2 camere zona Vivo,"Marasti, Cluj-Napoca, Cluj",321.93,7.49,2,43
1292,"Apartament 2 camere, 40mp, zona Casa Piratilor","Aleea Garbau, Manastur, Cluj-Napoca, Cluj",325,8.12,2,40
1305,"De inchiriat apartament cu o camera, in cartierul Gruia!","Gruia, Cluj-Napoca, Cluj",325,8.12,1,40
2377,"Apartament 2 camere 35mp, Gheorgheni, zona Alverna SPA","Gheorgheni, Cluj-Napoca, Cluj",325,9.29,2,35
1206,"Apartament 2 camere, semidecomandate, 30mp, Gheorgheni, zona Hermes","Gheorgheni, Cluj-Napoca, Cluj",329,10.97,2,30
1250,Apartament cu 2 camere de inchiriat in zona Campului,"Manastur, Cluj-Napoca, Cluj",330,5.41,2,61
1242,Apartament decomandat- 2 camere- Manastur,"Manastur, Cluj-Napoca, Cluj",330,5.5,2,60
1614,Apartament 2 camere / Disponibil imediat / Parcare disponibilă,"Marasti, Cluj-Napoca, Cluj",330,6,2,55
205,Apartament de închiriat,"Marasti, Cluj-Napoca, Cluj",330,6.6,2,50
877,De închiriat / Apartamente moderne / Zona Calea Baciului,"Centru, Cluj-Napoca, Cluj",330,6.6,2,50
1257,Apartament 2 camere Gheorghenj,"Gheorgheni, Cluj-Napoca, Cluj",330,6.6,2,50
2180,De închiriat apartamente zona Calea Baciului - Petrom,"Marasti, Cluj-Napoca, Cluj",330,6.6,2,50
1233,Disponibil din 01 iunie / Apartament 2 camere,"Marasti, Cluj-Napoca, Cluj",330,6.88,2,48
2260,Apartament NOU 2 camere / De închiriat / Bloc nou,"Marasti, Cluj-Napoca, Cluj",330,7.02,2,47
1381,Apartament cu 2 Camere - Bloc Nou - Parcare exterioară - Str Stelelor,"Marasti, Cluj-Napoca, Cluj",330,7.17,2,46
2245,Apartament NOU 2 camere,"Marasti, Cluj-Napoca, Cluj",330,8.25,1,40
1194,"Apartament cu parcare, in zona Podului Ira","Someseni, Cluj-Napoca, Cluj",330,8.68,1,38
546,"Apartament 2 camere, Zona Gheorgheni/ P-ta Hermes","Gheorgheni, Cluj-Napoca, Cluj",330,9.43,2,35
1046,"2 camere, mobilat complet, in Gheorgheni, zona Albac","Gheorgheni, Cluj-Napoca, Cluj",330,9.43,2,35
317,Apartament 2 camere | Gheorgheni-Piata Hermes |,"Gheorgheni, Cluj-Napoca, Cluj",330,10,2,33
539,"APARTAMENT CU 2 CAMERE, ZONA PIATA HERMES , GHEORGHENI","Gheorgheni, Cluj-Napoca, Cluj",330,10,2,33
564,"Apartament 2 camere, Gheorgheni","Marasti, Cluj-Napoca, Cluj",330,10,2,33
1310,"2 camere, semidecomandat, cartierul GHEORGHENI, zona Hotel Royal","Gheorgheni, Cluj-Napoca, Cluj",330,11,2,30
2094,Apartament 2 camere / Bloc nou / Calea Baciului,"Marasti, Cluj-Napoca, Cluj",330,11,2,30
313,Persoana fizica închiriez garsoniera in Gheorgheni,"Marasti, Cluj-Napoca, Cluj",338.03,11.27,1,30
602,"2 Camere, Decomandat, Zona Minerva, McDonalds, Manastur","Manastur, Cluj-Napoca, Cluj",339,8.47,2,40
422,"Oportunitate!Garsoniera,RENOVATA,Zona Iulius Mall/Gheorgheni/Detunata","Gheorgheni, Cluj-Napoca, Cluj",339,12.11,1,28
2163,Calea Baciului - Blocuri Noi - Cheltuieli Mici - 1 sau 2 Dormitoare,"Marasti, Cluj-Napoca, Cluj",340,5.96,3,57
1921,Apartament semidecomandat de inchiriat- Gheorgheni,"Gheorgheni, Cluj-Napoca, Cluj",340,7.56,2,45
2348,P.F. inchiriez ap.1 camera in cart. Gheorgheni,"Marasti, Cluj-Napoca, Cluj",340,10.62,1,32
1378,Persoana Fizica inchiriez garsoniera zona BIG,"Marasti, Cluj-Napoca, Cluj",340,11.33,1,30
191,"2 camere, decomandat, mobilat modern, parcare, Buna Ziua","Becas, Cluj-Napoca, Cluj",349,7.76,2,45
171,"2 camere decomandate, modern mobilat, parcare, Cartierul Buna ziua","Buna Ziua, Cluj-Napoca, Cluj",349,9.97,2,35
650,"OPORTUNITATE! Ap 2 camere, PARCARE, Zona Buna Ziua/Mihai Romanul","Buna Ziua, Cluj-Napoca, Cluj",349,9.97,2,35
2220,Garsoniera in vila interbelica Cluj central str Iorga cart A Muresanu,"Marasti, Cluj-Napoca, Cluj",349,10.91,1,32
1969,"Apartament in bloc nou, 3 camere, de închiriat, în D.Rotund","Calea Baciului, Dambul Rotund, Cluj-Napoca, Cluj",350,5.07,3,69
190,"Apartament la casa, 2 camere, Piata Abator, zona Lukoil","Centru, Cluj-Napoca, Cluj",350,5.3,2,66
1429,Apartament 3 camere 64mp! Decomandat! Manstur! Zona Cîmpului! Parcare!,"Marasti, Cluj-Napoca, Cluj",350,5.47,3,64
1818,MRM Imobiliare inchiriaza apartament 2 camere Dambu Rotund,"Dambul Rotund, Cluj-Napoca, Cluj",350,5.74,2,61
1241,Apartament spatios cu 2 camere și 2 balcoane. Parcare,"Dambul Rotund, Cluj-Napoca, Cluj",350,5.83,2,60
2023,Apartament 2 camere Calea Floresti! Decomandat! La 2 min de statia BUS,"Marasti, Cluj-Napoca, Cluj",350,6.14,2,57
1609,350 Euro - Ap 2 Camere str Jupiter zona Calea Baciului Petrom,"Centru, Cluj-Napoca, Cluj",350,6.25,2,56
692,"2 camere decomandate, zona Grigorescu, Donath","Grigorescu, Cluj-Napoca, Cluj",350,6.36,2,55
796,"2 camere decomandate , Izlazului, Big, Manastur","Manastur, Cluj-Napoca, Cluj",350,6.36,2,55
1045,Apartament 2 camere str Jupiter - Calea Baciului,"Centru, Cluj-Napoca, Cluj",350,6.36,2,55
95,Apartament 2 camere | Decomandat | Manastur | 54 mp,"Manastur, Cluj-Napoca, Cluj",350,6.48,2,54
288,"2 dormitoare, decomandate, mobilat complet, in Zorilor zona Sigma","Zorilor, Cluj-Napoca, Cluj",350,6.48,2,54
560,"Ap 2 camere decomandate, Grigorescu, parcare","Grigorescu, Cluj-Napoca, Cluj",350,6.48,2,54
2221,"Str Jupiter - Baciu-Petrom, Ap 2 Camere Etaj 1 cu Parcare exterioară","Marasti, Cluj-Napoca, Cluj",350,6.48,2,54
717,Apartament 2 camere decomandate / Parcare privată inclusă,"Marasti, Cluj-Napoca, Cluj",350,6.73,2,52
943,"Apartament modern 2 camere, PARCARE, zona Roata Faget, Manastur","Manastur, Cluj-Napoca, Cluj",350,6.73,2,52
971,"Apartament 2 camere, 52 mp, imobil nou, zona Donath Park","Strada Donath, Grigorescu, Cluj-Napoca, Cluj",350,6.73,2,52
23,"APARTAMENT CU 2 CAMERE DECOMANDAT, MANASTUR","Manastur, Cluj-Napoca, Cluj",350,7,2,50
41,"Inchiriez ap. 2 camere, strada Grigore Antipa, Cluj Napoca","Marasti, Cluj-Napoca, Cluj",350,7,2,50
683,"Apartament in bloc nou, 1 camera, de închiriat, în Manastur","Strada Eugen Lovinescu, Manastur, Cluj-Napoca, Cluj",350,7,1,50
1231,Str Jupiter - Ap 2 Camere - Parcare exterioară - Mobilat Modern,"Marasti, Cluj-Napoca, Cluj",350,7,2,50
1503,"Apartament cu 2 camere, 50 mp, zona Piata Abator","Strada Traian, Centru, Cluj-Napoca, Cluj",350,7,2,50
1506,"Apartament 2 camere, 50 mp, decomandat, zona strazii Alexandru Vlahuta","Strada Macului, Grigorescu, Cluj-Napoca, Cluj",350,7,2,50
2280,"Str Galaxiei , Bloc Nou, 2 camere ,Parcare, Mobilat Modern","Marasti, Cluj-Napoca, Cluj",350,7,2,50
2298,Închiriere apartament 2 camere,"Marasti, Cluj-Napoca, Cluj",350,7,1,50
2331,Proprietar inchiriez ap. 2 camere decom,"Marasti, Cluj-Napoca, Cluj",350,7,2,50
74,Inchiriere apartament,"Marasti, Cluj-Napoca, Cluj",350,7.14,2,49
1448,Apartament 2 camere | închiriere | Ultracentral,"Strada Iuliu Maniu, Centru, Cluj-Napoca, Cluj",350,7.23,2,48.41
2042,De închiriat / Apartamente noi și moderne / Calea Baciului zona Petrom,"Centru, Cluj-Napoca, Cluj",350,7.29,2,48
2049,"Calea Baciului zona Petrom - Str Galaxiei, Jupiter, Stelelor, Lunii","Dambul Rotund, Cluj-Napoca, Cluj",350,7.29,2,48
2188,"Dambul Rotund, Calea Baciului, Galaxi Hills, Baciu Hills","Marasti, Cluj-Napoca, Cluj",350,7.29,2,48
2369,Baciu Hills zona Calea Baciului - Petrom,"Dambul Rotund, Cluj-Napoca, Cluj",350,7.29,2,48
571,"Apartament de 1 camera, Observatorului","Zorilor, Cluj-Napoca, Cluj",350,7.45,1,47
592,Apartament 2 camere Parcare inclusă / Bloc nou / Calea Baciului,"Marasti, Cluj-Napoca, Cluj",350,7.45,2,47
658,PRIMA ÎNCHIRIERE / Apartament 2 camere / Parcare privată inclusă,"Marasti, Cluj-Napoca, Cluj",350,7.45,2,47
967,IMOBIL NOU / Apartament NOU 2 camere Baciu Hills,"Marasti, Cluj-Napoca, Cluj",350,7.45,2,47
1061,Apartament modern cu 2 camere și parcare - Zona PETROM - GALAXIEI,"Dambul Rotund, Cluj-Napoca, Cluj",350,7.45,2,47
1094,"Apartament spatios cu o camera, etaj 2, Zorilor, zona Observatorului","Strada Observatorului, Zorilor, Cluj-Napoca, Cluj",350,7.45,1,47
1139,"Apartement modern cu 2 camere și parcare, zona PETROM","Dambul Rotund, Cluj-Napoca, Cluj",350,7.45,2,47
1977,PRIMA ÎNCHIRIERE Apartament2 camere Parcare inclusă / Calea Baciului,"Marasti, Cluj-Napoca, Cluj",350,7.45,2,47
2045,Apartament nou 2 camere / Bloc nou / Zona Petrom Calea Baciului,"Marasti, Cluj-Napoca, Cluj",350,7.45,2,47
619,Apartament 2 camere / Mobilat Modern / Bloc Nou / Str Stelelor,"Dambul Rotund, Cluj-Napoca, Cluj",350,7.61,2,46
1813,Calea Baciului zona Petrom - Str Stelelor - Ap 2 Camere - Totul Nou,"Dambul Rotund, Cluj-Napoca, Cluj",350,7.61,2,46
2291,"Str Stelelor 2 Camere - Cartierul Baciu, Mobilat Modern","Marasti, Cluj-Napoca, Cluj",350,7.61,2,46
2302,Apartament NOU 2 camere,"Marasti, Cluj-Napoca, Cluj",350,7.61,2,46
177,"Apartament cu 2 camere, 45 mp, Strada Mihai Romanul","Gheorgheni, Cluj-Napoca, Cluj",350,7.78,2,45
406,"Apartament 1 camera, Manastur","Manastur, Cluj-Napoca, Cluj",350,7.78,1,45
1332,"Apartament o camera, PARCARE, PET FRIENDLY, zona Casa Vikingilor, Grig","Grigorescu, Cluj-Napoca, Cluj",350,7.78,1,45
2110,"Cart. Iris, Ap. 1 cam, langa Universitatea Tehnica","Iris, Cluj-Napoca, Cluj",350,7.78,1,45
2300,Nou - Modern - Prima Închiriere 2 camere 44mp str Stelelor Baciu Hills,"Marasti, Cluj-Napoca, Cluj",350,7.95,2,44
2056,"Apartament o camera ,Gruia !","Gruia, Cluj-Napoca, Cluj",350,8.14,1,43
726,Apartament cu o camera in cartier Grigorescu,"Grigorescu, Cluj-Napoca, Cluj",350,8.33,1,42
896,Apartament cu 1 camera | cartier Gheorgheni | 3-4 statii de Centru,"Andrei Muresanu, Cluj-Napoca, Cluj",350,8.33,1,42
2363,"Apartament 2 camere, decomandat, zona Mc`Donalds Manastur","Manastur, Cluj-Napoca, Cluj",350,8.33,2,42
58,⊰TUR VIRTUAL⊱Dormitor+living | 40 m² | modern | parcare | Mihai Românu,"Buna Ziua, Cluj-Napoca, Cluj",350,8.75,2,40
215,Închiriez garsonieră pe strada titulescu,"Gheorgheni, Cluj-Napoca, Cluj",350,8.75,1,40
277,Apartament de 1 cameră de închiriat - Gruia - Str. Vânătorului,"Gruia, Cluj-Napoca, Cluj",350,8.75,1,40
350,Apartament 2 camere/Manastur,"Manastur, Cluj-Napoca, Cluj",350,8.75,2,40
366,"Apartament 2 camere, 40mp, zona strazii Constantin Brancusi","Strada Constantin Brancusi, Gheorgheni, Cluj-Napoca, Cluj",350,8.75,2,40
468,Apartament 1 camera | Gruia |zona str. Vanatorilor,"Strada Vantului, Gruia, Cluj-Napoca, Cluj",350,8.75,1,40
676,Apartament in zona Stadionului CFR,"Gruia, Cluj-Napoca, Cluj",350,8.75,1,40
685,"Apartament, 1 camera, de închiriat, în Gruia","Strada Tyukodi Antal, Gruia, Cluj-Napoca, Cluj",350,8.75,1,40
733,"Apartament cu o cameră în cartier Gruia, zona Parcului Etnografic","Gruia, Cluj-Napoca, Cluj",350,8.75,1,40
798,"Apartament cu o camera, 40 mp, Strada Vânătorului","Dambul Rotund, Cluj-Napoca, Cluj",350,8.75,1,40
981,Inchiriez apartament 40 mp Gruia,"Marasti, Cluj-Napoca, Cluj",350,8.75,1,40
1216,Apartamen 1 camera Zorilor cu parcare proprie,"Zorilor, Cluj-Napoca, Cluj",350,8.75,1,40
1263,"Apartament STUDIO, de inchiriat pe TERMEN SCURT, FARA GARANTIE !!!","Marasti, Cluj-Napoca, Cluj",350,8.75,1,40
1807,PRIMA ÎNCHIRIERE / 2 camere / Parcare inclusă / Calea Baciului,"Marasti, Cluj-Napoca, Cluj",350,8.75,2,40
1895,"Apartament semidecomandat de inchiriat, zona BIG Manastur","Manastur, Cluj-Napoca, Cluj",350,8.75,2,40
2130,Prima închiriere 2 camere,"Marasti, Cluj-Napoca, Cluj",350,8.75,2,40
2190,Living cu bucătărie open-space + 1 dormitor decomandat Bloc Nou,"Dambul Rotund, Cluj-Napoca, Cluj",350,8.75,2,40
1119,"Apartament in bloc nou, 2 camere, de închiriat, în Gheorgheni","Strada Venus, Gheorgheni, Cluj-Napoca, Cluj",350,9.21,2,38
2387,"Ap modern , Zona Iulius Mall, 38 mp, Marasti, Green Campus","Strada Teodor Mihali, Intre Lacuri, Cluj-Napoca, Cluj",350,9.46,1,37
1746,"De închiriat garsonieră în Mărăști, zona OMV","Marasti, Cluj-Napoca, Cluj",350,9.72,1,36
70,"Apartament 2 camere de Inchiriat, parcare, Str Mihai Romanul","Buna Ziua, Cluj-Napoca, Cluj",350,10,2,35
89,Apartament 2 camere cu parcare Buna Ziua,"Buna Ziua, Cluj-Napoca, Cluj",350,10,2,35
223,PF inchirez ap doua camere decomandate etaj 1 cu parcare,"Marasti, Cluj-Napoca, Cluj",350,10,2,35
380,OPORTUNITATE!! Apartament Spatios 35 mp/ Parc Colina,"Manastur, Cluj-Napoca, Cluj",350,10,2,35
2057,"Apartament deosebit,dining cu bucătărie și dormitor separat","Manastur, Cluj-Napoca, Cluj",350,10,1,35
230,"Apartament/spatiu pt. birou, Calea Motilor, langa Platinia !","Centru, Cluj-Napoca, Cluj",350,10.61,1,33
285,Apartament 2 camere | Gheorgheni-Albac | zona linistita |,"Gheorgheni, Cluj-Napoca, Cluj",350,10.94,2,32
825,"Apartament de închiriat Str. Albac, 2 camere","Marasti, Cluj-Napoca, Cluj",350,10.94,2,32
918,"Ap, 1 camera, zona Iulius Mall","Gheorgheni, Cluj-Napoca, Cluj",350,10.94,1,32
1089,"Comision 0% Apartament open space de inchiriat, zona Piata 1 Mai","Strada Tabacarilor, Bulgaria, Cluj-Napoca, Cluj",350,10.94,1,32
1228,"Apartament cu 2 camere, 32 mp, Strada Albac","Gheorgheni, Cluj-Napoca, Cluj",350,10.94,2,32
1545,AP 1 CAM | LUX | ZONA IULIUS MALL,"Strada Baladei, Gheorgheni, Cluj-Napoca, Cluj",350,10.94,1,32
1857,"Apartament 1 camera/32mp, Bucatarie decomandata, Zona Colina !","Manastur, Cluj-Napoca, Cluj",350,10.94,1,32
1935,Apartament in zona centrala,"Centru, Cluj-Napoca, Cluj",350,11.29,1,31
1997,"Garsoniera decomandata, 31mp, Piata Mihai Viteazu, zona central","Strada Somesului, Centru, Cluj-Napoca, Cluj",350,11.29,1,31
115,Apartament cu o camera/MARASTI/PALATUL COPIILOR,"Marasti, Cluj-Napoca, Cluj",350,11.67,1,30
428,"Apartament tip studio de inchiriat- Marasti, Cluj","Marasti, Cluj-Napoca, Cluj",350,11.67,1,30
585,"Apartament de inchiriat 1 camera, zona Iulius Mall","Intre Lacuri, Cluj-Napoca, Cluj",350,11.67,1,30
766,"Garsoniera, de inchiriat, 30mp, finisat mobilat, zona Marasti","Intre Lacuri, Cluj-Napoca, Cluj",350,11.67,1,30
1034,"Garsoniera 30 mp, Strada Dâmboviței","Bulgaria, Cluj-Napoca, Cluj",350,11.67,1,30
1080,"Apartament de inchiriat, cu 2 camere- Gheorgheni","Gheorgheni, Cluj-Napoca, Cluj",350,11.67,2,30
547,"Studio in Zorilor, zona strazii G.V. Bibescu","Strada George Valentin Bibescu, Europa, Cluj-Napoca, Cluj",350,12.5,1,28
1002,"Apartament 1 camera, mobilat modern, zona Mc Donald's, Manastur","Manastur, Cluj-Napoca, Cluj",350,12.5,1,28
1260,"Garsoniera, 28 mp, zona strazii Decebal","Strada Parcul Feroviarilor, Marasti, Cluj-Napoca, Cluj",350,12.5,1,28
1570,"Garsoniera, 28 mp, zona strazii Decebal","Strada Traian, Marasti, Cluj-Napoca, Cluj",350,12.5,1,28
2223,Garsoniera de inchiriat strada Detunata,"Gheorgheni, Cluj-Napoca, Cluj",350,12.5,1,28
588,Apartament 1 camera central Gara,"Strada Ion Luca Caragiale, Centru, Cluj-Napoca, Cluj",350,12.96,1,27
125,"Apartament cu 1 camera, situat in cartierul Iris!","Bulevardul Muncii, Iris, Cluj-Napoca, Cluj",350,14,1,25
1270,"Apartament 2 camere, 42mp, Marasti, zona Farmec, CAT-FRIENDLY","Marasti, Cluj-Napoca, Cluj",359,8.55,2,42
1057,"Ap 1 camera, MODERN, TERASA, PARCARE, Zona Borhanci/ Antonio Gaudi","Borhanci, Cluj-Napoca, Cluj",359,9.45,1,38
2238,"Apartament 2 camere, 60mp, utilat si mobilat, Zorilor","Zorilor, Cluj-Napoca, Cluj",360,6,2,60
1646,"Apartament 3 camere, Mc Donald's Manastur, PET FRIENDLY","Manastur, Cluj-Napoca, Cluj",360,7.2,3,50
378,"Apartament de 1 camera,Manastur/Parc Colina","Manastur, Cluj-Napoca, Cluj",360,8,2,45
2306,Apartament cu 2 camere. Lift. Aer condiționat. Orientare SUD,"Marasti, Cluj-Napoca, Cluj",360,8.18,2,44
824,Inchiriez ap 2 camere,"Marasti, Cluj-Napoca, Cluj",360,8.57,2,42
2386,Apartament cu 1 camera c-tie noua in Borhanci,"Strada Colonia Borhanci, Borhanci, Cluj-Napoca, Cluj",360,9,1,40
1086,Chirie apartament cu 1 camera in Cluj Napoca - Plopilor,"Marasti, Cluj-Napoca, Cluj",360,9.73,1,37
1163,"Apartament 2 camere, 32 mp, zona Politia Rutiera","Strada Heltai Gaspar, Gheorgheni, Cluj-Napoca, Cluj",360,11.25,2,32
1245,"Ap 1 cameră, decomandat, zona Gheorgheni - Piața Cipariu","Marasti, Cluj-Napoca, Cluj",360,11.25,1,32
1326,"Apartament, 2 camere, de închiriat, în Gheorgheni","Strada Busteni, Gheorgheni, Cluj-Napoca, Cluj",360,11.25,2,32
1804,"Apartament de inchiriat, cu 1 camera- Marasti","Marasti, Cluj-Napoca, Cluj",360,11.25,1,32
728,"Apartament cu o camera in cartier Zorilor, zona Calea Turzii","Zorilor, Cluj-Napoca, Cluj",363,11,1,33
860,"Apartament cu o camera, Zorilor, Calea Turzi, zona Hotel Alex&George","Calea Turzii, Andrei Muresanu, Cluj-Napoca, Cluj",364,10.11,1,36
748,"Apartament in bloc nou, 1 camera, de închiriat, în A.Muresanu","Calea Turzii, Andrei Muresanu, Cluj-Napoca, Cluj",365,10.14,1,36
2311,Apartament Manastur 3 Cam Decomandat zona Kaufland,"Manastur, Cluj-Napoca, Cluj",370,5.44,3,68
732,"Apart. modern cu 2 dormitoare + living, bloc nou, zona Iris","Iris, Cluj-Napoca, Cluj",370,6.17,3,60
427,Apartament Modern str Jupiter zona Calea Baciului,"Marasti, Cluj-Napoca, Cluj",370,6.49,2,57
2216,"Apartament de 2 camere, parcare, 55 mp, zona Hotel Premier","Strada Iacob Bologa, Grigorescu, Cluj-Napoca, Cluj",370,6.73,2,55
32,"Apartament cu 2 camere decomandat 54 mp, situat in cartierul Grigoresc","Strada Donath, Grigorescu, Cluj-Napoca, Cluj",370,6.85,2,54
723,Ap. Manastur | 2 cam | decomandat | et 1 | Parcare gratis la bloc |,"Manastur, Cluj-Napoca, Cluj",370,7.4,2,50
2339,Apartament 2 camere de închiriat Cluj Napoca. Începând cu 01.06.2023.,"Manastur, Cluj-Napoca, Cluj",370,7.4,2,50
818,"APARTAMENT 2 CAMERE, PARCARE, GRUIA","Gruia, Cluj-Napoca, Cluj",370,7.87,2,47
1643,"APARTAMENT 2 CAMERE, PARCARE, BUNA ZIUA","Europa, Cluj-Napoca, Cluj",370,8.22,2,45
2354,Apartament cu 2 camere + parcare subterană. Facultate de Litere. Gruia,"Gruia, Cluj-Napoca, Cluj",370,8.22,2,45
785,"Apartament 2 camere, Zorilor, Decomandat.","Zorilor, Cluj-Napoca, Cluj",370,8.6,2,43
1313,Apartament o camere Calea Manastur,"Manastur, Cluj-Napoca, Cluj",370,8.81,1,42
2135,"Calea Baciului zona Petrom str Stelelor, Parcare exterioara inclusa","Marasti, Cluj-Napoca, Cluj",370,9.25,2,40
160,"Ap decomandat cu 1 camera, 38 mp + balcon, Manastur, zona Arinilor!","Strada Arinilor, Manastur, Cluj-Napoca, Cluj",370,9.74,1,38
303,Apartament de inchiriat Gheorgheni,"Gheorgheni, Cluj-Napoca, Cluj",370,9.74,2,38
704,Apartament 1 camera / strada Bistritei / garaj,"Gheorgheni, Cluj-Napoca, Cluj",370,9.74,1,38
2327,"Inchiriez ap 2 cam, Manastur, zona aproape de noua baza sportiva","Marasti, Cluj-Napoca, Cluj",370,9.74,2,38
572,"Inchiriere apartament 1 camera, Borhanci, cu parcare subterana","Marasti, Cluj-Napoca, Cluj",370,10,1,37
565,"Garsoniera de închiriat zona Mercur, Iulius Mall, FSEGA","Gheorgheni, Cluj-Napoca, Cluj",370,11.94,1,31
536,"Garsoniera 28 mp, Aleea Detunata","Gheorgheni, Cluj-Napoca, Cluj",370,13.21,1,28
403,"APARTAMENT CU 1 CAMERA , IULIUS MALL, GHEORGHENI","Intre Lacuri, Cluj-Napoca, Cluj",375,8.72,1,43
634,"Chirie Cluj-Napoca, Manastur","Marasti, Cluj-Napoca, Cluj",375,8.93,2,42
1714,"2 camere, modern mobilat, Cartierul Gheorgheni, zona Iulius Mall","Gheorgheni, Cluj-Napoca, Cluj",380,5.43,2,70
1670,"Apartament 3 camere, decomandat, 65 mp, zona străzii Liviu Rebreanu","Aleea Baisoara, Gheorgheni, Cluj-Napoca, Cluj",380,5.85,3,65
1704,Apartament 2 camere/ 50mp/ Parter/ Aleea Vidraru/ Manastur!,"Marasti, Cluj-Napoca, Cluj",380,5.85,2,65
2239,"Bloc Nou, Str Galaxiei, Etaj Parter, Totul în garanție","Dambul Rotund, Cluj-Napoca, Cluj",380,6.13,3,62
568,"Apartament 1 camera de inchiriat, pet friendly, curte comuna, parcare,","Centru, Cluj-Napoca, Cluj",380,6.33,1,60
356,"APARTAMENT 2 CAMERE ,PARCARE,ZONA MERCUR","Gheorgheni, Cluj-Napoca, Cluj",380,6.79,2,56
404,"Apartament 2 camere, Zona Grigrescu","Grigorescu, Cluj-Napoca, Cluj",380,6.91,2,55
652,"Apartament 2 camere, Zorilor, decomandat, etaj intermediar","Zorilor, Cluj-Napoca, Cluj",380,6.91,2,55
1109,"Apartament 2 camere, 50mp, zona Aleea Padin","Aleea Padin, Manastur, Cluj-Napoca, Cluj",380,6.91,2,55
1149,"Apartament 2 camere, decomandat, 55 mp, parcare, zona Casa Piratilor","Strada Parang, Manastur, Cluj-Napoca, Cluj",380,6.91,2,55
1642,"Apartament 2 camere, decomandat cu LOC DE PARCARE Buna Ziua","Buna Ziua, Cluj-Napoca, Cluj",380,7.04,2,54
709,"Apartament modern cu 2 camere, balcon și parcare. Termen lung -12 luni","Dambul Rotund, Cluj-Napoca, Cluj",380,7.31,2,52
299,"2 camere open space, modern, parcare, Manastur, zona Campului","Manastur, Cluj-Napoca, Cluj",380,7.6,2,50
1696,Ap 2 Camere - Totul Nou În Garanție - Str Galaxiei zona Calea Baciului,"Dambul Rotund, Cluj-Napoca, Cluj",380,7.6,2,50
200,"Apart. modern cu 2 camere+ garaj, str Edgar Quinet -Manastur","Manastur, Cluj-Napoca, Cluj",380,7.92,2,48
2321,PF dau spre închiriere ap 2 cam,"Marasti, Cluj-Napoca, Cluj",380,7.92,2,48
1026,"Proprietar inchiriez apartament 2 camere, zona Petrom Baciu","Marasti, Cluj-Napoca, Cluj",380,8.09,2,47
1470,"Apartament 2 camere decomandat ,Grigorescu","Grigorescu, Cluj-Napoca, Cluj",380,8.09,2,47
2314,"Apartament modern cu 2 camere semidecomandate, parcare, Calea Baciului","Dambul Rotund, Cluj-Napoca, Cluj",380,8.09,2,47
1264,"Apartament cu 2 camere ,prima închiriere, totul nou în garanție","Dambul Rotund, Cluj-Napoca, Cluj",380,8.26,2,46
103,Apartament semidecomandat+ balcon- Manastur,"Manastur, Cluj-Napoca, Cluj",380,8.44,2,45
333,"APARTAMENT 2 CAMERE, ZONA CORA","Manastur, Cluj-Napoca, Cluj",380,8.44,2,45
384,Inchiriez apartament,"Marasti, Cluj-Napoca, Cluj",380,8.44,2,45
1498,Apartament cu o camera l Zona Semicentrala l Balcon generos l Parcare,"Marasti, Cluj-Napoca, Cluj",380,9.05,1,42
1396,Apartament tip studio de inchiriere- Zoirlor,"Zorilor, Cluj-Napoca, Cluj",380,9.27,1,41
1446,"182703-Inchiriere Apartament 1 Camera, Buna Ziua, Cluj-Napoca","Buna Ziua, Cluj-Napoca, Cluj",380,9.5,1,40
2356,For rent 7 modern apartments situated in a luxury building near to UMF,"Zorilor, Cluj-Napoca, Cluj",380,9.5,1,40
668,"Apartament modern (living-bucatarie, dormitor) zona UMF/Hasdeu","Zorilor, Cluj-Napoca, Cluj",380,10,2,38
645,⊰TUR VIRTUAL⊱ 3 camere | 37 m² | mobilat actual | Gheorgheni - Alverna,"Gheorgheni, Cluj-Napoca, Cluj",380,10.27,3,37
1650,"Apartament 1 camera, PARCARE, zona Buna Ziua.","Buna Ziua, Cluj-Napoca, Cluj",380,10.27,1,37
2048,Central | Studio birouri sau alte activitati | Centrala | Parcare,"Strada Republicii, Centru, Cluj-Napoca, Cluj",380,10.27,1,37
1300,"Apartament 2 camere, 36mp, Gheorgheni, zona Politia Rutiera Cluj","Gheorgheni, Cluj-Napoca, Cluj",380,10.56,2,36
1946,CENTRU || SPATIU BIROURI || CURTE,"Plopilor, Cluj-Napoca, Cluj",380,11.88,2,32
1469,"Apartament 1 camera decomandat , zona UMF","Zorilor, Cluj-Napoca, Cluj",380,12.67,1,30
1003,"Garsoniera moderna, proaspat renovata, zona Piata Flora, Manastur","Manastur, Cluj-Napoca, Cluj",380,13.57,1,28
1509,"Garsoniera, P-ta M. Viteazul, McDonalds, 23mp, central","Strada Paris, Marasti, Cluj-Napoca, Cluj",380,16.52,1,23
1443,Închiriez apartament demisol Someseni aproape de Emerson,"Marasti, Cluj-Napoca, Cluj",382.29,6.59,3,58
416,"Apartament 2 camere 56mp, Grigorescu/Donath","Grigorescu, Cluj-Napoca, Cluj",389,6.95,2,56
379,SUPERB!!APARTAMENT cu ETAJ/56MP/Grigorescu/Donath,"Grigorescu, Cluj-Napoca, Cluj",390,6.96,2,56
648,"OPORTUNITATE! Ap 2 camere, BALCON, Zona Hotel Premier/Grigorescu","Grigorescu, Cluj-Napoca, Cluj",390,6.96,2,56
679,DDau in Chirie ap pe 2nivele 56mp Grigorescu,"Marasti, Cluj-Napoca, Cluj",390,6.96,2,56
401,"Apartament de 2 camere, parcare, 55 mp, zona Hotel Premier","Strada Donath, Grigorescu, Cluj-Napoca, Cluj",390,7.09,2,55
118,"Apartament decomandat de inchiriat, cu 2 camere- Someseni","Someseni, Cluj-Napoca, Cluj",390,7.22,2,54
1212,"APARTAMENT CU 2 CAMERE, MANASTUR","Manastur, Cluj-Napoca, Cluj",390,7.5,2,52
523,"APARTAMENT CU 2 CAMERE, MANASTUR","Manastur, Cluj-Napoca, Cluj",390,8.12,2,48
90,Apartament 2 camere cu parcare Buna Ziua,"Buna Ziua, Cluj-Napoca, Cluj",390,8.3,2,47
904,"Apartament 2 camere , Calea Turzii","Strada Pakei Lajos, Buna Ziua, Cluj-Napoca, Cluj",390,8.48,2,46
393,"Apartament 1 camera, zona The Office, SEMICENTRAL","Marasti, Cluj-Napoca, Cluj",390,9.51,1,41
398,Pf.inchiriez apart.zona BRD Sediul central!,"Marasti, Cluj-Napoca, Cluj",390,9.75,1,40
1334,Apartament 1 camera Marasti zona The Office,"Marasti, Cluj-Napoca, Cluj",390,9.75,1,40
1594,Apartament de inchiriat cu 1 camera Buna Ziua,"Strada Vasile Conta, Buna Ziua, Cluj-Napoca, Cluj",390,10.54,1,37
358,AP 1 CAM | LUX | ZONA IULIUS MALL,"Strada Bistritei, Gheorgheni, Cluj-Napoca, Cluj",390,11.14,1,35
2330,Chirie apartament,"Marasti, Cluj-Napoca, Cluj",390,11.14,1,35
347,"SUPERB! Apartament 2 camere/BALCON, Gheorgheni/IULIUS MALL","Gheorgheni, Cluj-Napoca, Cluj",399,7.12,2,56
1617,"Apartament 2 camere, decomandat Manastur","Manastur, Cluj-Napoca, Cluj",399,7.12,2,56
231,"Apartament 2 camere, GOLDEN TULIP, 50 MP","Zorilor, Cluj-Napoca, Cluj",399,7.82,2,51
114,"2 camere decomandate, Zona Big, Manastur","Manastur, Cluj-Napoca, Cluj",399,7.98,2,50
1467,"APARTAMENT CU 2 CAMERE, ZONA BIG MANASTUR","Manastur, Cluj-Napoca, Cluj",399,7.98,2,50
1540,"Apartament 2 camere, PARCARE, Zona Gheorgheni, IULIUS MALL","Gheorgheni, Cluj-Napoca, Cluj",399,7.98,2,50
311,"Oportunitate!Ap 2 camere,BALCON,Zona Manastur/BIG/Bucegi","Manastur, Cluj-Napoca, Cluj",399,8.87,2,45
2062,Apartament modern cu 2 camere și balcon. Totul in garanție. NOU,"Marasti, Cluj-Napoca, Cluj",399,8.97,2,44.5
476,"Apartament 1 camera, 6 mp balcon, zona Iulius Mall/Intre Lacuri","Intre Lacuri, Cluj-Napoca, Cluj",399,9.5,1,42
1304,"Apartament 1 camera 42mp,Marasti, zona Calea Dorobantilor,PET-FRIENDLY","Marasti, Cluj-Napoca, Cluj",399,9.5,1,42
2334,"Apartament 1 camera 41 mp, balcon, Intre Lacuri, str Dunarii","Intre Lacuri, Cluj-Napoca, Cluj",399,9.73,1,41
496,"Apartament 1 camera 40mp renovat, Zorilor, str Observatorului","Zorilor, Cluj-Napoca, Cluj",399,9.97,1,40
1572,"2 camere open space, modern, parcare, Hasdeu, UMF, USAMV, Zorilor","Zorilor, Cluj-Napoca, Cluj",399,9.97,2,40
1679,"2 camere, Open Space, Modern, Dambul Rotund","Dambul Rotund, Cluj-Napoca, Cluj",399,9.97,2,40
357,AP 1 CAM | LUX | GHEORGHENI,"Strada Bistritei, Gheorgheni, Cluj-Napoca, Cluj",399,12.09,1,33
1366,Apartament nemobilat 3 camere || P-ta mihai viteazu,"Centru, Cluj-Napoca, Cluj",400,3.64,3,110
912,"Apartament 2 camere, 75 mp, balcon, zona strazii Negoiu","Strada Cioplea, Manastur, Cluj-Napoca, Cluj",400,5.33,2,75
2168,"Apartament 2 camere, 75mp, parcare, zona străzii Gării","Strada Garii, Dambul Rotund, Cluj-Napoca, Cluj",400,5.33,2,75
754,IMOBIL NOU Bucătărie separată/ Apartament 3 camere / Parcare inclusă,"Marasti, Cluj-Napoca, Cluj",400,5.71,3,70
1626,Apartament semidecomandat+ balcon deschis- zona Iris,"Iris, Cluj-Napoca, Cluj",400,5.71,2,70
2226,Apartament NOU 2 dormitoare decomandate,"Marasti, Cluj-Napoca, Cluj",400,5.71,2,70
787,Apartament decomandat+ balcon deschis si parcare- Manastur,"Manastur, Cluj-Napoca, Cluj",400,6.25,3,64
1949,Apartament semidecomandat+ terasa- Donath Park,"Grigorescu, Cluj-Napoca, Cluj",400,6.45,2,62
85,Apartament 2 camere | cartier Marasti | zona The Office,"Marasti, Cluj-Napoca, Cluj",400,6.67,2,60
780,"Apartament 2 camere de inchiriat in Manastur, Cluj Napoca","Marasti, Cluj-Napoca, Cluj",400,6.67,2,60
2067,Pentru Muncitori / Str Jupiter zona Calea Baciului / 3 Camere / 60 mp,"Dambul Rotund, Cluj-Napoca, Cluj",400,6.67,3,60
2181,Apartament 2 dormitoare decomandate zona Tetarom,"Marasti, Cluj-Napoca, Cluj",400,6.67,3,60
2229,"Str Stelelor - Calea Baciului, Mobilat Modern, Bloc Nou","Marasti, Cluj-Napoca, Cluj",400,6.67,2,60
2281,Închiriere apartament 2 dormitoare decomandate,"Dambul Rotund, Cluj-Napoca, Cluj",400,6.67,3,60
1531,Apartament 2 Camere Cu Parcare In Curte | Porumbelelor | Manastur,"Manastur, Cluj-Napoca, Cluj",400,6.9,2,58
146,"Exclusiv! Apartament 2 camere, Gheorgheni","Andrei Muresanu, Cluj-Napoca, Cluj",400,7.02,2,57
752,Apartament 2 dormitoare decomandate / Parcare inclusă,"Dambul Rotund, Cluj-Napoca, Cluj",400,7.02,3,57
1044,Dau in chirie apartament 2 camere cartierul Andrei Muresanu 400 euro.,"Marasti, Cluj-Napoca, Cluj",400,7.02,2,57
2201,Apartament 2 dormitoare strada Galaxiei / Calea Baciului / Parcare,"Marasti, Cluj-Napoca, Cluj",400,7.02,2,57
148,"Apartament cu 2 camere, 56 mp, situat in cartierul Gheorgheni!","Aleea Slanic, Gheorgheni, Cluj-Napoca, Cluj",400,7.14,2,56
382,"Inchiriez apartament cu 2 camere, decomandat, Gheorgheni","Marasti, Cluj-Napoca, Cluj",400,7.14,2,56
1050,"Apartament 2 camere decomandate,56mp! Manastur! PARCARE!","Marasti, Cluj-Napoca, Cluj",400,7.14,2,56
1708,Apartament decomandat+ balcon inchis si parcare- Manastur,"Manastur, Cluj-Napoca, Cluj",400,7.14,2,56
1991,3 CAMERE || CENTRALA || LOC DE PARCARE || MANASTUR,"Manastur, Cluj-Napoca, Cluj",400,7.14,3,56
2109,"Apartament 2 camere, decomandat, 56mp, zona Golden Tulip","Strada Lunii, Zorilor, Cluj-Napoca, Cluj",400,7.14,2,56
2,"Apartament de 2 camere,55mp,Zona MANASTUR","Manastur, Cluj-Napoca, Cluj",400,7.27,2,55
635,Apartament pentru inchiriere,"Marasti, Cluj-Napoca, Cluj",400,7.27,2,55
687,"Apartament cu 3 camere, 55 mp, situat in cartierul Manastur!","Aleea Gurghiu, Manastur, Cluj-Napoca, Cluj",400,7.27,3,55
893,"Apartament 2 camere, 55mp, parcare, zona strazii Fabricii de Zahar","Strada Teleorman, Intre Lacuri, Cluj-Napoca, Cluj",400,7.27,2,55
973,"Inchiriez apartament 2 camere, parcare, cartier Manastur zona Winmarkt","Marasti, Cluj-Napoca, Cluj",400,7.27,2,55
1481,Apartament la casa de inchiriat,"Strada Ion Codru Dragusanu, Iris, Cluj-Napoca, Cluj",400,7.27,2,55
1639,Apartament 3 Camere | Aleea Gurghiu | Manastur,"Manastur, Cluj-Napoca, Cluj",400,7.27,3,55
1677,"PET FRIENDLY! Apartament cu 2 camere, la curte, cartier Gheorgheni","Gheorgheni, Cluj-Napoca, Cluj",400,7.27,2,55
1797,Apartament semidecomandat+ parcare- Faget,"Faget, Cluj-Napoca, Cluj",400,7.27,2,55
1918,"Apartament semidecomandat+ terasa- Manastur, Cluj","Manastur, Cluj-Napoca, Cluj",400,7.27,1,55
2010,Apartament 2 camere - Cartier Marasti - Str. Bucuresti,"Marasti, Cluj-Napoca, Cluj",400,7.27,2,55
2068,‼️PRIMA ÎNCHIRIERE / Parcare subterană inclusă‼️,"Marasti, Cluj-Napoca, Cluj",400,7.27,2,55
2075,"Apartament, 2 camere, de închiriat, în Centru","Strada Mamaia, Centru, Cluj-Napoca, Cluj",400,7.27,2,55
2301,"Apartament semidecomandat de inchiriat, cu 2 camere, in Grigorescu","Grigorescu, Cluj-Napoca, Cluj",400,7.27,2,55
2316,Inchiriez apartament 2 camere Mănăștur,"Manastur, Cluj-Napoca, Cluj",400,7.27,2,55
65,"Apartament 2 camere, S- 54 mp, mobilat, utilat, Manastur.","Strada Izlazului, Manastur, Cluj-Napoca, Cluj",400,7.41,2,54
120,Apartament decomandat+ balcon inchis- Manastur,"Manastur, Cluj-Napoca, Cluj",400,7.41,2,54
318,Apartament 2 camere | Gheorgheni | parcare | aproape de mijloacele de,"Gheorgheni, Cluj-Napoca, Cluj",400,7.41,2,54
315,Ap Manastur | 2 camere | decomandat | izolat | centrala | etaj 2,"Manastur, Cluj-Napoca, Cluj",400,7.55,2,53
383,Dau în chirie apartament 2 camere,"Marasti, Cluj-Napoca, Cluj",400,7.55,2,53
2054,Apartament cu 2 camere l Zona strazii Oasului | Parcare,"Iris, Cluj-Napoca, Cluj",400,7.55,2,53
412,"Apartament cu 2 camere, 52 mp utili, situat in cartierul Grigorescu!","Strada Donath, Grigorescu, Cluj-Napoca, Cluj",400,7.69,2,52
1167,inchiriez apartament 3 camere manastur,"Marasti, Cluj-Napoca, Cluj",400,7.69,3,52
1338,PRIMA ÎNCHIRIERE / 2 dormitoare decomandate / Apartament 2 camere,"Marasti, Cluj-Napoca, Cluj",400,7.69,3,52
1510,Apartament decomandat / Bloc nou / Parcare inclusă,"Marasti, Cluj-Napoca, Cluj",400,7.69,3,52
1924,"Apartament cu doua camere, mobilat complet, Gheorgheni, zona Snagov","Gheorgheni, Cluj-Napoca, Cluj",400,7.69,2,52
2088,"Apartament 2 camere, 52 mp, parcare, zona strazii Oasului","Strada Oasului, Iris, Cluj-Napoca, Cluj",400,7.69,2,52
2103,Apartament cu 2 camere / str Lunii zona Calea Baciului,"Dambul Rotund, Cluj-Napoca, Cluj",400,7.69,2,52
72,"Apartament decomandat cu 2 camere, in cartierul Grigorescu","Grigorescu, Cluj-Napoca, Cluj",400,8,2,50
124,Inchiriez apartament cu 2 camere in Manastur,"Marasti, Cluj-Napoca, Cluj",400,8,2,50
209,"Apartament cu 2 camere, situat in cartierul Zorilor","Strada Lunii, Zorilor, Cluj-Napoca, Cluj",400,8,2,50
466,"Inchiriez apartament 2 camere Grigorescu, Cluj-Napoca","Marasti, Cluj-Napoca, Cluj",400,8,2,50
628,"Apartament cu 2 camere, 50 mp, situat in cartierul Manstur!","Aleea Clabucet, Manastur, Cluj-Napoca, Cluj",400,8,2,50
643,"Apartament mobilat modern, zona verde si linistita, cartier Grigorescu","Grigorescu, Cluj-Napoca, Cluj",400,8,2,50
1066,Apartament cu 2 camere în cartier Grigorescu,"Grigorescu, Cluj-Napoca, Cluj",400,8,2,50
1261,Apartament 1 camera | Manastur zona Edgar Quinet |,"Strada Edgar Quinet, Manastur, Cluj-Napoca, Cluj",400,8,1,50
1315,"Apartament 2 camere, decomandat, etaj intermediar, zona Big Manastur","Manastur, Cluj-Napoca, Cluj",400,8,2,50
1342,Apartament 2 camere Manastur langa padure,"Manastur, Cluj-Napoca, Cluj",400,8,2,50
1685,"Inchiriere 2 Camere Manastur, bloc izolat termic, finisat modern, zona","Manastur, Cluj-Napoca, Cluj",400,8,2,50
1812,Apartament NOU 2 dormitoare decomandate / Parcare inclusă,"Marasti, Cluj-Napoca, Cluj",400,8,3,50
1922,Apartament cu 2 camere de Inchiriat In zona Campului,"Manastur, Cluj-Napoca, Cluj",400,8,2,50
2011,Apartament Spatios 2 Camere | Ideal Studenti | Zona Grigorescu,"Grigorescu, Cluj-Napoca, Cluj",400,8,2,50
2388,"Apartament 1 camera, 50 mp, bloc nou, garaj, Piata Mihai Viteazul","Marasti, Cluj-Napoca, Cluj",400,8,1,50
194,"Apartament luminos, zona hotel Golden Tulip","Zorilor, Cluj-Napoca, Cluj",400,8.33,2,48
195,Inchiriez apartament cu 2 camere decomandat Cartier Buna Ziua,"Marasti, Cluj-Napoca, Cluj",400,8.33,2,48
226,Apartament 2 camere în zona Big Manastur,"Marasti, Cluj-Napoca, Cluj",400,8.33,2,48
479,"Apartament cu 2 camere, 48 mp, Aleea Clăbucet","Faget, Cluj-Napoca, Cluj",400,8.33,2,48
749,"Apartament in bloc nou, 2 camere, de închiriat, în Buna Ziua","Strada Pakei Lajos, Buna Ziua, Cluj-Napoca, Cluj",400,8.33,2,48
1265,Apartament cu 2 camere decomandat pe strada Primaverii Manastur,"Manastur, Cluj-Napoca, Cluj",400,8.33,2,48
1889,"Apartament de inchiriat, cu 2 camere- Gheorgheni","Gheorgheni, Cluj-Napoca, Cluj",400,8.33,2,48
2052,Dambu-Rotund | Apartament 2 camere | Balcon | Centrala,"Dambul Rotund, Cluj-Napoca, Cluj",400,8.33,2,48
2084,Oferta ! | Inchiriez Apartament Doua Camere | Zona Gheorgheni | Aleea,"Gheorgheni, Cluj-Napoca, Cluj",400,8.33,2,48
941,"Apartament, 2 camere, de închiriat, în Grigorescu","Strada Fantanele, Grigorescu, Cluj-Napoca, Cluj",400,8.51,2,47
1059,"Apartament 2 camere, 47 mp, balcon, parcare, zona Lidl","Strada Lombului, Dambul Rotund, Cluj-Napoca, Cluj",400,8.51,2,47
1390,Apartament 2 camere Grigorescu,"Grigorescu, Cluj-Napoca, Cluj",400,8.51,2,47
1442,"Apartament cu 2 camere, 47 mp, Strada Fântânele","Gheorgheni, Cluj-Napoca, Cluj",400,8.51,2,47
2145,"Spatiu birou nou, ultramodern de inchiriat, in zona Garii!","Iris, Cluj-Napoca, Cluj",400,8.54,2,46.84
217,Apartament 2 camere Grigorescu,"Strada Donat, Grigorescu, Cluj-Napoca, Cluj",400,8.7,2,46
248,Inchiriere apartament 2 camere decomandat,"Marasti, Cluj-Napoca, Cluj",400,8.89,2,45
387,Apartament de închiriat,"Marasti, Cluj-Napoca, Cluj",400,8.89,2,45
507,"Apartament 2 camere, parcare, Zorilor, Hotel Gala","Strada Pakei Lajos, Buna Ziua, Cluj-Napoca, Cluj",400,8.89,2,45
545,Apartament modern cu 2 camere și balcon. 45 mp utili. Etaj 4 din 6,"Dambul Rotund, Cluj-Napoca, Cluj",400,8.89,2,45
892,"Apartament de 2 camere, 45 mp, decomandat, zona Bucium","Aleea Clabucet, Manastur, Cluj-Napoca, Cluj",400,8.89,2,45
995,"Apartament la mansarda, mobilat modern, zona Calea Turzii, Buna Ziua","Europa, Cluj-Napoca, Cluj",400,8.89,2,45
1127,"Apartament 2 camere, parcare, zona Calea Turzii","Strada Miko Imre, Zorilor, Cluj-Napoca, Cluj",400,8.89,2,45
1272,DISPONIBIL! Apartament 2 camere | 45mp + balcon 5mp | Calea Turzii,"Europa, Cluj-Napoca, Cluj",400,8.89,2,45
1516,"Apartament 2 camere, 45 mp, parcare, balcon, zona strazii Caprioarei","Strada Lombului, Dambul Rotund, Cluj-Napoca, Cluj",400,8.89,2,45
1728,Apartament semidecomandat- Gheorgheni,"Gheorgheni, Cluj-Napoca, Cluj",400,9.09,3,44
2170,Apartament 2 camere,"Marasti, Cluj-Napoca, Cluj",400,9.3,3,43
2384,Apartament cu o camere zona Hotelul Napoca,"Strada Ion Ghica, Grigorescu, Cluj-Napoca, Cluj",400,9.3,1,43
1036,"Apartament cu o camera, 42 mp, Strada Dunarii","Intre Lacuri, Cluj-Napoca, Cluj",400,9.52,1,42
1312,"Apartament 1 camera, decomandat, zona Iulius Mall","Intre Lacuri, Cluj-Napoca, Cluj",400,9.52,1,42
1363,Apartament O Camera Decomandata | Dunari | Intre Lacuri,"Intre Lacuri, Cluj-Napoca, Cluj",400,9.52,1,42
1475,"Apartament cu 1 camera, decomandat, zona Iulius Mall","Intre Lacuri, Cluj-Napoca, Cluj",400,9.52,1,42
1887,Apartament de inchiriat+ balcon si parcare- Manastur,"Manastur, Cluj-Napoca, Cluj",400,9.52,2,42
336,Apartament 2 camere Buna Ziua,"Strada Trifoiului, Andrei Muresanu, Cluj-Napoca, Cluj",400,9.76,2,41
819,Apartament semidecomandat+ balcon inchis- Manastur,"Manastur, Cluj-Napoca, Cluj",400,9.76,2,41
932,"Apartament MODERN,2 camere decomandate! Aleea Garbau,Manastur!","Marasti, Cluj-Napoca, Cluj",400,9.76,2,41
934,"Apartament, 2 camere, de închiriat, în Manastur","Aleea Garbau, Manastur, Cluj-Napoca, Cluj",400,9.76,2,41
1386,Inchiriez apartament 1 camera,"Marasti, Cluj-Napoca, Cluj",400,9.76,1,41
80,"Apartament cu 2 camere în zonă Centrală, aproape de Gară","Centru, Cluj-Napoca, Cluj",400,10,2,40
448,Apartament cu 2 camere la casă - Mărăști - str. Patriciu Barbu,"Marasti, Cluj-Napoca, Cluj",400,10,2,40
449,Apartament cu 2 camere Bdul. Muncii,"Bulevardul Muncii, Iris, Cluj-Napoca, Cluj",400,10,2,40
747,"Apartament cu 2 camere, Calea Turzii","Buna Ziua, Cluj-Napoca, Cluj",400,10,2,40
1299,"Apartament tip studio de inchiriat, in zona Platinia","Centru, Cluj-Napoca, Cluj",400,10,1,40
1311,Apartament cu o camera | Zona Centrala | 40 mp,"Centru, Cluj-Napoca, Cluj",400,10,2,40
1597,"Garsoniera de tip studio, 40 mp, zona Platinia","Strada Piezisa, Centru, Cluj-Napoca, Cluj",400,10,1,40
2008,"Apartament cu 2 camere, 40 mp, Strada Caprioarei","Dambul Rotund, Cluj-Napoca, Cluj",400,10,2,40
2029,P-ta Mihai Viteazu | Spatiu birouri | 2 camere | Semicentral,"Centru, Cluj-Napoca, Cluj",400,10,2,40
2219,"Comision 0% Apartament superfinisat 40mp, decomandat, ultracentral","Centru, Cluj-Napoca, Cluj",400,10,1,40
1700,Apartament O Camera | Sighisoarei | Zorilor,"Zorilor, Cluj-Napoca, Cluj",400,10.53,1,38
758,Apartament centru de închiriat,"Centru, Cluj-Napoca, Cluj",400,11.76,2,34
2185,"Apartament 1 camera, utilat,cheltuieli incluse, zona Grigorescu","Grigorescu, Cluj-Napoca, Cluj",400,12.12,1,33
1349,"Apartament cu doua camere, cartier Gheorgheni zona Piata Hermes","Gheorgheni, Cluj-Napoca, Cluj",400,12.5,2,32
1858,Apartament cu 1 camere de inchiriat in zona Ultracentral/ Spatiu birou,"Centru, Cluj-Napoca, Cluj",400,12.9,1,31
1019,Inchiriez studio zona ultracentrala,"Marasti, Cluj-Napoca, Cluj",400,13.33,1,30
1328,Apartament 2 camere în zona HERMES,"Marasti, Cluj-Napoca, Cluj",400,13.33,2,30
1032,"Apartament cu 2 camere, Strada Constantin Brâncoveanu","Gheorgheni, Cluj-Napoca, Cluj",400,13.79,2,29
1860,Apartament decomandat- cartierul Semicentral,"Centru, Cluj-Napoca, Cluj",400,15.38,1,26
2154,DISPONIBIL! Garsoniera | 26mp | zona Central,"Centru, Cluj-Napoca, Cluj",400,15.38,1,26
895,Inchiriez apartament cu 2 camere decomandat,"Marasti, Cluj-Napoca, Cluj",402.41,8.38,2,48
757,Chirie garsoniera ultramoderna B-dul Muncii - Cluj,"Marasti, Cluj-Napoca, Cluj",402.41,12.19,1,33
1665,Apartament 2 camere decomandate/ 50mp/ str. Donath/ Balcon,"Marasti, Cluj-Napoca, Cluj",405,8.1,2,50
1325,"Apartament cu 2 camere la casa, 40 mp, Strada Livezii","Gheorgheni, Cluj-Napoca, Cluj",405,10.12,2,40
1314,"Comision 0% Apartament cu 2 camere, decomandat, cartier Grigorescu","Grigorescu, Cluj-Napoca, Cluj",410,7.88,2,52
1410,"Apartament 2 camere, decomandat, Manastur","Manastur, Cluj-Napoca, Cluj",410,7.88,2,52
595,"APARTAMENT CU 2 CAMERE, PARCARE, PET FRIENDLY, CARTIER BUNA ZIUA","Buna Ziua, Cluj-Napoca, Cluj",410,8.91,2,46
1403,"Apartament de inchiriat, cu 2 camere- Gruia","Gruia, Cluj-Napoca, Cluj",415,7.55,2,55
802,Apartament de inchiriat 2 camere in Grigorescu,"Grigorescu, Cluj-Napoca, Cluj",415,7.83,2,53
2342,"Apartament cu 2 camere decomandate, 52 mp utili, Gruia","Gruia, Cluj-Napoca, Cluj",415,7.98,2,52
453,OPORTUNITATE! Apartament 2 camere/ Dambul Rotund,"Dambul Rotund, Cluj-Napoca, Cluj",419,6.16,2,68
811,"OPORTUNITATE!Ap 2 camere, PARCARE, Zona Buna Ziua/Mihai Romanul","Buna Ziua, Cluj-Napoca, Cluj",419,8.91,2,47
159,"2 camere decomandate, mobilate modern, parcare, Cartierul Buna Ziua","Buna Ziua, Cluj-Napoca, Cluj",419,9.11,2,46
1710,Apartament 3 camere decomandate / Parcare inclusă / Bucătărie separată,"Marasti, Cluj-Napoca, Cluj",420,6,3,70
823,De inchiriat apartament 2 camere,"Marasti, Cluj-Napoca, Cluj",420,6.18,2,68
1668,Apartament 2 dormitoare decomandate / Bucătărie separată,"Marasti, Cluj-Napoca, Cluj",420,6.77,3,62
1472,"Apartament 2 camere DECOMANDATE, 56mp/ Balcon/ Zona BIG Manastur!","Marasti, Cluj-Napoca, Cluj",420,7.5,2,56
1856,Proprietar inchiriez ap 2 camere in Manastur,"Marasti, Cluj-Napoca, Cluj",420,7.5,2,56
772,"Apartament 2 camere decomandate, parcare, Manastur, Izlazului","Strada Izlazului, Manastur, Cluj-Napoca, Cluj",420,7.64,2,55
1497,"Apartament 2 camere, 55 mp, parcare, zona strazii Negoiu","Aleea Baclea, Manastur, Cluj-Napoca, Cluj",420,7.64,2,55
1387,"Apartament cu 2 camere, mobilat si utilat, situat in cartierul Manastu","Aleea Negoiu, Manastur, Cluj-Napoca, Cluj",420,7.78,2,54
1542,"Apartament cu 2 camere, decomandat, Grigorescu","Grigorescu, Cluj-Napoca, Cluj",420,8.08,2,52
925,"Apartament 2 camere, decomandat, 50mp, Buna Ziua","Strada Buna Ziua, Buna Ziua, Cluj-Napoca, Cluj",420,8.4,2,50
1110,"Apartament 2 camere, 50mp, zona Calvaria","Strada Grigore Alexandrescu, Manastur, Cluj-Napoca, Cluj",420,8.4,2,50
1407,"Apartament cu 2 camere, decomandat, PARCARE, Manastur","Manastur, Cluj-Napoca, Cluj",420,8.4,2,50
1444,"Apartament cu 2 camere, 50 mp, Aleea Negoiu","Manastur, Cluj-Napoca, Cluj",420,8.4,2,50
1885,Apartament decomandat+ balcon inchis- Manastur,"Manastur, Cluj-Napoca, Cluj",420,8.4,2,50
727,Apartament la prima inchiriere in zona Autogara Beta,"Dambul Rotund, Cluj-Napoca, Cluj",420,8.57,2,49
713,Apartament de inchiriat+ balcon deschis- Dambul Rotund,"Dambul Rotund, Cluj-Napoca, Cluj",420,8.75,2,48
806,"Apartament cu 2 camere, 68 mp, Strada Corneliu Coposu","Marasti, Cluj-Napoca, Cluj",420,8.75,2,48
152,Apartament cu loc de parcare in Buna Ziua,"Buna Ziua, Cluj-Napoca, Cluj",420,8.94,2,47
875,"Apartament 2 camere, decomandat, pet friendly, cartier Buna ziua","Zorilor, Cluj-Napoca, Cluj",420,8.94,2,47
919,Apartament 2 Camere Decomandate Cu Parcare | Mircea Zaciu | Buna Ziua,"Buna Ziua, Cluj-Napoca, Cluj",420,8.94,2,47
1007,"APARTAMENT CU 2 CAMERE, IN BUNA ZIUA","Buna Ziua, Cluj-Napoca, Cluj",420,8.94,2,47
1280,Dau in chirie apartament 1 Camera,"Marasti, Cluj-Napoca, Cluj",420,9.13,1,46
52,2 camere decomandate | 45 m² | modern | bloc nou | parcare | Bună Ziua,"Buna Ziua, Cluj-Napoca, Cluj",420,9.33,2,45
1713,"Inchiriere apartament 1 camera, la casa, superfinisat, zona FSPAC","Gheorgheni, Cluj-Napoca, Cluj",420,10.5,1,40
2368,"Inchiriez apartament 1 camera cu parcare, in Marasti","Marasti, Cluj-Napoca, Cluj",420,10.5,1,40
229,"APARTAMENT CU 2 CAMERE, BORHANCI","Borhanci, Cluj-Napoca, Cluj",420,11.05,2,38
253,"Apartament 2 camere, Borhanci, strada Bocksai Istvan","Strada Bocskai Istvan, Borhanci, Cluj-Napoca, Cluj",420,11.05,2,38
1012,"Apartament modern, bloc nou, cu parcare, zona Calea Turzii, Buna Ziua","Buna Ziua, Cluj-Napoca, Cluj",420,11.05,2,38
1014,"Apartament modern, in bloc nou, cu parcare, cartier Borhanci","Borhanci, Cluj-Napoca, Cluj",420,11.05,2,38
36,AP 1 CAM | LUX | GHEORGHENI,"Strada Bistritei, Gheorgheni, Cluj-Napoca, Cluj",420,12,1,35
206,Ap cu 1 camera + terasa / Bloc lux / Gheorgheni / Iulius Mall,"Gheorgheni, Cluj-Napoca, Cluj",420,12,1,35
394,AP 1 CAM | LUX | ZONA GHEORGHENI FSEGA,"Strada Bistritei, Gheorgheni, Cluj-Napoca, Cluj",420,12,1,35
671,Inchiriez apartament 3 camere Brates nr.1,"Marasti, Cluj-Napoca, Cluj",422.54,6.6,3,64
429,"Apartament de 3 camere 70mp,zona Manastur","Plopilor, Cluj-Napoca, Cluj",423,6.04,3,70
2378,"Inchiriere apartament 2 camere cart. Grigorescu, Bd. 1 Decembrie 1918","Marasti, Cluj-Napoca, Cluj",425,9.66,2,44
987,"Apartament 3 camere, decomandat, 65mp, Manastur, zona strazii Negoiu","Manastur, Cluj-Napoca, Cluj",430,6.62,3,65
697,"3 Camere open-space, parcare, Corneliu Coposu, AutoGara","Dambul Rotund, Cluj-Napoca, Cluj",430,7.17,3,60
703,Apartament semidecomandat cu 3 camere- Dambul Rotund,"Dambul Rotund, Cluj-Napoca, Cluj",430,7.17,3,60
876,"Apartament cu 3 camere, 60 mp, Strada Corneliu Coposu","Dambul Rotund, Cluj-Napoca, Cluj",430,7.17,3,60
722,"2 camere, decomandate, mobilat modern, in Marasti, zona Expo","Intre Lacuri, Cluj-Napoca, Cluj",430,7.82,2,55
1484,Apartament decomandat+ 2 balcoane-Grigorescu,"Grigorescu, Cluj-Napoca, Cluj",430,8.27,2,52
193,"2 camere, decomandat, mobilat modern, parcare, Buna Ziua, zona AUDI","Gheorgheni, Cluj-Napoca, Cluj",430,8.6,2,50
549,"2 camere, semidecomandate, mobilat modern, zona Horea","Centru, Cluj-Napoca, Cluj",430,8.6,2,50
1736,"2 camere, decomandate, mobilat modern, zona Horea","Centru, Cluj-Napoca, Cluj",430,8.6,2,50
1774,Apartament Decomandat | 2 Camere | Aleea Micus | Manastur,"Manastur, Cluj-Napoca, Cluj",430,8.6,2,50
127,"Apartament 2 camere decomandate de inchiriat, parcare, Buna Ziua","Faget, Cluj-Napoca, Cluj",430,9.15,2,47
165,"Ap 2 dormitoare decomandate, parcare, Buna Ziua, zona Mihai Romanul!","Strada Mihai Romanul, Buna Ziua, Cluj-Napoca, Cluj",430,9.15,2,47
474,"2 camere decomandate, bloc nou, parcare, Buna Ziua, Zona Audi","Buna Ziua, Cluj-Napoca, Cluj",430,9.15,2,47
598,"Apartament 2 camere, zona Iulius Gheorgheni , Decomandat.","Gheorgheni, Cluj-Napoca, Cluj",430,9.15,2,47
815,"Apartament 2 camere decomandate de Inchiriat, parcare, Str Mihai Roman","Buna Ziua, Cluj-Napoca, Cluj",430,9.15,2,47
154,"Apartament 2 camere, decomandat, Buna Ziua","Buna Ziua, Cluj-Napoca, Cluj",430,9.56,2,45
180,"Apartament 2 camere, parcare, 45 mp, zona Mihai Romanul","Strada Mihai Romanul, Buna Ziua, Cluj-Napoca, Cluj",430,9.56,2,45
2230,Apartament cu 2 camere modern. Parcare subterană,"Dambul Rotund, Cluj-Napoca, Cluj",430,9.56,2,45
396,"Apartament 2 camere zona Traian, 5 min de Centru, disponibil imediat","Centru, Cluj-Napoca, Cluj",430,10,2,43
337,Apart. cu 1 camera + balcon / Bloc lux / Gheorgheni / Iulius Mall,"Gheorgheni, Cluj-Napoca, Cluj",430,10.75,1,40
804,"Apartament in bloc nou, 1 camera, de închiriat, în Gheorgheni","Strada Bistritei, Gheorgheni, Cluj-Napoca, Cluj",430,11.32,1,38
1828,"2 camere,semidecomandat, modern, parcare, Manastur, zona Mc Donald's","Manastur, Cluj-Napoca, Cluj",439,9.76,2,45
604,"APARTAMENT 2 CAMERE ,PARCARE , ZONA VIVO","Faget, Cluj-Napoca, Cluj",440,8.15,2,54
1870,Apartament decomandat+ balcon si parcare- Someseni,"Someseni, Cluj-Napoca, Cluj",440,8.46,2,52
1914,Apartament cu o camera l Zona Semicentrala | Terasa 15 mp,"Marasti, Cluj-Napoca, Cluj",440,8.8,1,50
1291,"Apartament 2 camere decomandate, parcare, 47 mp, zona Mihai Romanul","Strada Tudor Musatescu, Buna Ziua, Cluj-Napoca, Cluj",440,9.36,2,47
2206,Apartament cu 2 camere și parcare subterana. Bloc 2022.,"Dambul Rotund, Cluj-Napoca, Cluj",440,9.78,2,45
22,"APARTAMENT CU 2 CAMERE, PET FRIENDLY, PARCARE, TERASA, CALEA MANASTUR","Plopilor, Cluj-Napoca, Cluj",440,10.23,2,43
447,"Apartament 2 camere modern, zona Intre Lacuri, FSEGA, Iulius Mall","Intre Lacuri, Cluj-Napoca, Cluj",440,11,2,40
81,Apartament 3 camere decomandate cu parcare Gheorgheni zona Diana,"Gheorgheni, Cluj-Napoca, Cluj",449,6.51,3,69
657,"3 camere, decomandate, Manastur, zona Big, Izlazului","Manastur, Cluj-Napoca, Cluj",449,7.48,3,60
897,"2 camere, mobilat modern, spatios, Gheorgheni, Constantin Brancusi","Gheorgheni, Cluj-Napoca, Cluj",449,8.16,2,55
28,"2 Camere Decomandat, AC, Zona Golden Tulip, Lidl, Zorilor","Zorilor, Cluj-Napoca, Cluj",449,8.31,2,54
1020,"Ap 2 camere,DECOMANDAT, BALCON, Zona Zorilor/Gheorghe Dima","Zorilor, Cluj-Napoca, Cluj",449,8.31,2,54
459,"Apartament de 2 camere, Zona Manastur","Manastur, Cluj-Napoca, Cluj",449,8.98,2,50
2323,"2 camere decomandate, Parcare, Zona Fabricii, Cartierul Marasti","Bulgaria, Cluj-Napoca, Cluj",449,8.98,2,50
329,"TOTUL NOUAp 2 camere, BALCON,PARCARE, Zona LOMBULUI/ Dambul Rotund","Dambul Rotund, Cluj-Napoca, Cluj",449,9.55,2,47
1173,"2 camere, semidecomandat, mobilat modern, Gheorgheni, zona FSEGA","Gheorgheni, Cluj-Napoca, Cluj",449,9.76,2,46
30,"2 camere decomandat, Parcare, Pet Friendly, USAMV, Platinia","Manastur, Cluj-Napoca, Cluj",449,10.44,2,43
119,"2 Camere, Modern, AC, Zona FSEGA, Iulius Mall, Intre Lacuri","Intre Lacuri, Cluj-Napoca, Cluj",449,11.22,2,40
2349,"For rent! Luxury apartment with one room, UMF / ZORILOR","Zorilor, Cluj-Napoca, Cluj",449,11.22,1,40
630,"Ap. cu 1 camera, bloc lux cu piscina | Sala fitness | Cart Zorilor","Zorilor, Cluj-Napoca, Cluj",449,11.82,1,38
649,"OPORTUNITATE! TOTUL NOU! Ap 2 camere, Zona Manastur/ Casa Piratilor","Manastur, Cluj-Napoca, Cluj",449,11.82,2,38
1151,Apartament de închiriat,"Someseni, Cluj-Napoca, Cluj",450,5,3,90
2355,"⊰TUR VIRTUAL⊱ 3 cam, 2 băi | 90 m² | bloc nou | AC | Mănăștur - Nora","Manastur, Cluj-Napoca, Cluj",450,5,3,90
1877,Ocazie ! Apartament 3 camere 84mp ! str. Aleea Negoiu ! Manastur !,"Manastur, Cluj-Napoca, Cluj",450,5.36,3,84
1054,3 Camere Decomandat | Mobilat si utilat | Zona Manastur | Pet friendly,"Strada Parang, Manastur, Cluj-Napoca, Cluj",450,6,3,75
2247,DE INCHIRIAT APARTAMENT 2 CAMERE CU LOC DE PARCARE,"Marasti, Cluj-Napoca, Cluj",450,6.08,2,74
2191,"3 camere, 2 bai, programul 50\/20 pentru ucrainieni\/ 3 &#1089;&#108","Strada Plopilor, Plopilor, Cluj-Napoca, Cluj",450,6.16,3,73
1881,Apartament decomandat de inchiriat- Intre Lacuri,"Intre Lacuri, Cluj-Napoca, Cluj",450,6.25,3,72
128,PET FRIENDLY | Apartament 3 Camere Decomandate | Zona Brancusi | Gheor,"Gheorgheni, Cluj-Napoca, Cluj",450,6.43,3,70
488,"2 dormitoare + living, 2 bai, bloc nou, mobilat modern, in Buna Ziua","Buna Ziua, Cluj-Napoca, Cluj",450,6.43,2,70
660,"3 camere decomandate, 2 locuri de parcare, zona Brancusi, Gheorgheni","Gheorgheni, Cluj-Napoca, Cluj",450,6.43,3,70
1199,"Apartament 3 camere decomandate,parcare,Gheorgheni, zona complex Diana","Gheorgheni, Cluj-Napoca, Cluj",450,6.43,3,70
1309,"Apartament 2 camere decomandate, mobilat modern, Marasti","Marasti, Cluj-Napoca, Cluj",450,6.43,2,70
2032,"Apartament 2 camere, decomandat, 70 mp, zona strazii Bucuresti","Strada Bucuresti, Marasti, Cluj-Napoca, Cluj",450,6.43,2,70
2273,Apartament decomandat+ parcare- Intre Lacuri,"Intre Lacuri, Cluj-Napoca, Cluj",450,6.43,2,70
2317,"2 camere , modern ,bloc nou, parcare , MARASTI, zona LEROY MERLIN, IRA","Strada Aurel Vlaicu, Someseni, Cluj-Napoca, Cluj",450,6.43,2,70
1256,PF închiriez apartament 3 camere,"Manastur, Cluj-Napoca, Cluj",450,6.62,3,68
1796,Apartament decomandat + parcare- Faget,"Faget, Cluj-Napoca, Cluj",450,6.72,3,67
1965,2 CAMERE || PET-FRIENDLY || CENTRALA || MARASTI,"Marasti, Cluj-Napoca, Cluj",450,6.72,2,67
418,2 dormitoare + living | 65 m² | modern | Zorilor - Gheorghe Dima,"Zorilor, Cluj-Napoca, Cluj",450,6.92,3,65
508,"Apartament 3 camere decomandate, zona BIG Manastur","Manastur, Cluj-Napoca, Cluj",450,6.92,3,65
629,Apartment 2 camere de închiriat zona sensul giratoriu Mărăști,"Marasti, Cluj-Napoca, Cluj",450,6.92,2,65
1706,"Apartament 2 camere | mobilat - utilat | 55mp | cartierul Zorilor, UMF","Zorilor, Cluj-Napoca, Cluj",450,6.92,2,65
1711,IMOBIL NOU Apartament 3 camere decomandate / Strada Stelelor/Din 05mai,"Marasti, Cluj-Napoca, Cluj",450,6.92,3,65
2167,"Apartament de 2 camere, 65 mp, zona Aleea Garbau","Aleea Garbau, Manastur, Cluj-Napoca, Cluj",450,6.92,2,65
71,"Apartament 2 camere, S- 64 mp, mobilat, utilat, Zorilor.","Strada Observatorului, Zorilor, Cluj-Napoca, Cluj",450,7.03,2,64
442,Închiriez apartament 2 camere in Zorilor,"Manastur, Cluj-Napoca, Cluj",450,7.03,2,64
1637,"Apartament cu 3 camere, decomandat, LOC DE PARCARE, PET FRENDLY, Buna-","Becas, Cluj-Napoca, Cluj",450,7.03,3,64
1817,Apartament semidecomandat cu 2 camere- Andrei Muresanu,"Andrei Muresanu, Cluj-Napoca, Cluj",450,7.03,2,64
2069,Închiriez apartament 3 cam cart. Gheorgheni lângă Iulius Mall,"Marasti, Cluj-Napoca, Cluj",450,7.03,1,64
140,"Comision 0 % Apartament decomandat 2 camere, Bld Nicolae Titulescu","Gheorgheni, Cluj-Napoca, Cluj",450,7.26,2,62
586,Apartament 2 camere decomandate Manastur / Vivo,"Manastur, Cluj-Napoca, Cluj",450,7.26,2,62
55,"Apartament spatios cu 2 camere, panorama, Plopilor, bloc Semiluna","Strada Pandurilor, Plopilor, Cluj-Napoca, Cluj",450,7.5,2,60
1552,"Apartament cu 2 camere, decomandat, PET FRIENDLY, zona Piata Marasti","Marasti, Cluj-Napoca, Cluj",450,7.5,2,60
1745,De închiriat apartament cu o cameră în zona Office,"Marasti, Cluj-Napoca, Cluj",450,7.5,1,60
2005,"Apartament semidecomandat de inchiriat, cu 2 camere- Buna Ziua","Buna Ziua, Cluj-Napoca, Cluj",450,7.5,2,60
2189,NOU Apartament 3 camere decomandate / Disponibil imediat,"Marasti, Cluj-Napoca, Cluj",450,7.5,3,60
2199,Apartament 2 dormitoare decomandate / din 01.01.2023,"Marasti, Cluj-Napoca, Cluj",450,7.5,3,60
2137,apartament de inchiriat- zona Semicentrala,"Centru, Cluj-Napoca, Cluj",450,7.63,2,59
1234,Apartament 3 camere decomandate / Parcare subterană inclusă,"Marasti, Cluj-Napoca, Cluj",450,7.76,3,58
1399,Apartament semidecomandat+ balcon inchis- Manastur,"Manastur, Cluj-Napoca, Cluj",450,7.76,3,58
1936,Apartament 2 camere 58mp ! Calea Floresti ! La 2 min de statia BUS !,"Manastur, Cluj-Napoca, Cluj",450,7.76,2,58
2282,Str Galaxiei zona Petrom - 2 Dormitoare + 1 Living cu Bucătărie,"Marasti, Cluj-Napoca, Cluj",450,7.76,3,58
1152,ÎNCHIRIEZ APARTAMENT 2 camere intrări separate,"Marasti, Cluj-Napoca, Cluj",450,7.89,2,57
2142,Apartament semidecomandat+ balcon deschis- Iris,"Iris, Cluj-Napoca, Cluj",450,7.89,2,57
446,Inchirierea apartament 2 camere zona Salii Polivalente,"Plopilor, Cluj-Napoca, Cluj",450,8.04,2,56
456,Ap. 2 cam - Plopilor - Zona Parcului Central,"Plopilor, Cluj-Napoca, Cluj",450,8.04,2,56
763,"Apartament 2 camere, decomandat, 56 mp, pet friendly, zona strazii...","Strada Plopilor, Plopilor, Cluj-Napoca, Cluj",450,8.04,2,56
1649,"Apartament decomandat 2 camere , PARCARE, Marasti, zona Kaufland,","Marasti, Cluj-Napoca, Cluj",450,8.04,2,56
1892,"Apartament decomandat+ balcon inchis- Intre Lacuri, zona IULIUS MALL","Intre Lacuri, Cluj-Napoca, Cluj",450,8.04,2,56
2288,"Ap 3 camere , zona Petrom - Calea Baciului","Centru, Cluj-Napoca, Cluj",450,8.04,3,56
51,Apartement modern 2 camere | Marasti zona Dorobantilor,"Bulgaria, Cluj-Napoca, Cluj",450,8.18,2,55
610,"2 camere decomandate, mobilat modern, Marasti, str. Fabricii","Marasti, Cluj-Napoca, Cluj",450,8.18,2,55
1186,"APARTAMENT CU 2 CAMERE, ZORILOR","Zorilor, Cluj-Napoca, Cluj",450,8.18,2,55
1335,Apartament de inchiriat in Grigorescu,"Grigorescu, Cluj-Napoca, Cluj",450,8.18,2,55
1504,"Apartament 2 camere decomandate, 55 mp, terasa, zona Centrala","Strada Cuza Voda, Centru, Cluj-Napoca, Cluj",450,8.18,2,55
1693,"Apartament de inchiriat, Strada Horea","Centru, Cluj-Napoca, Cluj",450,8.18,2,55
2178,Apartament cu 1 camera - zona Zorilor,"Zorilor, Cluj-Napoca, Cluj",450,8.18,1,55
2204,"Apartament de 2 camere, 55 mp, decomandat, zona Piata Abator","Strada Somesului, Centru, Cluj-Napoca, Cluj",450,8.18,2,55
2258,"Apartament de inchiriat, cu 2 camere in zona- Marasti","Marasti, Cluj-Napoca, Cluj",450,8.18,2,55
11,"Apartament 2 camere, ZORILOR","Zorilor, Cluj-Napoca, Cluj",450,8.33,2,54
33,PF Dau in chirie ap 2 camere deomandate Zorilor,"Marasti, Cluj-Napoca, Cluj",450,8.33,2,54
499,"Apartament cu 2 camere, 54mp, mobilat si utilat, cartierul Someseni","Someseni, Cluj-Napoca, Cluj",450,8.33,2,54
575,Închiriez apartament 2 camere,"Sopor, Cluj-Napoca, Cluj",450,8.33,2,54
594,OPORTUNITATE! Cabinet medical Str.Buna Ziua,"Buna Ziua, Cluj-Napoca, Cluj",450,8.33,4,54
1586,"Apartament cu 2 camere ,Mobilat Modern, situat Central!","Strada Republicii, Centru, Cluj-Napoca, Cluj",450,8.33,2,54
1659,Apartament semidecomandat+ balcon- Borhanci,"Borhanci, Cluj-Napoca, Cluj",450,8.33,2,54
1827,Ap 3 Camere - Finisat Modern - Bloc Nou - Zona Tetarom Calea Baciului,"Dambul Rotund, Cluj-Napoca, Cluj",450,8.33,3,54
2376,Apartament cu 3 camere cu bucatarie pe colan nicolae,"Buna Ziua, Cluj-Napoca, Cluj",450,8.33,3,54
484,Apartament cu 2 camere decomandate in Marasti de închiriat,"Intre Lacuri, Cluj-Napoca, Cluj",450,8.49,2,53
617,Apartament 2 camere Grigorescu,"Manastur, Cluj-Napoca, Cluj",450,8.49,2,53
1191,Apartament 2 camere | mobilat/utilat | 53 mp | Zona Iulius Mall,"Gheorgheni, Cluj-Napoca, Cluj",450,8.49,2,53
2046,Gheorgheni | Apartament 2 camere | Centrala | Proximitate statie trans,"Strada Intre Lacuri, Intre Lacuri, Cluj-Napoca, Cluj",450,8.49,2,53
2059,"Nou! Apartament de închiriat cu 2 camere, complet mobilat și utilat","Dambul Rotund, Cluj-Napoca, Cluj",450,8.49,2,53
2365,"Apartament cu 2 camere , renovat, zona Mărăști","Marasti, Cluj-Napoca, Cluj",450,8.49,2,53
2370,"Apartament cu 2 camere, 53mp, mobilat, utilat, cu parcare, Gheorgheni","Intre Lacuri, Cluj-Napoca, Cluj",450,8.49,2,53
40,"Apartament 2 camere decomandate, etaj 3, Zorilor, zona strazi Padurii","Strada Padurii, Zorilor, Cluj-Napoca, Cluj",450,8.65,2,52
84,"Apart. cu 2 dormitoare, zona TheOffice Marasti, 2 statii de Centru","Marasti, Cluj-Napoca, Cluj",450,8.65,2,52
874,EXCLUSIV De inchiriat apartament 2 camere Marasti garaj Hotel Paradis,"Strada Ciocarliei, Marasti, Cluj-Napoca, Cluj",450,8.65,2,52
1189,Apartament 2 camere în zona P-TA. CIPARIU,"Marasti, Cluj-Napoca, Cluj",450,8.65,2,52
1316,PF inchiriez ap. cu 2 camere si terasa panoramica spre Somes,"Marasti, Cluj-Napoca, Cluj",450,8.65,2,52
1690,"Apartament 2 camere, decomandat, 52mp zona strazii Donath","Strada Donath, Grigorescu, Cluj-Napoca, Cluj",450,8.65,2,52
501,Apartament de inchiriat in Plopilor,"Plopilor, Cluj-Napoca, Cluj",450,8.82,2,51
513,"Apartament 3 camere,MODERN! Loc de parcare! Manastur! Renovat!","Marasti, Cluj-Napoca, Cluj",450,8.82,3,51
1258,Apartament 2 camere cu loc de parcare Europa,"Europa, Cluj-Napoca, Cluj",450,8.82,2,51
19,"Apartament 2 camere, 50 mp, prima închiriere, zona Mihai Viteazu","Strada Constanta, Centru, Cluj-Napoca, Cluj",450,9,2,50
414,"Apartament cu 2 camere, 50 mp utili, situat in cartierul Grigorescu!","Strada Donath, Grigorescu, Cluj-Napoca, Cluj",450,9,2,50
477,"APARTAMENT 2 CAMERE,PARCARE,GHEORGHENI","Gheorgheni, Cluj-Napoca, Cluj",450,9,2,50
708,Două apartamente moderne la prima închiriere! Dâmbul Rotund - Cluj,"Dambul Rotund, Cluj-Napoca, Cluj",450,9,2,50
899,"2 camere, mobilat modern, in Gheorgheni, langa Iulius Mall","Gheorgheni, Cluj-Napoca, Cluj",450,9,2,50
957,"2 camere, bloc nou, mobilat modern, parcare, terasa, Buna Ziua","Buna Ziua, Cluj-Napoca, Cluj",450,9,2,50
1048,"2 camere, decomandat, mobilat, in Gheorgheni, zona Titulescu","Gheorgheni, Cluj-Napoca, Cluj",450,9,2,50
1067,Apartament 2 camere de inchiriat Cluj Napoca - cartier Zorilor,"Marasti, Cluj-Napoca, Cluj",450,9,2,50
1320,"Spatiu/birou 50 mp, cu terasa si parcare pe Taietura Turcului","Grigorescu, Cluj-Napoca, Cluj",450,9,2,50
1483,"Apartament cu parcare, in zona Aleea Negoiu","Manastur, Cluj-Napoca, Cluj",450,9,2,50
1541,Apartament 2 camere decomandate +parcare Marasti,"Marasti, Cluj-Napoca, Cluj",450,9,2,50
1573,"Apartament cu 2 camere, 50 mp utili, situat in cartierul Bulgaria!","Strada Luncii, Bulgaria, Cluj-Napoca, Cluj",450,9,2,50
1674,Apartament 2 Camere Decomandate Cu Parcare | Strada Luncii | Bulgaria,"Bulgaria, Cluj-Napoca, Cluj",450,9,2,50
1850,"Cauti chirie in Grigorescu? 2 camere, 50 mp, cu balcon","Grigorescu, Cluj-Napoca, Cluj",450,9,2,50
1867,Apartament cu 3 camere de inchiriat in zona Campului,"Manastur, Cluj-Napoca, Cluj",450,9,3,50
1927,Apartament semidecomandat+ balcon deschis- Buna Ziua,"Buna Ziua, Cluj-Napoca, Cluj",450,9,2,50
2039,"2 camere donath park, cartierul Grigorescu, parcare","Grigorescu, Cluj-Napoca, Cluj",450,9,2,50
2080,Apartament semidecomandat de inchiriat- Gheorgheni,"Gheorgheni, Cluj-Napoca, Cluj",450,9,2,50
2248,"Apartament 2 camere, 50 mp, zona strazii Campului","Strada Campului, Manastur, Cluj-Napoca, Cluj",450,9,2,50
408,"Apartament modern cu 2 camere, zona linistita, cartier Grigorescu","Grigorescu, Cluj-Napoca, Cluj",450,9.38,2,48
807,Apartament 2 camere în zona P-TA M. VITEAZUL,"Marasti, Cluj-Napoca, Cluj",450,9.38,2,48
1459,"Apartament 2 camere de inchiriat in Gruia, Cluj Napoca","Marasti, Cluj-Napoca, Cluj",450,9.38,2,48
1740,Liniște și accesibilitate! Apartament modern cu 2 camere - Coposu,"Dambul Rotund, Cluj-Napoca, Cluj",450,9.38,2,48
178,"Apartament 2 camere decomandate, parcare, 47 mp, zona Mihai Romanul","Strada Mihai Romanul, Buna Ziua, Cluj-Napoca, Cluj",450,9.57,2,47
335,"Apartament 2 camere, 47 mp utili, situat in cartierul Buna Ziua!","Strada Mihai Romanul, Buna Ziua, Cluj-Napoca, Cluj",450,9.57,3,47
777,"Nou! Apartament modern la prima închiriere, parcare inclusă - Cluj","Dambul Rotund, Cluj-Napoca, Cluj",450,9.57,2,47
814,Apartament la cheie! Modern și eficient energetic - Dâmbul Rotund,"Dambul Rotund, Cluj-Napoca, Cluj",450,9.57,2,47
1620,Apartament pe Calea Dorobantilor,"Marasti, Cluj-Napoca, Cluj",450,9.57,2,47
1689,"Apartament 1 camera cu nisa de dormit, 47mp, zona Piata Hermes","Strada Heltai Gaspar, Gheorgheni, Cluj-Napoca, Cluj",450,9.57,1,47
50,"2 camere, modern, bloc nou, INTRE LACURI, zona IULIUS MALL, FSEGA","Intre Lacuri, Cluj-Napoca, Cluj",450,10,2,45
111,"2 camere, bloc nou, mobilat modern, AC, in Marasti, zona Iulius/FSEGA","Intre Lacuri, Cluj-Napoca, Cluj",450,10,2,45
489,"Închiriez pt Untold,ap 2 camere decomandat","Marasti, Cluj-Napoca, Cluj",450,10,2,45
739,Noul tău apartament la prima închiriere. Parcare subterană,"Gruia, Cluj-Napoca, Cluj",450,10,2,45
813,La prima închiriere! Apartament modern și eficient energetic - Cluj,"Dambul Rotund, Cluj-Napoca, Cluj",450,10,2,45
844,"Apartament 2 camere de inchiriat, zona Gheorgheni","Gheorgheni, Cluj-Napoca, Cluj",450,10,2,45
883,"Apartament NOU, etaj intermediar. Bloc nou cu lift. Parcare subterană","Dambul Rotund, Cluj-Napoca, Cluj",450,10,2,45
884,"Apartament 2 camere, 45 mp, modern, zona Iulius Mall","Strada Heltai Gaspar, Gheorgheni, Cluj-Napoca, Cluj",450,10,2,45
1085,"2 camere, bloc nou, modern, in Zorilor, strada Pastorului, zona UMF","Zorilor, Cluj-Napoca, Cluj",450,10,2,45
1193,"Apartament cu 2 camere și parcare! Universitatea Tehnică, Zorilor","Zorilor, Cluj-Napoca, Cluj",450,10,2,45
1585,"Apartament cu 2 camere, 45 mp, Strada Păstorului","Centru, Cluj-Napoca, Cluj",450,10,2,45
1624,La prima închidere! Apartament cu doua camere și parcare - Cluj,"Dambul Rotund, Cluj-Napoca, Cluj",450,10,2,45
1671,"Apartament 2 camere, 45 mp, parcare , zona UMF","Strada Iuliu Moldovan, Zorilor, Cluj-Napoca, Cluj",450,10,2,45
2242,Apartament ultramodern cu 2 camere plus balcon. Etaj intermediar. Cluj,"Marasti, Cluj-Napoca, Cluj",450,10,2,45
2362,Exclusivitate Apartament 2 camere semi-decomandate Riverside,"Strada Tabacarilor, Bulgaria, Cluj-Napoca, Cluj",450,10,2,45
781,"Apartament 2 camere de inchiriat in Gheorgheni, Cluj Napoca","Marasti, Cluj-Napoca, Cluj",450,10.23,2,44
974,P.F. inchiriez apartament 2 camere (1 dormitor) zona C.Coposu Ego,"Marasti, Cluj-Napoca, Cluj",450,10.23,2,44
1113,"Ap 2 camere, MODERN, BALCON,Zona Corneliu Coposu/EGO RESIDENCE","Dambul Rotund, Cluj-Napoca, Cluj",450,10.23,2,44
1660,"Apartament cu 2 camere modern; Mașina de spălat vase,parcare subterană","Dambul Rotund, Cluj-Napoca, Cluj",450,10.23,2,44
2111,Apartament cu 2 camere plus balcon. Etaj intermediar.bloc 2022. Cluj,"Dambul Rotund, Cluj-Napoca, Cluj",450,10.23,2,44
2234,"Loc de parcare subteran 2 camere semidecomandate, Dâmbul Rotund - Cluj","Dambul Rotund, Cluj-Napoca, Cluj",450,10.23,2,44
25,"Apartament 2 camere de inchiriat la casa, PETFRIENDLY, parcare, zona P","Manastur, Cluj-Napoca, Cluj",450,10.47,2,43
44,Inchiriez apartament 2camere langa USAMV /Platinia cu terasa,"Plopilor, Cluj-Napoca, Cluj",450,10.47,2,43
583,Apartament 2 camere calea Motilor cu parcare,"Centru, Cluj-Napoca, Cluj",450,10.47,2,43
1364,Apartament 2 Camere Decomandate Cu Parcare | Mihai Romanul | Buna Ziua,"Buna Ziua, Cluj-Napoca, Cluj",450,10.47,2,43
1447,Apartament 1 camera I mobilat si utilat I Zorilor,"Manastur, Cluj-Napoca, Cluj",450,10.71,1,42
1566,Proprietar inchiriez 2 camere Eugen Ionescu cu parcare,"Marasti, Cluj-Napoca, Cluj",450,10.71,2,42
1595,"Apartament chirie bloc nou, Strada Lombului","Strada Lombului, Dambul Rotund, Cluj-Napoca, Cluj",450,10.98,2,41
1847,Apartament de inchiriat+ 2 camere- Iris,"Iris, Cluj-Napoca, Cluj",450,10.98,2,41
113,"Apartament 2 camere, bloc nou, zona Iulius Mall","Gheorgheni, Cluj-Napoca, Cluj",450,11.25,2,40
144,"Apartament 2 camere pe str. Intre Lacuri, FSEGA, Iulius Mall","Marasti, Cluj-Napoca, Cluj",450,11.25,2,40
803,"APARTAMENT 2 CAMERE, PARCARE, CARTIER EUROPA","Europa, Cluj-Napoca, Cluj",450,11.25,2,40
852,"Apartament in bloc nou, 1 camera, de închiriat, în Zorilor","Strada Cometei, Zorilor, Cluj-Napoca, Cluj",450,11.25,1,40
956,"Apartament cu terasa de 30 mp in bloc NOU, Plopilor, zona Nobori","Strada Plopilor, Plopilor, Cluj-Napoca, Cluj",450,11.25,2,40
1071,Apartament 1 camera Zorilor cu parcare,"Europa, Cluj-Napoca, Cluj",450,11.25,1,40
1093,"Apart 1 camera, 40 mp, bloc nou, mobilat modern, garaj terasa, Zorilor","Europa, Cluj-Napoca, Cluj",450,11.25,1,40
1554,"Apartament 2 camere, zona centrala aproape de UMF","Plopilor, Cluj-Napoca, Cluj",450,11.25,2,40
1580,"Apartament cu 2 camere, decomandat, zona Hasdeu-Zorilor","Zorilor, Cluj-Napoca, Cluj",450,11.25,2,40
1722,Apartament semidecomandat- zona Centrala,"Centru, Cluj-Napoca, Cluj",450,11.25,2,40
1729,Apartament decomandat de inchiriat- zona Horea,"Centru, Cluj-Napoca, Cluj",450,11.25,1,40
2060,"Apartament in bloc nou, 1 camera, de închiriat, în Zorilor","Strada Sputnic, Zorilor, Cluj-Napoca, Cluj",450,11.25,1,40
2218,apartament superfinisat ultracentral ( langa magazinul Sora)40mp,"Marasti, Cluj-Napoca, Cluj",450,11.25,1,40
377,"Apartament de 1 camera,Manastur","Manastur, Cluj-Napoca, Cluj",450,11.84,2,38
911,Ap 1 camera ultramodern | LUX | zona UMF | cart. ZORILOR,"Strada Meteor, Zorilor, Cluj-Napoca, Cluj",450,11.84,1,38
478,"Apartament cu o camera 36 mp, Strada Hermann Oberth","Gheorgheni, Cluj-Napoca, Cluj",450,12.5,1,36
1307,AP 1 CAM ULTRAMODERN | LUX | ZONA UMF | CART. ZORILOR,"Strada Cometei, Zorilor, Cluj-Napoca, Cluj",450,12.86,1,35
2002,Apartament ultracentral cu 1 camera de inchiriat in zona P-ta Mihai Vi,"Centru, Cluj-Napoca, Cluj",450,14.06,1,32
1011,"Apartament in bloc nou, 1 camera, de închiriat, în Gheorgheni","Strada Bistritei, Gheorgheni, Cluj-Napoca, Cluj",450,15,1,30
323,"Garsoniera, 1 camera, situata in zona centrala!","Calea Motilor, Centru, Cluj-Napoca, Cluj",450,18.75,1,24
2174,"Prima închiriere! Apartament 2 camere, 15 minute pană în Centru - Cluj","Dambul Rotund, Cluj-Napoca, Cluj",455,10.11,2,45
2379,"Apartament 2 camere decomandat, 88mp, cartier Manastur, Platinia Mall","Manastur, Cluj-Napoca, Cluj",460,5.23,2,88
1302,"Apt. 2 camere, decomandat, 75mp, Marasti, Leroy Merlin","Strada Tulghesului, Someseni, Cluj-Napoca, Cluj",460,6.13,2,75
502,"APARTAMENT 2 CAMERE ,MARASTI","Marasti, Cluj-Napoca, Cluj",460,6.87,2,67
1169,Inchiriere apartament 3 camere zona Negoiu,"Manastur, Cluj-Napoca, Cluj",460,7.08,3,65
212,"Apartament modern, zonă deosebită, Calea Dorobanților,2 decomandate","Marasti, Cluj-Napoca, Cluj",460,7.42,2,62
1281,Apartament 2 camere decomandate Marasti,"Marasti, Cluj-Napoca, Cluj",460,7.93,2,58
1156,Apartament 2 Camere | Decomandat | Balcon | Zorilor | Str. Lunii,"Zorilor, Cluj-Napoca, Cluj",460,8.36,2,55
1982,"Apartament 2 camere, Parcare, Open-Space, Zona Iris, Mega Image, Panem","Iris, Cluj-Napoca, Cluj",460,8.68,2,53
935,Apartament 2 camere de inchiriat mobilat nou in Manastur str Tasnad,"Manastur, Cluj-Napoca, Cluj",460,8.85,2,52
1628,3 apartamente la prima închiriere. NOU. Parcare subterana,"Marasti, Cluj-Napoca, Cluj",460,9.79,2,47
1838,Dambul Rotund! Apartament cu 2 camere la prima închiriere! Cu parcare!,"Dambul Rotund, Cluj-Napoca, Cluj",460,9.79,2,47
1844,"Nou - La prima închiriere - 2 camere, balcon,baie si Parcare subterană","Marasti, Cluj-Napoca, Cluj",460,9.79,2,47
1845,Nou! La prima închiriere! Apartament modern cu 2 camere și parcare,"Dambul Rotund, Cluj-Napoca, Cluj",460,9.79,2,47
2241,"Apartament modern cu 2 camere, balcon și parcare - Dambul Rotund","Marasti, Cluj-Napoca, Cluj",460,9.79,2,47
1791,La prima închiriere. Parcare subterana. NOU. Etaj intermediar,"Dambul Rotund, Cluj-Napoca, Cluj",460,10.22,2,45
1866,La prima închiriere. NOU. Parcare subterană. Bloc 2022. 2 lifturi.,"Dambul Rotund, Cluj-Napoca, Cluj",460,10.22,2,45
906,Apartment 1 camera I parcare subterana I balcon I 43mp I Zorilor,"Zorilor, Cluj-Napoca, Cluj",460,10.7,1,43
1712,"Nou 3 Camere mobilat și utilat modern, loc de parcare subteran","Centru, Cluj-Napoca, Cluj",462.78,7.01,3,66
688,"2 camere, modern, parcare, curte, Cartierul Bulgaria, Zona Piata Oser","Bulgaria, Cluj-Napoca, Cluj",469,7.95,2,59
951,"3 camere decomandate, Manastur, zona Piata Flora, Padin","Manastur, Cluj-Napoca, Cluj",470,6.35,3,74
1117,Apartament 3 camere / str Stelelor zona Calea Baciului,"Centru, Cluj-Napoca, Cluj",470,7.01,3,67
138,"3 camere, modern, bloc nou, parcare, 65 mp, cartierul IRIS, OASULUI","Iris, Cluj-Napoca, Cluj",470,7.23,3,65
2175,3 Camere Str Galaxiei - Zona Calea Baciului - Parcare exterioară -,"Marasti, Cluj-Napoca, Cluj",470,7.97,3,59
1197,"2 camere, decomandate, mobilat modern, in Marasti, strada Dorobantilor","Gheorgheni, Cluj-Napoca, Cluj",470,8.25,2,57
2090,"Apartament 2 camere, 57 mp, decomandat, zona strazii Observatorului","Strada Observatorului, Zorilor, Cluj-Napoca, Cluj",470,8.25,2,57
1122,"La prima închiriere! Modern mobilat și utilat, Baciu Zona Petrom","Dambul Rotund, Cluj-Napoca, Cluj",470,8.7,3,54
278,Apartament cu doua camere si loc de parcare in zona centrala,"Strada General Traian Mosoiu, Centru, Cluj-Napoca, Cluj",470,9.4,2,50
490,Apartament decomandat+ balcon deschis- Bulgaria,"Marasti, Cluj-Napoca, Cluj",470,9.4,2,50
694,"Apartament in casa, 2 camere, de închiriat, în Iris","Strada Luncii, Bulgaria, Cluj-Napoca, Cluj",470,9.4,2,50
1418,"Apartament de 2 camere, mobilat utilat, cartier Bulgaria","Bulgaria, Cluj-Napoca, Cluj",470,9.4,2,50
1533,"Apartament cu 2 camere, 50 mp, Strada Luncii","Bulgaria, Cluj-Napoca, Cluj",470,9.4,2,50
1900,Apartament semidecomandat+ balcon si parcare- Buna Ziua,"Buna Ziua, Cluj-Napoca, Cluj",470,9.4,2,50
1327,Apartament 2 camere decomandate Marasti,"Bulgaria, Cluj-Napoca, Cluj",470,10.44,2,45
1426,"Apartament cu 1 camera, 40 mp, Observatorului, Zorilor, UMF","Zorilor, Cluj-Napoca, Cluj",470,10.93,1,43
994,"Apartament spatios cu o camera, parcare, Europa, Luminia","Strada Janos Zsigmond, Europa, Cluj-Napoca, Cluj",470,11.75,1,40
1111,"Apartament 1 camera, decomandat, 40mp, Complex Luminia","Strada Episcop Marton Aron, Europa, Cluj-Napoca, Cluj",470,11.75,1,40
1556,"3 camere decomandate, zona Calea Floresti, OMW, Flora","Manastur, Cluj-Napoca, Cluj",475,6.79,3,70
1874,Apartament semidecomandat de inchiriat- Zorilor,"Zorilor, Cluj-Napoca, Cluj",480,6.58,3,73
1616,Apartament 3 camere Manastur,"Manastur, Cluj-Napoca, Cluj",480,7.27,3,66
1461,Apartament 3 camere Gheorgheni,"Aleea Bizusa, Gheorgheni, Cluj-Napoca, Cluj",480,8,3,60
2296,PRIMA ÎNCHIRIERE Apartament 2 camere decomandate,"Marasti, Cluj-Napoca, Cluj",480,8,2,60
249,"Apartament cu 2 camere, Strada Regele Ferdinand","Centru, Cluj-Napoca, Cluj",480,8.57,2,56
582,Chirie apartament 2 camere in Gheorgheni,"Borhanci, Cluj-Napoca, Cluj",480,8.57,2,56
2074,Inchiriez apartament 2 camere Borhanci,"Marasti, Cluj-Napoca, Cluj",480,8.57,2,56
98,"Apartament 2 camere decomandate, Ultracentral, zona Piata Muzeului","Strada Regele Ferdinand, Centru, Cluj-Napoca, Cluj",480,8.73,2,55
1160,"Apartament 2 camere, 55 m2, balcon, zona Baza Sportiva Gheorgheni","Marasti, Cluj-Napoca, Cluj",480,8.73,2,55
1225,"2 camere, mobilat modern, in Gheorgheni, langa Iulius Mall","Gheorgheni, Cluj-Napoca, Cluj",480,8.73,2,55
1792,"Apartament nou, la prima închiriere! Parcare subterană, Calea Baciului","Dambul Rotund, Cluj-Napoca, Cluj",480,8.73,2,55
1884,OCAZIE ! Apartament 2 camere 55mp! Str.Donath ! GRIGORESCU ! Parcare !,"Grigorescu, Cluj-Napoca, Cluj",480,8.73,2,55
2262,Apartament Iulius Mall de inchiriat,"Marasti, Cluj-Napoca, Cluj",480,8.73,2,55
2366,"2 camere, bloc nou, LUX, Gheorgheni , zona Baza Sportiva Gheorgheni","Gheorgheni, Cluj-Napoca, Cluj",480,8.73,2,55
182,"Apartament cu 2 camere, decomandat, situat in cartierul Zorilor!","Strada Gheorghe Dima, Zorilor, Cluj-Napoca, Cluj",480,8.89,2,54
725,"APARTAMENT CU 2 CAMERE, ZORILOR","Zorilor, Cluj-Napoca, Cluj",480,8.89,2,54
761,"Apartament 2 camere decomandate, Zorilor, UMF","Marasti, Cluj-Napoca, Cluj",480,8.89,2,54
1354,Inchiriez Doua Camere | Decomandate | Zona Centrala | Strada Regele Fe,"Centru, Cluj-Napoca, Cluj",480,8.89,2,54
1862,Apartament decomandat+ balcon inchis- Manastur,"Manastur, Cluj-Napoca, Cluj",480,8.89,2,54
776,Apartament modern cu 2 camere și balcon; Sud; Parcare subterană;,"Dambul Rotund, Cluj-Napoca, Cluj",480,9.06,2,53
611,"2 camere bloc nou, mobilat modern, parcare, in Buna Ziua, PET FRIENDLY","Andrei Muresanu, Cluj-Napoca, Cluj",480,9.23,2,52
741,Apartament generos cu 2 camere și parcare subterana. Sud Vest,"Dambul Rotund, Cluj-Napoca, Cluj",480,9.23,2,52
239,"Apartament 2 camere, decomandat, mobilat, Ultracentral.","Strada Regele Ferdinand, Centru, Cluj-Napoca, Cluj",480,9.6,2,50
554,"2 camere decomandate, bloc nou, mobilat modern, parcare, Zorilor","Zorilor, Cluj-Napoca, Cluj",480,9.6,2,50
1168,"2 camere, mobilat modern, bloc nou, balcon, parcare, Semicentral","Centru, Cluj-Napoca, Cluj",480,9.6,2,50
1229,Apartament decomandat cu 2 camere in Marasti!,"Marasti, Cluj-Napoca, Cluj",480,9.6,2,50
1266,Apartament cu 2 camere pe strada Tulcea Intre Lacuri,"Intre Lacuri, Cluj-Napoca, Cluj",480,9.6,2,50
1248,"2 camere, bloc nou, mobilat modern, in Gheorgheni, zona Iulius Mall","Gheorgheni, Cluj-Napoca, Cluj",480,10.67,2,45
1520,"Apartament modern, prima inchiriere, 2 camere bloc nou cu parcare su","Dambul Rotund, Cluj-Napoca, Cluj",480,10.67,2,45
2037,"Apartament in bloc nou, 2 camere, de închiriat, în Centru","Strada Pastorului, Zorilor, Cluj-Napoca, Cluj",480,10.67,2,45
202,"Apartament 2 camere Manastur,mobilat/utilat","Manastur, Cluj-Napoca, Cluj",480,10.91,2,44
1384,2 ROOM APARTMENT | HASDEU | FROM SEPTEMBER,"Strada Remetea, Zorilor, Cluj-Napoca, Cluj",480,12,2,40
1669,Apartament cu 1 camere de închiriat în zona Central,"Marasti, Cluj-Napoca, Cluj",480,12,1,40
2335,"Apart. modern cu 2 camere, bloc lux, langa FSEGA / Iulius Mall","Gheorgheni, Cluj-Napoca, Cluj",480,12,2,40
1254,1 ROOM APARTMENT | HASDEU | FROM SEPTEMBER,"Strada Remetea, Zorilor, Cluj-Napoca, Cluj",480,12.63,1,38
1830,"2 camere,open space, modern, parcare, Manastur, zona Mc Donal's","Manastur, Cluj-Napoca, Cluj",489,9.06,2,54
1278,"2 Camere Decomandate, Zona Kaufland, Lidl, Leroy Merlin, Intre Lacuri","Intre Lacuri, Cluj-Napoca, Cluj",489,9.78,2,50
2212,"Apartament 3 camere, decomandat, 76 mp, parcare, zona Piata Flora","Strada Grigore Alexandrescu, Manastur, Cluj-Napoca, Cluj",490,6.45,3,76
475,Apartament 3 camere inchiriere birou piata M Viteazu,"Centru, Cluj-Napoca, Cluj",490,7,3,70
1519,"COMISION 0! Apartament 2 camere decomandat, PET FRIENDLY, Manastur.","Faget, Cluj-Napoca, Cluj",490,7.66,2,64
458,Apartament 2 camere Marasti IULIUS MALL,"Strada Nirajului, Intre Lacuri, Cluj-Napoca, Cluj",490,8.75,2,56
2364,"2 camere , modern, bloc izolat, parcare, INTRE LACURI, zona FUJIKURA","Intre Lacuri, Cluj-Napoca, Cluj",490,8.91,2,55
110,"Apartament 2 camere decomandate, Intre Lacuri, Lidl+Garaj","Strada Nirajului, Intre Lacuri, Cluj-Napoca, Cluj",490,9.42,2,52
131,"Apartament 2 camere, decomandat, mobilat, Grigorescu.","Strada Donath, Grigorescu, Cluj-Napoca, Cluj",490,9.42,2,52
161,"Apartament 2 camere, Gheorgheni, FSEGA, Iulius Mall","Strada Venus, Gheorgheni, Cluj-Napoca, Cluj",490,9.42,2,52
196,"Apartament de 2 camere, mobilat utilat, loc de parcare, zona Grigoresc","Grigorescu, Cluj-Napoca, Cluj",490,9.42,2,52
326,De inchiriat apartament cu 2 camere in Grigorescu,"Marasti, Cluj-Napoca, Cluj",490,9.42,2,52
8,OPORTUNITATE!! Apartament de 2 camere/IULIUS MALL/TERASA/PANORAMICA,"Gheorgheni, Cluj-Napoca, Cluj",490,9.61,2,51
105,Apartament 2 camere modern + balcon | FSEGA - Iulius Mall,"Gheorgheni, Cluj-Napoca, Cluj",490,9.61,2,51
810,Apartament 2 camere bloc nou langa FSEGA,"Gheorgheni, Cluj-Napoca, Cluj",490,9.61,2,51
947,Apartament 2 camere str Vaida Voievod 14A lâng&#259; FSEGA,"Strada Oltului, Intre Lacuri, Cluj-Napoca, Cluj",490,9.61,2,51
949,Apartament 2 camere modern + balcon | FSEGA - Iulius Mall,"Strada Oltului, Intre Lacuri, Cluj-Napoca, Cluj",490,9.61,2,51
989,Închiriez apartament 2 canere str Vaida Voievod 14A lângă FSEGA,"Marasti, Cluj-Napoca, Cluj",490,9.61,2,51
172,Apartament spatios | 2 camere | garaj | zona Intre Lacuri,"Intre Lacuri, Cluj-Napoca, Cluj",490,9.8,2,50
238,"2 camere , modern, bloc nou, GHEORGHENI, zona IULIUS MALL, FSEGA","Gheorgheni, Cluj-Napoca, Cluj",490,9.8,2,50
264,"Apartament 2 camere, S- 50 mp, mobilat, zona FSEGA.","Strada Teodor Mihali, Gheorgheni, Cluj-Napoca, Cluj",490,9.8,2,50
487,"2 dormitoare, nou, mobilat modern, cu parcare, Marasti","Intre Lacuri, Cluj-Napoca, Cluj",490,9.8,2,50
898,"2 camere, mobilat modern, bloc nou, in Marasti, in zona Iulius Mall","Gheorgheni, Cluj-Napoca, Cluj",490,9.8,2,50
961,"2 camere, decomandate, renovat, mobilat modern, parcare, Marasti","Intre Lacuri, Cluj-Napoca, Cluj",490,9.8,2,50
1275,Apartament 2 Camere Decomandate Cu Parcare | Nirajului | Intre Lacuri,"Intre Lacuri, Cluj-Napoca, Cluj",490,9.8,2,50
1284,"2 dormitoare, nou, mobilat modern, parcare, Marasti","Intre Lacuri, Cluj-Napoca, Cluj",490,9.8,2,50
1306,"Ap.2 cam., decomandat, recent finisat, Între Lacuri, et.1/2, parcare","Marasti, Cluj-Napoca, Cluj",490,9.8,2,50
1891,Apartament decomandat + parcare exterioara- Intre Lacuri,"Intre Lacuri, Cluj-Napoca, Cluj",490,9.8,2,50
2268,Apartament decomandat+ terasa- Dambul Rotund,"Dambul Rotund, Cluj-Napoca, Cluj",490,10.21,2,48
1465,Prima Inchiriere | Apartament Cu O Camera | Armoniei | Zorilor,"Zorilor, Cluj-Napoca, Cluj",490,11.4,1,43
1489,Închiriez apartament în Centru!,"Marasti, Cluj-Napoca, Cluj",490,11.67,1,42
2134,Apartament semidecomandat+ balcon deschis-Gheorgheni,"Gheorgheni, Cluj-Napoca, Cluj",490,11.67,2,42
567,"Prima inchiriere, 2 camere, Sala Sporturilor, str. Pandurilor","Strada Pandurilor, Plopilor, Cluj-Napoca, Cluj",490,12.25,2,40
938,"2 camere, bloc nou, garaj, gradina, Gheorgheni, Viva City, Iulius Mall","Gheorgheni, Cluj-Napoca, Cluj",490,12.25,2,40
1255,PF inchiriez ap 3 camere zona gheorheni bloc nou,"Marasti, Cluj-Napoca, Cluj",495,7.73,3,64
16,Apartament Pet friendly cu parcare subterana,"Marasti, Cluj-Napoca, Cluj",495,9,2,55
1618,"Apartament 3 camere, decomandat LOC DE PARCARE, Andrei Muresanu","Andrei Muresanu, Cluj-Napoca, Cluj",499,5.87,3,85
1577,"3 camere, Modern, Observator, Sigma, Gradina Botanica, Zorilor","Zorilor, Cluj-Napoca, Cluj",499,6.65,3,75
1644,"Apartament 3 camere, zona Marasti.","Marasti, Cluj-Napoca, Cluj",499,6.74,3,74
24,"APARTAMENT CU CAMERE, PARCARE, MANASTUR","Manastur, Cluj-Napoca, Cluj",499,7.68,3,65
31,"3 camere decomandat, AC, Loc De Parcare, Zona BIG, Manastur","Manastur, Cluj-Napoca, Cluj",499,7.68,3,65
419,"Apartament 2 camere, Spatios 65mp, Parcare,Zona Manastur/Casa Piratilo","Manastur, Cluj-Napoca, Cluj",499,7.68,2,65
599,"APARTAMENT 3 CAMERE ,PARCARE,MARASTI","Intre Lacuri, Cluj-Napoca, Cluj",499,7.68,3,65
623,"3 Camere, Loc de Parcare, AC, Zona Piata Marasti, Kaufland","Marasti, Cluj-Napoca, Cluj",499,7.68,3,65
690,"Oportunitate!Ap 3 camere,TERASA,Parcare Subterana,Zona Marasti/LIDL/Au","Intre Lacuri, Cluj-Napoca, Cluj",499,7.68,3,65
1416,"3 camere, mobilat modern, bloc nou, balcon, parcare, Gheorgheni","Andrei Muresanu, Cluj-Napoca, Cluj",499,7.68,3,65
783,"APARTAMENT 2 CAMERE, PET FRIENDLY, BUNA ZIUA","Buna Ziua, Cluj-Napoca, Cluj",499,8.32,2,60
1249,Apartament cu 2 camere l Zona strazii Oasului l Parcare,"Dambul Rotund, Cluj-Napoca, Cluj",499,8.32,2,60
1317,"2 camere, mobilat modern, bloc nou, terasa, Semicentral,str Burebista","Centru, Cluj-Napoca, Cluj",499,8.32,2,60
1368,"Apartament 2 camere, 60 mp, prima inchiriere, parcare, zona Calea...","Piata Cipariu, Centru, Cluj-Napoca, Cluj",499,8.32,2,60
1583,"La prima închiriere! Apartament modern, luminos și spațios - Cluj","Marasti, Cluj-Napoca, Cluj",499,8.32,2,60
1588,"Apartament ultramodern cu 2 camere. Spatiu, confort și intimitate","Dambul Rotund, Cluj-Napoca, Cluj",499,8.32,2,60
192,"3 Camere, Loc de Parcare, Zona Interservisan, Detunata, Gheorgheni","Gheorgheni, Cluj-Napoca, Cluj",499,8.6,3,58
659,"Oportunitate! Ap 2 camere, 58mp, PARCARE Zona Calea Turzii","Zorilor, Cluj-Napoca, Cluj",499,8.6,2,58
2383,"Apartament 2 camere decomandate 58mp, balcon 6mp, Sopor-Baza Sportiva","Sopor, Cluj-Napoca, Cluj",499,8.6,2,58
1179,"2 camere, mobilat modern, bloc nou, terasa, parcare, Marasti","Bulgaria, Cluj-Napoca, Cluj",499,8.75,2,57
14,"2 camere, TOTUL NOU, decomandat, modern , Semicentral, Cluj Arena","Manastur, Cluj-Napoca, Cluj",499,9.07,2,55
1116,"2 camere decomandate, mobilat modern, bloc izolat termic, in Zorilor","Zorilor, Cluj-Napoca, Cluj",499,9.07,2,55
1647,"Apartament cu 2 camere, decomandat, loc de parcare, Calea Baciului","Dambul Rotund, Cluj-Napoca, Cluj",499,9.07,2,55
1166,"Apartament 2 camere, 54 mp, parcare, zona strazii Dunarii","Strada Dunarii, Intre Lacuri, Cluj-Napoca, Cluj",499,9.24,2,54
1629,"Apartament cu 2 camere, Loc de parcare, Intre Lacuri","Intre Lacuri, Cluj-Napoca, Cluj",499,9.24,2,54
1042,"APARTAMENT CU 2 CAMERE, GRIGORESCU","Grigorescu, Cluj-Napoca, Cluj",499,9.42,2,53
666,"Apart. modern cu 2 camere, terasa, parcare, zona Marasti / Clujana","Bulgaria, Cluj-Napoca, Cluj",499,9.6,2,52
1135,"2 camere, decomandat, modern, balcon, Zorilor, Observatorului","Europa, Cluj-Napoca, Cluj",499,9.6,2,52
1203,"2 camere decomandate, bloc nou mobilat modern, cu parcare, in Zorilor","Zorilor, Cluj-Napoca, Cluj",499,9.6,2,52
1993,2 camere | Grand Park Residence Sopor | Garaj | Balcon,"Strada Georg Freidrich Hegel, Gheorgheni, Cluj-Napoca, Cluj",499,9.6,2,52
319,"2 camere, modern, bloc nou, terasa, parcare, Gheorgheni, Viva City","Gheorgheni, Cluj-Napoca, Cluj",499,9.98,2,50
1097,"2 camere, bloc nou, mobilat modern, cu garaj, terasa, in Zorilor","Buna Ziua, Cluj-Napoca, Cluj",499,9.98,2,50
1227,"2 camere, mobilat modern, bloc nou, parcare, balcon, Calea Turzii","Zorilor, Cluj-Napoca, Cluj",499,9.98,2,50
1271,"APARTAMENT cu 2 camere, DECOMANDAT, MANASTUR","Manastur, Cluj-Napoca, Cluj",499,9.98,2,50
1412,"APARTAMENT 2 CAMERE, MANASTUR","Manastur, Cluj-Napoca, Cluj",499,9.98,2,50
1871,"Apartament 2 camere | 50 mp mobilat, utilat | Garaj | Zona Iulius Mall","Gheorgheni, Cluj-Napoca, Cluj",499,9.98,2,50
42,"2 camere, mobilat modern, bloc nou, terasa, parcare, Buna Ziua, LIDL","Andrei Muresanu, Cluj-Napoca, Cluj",499,10.4,2,48
1,Apartament modern | Bloc lux | zona IULIUS MALL / FSEGA,"Gheorgheni, Cluj-Napoca, Cluj",499,10.85,2,46
197,"2 camere, modern, bloc nou, terasa, parcare, Gheorgheni, VIVA CITY","Intre Lacuri, Cluj-Napoca, Cluj",499,11.09,2,45
1001,"APARTAMENT cu 2 camere decomandat, 2 PARCARI, terasa, INTRE LACURI","Intre Lacuri, Cluj-Napoca, Cluj",499,11.34,2,44
782,"APARTAMENT 2 CAMERE, PARCARE, ANDREI MURESANU","Andrei Muresanu, Cluj-Napoca, Cluj",499,11.88,2,42
1490,2 ROOM APARTMENT | HASDEU | FROM SEPTEMBER,"Strada Remetea, Zorilor, Cluj-Napoca, Cluj",499,11.88,2,42
1010,"APARTAMENT 2 CAMERE, TERASA, GHEORGHENI","Gheorgheni, Cluj-Napoca, Cluj",499,13.13,2,38
1721,"Apartament cu 3 camere, 110 mp, Strada Constantin Mille","Someseni, Cluj-Napoca, Cluj",500,4.17,3,120
997,Apartament cu 3 camere spre închiriere in Grigorescu !,"Marasti, Cluj-Napoca, Cluj",500,4.76,3,105
1952,Apartament decomandat+ balcon deschis- Manastur,"Manastur, Cluj-Napoca, Cluj",500,5.38,2,93
1346,Inchiriez apartament,"Centru, Cluj-Napoca, Cluj",500,5.56,3,90
1702,Apartament 2 camere/ 65mp/ Curte / Parcare/ Casa Piratilor/ Manastur!,"Marasti, Cluj-Napoca, Cluj",500,5.92,2,84.5
702,"3 camere, bloc nou, modern, terasa, garaj, in Andrei Muresanu","Andrei Muresanu, Cluj-Napoca, Cluj",500,6.25,3,80
1961,"Apartament 3 camere, mobilat si utilat, situat in cartierul Marasti!","Strada Dambovitei, Intre Lacuri, Cluj-Napoca, Cluj",500,6.25,3,80
2030,"Apartament cu 3 camere, 80 mp, parcare, zona Expo Transilvania","Strada Dambovitei, Intre Lacuri, Cluj-Napoca, Cluj",500,6.25,3,80
1734,"Apartament in bloc nou, cu parcare, in cartierul Gruia!","Gruia, Cluj-Napoca, Cluj",500,6.41,2,78
1134,"Ap Manastur, Parang | 3 camere | decomandat | 75mp | Zona foarte buna","Strada Parang, Manastur, Cluj-Napoca, Cluj",500,6.67,3,75
1360,"PF inchiriez studiou zona Leroy Marasti, 75 mp, super mobilat","Marasti, Cluj-Napoca, Cluj",500,6.67,1,75
1383,"Inchiriere 3 camere - Zorilor str. Lunii 10, zona: Spital Recuperare","Marasti, Cluj-Napoca, Cluj",500,6.67,3,75
1464,PET FRIENDLY | Apartament 3 Camere Cu Garaj Si Curte | Predeal | Andre,"Andrei Muresanu, Cluj-Napoca, Cluj",500,6.67,3,75
1926,Apartament cu 3 camere Andrei Muresanu,"Andrei Muresanu, Cluj-Napoca, Cluj",500,6.67,3,75
2392,"Inchiriez apartament 3 camere, spatios, in apropiere de camine Obs. si","Zorilor, Cluj-Napoca, Cluj",500,6.67,3,75
1062,"Chirie apartament 3 camere, Marasti, Cluj-Napoca","Marasti, Cluj-Napoca, Cluj",500,6.76,3,74
1118,Ofer spre inchiriere apartment cu 3 camere in Cluj Napoca,"Marasti, Cluj-Napoca, Cluj",500,6.76,3,74
1561,"APARTAMENT 3 CAMERE, PET FRIENDLY, MANASTUR","Manastur, Cluj-Napoca, Cluj",500,7.14,3,70
1748,"Apartament 2 camere de inchiriat in Marasti, Cluj Napoca","Marasti, Cluj-Napoca, Cluj",500,7.14,2,70
1984,3 CAMERE || GRADINA BOTANICA || 2x BALCOANE || ZORILOR,"Zorilor, Cluj-Napoca, Cluj",500,7.14,3,70
1990,"Apartament 3 camere decomandat, zona UMF, comision 0","Zorilor, Cluj-Napoca, Cluj",500,7.14,3,70
1995,"Apartament 2 camere, semidecomandat, 70 mp, parcare, zona Sigma Center","Strada Rene Descartes, Zorilor, Cluj-Napoca, Cluj",500,7.14,2,70
2115,"Apartament cu trei camere, mobilat clasic, Zorilor","Zorilor, Cluj-Napoca, Cluj",500,7.14,3,70
2253,Apartament 3 camere | decomandat | 70mp + balcon | parcare | Manastur,"Manastur, Cluj-Napoca, Cluj",500,7.14,3,70
2381,Apartament 3 Camere Semicentral 13 Septembrie zona Str. Paris,"Marasti, Cluj-Napoca, Cluj",500,7.14,3,70
135,"Apartament 3 camere,67mp! MODERN! Ultra-finisat! Fix Langa VIVO!","Marasti, Cluj-Napoca, Cluj",500,7.46,3,67
1663,Apartament cu 3 camere spre inchiriere in cartierul Manastur.,"Manastur, Cluj-Napoca, Cluj",500,7.46,3,67
2295,"Apartament decomandat+ balcon deschis- Plopilor, Cluj","Plopilor, Cluj-Napoca, Cluj",500,7.46,3,67
1735,"Birou/Spatiu de inchiriat, I. L. Caragiale","Gheorgheni, Cluj-Napoca, Cluj",500,7.58,2,66
2036,Manastur | Apartament 3 camere | Balcon | Mobilat si utilat,"Strada Dimitrie Gusti, Manastur, Cluj-Napoca, Cluj",500,7.58,3,66
2255,"Apartament de inchiriat, cu 3 camere- Manastur","Manastur, Cluj-Napoca, Cluj",500,7.58,3,66
181,Apartament semidecomandat+ balcon deschis- Marasti,"Marasti, Cluj-Napoca, Cluj",500,7.69,3,65
188,"3 Camere open-space, Zona Aurel Vlaicu, Marasti, Parcare subterana","Intre Lacuri, Cluj-Napoca, Cluj",500,7.69,3,65
236,Apartament cu parcare subterana in zona Leroy Merlin,"Intre Lacuri, Cluj-Napoca, Cluj",500,7.69,3,65
255,"Apartament cu 3 camere, 65 mp, Strada Aurel Vlaicu","Intre Lacuri, Cluj-Napoca, Cluj",500,7.69,3,65
262,"Apartament 2 camere decomandate, Intre Lacuri, zona Leroy Merlin+Garaj","Strada Bega, Intre Lacuri, Cluj-Napoca, Cluj",500,7.69,2,65
308,Inciriez ap 3 cam,"Marasti, Cluj-Napoca, Cluj",500,7.69,3,65
410,"Apartament de 3 camere,Aurel Vlaicu/Iulius Mall","Intre Lacuri, Cluj-Napoca, Cluj",500,7.69,3,65
1525,"Inchiriere apartament 3 camere decomandate Zorilor, zona Golden Tulip","Zorilor, Cluj-Napoca, Cluj",500,7.69,3,65
1776,Apartament semidecomandat cu 3 camere- Manastur,"Manastur, Cluj-Napoca, Cluj",500,7.69,3,65
1820,Apartament decomandat+ balcon inchis- Piata 1 Mai Cluj-Napoca,"Bulgaria, Cluj-Napoca, Cluj",500,7.69,2,65
1880,Apartament 3 camere 65mp ! Str. MEHEDINTI ! La 200 de metri de BIG !,"Manastur, Cluj-Napoca, Cluj",500,7.69,3,65
1972,"Inchiriere spatiu ultracentral 65 mp, birou sau locuinta","Gruia, Cluj-Napoca, Cluj",500,7.69,2,65
2071,"Apartament 2 camere de inchiriat in Manastur, Cluj Napoca","Marasti, Cluj-Napoca, Cluj",500,7.69,2,65
2193,"Dau in chirie apartament cu trei camere, Mănăștur.","Marasti, Cluj-Napoca, Cluj",500,7.69,3,65
2217,"Apartament de 2 camere, 65 mp, parcare, zona Aleea Garbau","Aleea Clabucet, Manastur, Cluj-Napoca, Cluj",500,7.69,2,65
1476,"Apartament la etaj intermediar, str. Edgar Quinet","Manastur, Cluj-Napoca, Cluj",500,7.81,2,64
1500,"Apartament de 3 camere, 64 mp, balcon, zona strazii Edgar Quinet","Strada Eugen Lovinescu, Manastur, Cluj-Napoca, Cluj",500,7.81,3,64
1962,Apartament decomandat de inchiriat- Gheorgheni,"Gheorgheni, Cluj-Napoca, Cluj",500,7.81,2,64
2019,Intre Lacuri | Apartament 2 camere | Mobilat si utilat | Vedere panora,"Strada Tulcea, Intre Lacuri, Cluj-Napoca, Cluj",500,7.81,2,64
2143,Apartament decomandat de inchiriat- cartierul Manastur,"Manastur, Cluj-Napoca, Cluj",500,7.81,3,64
2289,Apartament decomandat+ balcon- Gheorgheni,"Grigorescu, Cluj-Napoca, Cluj",500,7.81,2,64
775,"Apartament pe 2 niveluri, zona Piata Hermes","Gheorgheni, Cluj-Napoca, Cluj",500,7.94,3,63
2089,"Apartament 2 camere, 61 mp, parcare, zona strazii Oasului","Strada Oasului, Iris, Cluj-Napoca, Cluj",500,8.2,2,61
331,"2 camere, bloc nou, mobilat modern, in Marasti, Dorobantilor, Platinia","Marasti, Cluj-Napoca, Cluj",500,8.33,2,60
958,"Apartament 3 camere de inchiriat, parcare, str Alverna","Gheorgheni, Cluj-Napoca, Cluj",500,8.33,3,60
1058,"Apartament cu 2 camere, zona Manastur!","Manastur, Cluj-Napoca, Cluj",500,8.33,2,60
1367,Apartament NOU -zona interservisan,"Gheorgheni, Cluj-Napoca, Cluj",500,8.33,2,60
1511,"Comision 0%, Inchiriere 2 camere, partial mobilat Spital Recuperare","Strada Zorilor, Zorilor, Cluj-Napoca, Cluj",500,8.33,2,60
1707,"Totul nou! Noua ta locuinț! Apartament complet mobilat și utilat, Cluj","Dambul Rotund, Cluj-Napoca, Cluj",500,8.33,2,60
1790,"Apartament 2 camere str. Dorobantilor, langa Tribunal!","Marasti, Cluj-Napoca, Cluj",500,8.33,1,60
1909,Zorilor-Spitatul de Recuperare | 2 Camere | Decomandat | Centrala,"Strada Lunii, Zorilor, Cluj-Napoca, Cluj",500,8.33,2,60
2105,Apartament 3 camere | prima inchiriere | bloc nou | Taietura Turcului,"Dambul Rotund, Cluj-Napoca, Cluj",500,8.33,3,60
2126,"Apartament modern cu terasă, zona Gării!","Iris, Cluj-Napoca, Cluj",500,8.33,2,60
2152,apartament semidecomandat- Zorilor,"Zorilor, Cluj-Napoca, Cluj",500,8.33,2,60
1136,Chirie apartament 2 camere cu parcare si gradina,"Bulgaria, Cluj-Napoca, Cluj",500,8.47,2,59
296,Apartament cu 3 camere de inchiriat,"Marasti, Cluj-Napoca, Cluj",500,8.62,3,58
435,Apartament 2 Camere Decomandate | Calea Turzii,"Zorilor, Cluj-Napoca, Cluj",500,8.62,2,58
439,Apartament 2 camere - Calea Turzii,"Buna Ziua, Cluj-Napoca, Cluj",500,8.62,2,58
2198,"Apartament decomandat de inchiriat, cu 2 camere- Plopilor","Plopilor, Cluj-Napoca, Cluj",500,8.62,2,58
816,"2 camere, zona Iulius Mall, 57 mp, decomandat, loc parcare","Gheorgheni, Cluj-Napoca, Cluj",500,8.77,2,57
1479,"2 camere, strada Intre Lacuri, 57 mp, decomandat, loc parcare","Gheorgheni, Cluj-Napoca, Cluj",500,8.77,2,57
1514,Apartament cu 3 camere spatios. Parcare subterana,"Dambul Rotund, Cluj-Napoca, Cluj",500,8.93,3,56
1705,"2 camere, bloc nou, mobilat modern, garaj, AC, Buna Ziua","Buna Ziua, Cluj-Napoca, Cluj",500,8.93,2,56
240,"Apartament 2 camere, pet friendly, ultracentral","Centru, Cluj-Napoca, Cluj",500,9.09,2,55
431,"2 camere, bloc nou, mobilat modern, cu terasa si garaj, in Buna Ziua","Buna Ziua, Cluj-Napoca, Cluj",500,9.09,2,55
746,"Apartament nou și luminos, 55 mp","Marasti, Cluj-Napoca, Cluj",500,9.09,2,55
1176,"2 camere, bloc nou, mobilat modern, garaj, terasa, in Marasti","Marasti, Cluj-Napoca, Cluj",500,9.09,2,55
1769,"2 camere, bloc nou, mobilat modern, parcare, zona Iulius, Marasti","Intre Lacuri, Cluj-Napoca, Cluj",500,9.09,2,55
2270,"Apartament semidecomandat de inchiriat, cu 2 camere, zona Gruia","Gruia, Cluj-Napoca, Cluj",500,9.09,2,55
765,"Apartament 2 camere, Grand Park Residence, garaj","Strada Georg Freidrich Hegel, Gheorgheni, Cluj-Napoca, Cluj",500,9.26,2,54
1182,"Apartament cu 2 camere, 54 mp, situat in cartierul Intre Lacuri!","Intre Lacuri, Cluj-Napoca, Cluj",500,9.26,2,54
1286,"Apt. 2 camere, Intre Lacuri, loc de parcare, Iulius Mall","Strada Dunarii, Intre Lacuri, Cluj-Napoca, Cluj",500,9.26,2,54
1941,Apartament semidecomandat+ parcare si curte- Centru,"Centru, Cluj-Napoca, Cluj",500,9.26,2,54
2232,Apartament decomandat+ 2 camere- Dambul Rotund,"Dambul Rotund, Cluj-Napoca, Cluj",500,9.26,2,54
1083,"PF inchiriez apt. 2 camere, decomandat, Grigorescu","Marasti, Cluj-Napoca, Cluj",500,9.43,2,53
1905,Apartament de inchiriat Zorilor | Europa,"Marasti, Cluj-Napoca, Cluj",500,9.43,2,53
1974,Apartament semidecomandat+ balcon deschis- Marasti,"Marasti, Cluj-Napoca, Cluj",500,9.43,2,53
2353,Apartament ultrafinisat cu 2 camere pentru inchiriere!,"Europa, Cluj-Napoca, Cluj",500,9.43,2,53
295,Apartament cochet 2 camere | OBSERVATORULUI - Zorilor,"Strada Observatorului, Zorilor, Cluj-Napoca, Cluj",500,9.62,2,52
395,Apartament 2 camere decomandat Linga padure,"Manastur, Cluj-Napoca, Cluj",500,9.62,2,52
665,Apartament 2 camere | mobilat si utilat I parcare I zona Iulius Mall,"Gheorgheni, Cluj-Napoca, Cluj",500,9.62,2,52
808,"Apartament 2 camere decomandate, Gherorgheni, zona Iulius Mall","Aleea Slanic, Gheorgheni, Cluj-Napoca, Cluj",500,9.62,2,52
1037,"Apartament 2 camere, 52mp, decomandat, in zona Iulius Mall","Gheorgheni, Cluj-Napoca, Cluj",500,9.62,2,52
1251,Inchiriez apartament cu 2 camere vizavi de Iulius Malll,"Marasti, Cluj-Napoca, Cluj",500,9.62,2,52
1676,Apartament decomandat+ balcon deschis- Semncentral,"Marasti, Cluj-Napoca, Cluj",500,9.62,2,52
1823,Dau in chirie apartament 2 camere Marasti.,"Marasti, Cluj-Napoca, Cluj",500,9.62,2,52
2131,Apartament decomandat+ balcon inchis- Zorilor,"Zorilor, Cluj-Napoca, Cluj",500,9.62,2,52
2352,"Apartament 2 camere, zona Centrala NTT Data, Parcare","Centru, Cluj-Napoca, Cluj",500,9.62,2,52
273,"Apartament 2 camere de inchiriat, zona Marasti","Gheorgheni, Cluj-Napoca, Cluj",500,9.8,2,51
99,Apartament 2 camere + terasa BONJOUR Residence | BUNA ZIUA,"Buna Ziua, Cluj-Napoca, Cluj",500,10,2,50
616,"Prima Inchiriere! Apartament 2 camere, Manastur, zona Calvaria","Aleea Micus, Manastur, Cluj-Napoca, Cluj",500,10,2,50
669,De inchiriat Apartament 2 camere,"Intre Lacuri, Cluj-Napoca, Cluj",500,10,2,50
744,Apartament 2 camere + terasa BONJOUR Residence | BUNA ZIUA,"Strada Mircea Zaciu, Buna Ziua, Cluj-Napoca, Cluj",500,10,2,50
869,"Apartament, 2 camere, de închiriat, în Manastur","Strada Mehedinti, Manastur, Cluj-Napoca, Cluj",500,10,2,50
1084,"2 camere decomandate, mobilat modern, in Zorilor, Observatorului","Zorilor, Cluj-Napoca, Cluj",500,10,2,50
1101,"2 camere, bloc nou, mobilat modern, garaj, in Marasti, str. Fabricii","Bulgaria, Cluj-Napoca, Cluj",500,10,2,50
1123,"Apartament modern cu 2 camere în Mănăștur, aproape de McDonald","Manastur, Cluj-Napoca, Cluj",500,10,2,50
1187,"Apartament de inchiriat, cu 2 camere- Manastur","Manastur, Cluj-Napoca, Cluj",500,10,2,50
1298,"2 camere, bloc nou, mobilat modern, garaj, in Marasti","Bulgaria, Cluj-Napoca, Cluj",500,10,2,50
1333,Apartament 2 camere prima inchiriere,"Marasti, Cluj-Napoca, Cluj",500,10,2,50
1362,PET FRIENDLY | Apartament 2 Camere Decomandate | Unirii | Gheorgheni,"Gheorgheni, Cluj-Napoca, Cluj",500,10,2,50
1385,Apartament 2 Camere Decomandate | Strada Izlazului | Manastur,"Manastur, Cluj-Napoca, Cluj",500,10,2,50
1437,Apartament cu 2 camere in cartierul Someseni,"Someseni, Cluj-Napoca, Cluj",500,10,2,50
1601,"Apartament cu 2 camere, decomandat, PARCARE, Kaufland Marasti","Marasti, Cluj-Napoca, Cluj",500,10,2,50
1604,"Apartament de 2 camere, mobilat utilat, zona Manastur","Manastur, Cluj-Napoca, Cluj",500,10,2,50
1731,"2 camere, bloc nou, mobilat modern, garaj, in Zorilor","Europa, Cluj-Napoca, Cluj",500,10,2,50
1761,"Apartament 2 camere de inchiriat in Floresti, Cluj Napoca","Marasti, Cluj-Napoca, Cluj",500,10,2,50
1793,"Apartament 2 camere, 50 mp, prima inchiriere, pet friendly si...","Strada Eugen Lovinescu, Manastur, Cluj-Napoca, Cluj",500,10,2,50
1868,"Apartament 2 camere/50mp, Aleea Peana ! Vis a vis de MINERVA !","Manastur, Cluj-Napoca, Cluj",500,10,2,50
1872,"2 camere, bloc nou,mobilat modern, parcare, in Buna Ziua, Sophia","Buna Ziua, Cluj-Napoca, Cluj",500,10,2,50
1888,"Apartament semidecomandat de inchiriat, cu 3 camere- Marasti","Marasti, Cluj-Napoca, Cluj",500,10,3,50
1968,"Apartament semidecomandat de inchiriat, cu 2 camere- Grigorescu","Grigorescu, Cluj-Napoca, Cluj",500,10,2,50
2132,"Apartament decomandat de inchiriat, cu 2 camere, in zona Marasti","Marasti, Cluj-Napoca, Cluj",500,10,2,50
2153,"Apartament 2 camere, 50 mp, zona Alexandru Vlahuta, Grigorescu","Strada Alexandru Vlahuta, Grigorescu, Cluj-Napoca, Cluj",500,10,2,50
2177,"Inchiriez apartament cu 2 camere, str. Dima, Zorilor, 50mp, et. 3/4","Marasti, Cluj-Napoca, Cluj",500,10,2,50
64,2 camere zona Opera Maghiara DOG Friendly,"Centru, Cluj-Napoca, Cluj",500,10.42,2,48
222,Apartament superb 2 camere | 48 mp | garaj | West Tower Apartments!,"Manastur, Cluj-Napoca, Cluj",500,10.42,2,48
1398,"Apartament decomandat de inchiriat, cu 2 camere- Centru Cluj-Napoca","Marasti, Cluj-Napoca, Cluj",500,10.42,2,48
1703,Apartament cu 3 camere de închiriat în zona Campului,"Manastur, Cluj-Napoca, Cluj",500,10.42,3,48
354,"1 camera, modern, bloc nou, parcare,AC,Gheorgheni, Constantin Brancusi","Gheorgheni, Cluj-Napoca, Cluj",500,10.64,1,47
791,"0% Comision. Apartament modern cu Parcare, în bloc NOU, Mărăști","Strada Fabricii, Bulgaria, Cluj-Napoca, Cluj",500,10.87,2,46
1267,"Apartament cu 2 camere, 46 mp, situat in cartierul Manastur!","Strada Mehedinti, Manastur, Cluj-Napoca, Cluj",500,10.87,2,46
1419,Apartament 2 camere cu balcon 46mp etaj intermediar zona Big,"Aleea Vidraru, Manastur, Cluj-Napoca, Cluj",500,10.87,2,46
607,"2 camere, bloc nou, modern, garaj, in Marasti, zona Iulius Mall FSEGA","Gheorgheni, Cluj-Napoca, Cluj",500,11.11,2,45
755,Apartament cu 2 camere de închiriat în zona Central,"Centru, Cluj-Napoca, Cluj",500,11.11,2,45
789,Apartament decomandat+ balcon inchis- Gheorgheni,"Gheorgheni, Cluj-Napoca, Cluj",500,11.11,2,45
817,"2 camere, bloc nou, modern, garaj, Gheorgheni, Viva City, Iulius Mall","Gheorgheni, Cluj-Napoca, Cluj",500,11.11,2,45
871,"2 camere bloc nou, mobilat modern, garaj, terasa, Buna Ziua, GrandHill","Buna Ziua, Cluj-Napoca, Cluj",500,11.11,2,45
937,"2 camere, bloc nou, mobilat modern, 2 parcari, Marasti, zona Iulius","Intre Lacuri, Cluj-Napoca, Cluj",500,11.11,2,45
1038,"Apartament de inchiriat, cu 2 camere- Zorilor","Zorilor, Cluj-Napoca, Cluj",500,11.11,2,45
1124,PROPRIETAR-inchiriez apartament 2 camere,"Marasti, Cluj-Napoca, Cluj",500,11.11,2,45
1157,Persoana fizica ofer spatiu spre inchiriere,"Marasti, Cluj-Napoca, Cluj",500,11.11,2,45
2038,"Apartament in bloc nou, 2 camere, de închiriat, în Centru","Strada Bogdan Petricescu Hasdeu, Zorilor, Cluj-Napoca, Cluj",500,11.11,2,45
800,Apartament 2 camere + 2 parcari | INTRE LACURI,"Intre Lacuri, Cluj-Napoca, Cluj",500,11.36,2,44
1017,"Apartament 2 camere, 2 parcari, Intre Lacuri","Intre Lacuri, Cluj-Napoca, Cluj",500,11.36,2,44
1021,"Apartament cu 2 camere, 44 mp, Strada Mureșului","Intre Lacuri, Cluj-Napoca, Cluj",500,11.36,2,44
2322,"Inchiriere Apartament 2 camere, Piata Marasti","Marasti, Cluj-Napoca, Cluj",500,11.36,2,44
1379,Apartament 3 camere de inchiriat zona Alverna,"Gheorgheni, Cluj-Napoca, Cluj",500,11.9,3,42
1423,"Apartament 2 camere/ 42mp/ Balcon/ str. Aurel Vlaicu, Marasti!","Marasti, Cluj-Napoca, Cluj",500,11.9,2,42
37,AP 2 CAM | LUX | ZONA IULIUS MALL,"Strada Bistritei, Gheorgheni, Cluj-Napoca, Cluj",500,12.5,2,40
147,Apartament 2 camere P ta Muzeului,"Centru, Cluj-Napoca, Cluj",500,12.5,2,40
830,Inchiriez Apartament Untold,"Marasti, Cluj-Napoca, Cluj",500,12.5,1,40
1190,Apartament 2 camere în zona Intre Lacuri,"Marasti, Cluj-Napoca, Cluj",500,12.5,2,40
1279,"Apartament in vila, 1 camera, de închiriat, în Zorilor","Strada Meteor, Zorilor, Cluj-Napoca, Cluj",500,12.5,1,40
1288,"Apartament in vila, 1 camera, de închiriat, în Zorilor","Strada Observatorului, Zorilor, Cluj-Napoca, Cluj",500,12.5,1,40
1569,Apartament cu o camera spre inchiriere in zona Hotelului Golden Tulip,"Zorilor, Cluj-Napoca, Cluj",500,12.5,1,40
2116,"Comision 0 % Spatiu birou 40mp, Central","Centru, Cluj-Napoca, Cluj",500,12.5,1,40
2385,"Curte! Apartament 2 camere, Viva City, zona Iulius Mall+Garaj","Aleea Valeriu Bologa, Gheorgheni, Cluj-Napoca, Cluj",500,12.5,2,40
106,Apartament 2 camere + gradina | parcare | IULIUS MALL,"Gheorgheni, Cluj-Napoca, Cluj",500,12.82,2,39
954,Apartament 2 camere + gradina | parcare | IULIUS MALL,"Aleea Valeriu Bologa, Gheorgheni, Cluj-Napoca, Cluj",500,12.82,2,39
864,"Apartament 2 camere, la cheie, 2 locuri parcare, Intre Lacuri","Strada Muresului, Intre Lacuri, Cluj-Napoca, Cluj",500,13.16,2,38
948,Apartament 2 camere in cartierul Gheorgheni,"Gheorgheni, Cluj-Napoca, Cluj",500,13.16,2,38
1009,"Apartament modern in Viva City, cu gradina, zona Iulius Mall","Gheorgheni, Cluj-Napoca, Cluj",500,13.16,2,38
1018,"Apartament 1 camera LUX, PARCARE, zona Iulius Mall Gheorgheni","Gheorgheni, Cluj-Napoca, Cluj",500,13.16,1,38
1843,Apartament 2 camere semidecomandat mobilat si utilat zona P-ta Cipariu,"Bulevardul Nicolae Titulescu, Gheorgheni, Cluj-Napoca, Cluj",500,13.16,2,38
2307,Inchiriez apartament - sannicoara - estimo,"Marasti, Cluj-Napoca, Cluj",503.02,8.11,3,62
1802,Inchiriez garsoniera Untold si Electric Castle,"Marasti, Cluj-Napoca, Cluj",503.02,17.35,1,29
1494,"Apartament cu 3 camere, 64 mp, Strada Edgar Quinet","Manastur, Cluj-Napoca, Cluj",507,7.92,3,64
2171,"Inchiriere apartament 1 camera, zona centrala,Platinia Elite Residence","Centru, Cluj-Napoca, Cluj",510,10.2,1,50
622,"2 camere, modern, parcare, Calea Turzii zona Mol, ROD,Profi","Zorilor, Cluj-Napoca, Cluj",515,9.36,2,55
1154,"3 camere, mobilat modern, parcare, Cartierul Gheorgheni","Gheorgheni, Cluj-Napoca, Cluj",519,8.11,3,64
1219,"Apartament 2 camere, decomandate, 52mp, Zorilor, zona Observator","Zorilor, Cluj-Napoca, Cluj",519,9.98,2,52
926,"Apartament in bloc nou, 3 camere, de închiriat, în A.Muresanu","Strada Vasile Parvan, Andrei Muresanu, Cluj-Napoca, Cluj",520,6.5,3,80
1512,"Apartament de 3 camere, 80 mp , zona Andrei Muresanu","Andrei Muresanu, Cluj-Napoca, Cluj",520,6.5,3,80
219,"Apartament 3 camere, mobilat modern, bloc nou, Andrei Muresanu","Andrei Muresanu, Cluj-Napoca, Cluj",520,6.93,3,75
2211,"3 camere open space, modern, garaj, curte Andrei Muresanu","Andrei Muresanu, Cluj-Napoca, Cluj",520,6.93,3,75
827,Apartament cu 3 camere si parcare in zona Vivo mall,"Marasti, Cluj-Napoca, Cluj",520,7.43,3,70
481,Apartament 3 camere | mobilat/utilat | 64 mp | Zona Strada Alverna,"Andrei Muresanu, Cluj-Napoca, Cluj",520,8.12,3,64
854,"Apartament de inchiriat , 3 camere , Gheorgheni","Gheorgheni, Cluj-Napoca, Cluj",520,8.12,3,64
1208,"Apartament 3 camere, etaj 2, parcare, Gheorgheni, zona Alverna","Strada Ion Budai Deleanu, Andrei Muresanu, Cluj-Napoca, Cluj",520,8.12,3,64
47,"Apartament cu 2 camere spre inchiriere in Zorilor, cu parcare!","Zorilor, Cluj-Napoca, Cluj",520,8.25,2,63
1165,"Apartament 3 camere, 60 mp, mobilat dragut, parcare, zona Alverna!","Strada Becas, Andrei Muresanu, Cluj-Napoca, Cluj",520,8.67,3,60
1224,"Apartament 2 camere decomandat, 60 mp, zona Nicolae Titulescu","Strada Nicolae Pascaly, Gheorgheni, Cluj-Napoca, Cluj",520,8.67,2,60
1246,"Apartament decomandat+ balcon inchis- Gheorgheni, Cluj","Gheorgheni, Cluj-Napoca, Cluj",520,8.97,2,58
1282,"Apartament 2 camere, mobilat clasic, cu parcare, zona Interservisan","Gheorgheni, Cluj-Napoca, Cluj",520,8.97,2,58
1950,Apartament 2 camere Semicentral,"Marasti, Cluj-Napoca, Cluj",520,9.12,2,57
1285,Apartament Zorilor 2 Camere + Parcare Zona Sigma UMF,"Zorilor, Cluj-Napoca, Cluj",520,9.29,2,56
218,"2 camere, decomandat, modern, bloc nou, terasa, parcare, Calea Turzii","Buna Ziua, Cluj-Napoca, Cluj",520,9.45,2,55
931,"2 camere, bloc nou, mobilat modern, cu parcare, terasa, Zorilor","Zorilor, Cluj-Napoca, Cluj",520,9.45,2,55
799,"Apartament modern 2 camere + parcare | 51mp,balcon | BUNA ZIUA","Buna Ziua, Cluj-Napoca, Cluj",520,10.2,2,51
341,Apartament 2 camere decomandate zona Kaufland,"Marasti, Cluj-Napoca, Cluj",520,10.4,2,50
590,"2 camere, bloc nou, mobilat modern, cu parcare, terasa, Zorilor","Zorilor, Cluj-Napoca, Cluj",520,10.4,2,50
1075,Apartament decomandat+ balcon inchis- Zorilor,"Zorilor, Cluj-Napoca, Cluj",520,10.4,2,50
1185,Apartament 2 camere | mobilat/utilat | 50 mp | Zona Observator,"Zorilor, Cluj-Napoca, Cluj",520,10.4,2,50
673,"Apartament de inchiriat , 2 camere , Europa","Andrei Muresanu, Cluj-Napoca, Cluj",520,11.06,2,47
509,Apartament cu doua camere de inchiriat zona Europa,"Europa, Cluj-Napoca, Cluj",520,11.3,2,46
751,Birou cu 2 camere ultrafinisat zonă Centrală,"Marasti, Cluj-Napoca, Cluj",520,12.09,2,43
1675,Apartament semidecomandat+ balcon deschis- zona Semicentrala,"Centru, Cluj-Napoca, Cluj",520,12.09,2,43
1799,"Apartament 3 camere, Andrei Muresanu","Andrei Muresanu, Cluj-Napoca, Cluj",525,6.56,3,80
365,"Apartament 3 camere decomandat, 72mp, parcare, Pet-Friendly","Manastur, Cluj-Napoca, Cluj",525,7.29,3,72
1141,"Apartament decomandat, cu 2 bai, balconsi parcare- Manastur","Manastur, Cluj-Napoca, Cluj",525,7.5,3,70
170,"Apartament 2 camere, Semicentral, 68mp","Bulevardul Nicolae Titulescu, Gheorgheni, Cluj-Napoca, Cluj",525,7.72,2,68
773,"Apartament 3 camere decomandate, etaj 3, Manastur, Calea Floresti","Calea Floresti, Manastur, Cluj-Napoca, Cluj",525,8.08,3,65
845,"Apartament de inchiriat cu 2 camere, Zona Manastur","Strada Edgar Quinet, Manastur, Cluj-Napoca, Cluj",525,8.2,2,64
1999,2 CAMERE || CENTRU || CURTE || BLOC RENOVAT 2022,"Centru, Cluj-Napoca, Cluj",525,8.75,2,60
1060,"Apartament 2 camere, decomandat 50 mp, parcare, zona Fujikura","Strada Bega, Intre Lacuri, Cluj-Napoca, Cluj",525,10.5,2,50
735,"Apartament 3 camere Centru, Piata Stefan cel Mare, cu garaj","Piata Stefan cel Mare, Centru, Cluj-Napoca, Cluj",530,8.15,3,65
2297,"Apartament 2 camere decomandate, Zorilor, 65mp, Dima","Strada Gheorghe Dima, Zorilor, Cluj-Napoca, Cluj",530,8.15,2,65
1488,"View! Apartament cu 2 camere decomandate, Gheorgheni, Piata Fraternita","Strada Inau, Gheorgheni, Cluj-Napoca, Cluj",530,8.28,2,64
235,"Apartament 2 camere langa Iulius Mall, str. Sarmisegetusa","Intre Lacuri, Cluj-Napoca, Cluj",530,8.83,2,60
287,"2 dormitoare, decomandat, mobilat modern, zona centrala, M Viteazu","Piata Mihai Viteazul, Centru, Cluj-Napoca, Cluj",530,8.83,2,60
955,"Apartament elegant cu 2 camere + Garaj, bloc nou, Buna Ziua","Buna Ziua, Cluj-Napoca, Cluj",530,10.6,2,50
2361,"COMISION 0%! 2 camere în bloc NOU, cu Parcare, str. Fabricii","Strada Fabricii, Bulgaria, Cluj-Napoca, Cluj",530,11.04,2,48
527,"2 camere, modern, bloc nou, terasa, parcare, Gheorgheni, Grand Park","Gheorgheni, Cluj-Napoca, Cluj",530,11.78,2,45
2044,"Apartament de inchiriat 4 camere, decomandat, etaj 1, mobilat, utilat","Aleea Cioplea, Manastur, Cluj-Napoca, Cluj",540,6.92,4,78
142,De inchiriat 3 camere Marasti zona FSEGA,"Marasti, Cluj-Napoca, Cluj",540,8.06,3,67
145,"Apartament 2 camere decomandate si dining room, 62mp, in zona...","Strada David Ferenc, Centru, Cluj-Napoca, Cluj",540,8.71,2,62
6,apartament 2 camere de inchiriat,"Marasti, Cluj-Napoca, Cluj",543.26,7.24,2,75
237,"3 camere, modern, decomandat, 65 mp, cartier MARASTI, zona MOL, FSEGA","Intre Lacuri, Cluj-Napoca, Cluj",545,8.38,3,65
1882,"3 camere, modern, bloc nou, Calea Turzii","Buna Ziua, Cluj-Napoca, Cluj",549,5.97,3,92
541,"3 camere, mobilat modern, loft, bloc nou cu lift, Calea Turzii, Audi","Buna Ziua, Cluj-Napoca, Cluj",549,6.1,3,90
153,"3 camere open space, modern, parcare, Dambul Rotund, Zona Mega Image","Dambul Rotund, Cluj-Napoca, Cluj",549,7.42,3,74
1345,"Apartament 3 camere decomandate, 70mp, Zorilor, caminele UTCN, PET-FRI","Zorilor, Cluj-Napoca, Cluj",549,7.84,3,70
26,"Apartament 67mp, 3 camere , decomandate, cu garaj in Plopilor, Cat-Fri","Plopilor, Cluj-Napoca, Cluj",549,8.19,3,67
797,"3 camere, bloc nou, mobilat modern, balcon, garaj, Borhanci, PROFI","Borhanci, Cluj-Napoca, Cluj",549,8.45,3,65
868,"3 camere decomandate semi mobilate, zona Piata Marasti","Marasti, Cluj-Napoca, Cluj",549,8.45,3,65
656,"3 camere, decomandate,modern, Gheorgheni, Titulescu zona Interservisan","Gheorgheni, Cluj-Napoca, Cluj",549,8.58,3,64
615,"2 camere, mobilat modern, decomandat, 2 balcoane, Marasti, Dunarii","Intre Lacuri, Cluj-Napoca, Cluj",549,9.47,2,58
889,"2 camere, modern, bloc nou, terasa, parcare, Marasti, Iulius Mall","Intre Lacuri, Cluj-Napoca, Cluj",549,9.63,2,57
903,"Ap 2 camere, MODERN, PARCARE, Zona Manastur/USAMV/ Platinia Mall","Plopilor, Cluj-Napoca, Cluj",549,9.63,2,57
327,"Oportunitate!Ap 2 camere,TERASA,Parcare subterana,Zona Marasti/Venus/F","Gheorgheni, Cluj-Napoca, Cluj",549,9.8,2,56
1372,"2 camere, mobilat modern, bloc nou, terasa, 2 parcari, Buna Ziua","Buna Ziua, Cluj-Napoca, Cluj",549,9.98,2,55
1374,"2 camere, modern, bloc nou, terasa, parcare, Gheorgheni, Grand Park","Sopor, Cluj-Napoca, Cluj",549,9.98,2,55
163,"2 camere decomandate, moderne, Zona Intre Lacuri, Iulius Mall, FSEGA","Intre Lacuri, Cluj-Napoca, Cluj",549,10.17,2,54
486,"2 camere, decomandate, AC, parcare, Buna Ziua, Zona Lidl, Home Garden","Buna Ziua, Cluj-Napoca, Cluj",549,10.17,2,54
933,"2 camere, mobilat modern, bloc nou, terasa, parcare, Buna Ziua, LIDL","Andrei Muresanu, Cluj-Napoca, Cluj",549,10.36,2,53
613,"2 camere, mobilat modern, bloc nou, terasa, Gheorgheni, Grand Park","Gheorgheni, Cluj-Napoca, Cluj",549,10.98,2,50
569,"Apartament spatios in vila, 4 camere, acces la curte, Gruia","Strada Suceava, Gruia, Cluj-Napoca, Cluj",550,5.5,4,100
587,Apartament 4 camere Gruia,"Strada Mecanicilor, Gruia, Cluj-Napoca, Cluj",550,5.5,4,100
601,"Apartament cu 4 camere, 100 mp utili, situat in cartierul Gruia!","Strada Suceava, Gruia, Cluj-Napoca, Cluj",550,5.5,4,100
1923,"Apartament decomandat de inchiriat, cu parcare- Gruia","Gruia, Cluj-Napoca, Cluj",550,5.5,3,100
1987,"Apartament la casa, cu 3 camere, in Gruia","Gruia, Cluj-Napoca, Cluj",550,5.5,4,100
1636,Apartament semidecomandat+ balcon deschis- Plopilor,"Plopilor, Cluj-Napoca, Cluj",550,6.11,2,90
436,PET FRIENDLY | Apartament 3 Camere | Calea Turzii,"Buna Ziua, Cluj-Napoca, Cluj",550,6.4,3,86
855,Apartament cu 3 camere spre inchiriere pe Calea Turzii.,"Buna Ziua, Cluj-Napoca, Cluj",550,6.47,3,85
2041,Zorilor | Apartament 2 camere | Mobilat si utilat,"Strada Zorilor, Zorilor, Cluj-Napoca, Cluj",550,6.47,2,85
1491,"Apartament cu 3 camere decomandate, in Grigorescu, Str. Donath","Grigorescu, Cluj-Napoca, Cluj",550,6.55,3,84
316,Ap 3 camere | Calea Turzii | Pet friendly | 2 nivele | izolat | centra,"Buna Ziua, Cluj-Napoca, Cluj",550,6.88,3,80
351,Apartament de 3 camere cu priveliște - Calea Turzii - Leroy Merlin,"Europa, Cluj-Napoca, Cluj",550,6.88,3,80
483,"Apartament cu 3 camere, 80 mp, Calea Turzii","Buna Ziua, Cluj-Napoca, Cluj",550,6.88,3,80
555,Apartament 3 camere | scarara interioara - Calea Turzii OMW,"Zorilor, Cluj-Napoca, Cluj",550,6.88,3,80
1150,"Apartament 3 camere, 80mp, zona Calea Turzii","Strada Kelemen Lajos, Buna Ziua, Cluj-Napoca, Cluj",550,6.88,3,80
1526,"Apartament cu 3 camere, 80 mp, parcare, gradina, Zorilor","Strada Rene Descartes, Zorilor, Cluj-Napoca, Cluj",550,6.88,3,80
1532,Apartament 3 Camere Modern | Caraiman | Zorilor,"Grigorescu, Cluj-Napoca, Cluj",550,6.88,3,80
1605,"Apartament 3 camere de inchiriat in Zorilor, Cluj Napoca","Marasti, Cluj-Napoca, Cluj",550,6.88,3,80
1814,"Apartament spatios cu 3 camere, Zorilor, 80 mp, bloc mic, garaj","Strada Pablo Picasso, Europa, Cluj-Napoca, Cluj",550,6.88,3,80
1852,Inchiriere | apartament | 3 camere | 80mp | zona OMV Calea Turzii,"Buna Ziua, Cluj-Napoca, Cluj",550,6.88,3,80
1903,"Apartament cu 3 camere, 80 mp utili, situat in zona strazii Calea Turz","Strada Pakei Lajos, Buna Ziua, Cluj-Napoca, Cluj",550,6.88,3,80
1963,Apartament 2 camere | 80 mp | parcare | cartier Andrei Muresanu,"Andrei Muresanu, Cluj-Napoca, Cluj",550,6.88,3,80
1975,3 CAMERE || 2x BALCON || 2x BAI || MARASTI,"Intre Lacuri, Cluj-Napoca, Cluj",550,6.88,3,80
339,"Pret excelent - apartament 4 camere, de inchiriat, in Grigorescu","Strada Profesor Ciortea, Grigorescu, Cluj-Napoca, Cluj",550,7.05,4,78
314,OPORTUNITATE!!Apartament 3 camere/Zona Europa,"Europa, Cluj-Napoca, Cluj",550,7.33,3,75
321,Închiriez apartament cu 3 camere,"Europa, Cluj-Napoca, Cluj",550,7.33,3,75
1567,"Apartament de 3 camere, de Inchiriat, 75 mp, Zorilor,Cluj-Napoca","Zorilor, Cluj-Napoca, Cluj",550,7.33,3,75
1574,"Apartament, Zorilor","Zorilor, Cluj-Napoca, Cluj",550,7.33,3,75
2091,"Apartament 3 camere, 75 mp, garaj, cartierul Andrei Muresanu","Strada Predeal, Andrei Muresanu, Cluj-Napoca, Cluj",550,7.33,3,75
183,"Apartament cu 3 camere, 74 mp, Strada Corneliu Coposu","Dambul Rotund, Cluj-Napoca, Cluj",550,7.43,3,74
557,"Apartament 3 camere ,74mp | 2 bai | bloc nou - parcare - DAMBU ROTUND","Dambul Rotund, Cluj-Napoca, Cluj",550,7.43,3,74
1140,"Apartament 3 camere ,74mp | 2 bai | bloc nou - parcare - DAMBU ROTUND","Strada Corneliu Coposu, Dambul Rotund, Cluj-Napoca, Cluj",550,7.43,3,74
1940,Apartament decomandat+ balcon inchis- Manastur,"Manastur, Cluj-Napoca, Cluj",550,7.53,3,73
370,"APARTAMENT CU 3 CAMERE, PET FRIENDLY, MANASTUR","Manastur, Cluj-Napoca, Cluj",550,7.64,3,72
376,Inchiriez Ap.3 camere,"Marasti, Cluj-Napoca, Cluj",550,7.64,3,72
1474,"APARTAMENT 3 CAMERE, DECOMANDAT, CINEMA MARASTI","Marasti, Cluj-Napoca, Cluj",550,7.64,3,72
101,"Apartament decomandat, 2 camere | VIEW | CENTRU - Cinema Florin Piersi","Centru, Cluj-Napoca, Cluj",550,7.86,2,70
179,"Apartament 2 camere, Ultracentral, decomandat, 70mp","Strada David Ferenc, Centru, Cluj-Napoca, Cluj",550,7.86,2,70
216,"Ap 2 dormitoare decomandate, 70 mp , P-ta Mihai Viteazul!","Strada Ion Popescu Voinesti, Centru, Cluj-Napoca, Cluj",550,7.86,2,70
221,"2 Camere Decomandate, Piata Mihai Viteazu, Central, Aer Conditionat","Centru, Cluj-Napoca, Cluj",550,7.86,2,70
244,"Apartament 2 camere, decomandat, P-ta Mihai Viteazul.","Strada David Ferenc, Centru, Cluj-Napoca, Cluj",550,7.86,2,70
256,OPORTUNITATE!!Apartament 2 camere/P-ta Mihai Viteazu,"Centru, Cluj-Napoca, Cluj",550,7.86,2,70
282,"APARTAMENT 2 CAMERE,ULTRACENTRAL","Centru, Cluj-Napoca, Cluj",550,7.86,2,70
283,"Apartament cu 2 camere, 70 mp, Piața Mihai Viteazu","Centru, Cluj-Napoca, Cluj",550,7.86,2,70
286,Apartament 2 camere | Piata Mihai Viteazu | Ultrafinisat | Ultracentra,"Centru, Cluj-Napoca, Cluj",550,7.86,2,70
289,"Apartament decomandat, 2 camere | VIEW | CENTRU - Cinema Florin Piersi","Strada David Ferenc, Centru, Cluj-Napoca, Cluj",550,7.86,2,70
307,"PF dau in chirie ap. 2 cam, ULTRACENTRAL, bloc Cinema Florin Piersic","Marasti, Cluj-Napoca, Cluj",550,7.86,2,70
574,"APARTAMENT CU 3 CAMERE, PARCRE ,GHEORGHIENI","Gheorgheni, Cluj-Napoca, Cluj",550,7.86,3,70
714,Inchiriez apartament 3 camere Gheorgheni,"Gheorgheni, Cluj-Napoca, Cluj",550,7.86,3,70
1287,"2 dormitoare plus living, bloc nou, mobilat modern, Marasti","Intre Lacuri, Cluj-Napoca, Cluj",550,7.86,3,70
1388,"Apartament cu 2 camere, 70 mp, situat in cartierul Zorilor!","Strada Republicii, Centru, Cluj-Napoca, Cluj",550,7.86,2,70
1916,Marasti || 3 camere || 2x balcon || semidecomandat || centrala proprie,"Strada Scortarilor, Marasti, Cluj-Napoca, Cluj",550,7.86,3,70
2096,"Apartament 2 camere, parcare, Sigma","Andrei Muresanu, Cluj-Napoca, Cluj",550,7.86,2,70
2107,"3 camere, 70 MP, str.Brancusi, Gheogheni, renovat, view spre oras","Strada Constantin Brancusi, Gheorgheni, Cluj-Napoca, Cluj",550,7.86,3,70
2275,Apartament decomandat+ balcon deschis si parcare- MANASTUR,"Manastur, Cluj-Napoca, Cluj",550,7.86,2,70
1811,Ap. 2 camere decomandate pe str.Campului 217(cartier MANASTUR),"Marasti, Cluj-Napoca, Cluj",550,7.97,2,69
201,Apartament de închiriat | 2 dormitoare | Balcon | Finisat recent,"Plopilor, Cluj-Napoca, Cluj",550,8.09,2,68
596,"Apartament de inchiriat , 2 camere , Marasti","Marasti, Cluj-Napoca, Cluj",550,8.09,2,68
1380,"Apartament 2 camere, parcare, str. Republicii, Zorilor","Buna Ziua, Cluj-Napoca, Cluj",550,8.09,2,68
1495,Apartament spatios in zona Sigma,"Andrei Muresanu, Cluj-Napoca, Cluj",550,8.09,2,68
2277,Apartament decomandat+ balcon si parcare- Buna Ziua,"Buna Ziua, Cluj-Napoca, Cluj",550,8.09,3,68
1775,Apartament semidecomandat de inchiriat+ terasa- Europa,"Europa, Cluj-Napoca, Cluj",550,8.33,2,66
1973,Apartament decomandat de inchiriat- Gheorgheni,"Gheorgheni, Cluj-Napoca, Cluj",550,8.33,3,66
399,3 camere zona Benzinaria MOLL Marasti,"Marasti, Cluj-Napoca, Cluj",550,8.46,3,65
514,Apartament 3 camere la casa zona Gruia,"Gruia, Cluj-Napoca, Cluj",550,8.46,3,65
1112,"Apartament de 2 camere, 65mp, parcare subterana, Viva City","Strada General Nicolae Dascalescu, Gheorgheni, Cluj-Napoca, Cluj",550,8.46,2,65
1294,"Apt. 3 camere, decomandat, Marasti, 65mp, Leroy Merlin","Strada Nirajului, Intre Lacuri, Cluj-Napoca, Cluj",550,8.46,3,65
1564,"Apartament cu 3 camere,decomandat, BOXA DEPOZITARE+BIROU, zona Kauflan","Manastur, Cluj-Napoca, Cluj",550,8.46,3,65
54,Apartament 3 camere | Aurel Vlaicu |,"Strada Aurel Vlaicu, Intre Lacuri, Cluj-Napoca, Cluj",550,8.59,3,64
132,"Apartament 3 camere, S- 64 mp, mobilat, utilat, Aurel Vlaicu.","Strada Aurel Vlaicu, Intre Lacuri, Cluj-Napoca, Cluj",550,8.59,3,64
186,"Apartament 3 camere, bloc nou, parcare, Marasti","Intre Lacuri, Cluj-Napoca, Cluj",550,8.59,3,64
290,Apartament spatios 2 camere 64mp + parcare subterana | CALEA TURZII,"Zorilor, Cluj-Napoca, Cluj",550,8.59,2,64
558,Apartament spatios 2 camere 64mp + parcare subterana | CALEA TURZII,"Zorilor, Cluj-Napoca, Cluj",550,8.59,3,64
1404,Apartament decomandat+ balcon inchis- Zorilor,"Zorilor, Cluj-Napoca, Cluj",550,8.59,3,64
1879,"Apartament semidecomandat+ balcon deschis- Zorilor, Cluj","Zorilor, Cluj-Napoca, Cluj",550,8.59,2,64
1967,"Apartament de inchiriere in Cluj-Napoca, Zorilor, 64mp","Zorilor, Cluj-Napoca, Cluj",550,8.59,2,64
1619,"Apartament 3 camere, PARCARE, Buna Ziua","Buna Ziua, Cluj-Napoca, Cluj",550,8.87,3,62
2114,2 camere | Prima Inchiriere | Zona Interservisan | Gheorgheni,"Strada Liviu Rebreanu, Gheorgheni, Cluj-Napoca, Cluj",550,8.87,2,62
822,Apartament 2 camere de închiriat,"Gruia, Cluj-Napoca, Cluj",550,9.17,3,60
1269,"Inchiriez apartament blocul Semiluna, etaj 10, str plopilor 68","Marasti, Cluj-Napoca, Cluj",550,9.17,2,60
1590,"Apartament 2 camere de inchiriat in Floresti, Cluj Napoca","Marasti, Cluj-Napoca, Cluj",550,9.17,2,60
1593,"Apartament de inchiriat cu 2 camere, cartierul Europa","Strada Episcop Marton Aron, Europa, Cluj-Napoca, Cluj",550,9.17,2,60
2179,"Inchiriere 3 camere Grigorescu, zona Donath, etaj 4, panorama","Gruia, Cluj-Napoca, Cluj",550,9.17,3,60
2200,"Apartament de inchiriat 3 camere Parcare, Calea Turzii","Buna Ziua, Cluj-Napoca, Cluj",550,9.17,3,60
2228,"Apartament semidecomandat- Centru, Cluj-Napoca","Centru, Cluj-Napoca, Cluj",550,9.17,2,60
2263,"Apartament decomandat de inchiriat, cu 2 camere- ZORILOR","Zorilor, Cluj-Napoca, Cluj",550,9.17,2,60
189,Apartament 2 camere decomandate si parcare subterana langa Iulius Mall,"Strada Galati, Intre Lacuri, Cluj-Napoca, Cluj",550,9.32,2,59
4,De inchiriat apartament 3 camere parcare privata Borhanci,"Borhanci, Cluj-Napoca, Cluj",550,9.65,3,57
17,Apartament 2 camere - 74 mp. Optional parcare. Grand Park Residence.,"Marasti, Cluj-Napoca, Cluj",550,9.65,2,57
505,"Apartament 2 camere, 57 mp, parcare, zona Edgar Quinet","Strada Alexandre Dumas, Manastur, Cluj-Napoca, Cluj",550,9.65,2,57
1625,"Apartament 2 camere, NOU, p. subterana, Taietura Turcului, Grigorescu","Grigorescu, Cluj-Napoca, Cluj",550,9.65,2,57
2252,Apartament semidecomandat+ balcon deschis- Buna Ziua,"Buna Ziua, Cluj-Napoca, Cluj",550,9.65,2,57
953,"PET FRIENDLY Inchiriez 3 Camere, 2 Dormitoare, Strada Horea","Centru, Cluj-Napoca, Cluj",550,9.79,3,56.16
944,"Apartament in bloc nou, 2 camere, de închiriat, în Grigorescu","Strada Donath, Grigorescu, Cluj-Napoca, Cluj",550,9.82,2,56
984,"Apartament 2 camere cu parcare in Grigorescu, bloc nou","Grigorescu, Cluj-Napoca, Cluj",550,9.82,2,56
1031,"Apartament cu 2 camere, 56 mp, Strada Țibleșului","Gheorgheni, Cluj-Napoca, Cluj",550,9.82,2,56
1296,"2 dormitoare, 56 mp, decomandat, bloc nou, in Marasti, zona Iulius","Intre Lacuri, Cluj-Napoca, Cluj",550,9.82,2,56
1920,Apartament semidecomandat de inchiriat+ balcon inchis- Marasti,"Marasti, Cluj-Napoca, Cluj",550,9.82,2,56
2100,Apart. deosebit cu 2 camere | Lux | Garaj | Zorilor | Complex Azoria,"Zorilor, Cluj-Napoca, Cluj",550,9.82,2,56
2338,"Comision 0%!Apartament semidecomandat cu 2 camere, Semicentral","Marasti, Cluj-Napoca, Cluj",550,9.82,2,56
75,Apartament 2 camere | decomandat I mobilat I P-ta Mihai Viteazu,"Centru, Cluj-Napoca, Cluj",550,10,2,55
227,"Apartament 2 camere, Grand Park Residence, parcare.","Strada Georg Freidrich Hegel, Gheorgheni, Cluj-Napoca, Cluj",550,10,2,55
292,"Apartament 3 camere,2 balcoane,parcare | ZORILOR","Zorilor, Cluj-Napoca, Cluj",550,10,3,55
338,Inchiriez apartament cu 2 camere decomandate,"Marasti, Cluj-Napoca, Cluj",550,10,2,55
543,"Apartament cu 2 camere, finisat mobilat modern, parcare, Calea Turzii","Zorilor, Cluj-Napoca, Cluj",550,10,2,55
625,"APARTAMENT CU 2 CAMERE, PARCARE, CALEA TURZII","Zorilor, Cluj-Napoca, Cluj",550,10,2,55
706,"Apartament de 2 camere 55 mp , Zona Baciului","Dambul Rotund, Cluj-Napoca, Cluj",550,10,2,55
750,"Apartament 3 camere,2 balcoane,parcare | ZORILOR","Strada Mircea Eliade, Zorilor, Cluj-Napoca, Cluj",550,10,3,55
753,"Apartament 2 camere,55mp + balcon,parcare | BUNA ZIUA","Strada Mircea Zaciu, Buna Ziua, Cluj-Napoca, Cluj",550,10,2,55
1268,"2 camere TOTUL NOU, mobilat modern, garaj, terasa, Zorilor, zona Sigma","Buna Ziua, Cluj-Napoca, Cluj",550,10,2,55
2257,"Apartament decomandat de inchiriat, cu 2 camere- Gheorgheni","Gheorgheni, Cluj-Napoca, Cluj",550,10,2,55
2304,Apartament semidecomandat de inchiriat- Europa,"Europa, Cluj-Napoca, Cluj",550,10,2,55
176,Apartament Decomandat 2 Camere | Parcare | Buna Ziua!,"Buna Ziua, Cluj-Napoca, Cluj",550,10.19,2,54
411,"Apartament 2 camere, 54 mp utili, situat in cartierul Buna Ziua!","Strada Mircea Zaciu, Buna Ziua, Cluj-Napoca, Cluj",550,10.19,2,54
467,"Apartament 2 camere decoamandate, Buna Ziua, zona LIDL+Parcare","Strada Mircea Zaciu, Buna Ziua, Cluj-Napoca, Cluj",550,10.19,2,54
522,Apartament 2 camere + parcare Buna ziua,"Marasti, Cluj-Napoca, Cluj",550,10.19,2,54
770,"Apartament spatios cu o camera, panorama, Central, Regele Ferdinand","Strada Regele Ferdinand, Centru, Cluj-Napoca, Cluj",550,10.19,1,54
2271,Apartament DECOMANDAT- Gheorgheni,"Gheorgheni, Cluj-Napoca, Cluj",550,10.19,3,54
2346,"Renovat! Apartament modern o camera+nisa, Centru, Calea Motilor","Calea Motilor, Centru, Cluj-Napoca, Cluj",550,10.19,2,54
1237,"2 camere bloc nou,mobilat modern, garaj, terasa, Buna Ziua, Grand Hill","Buna Ziua, Cluj-Napoca, Cluj",550,10.38,2,53
59,Apartament 2 camere cu priveli&#537;te |cartierul Gruia,"Strada Gruia, Gruia, Cluj-Napoca, Cluj",550,10.78,2,51
1361,"PF inchiriez apartament de 2 camere cu priveliște, in cartierul Gruia","Marasti, Cluj-Napoca, Cluj",550,10.78,2,51
62,Apartament 2 camere | Piata Mihai Viteazu,"Strada David Ferenc, Centru, Cluj-Napoca, Cluj",550,11,2,50
76,"Apartament 2 camere, decomandat, mobilat, utilat, Ultracentral.","Piata Mihai Viteazul, Centru, Cluj-Napoca, Cluj",550,11,2,50
93,Apartament cu 2 camere în zona Piața Mihai Viteazul,"Centru, Cluj-Napoca, Cluj",550,11,2,50
129,"Inchiriez apartament, Piata Mihai VIteazu, 2 camere","Marasti, Cluj-Napoca, Cluj",550,11,2,50
224,"APARTAMENT 2 CAMERE,CENTRUL ORASULUI","Centru, Cluj-Napoca, Cluj",550,11,2,50
259,"Apartament 2 camere, mobilat si utilat, zona Motilor, Centru","Grigorescu, Cluj-Napoca, Cluj",550,11,2,50
302,Închiriez apartament in centrul orașului,"Marasti, Cluj-Napoca, Cluj",550,11,2,50
495,"Apartament modern 2 camere, 50 mp | Parcare- BUNA ZIUA","Buna Ziua, Cluj-Napoca, Cluj",550,11,2,50
1025,Apartament cu 2 camere Zorilor.,"Manastur, Cluj-Napoca, Cluj",550,11,2,50
1047,"Apartament 2 camere, terasa, panorama, Buna Ziua, Bonjour","Strada Mircea Zaciu, Buna Ziua, Cluj-Napoca, Cluj",550,11,2,50
1070,Apartament 2 dormitoare cu parcare,"Europa, Cluj-Napoca, Cluj",550,11,2,50
1074,"Terasa cu priveliste! Apartament 2 camere, Buna Ziua, zona LIDL","Strada Costache Negri, Buna Ziua, Cluj-Napoca, Cluj",550,11,2,50
1529,"Inchiriere apartament cu 2 camere, zona BT Arena!","Marasti, Cluj-Napoca, Cluj",550,11,2,50
1773,"2 camere bloc nou, mobilat modern, garaj, terasa, Buna Ziua, GrandHill","Buna Ziua, Cluj-Napoca, Cluj",550,11,2,50
1886,"Apartament 2 camere ultracentral, curte interioara","Marasti, Cluj-Napoca, Cluj",550,11,2,50
2077,"2 camere, modern, bloc nou, 50 mp, cartier BUNA ZIUA, zona Home Garden","Buna Ziua, Cluj-Napoca, Cluj",550,11,2,50
2140,"Apartament decomandat+ balcon- Centru, Cluj","Centru, Cluj-Napoca, Cluj",550,11,2,50
731,Apartament 2 camere zona UMF Motilor din 1 iulie,"Calea Motilor, Centru, Cluj-Napoca, Cluj",550,11.22,2,49
1759,"Apartament 2 camere de inchiriat in Plopilor, Cluj Napoca","Marasti, Cluj-Napoca, Cluj",550,11.34,2,48.5
234,"Apartament 2 camere, S- 47 mp, mobilat, utilat, zona Grand Hotel.","Strada Trifoiului, Andrei Muresanu, Cluj-Napoca, Cluj",550,11.7,2,47
373,Apartament Cu Parcare | 2 Camere | Grand Hill | Buna Ziua,"Marasti, Cluj-Napoca, Cluj",550,11.7,2,47
1527,"Apartament cu 2 camere, 46 mp, Strada Horea","Centru, Cluj-Napoca, Cluj",550,11.96,2,46
270,"2 camere, bloc nou, modern, garaj, Gheorgheni, Viva City, Iulius Mall","Gheorgheni, Cluj-Napoca, Cluj",550,12.22,2,45
624,"2 camere, bloc nou, mobilat modern, garaj, terasa, Grand Park","Sopor, Cluj-Napoca, Cluj",550,12.22,2,45
420,"Apartament cu 2 camere cu panorama, Observatorului, Zorilor, UMF","Zorilor, Cluj-Napoca, Cluj",550,12.79,2,43
1568,"Apartament de o camera, mobilat utilat, cartier Zorilor, prima inchiri","Zorilor, Cluj-Napoca, Cluj",550,12.79,1,43
1608,Comision 0%! Apartament cu 1 camera in cartierul Zorilor,"Zorilor, Cluj-Napoca, Cluj",550,12.79,1,43
1851,"Apartament in bloc nou, 2 camere, de închiriat, în D.Rotund","Strada Lombului, Dambul Rotund, Cluj-Napoca, Cluj",550,12.79,2,43
820,"Apartament ultramodern, 2 camere, în Viva City","Gheorgheni, Cluj-Napoca, Cluj",550,13.1,2,42
515,Apartament 2 camere zona universitara,"Strada Sarmisegetuza, Intre Lacuri, Cluj-Napoca, Cluj",550,13.41,2,41
392,Apartament Teodor Mihaly (incepand cu 1 Septembrie),"Marasti, Cluj-Napoca, Cluj",550,13.75,2,40
579,"Apartament 1 camera, zona FSEGA","Intre Lacuri, Cluj-Napoca, Cluj",550,13.75,1,40
1992,AP 2 CAMERE ULTRAMODERN | LUX | ZONA UMF | CART. ZORILOR,"Strada Cometei, Zorilor, Cluj-Napoca, Cluj",550,13.75,2,40
2158,Apartament semidecomandat+ terasa- PETFRIENDLY,"Buna Ziua, Cluj-Napoca, Cluj",550,13.75,2,40
1148,"Apartament lux la 100m de Iulius Mall, parcare Subteran, 40mp,...","Strada Tulcea, Intre Lacuri, Cluj-Napoca, Cluj",550,14.47,1,38
1155,Apartament 2 camere ultra-finisat! Manastur! str.Grigore Alexandrescu!,"Marasti, Cluj-Napoca, Cluj",550,14.86,2,37
1947,"Apartament de inchiriat, cu 1 camera- Centru, Cluj","Centru, Cluj-Napoca, Cluj",550,18.33,1,30
500,"Apartament 3 camere decomandate, zona FSEGA Marasti","Intre Lacuri, Cluj-Napoca, Cluj",560,7.47,3,75
2007,MARASTI || 3 CAMERE || LOC DE PARCARE || PET-FRIENDLY,"Marasti, Cluj-Napoca, Cluj",560,9.66,3,58
174,Apartament spatios 2 camere | Calea Dorobantilor | Cat Friendly!,"Marasti, Cluj-Napoca, Cluj",560,10,2,56
7,"Apartament modern 2 camere, prima inchiriere , zona Profi, Marasti !","Intre Lacuri, Cluj-Napoca, Cluj",560,10.37,2,54
1849,Inchiriere ap 2 cam Edgard Quinet,"Marasti, Cluj-Napoca, Cluj",563.38,8.8,2,64
700,"Apartament 2 camere,55mp + balcon,parcare | BUNA ZIUA","Buna Ziua, Cluj-Napoca, Cluj",570,8.51,2,67
1596,Ap. Plopilor | Str Sesului | 3 camere | 2 bai | Decomandat | Centrala,"Plopilor, Cluj-Napoca, Cluj",570,8.51,3,67
450,"Apartament dragut cu 3 camere, 2 bai, parcare, Buna Ziua","Strada Pakei Lajos, Buna Ziua, Cluj-Napoca, Cluj",570,8.64,3,66
469,Apartament 2 camere | Parcare Inclusa | zona Calea Turzii,"Strada Pakei Lajos, Buna Ziua, Cluj-Napoca, Cluj",570,10.36,3,55
494,"Apartament 2 camere decomandat,55mp + parcare | CALEA TURZII","Strada Wolfgang Amadeus Mozart, Zorilor, Cluj-Napoca, Cluj",570,10.36,2,55
639,"P.F inchiriez apartament 2 camere, parcare inclusa, zona Calea Turzii","Marasti, Cluj-Napoca, Cluj",570,10.36,2,55
1899,"Apartament de inchiriat- Manastur, Cluj-Napoca","Manastur, Cluj-Napoca, Cluj",570,13.57,1,42
1627,Apartament decomandat de inchiriat- Semicentral,"Centru, Cluj-Napoca, Cluj",575,10.27,2,56
134,"3 camere decomandate, parcare, balcon, Marasti,MOL, FSEGA, Iulius Mall","Intre Lacuri, Cluj-Napoca, Cluj",579,8.27,3,70
858,"Apartament 4 camere, etaj 2, parcare, Zorilor, Sigma, zona Meteor","Calea Turzii, Zorilor, Cluj-Napoca, Cluj",580,6.82,4,85
2235,"Ap. 4 camere in Zorilor, aproape de Sigma Center.","Marasti, Cluj-Napoca, Cluj",580,6.82,4,85
678,Apartament 4 camere Zorilor,"Calea Turzii, Zorilor, Cluj-Napoca, Cluj",580,7.25,4,80
2173,"Apartament 4 camere, decomandat, 80mp, Zorilor, zona Sigma Center","Zorilor, Cluj-Napoca, Cluj",580,7.25,4,80
699,Apartament spatios 2 camere 64mp + parcare subterana | CALEA TURZII,"Zorilor, Cluj-Napoca, Cluj",580,8.53,2,68
1232,"Apartament 3 camere Rapsodie, decomandat, CT, mobilat, utilat","Marasti, Cluj-Napoca, Cluj",580,8.53,3,68
173,Apartament Modern | 2 camere | Intre Lacuri !,"Intre Lacuri, Cluj-Napoca, Cluj",580,8.79,2,66
701,"Apartament 3 camere,2 balcoane,parcare | ZORILOR","Zorilor, Cluj-Napoca, Cluj",580,8.92,3,65
730,"Apartament 3 camere decomandate, Marasti, OMV, zona Ira","Strada Nirajului, Intre Lacuri, Cluj-Napoca, Cluj",580,8.92,3,65
608,Apartament spatios 2 camere 64mp + parcare subterana | CALEA TURZII,"Zorilor, Cluj-Napoca, Cluj",580,9.06,2,64
1204,"Apartament 3 camere decomandate, Gheorgheni, TItulescu","Bulevardul Nicolae Titulescu, Gheorgheni, Cluj-Napoca, Cluj",580,9.06,3,64
2133,Apartament semidecomandat de inchiriat- EUROPA,"Europa, Cluj-Napoca, Cluj",580,9.21,2,63
831,Inchiriez apartament,"Marasti, Cluj-Napoca, Cluj",580,9.35,3,62
1805,"Apartament 3 camere, 60 mp, parcare, zona strazii Mircea Eliade","Strada Lunii, Zorilor, Cluj-Napoca, Cluj",580,9.67,3,60
2246,Apartament cu 2 camere+ parcare subterana si balcon- ZORILOR,"Zorilor, Cluj-Napoca, Cluj",580,9.67,2,60
87,Apartament intr-o zona linistita,"Intre Lacuri, Cluj-Napoca, Cluj",580,10.18,2,57
94,Apartament modern 2 camere 57 mp Intre lacuri,"Intre Lacuri, Cluj-Napoca, Cluj",580,10.18,2,57
108,"Apartament 2 camere decomandate, Intre Lacuri, zona Iulius Mall","Strada Jiului, Intre Lacuri, Cluj-Napoca, Cluj",580,10.18,2,57
149,Apartament decomandat cu 2 camere in cartierul Intre Lacuri!,"Intre Lacuri, Cluj-Napoca, Cluj",580,10.18,2,57
157,"Comision 0%! Apartament cu 2 camere, decomandat, zona Intre Lacuri","Intre Lacuri, Cluj-Napoca, Cluj",580,10.18,2,57
367,"Apartament de inchiriat, 57 mp, 2 balcoane, 2 camere, zona Intre Lacur","Intre Lacuri, Cluj-Napoca, Cluj",580,10.18,2,57
605,"Apartament cu 2 camere, 57 mp, Strada Jiului","Gheorgheni, Cluj-Napoca, Cluj",580,10.18,2,57
662,inchiriez apartament 2 camere zona Marasti,"Marasti, Cluj-Napoca, Cluj",580,10.18,2,57
2372,"Apartament 2 camere 57mp decomandat, Intre Lacuri","Intre Lacuri, Cluj-Napoca, Cluj",580,10.18,2,57
581,Chirie apartament 3 camere Zorilor cu parcare,"Zorilor, Cluj-Napoca, Cluj",580,10.55,3,55
627,"Apartament 3 camere,2 balcoane,parcare | ZORILOR","Zorilor, Cluj-Napoca, Cluj",580,10.55,3,55
1502,"Apartament 2 camere, 55 mp, decomandat, zona strazii Horea","Strada Horea, Centru, Cluj-Napoca, Cluj",580,10.55,2,55
1507,"OPORTUITATE! Ap de 3 camere, PARCARE, Zona Zorilor/ Mircea Eliade","Zorilor, Cluj-Napoca, Cluj",580,10.55,3,55
1822,Comision 0%! Apartament cu 2 camere decomandate in cartierul Zorilor,"Zorilor, Cluj-Napoca, Cluj",580,10.55,2,55
2254,"Apartament de inchiriat, cu 2 camere- Intre Lacuri","Intre Lacuri, Cluj-Napoca, Cluj",580,10.74,2,54
2233,"Apartament decomandat de inchiriat, cu 2 camere, in zona Andrei Muresa","Andrei Muresanu, Cluj-Napoca, Cluj",580,11.15,2,52
1493,"Apartament 2 camere, parcare zona Intre Lacuri","Intre Lacuri, Cluj-Napoca, Cluj",580,11.6,2,50
677,"2 camere, modern, Buna Ziua, bloc nou, AC, zona LIDL, Panemar","Becas, Cluj-Napoca, Cluj",589,10.91,2,54
198,Apratament 3 camere Deco. | Cartier Marasti | 2-3 statii de centru,"Marasti, Cluj-Napoca, Cluj",590,9.83,3,60
473,"Apartament de 2 camere, 56 mp si terasa de 75 mp, Zona IRIS","Iris, Cluj-Napoca, Cluj",590,10.54,2,56
580,Chirie apartament 2 camere cu parcare,"Iris, Cluj-Napoca, Cluj",590,10.54,2,56
710,"2 camere, bloc nou, mobilat modern, garaj, Park Lake, zona Iulius","Gheorgheni, Cluj-Napoca, Cluj",590,10.73,2,55
2309,"2 camere, bloc nou, cu garaj, terasa, in Gheorgheni, zona Iulius Mall","Gheorgheni, Cluj-Napoca, Cluj",590,10.73,2,55
631,"Apartament modern 2 camere, Buna Ziua, zona LIDL+Garaj","Strada Macesului, Becas, Cluj-Napoca, Cluj",590,11.13,2,53
1129,Apartament 2 camere in cart. Gheorgheni zona Mercur,"Strada Unirii, Gheorgheni, Cluj-Napoca, Cluj",590,11.35,2,52
2251,"Apartament decomandat de inchiriat, cu 2 camere- Intre Lacuri","Intre Lacuri, Cluj-Napoca, Cluj",590,14.75,2,40
1063,"Apartament 4 camere, 140 mp, garaj, Andrei Muresanu","Andrei Muresanu, Cluj-Napoca, Cluj",593.56,4.24,4,140
1301,"Apartament de inchiriat, cu 2 camere- Centru Cluj","Centru, Cluj-Napoca, Cluj",595,9.15,2,65
1631,Apartament la casă! Spatiu și liniște - Dambul Rotund - Cluj,"Dambul Rotund, Cluj-Napoca, Cluj",599,7.49,3,80
2017,"Dambul Rotund! Apartament la casă, 3 camere la 80 mp Cluj","Dambul Rotund, Cluj-Napoca, Cluj",599,7.49,3,80
1730,"2 camere, modern, parcare, bloc nou, centru, zona Paris","Marasti, Cluj-Napoca, Cluj",599,8.09,2,74
2205,"3 camere, modern, bloc nou, parcare sub., boxa , zona Strazii Fabricii","Iris, Cluj-Napoca, Cluj",599,8.56,3,70
518,"APARTAMENT CU 3 CAMERE, 2 PARCARI, MARASTI","Marasti, Cluj-Napoca, Cluj",599,8.81,3,68
526,"3 camere, decomandate, Marasti, 2 parcari, zona Fabricii din 1 August","Marasti, Cluj-Napoca, Cluj",599,8.81,3,68
280,"3 camere, modern, Manastur, zona Minerva","Manastur, Cluj-Napoca, Cluj",599,8.94,3,67
2344,Pf dau in chirie ap 3 cam decomandate 67 mp Manastur zona Mc Donald's,"Marasti, Cluj-Napoca, Cluj",599,8.94,3,67
792,"3 camere,decomandate, Manastur,zona Billa, Piata Flora,Calea Floresti","Manastur, Cluj-Napoca, Cluj",599,9.22,3,65
812,"APARTAMENT 3 CAMERE, ZONA BILA MANASTUR","Manastur, Cluj-Napoca, Cluj",599,9.22,3,65
409,"APARTAMENT 2 CAMERE,MARASTI","Marasti, Cluj-Napoca, Cluj",599,9.66,2,62
49,"2 camere, mobilat modern, bloc nou, balcon, parcare, Gheorgheni","Andrei Muresanu, Cluj-Napoca, Cluj",599,9.98,2,60
682,"2 camere, TOTUL NOU, modern, bloc nou, parcare, terasa, Zorilor, LIDL","Manastur, Cluj-Napoca, Cluj",599,9.98,2,60
1004,"2 camere, ultrafinisat, terasa, parcare, Gheorgheni, Viva City","Gheorgheni, Cluj-Napoca, Cluj",599,9.98,2,60
2367,"2 camere,modern, central , parcare ,bloc nou, NTT DATA, liber 1 AUGUST","Centru, Cluj-Napoca, Cluj",599,9.98,2,60
578,"2 camere, bloc nou, cu garaj, terasa, in Zorilor zona LIDL","Manastur, Cluj-Napoca, Cluj",599,10.33,2,58
1077,"2 camere, bloc nou, mobioat modern, garaj, terasa, in Zorilor","Europa, Cluj-Napoca, Cluj",599,10.33,2,58
175,Apartament Superb 2 Camere | Prima Inchiriere | Zorilor !,"Manastur, Cluj-Napoca, Cluj",599,10.51,2,57
355,"2 camere, modern, bloc nou, parcare, Gheorgheni, Constantin Brancusi","Gheorgheni, Cluj-Napoca, Cluj",599,10.51,2,57
1073,"2 camere, totul NOU, garaj, mobilat lux,Gheorgheni, Iulius Mall !","Sopor, Cluj-Napoca, Cluj",599,10.51,2,57
1959,"2 camere,modern, parcare subterana, bloc nou, Semicentral, zona Horea","Centru, Cluj-Napoca, Cluj",599,10.51,2,57
66,"Inchiriere apartament 2 camere, Centru","Centru, Cluj-Napoca, Cluj",599,10.89,2,55
540,"2 camere, mobilat modern, bloc nou, terasa, parcare, zona Centrala","Dambul Rotund, Cluj-Napoca, Cluj",599,10.89,2,55
1214,"2 camere, modern, bloc nou, Zorilor, zona LIDL, Frunzisului","Manastur, Cluj-Napoca, Cluj",599,11.09,2,54
1427,"2 camere, mobilat modern, bloc nou, terasa, parcare, zona Centrala","Dambul Rotund, Cluj-Napoca, Cluj",599,11.09,2,54
1682,"Apartament cu 2 camere in bloc nou, garaj subteran, zona Semicentrala","Centru, Cluj-Napoca, Cluj",599,11.3,2,53
2243,"2 camere, open space, modern, Zorilor, zona LILD, Frunzisului","Manastur, Cluj-Napoca, Cluj",599,12.48,2,48
1445,"0% comision, Prima închiriere, West City, Studio, Calea Floresti, Gara","Calea Floresti, Manastur, Cluj-Napoca, Cluj",599,13.31,1,45
267,"4 camere, decomandat, 140 mp, garaj, Andrei Muresanu","Andrei Muresanu, Cluj-Napoca, Cluj",599.6,4.28,4,140
1468,Apartament cu 4 camere decomandate de inchiriat in Hasdeu,"Zorilor, Cluj-Napoca, Cluj",600,6,4,100
2294,Apartament DECOMANDAT+ parcare- Gheorgheni,"Gheorgheni, Cluj-Napoca, Cluj",600,6,2,100
1737,PET FRIENDLY | Apartament 3 Camere | Marasti | Calea Dorobantilor,"Marasti, Cluj-Napoca, Cluj",600,6.12,3,98
1528,Apartament 3 camere semidecomandat Buna Ziua,"Buna Ziua, Cluj-Napoca, Cluj",600,6.67,3,90
1557,"Ap 3 camere Bună Ziua, parcare subterană","Andrei Muresanu, Cluj-Napoca, Cluj",600,6.98,3,86
2117,"De vanzare apartament 2 camere, ultracentral, 86m², zona Horea !","Centru, Cluj-Napoca, Cluj",600,6.98,2,86
305,"3 camere , 84 mp, zona USAMV, Grădini Manastur, ideal studenti","Plopilor, Cluj-Napoca, Cluj",600,7.14,3,84
1463,"Apartament 3 camere, decomandat, 2 bai, cartier Andrei Muresanu","Andrei Muresanu, Cluj-Napoca, Cluj",600,7.14,3,84
1826,"Inchiriere 3 camere zona USAMV, Grădini Manastur, ideal studenti","Plopilor, Cluj-Napoca, Cluj",600,7.14,3,84
2156,"Inchiriere apartament 3 camere confort lux, central, zona Platinia","Gheorgheni, Cluj-Napoca, Cluj",600,7.23,3,83
1558,"Apartament cu 3 camere de inchiriat, zona Andrei Muresanu!","Andrei Muresanu, Cluj-Napoca, Cluj",600,7.32,3,82
537,Apartament pe 2 nivele| 3 camere/80mp | Prima inchiriere | Al.Vlahuta!,"Grigorescu, Cluj-Napoca, Cluj",600,7.5,3,80
890,"4 camere, Zorilor, zona Spitalul de Recuperare, Sigma","Zorilor, Cluj-Napoca, Cluj",600,7.5,4,80
1634,"Apartament cu 3 camere de inchiriat in Andrei Muresanu, zona P-ta Cipa","Andrei Muresanu, Cluj-Napoca, Cluj",600,7.5,3,80
2318,"Casa singura in curte 2 camere Marasti, pret de apartament","Marasti, Cluj-Napoca, Cluj",600,7.5,2,80
1239,"Apartament 2 camere 76 mp, parcare, zona str. Republicii","Andrei Muresanu, Cluj-Napoca, Cluj",600,7.89,2,76
208,"Apartament cu 3 camere, 75 mp, situat in cartierul Marasti!","Strada Aurel Vlaicu, Intre Lacuri, Cluj-Napoca, Cluj",600,8,3,75
646,"TUR VIRTUAL 3 camere, 2 băi | 75 m² | modern | parcare, boxă | Zorilor","Zorilor, Cluj-Napoca, Cluj",600,8,3,75
2305,Inchiriez apartament 3 camere Calea Manastur,"Marasti, Cluj-Napoca, Cluj",600,8,3,75
443,"Apartament 2 camere 73mp,2 balcoane,Zorilor, zona UMF","Zorilor, Cluj-Napoca, Cluj",600,8.22,2,73
1247,"2 camere, bloc nou, modern, garaj, in Marasti, zona semicentrala, NOU","Marasti, Cluj-Napoca, Cluj",600,8.22,2,73
430,"Închiriez apartament 3 camere, 72mp cu loc de parcare, în Zorilor","Marasti, Cluj-Napoca, Cluj",600,8.33,3,72
1587,Apartament 3 camere in zona Gheorgheni,"Gheorgheni, Cluj-Napoca, Cluj",600,8.33,3,72
2148,apartament decomandat cu balcon inchis- Cartierul Plopilor,"Plopilor, Cluj-Napoca, Cluj",600,8.33,2,72
532,Apartament de inchiriat | 5 min UMF | 10 min USAMV | Utilitati incluse,"Strada Pastorului, Zorilor, Cluj-Napoca, Cluj",600,8.45,2,71
78,Apartament 3 camere Aurel Vlaicu de inchiriat,"Intre Lacuri, Cluj-Napoca, Cluj",600,8.57,3,70
254,"Apartament 2 camera la Casa, 70mp, Transilvaniei, gradina, parcare","Strada Transilvaniei, Dambul Rotund, Cluj-Napoca, Cluj",600,8.57,2,70
461,Apartament 2 camere cu garaj,"Strada Buzau, Grigorescu, Cluj-Napoca, Cluj",600,8.57,2,70
553,"3 camere, 2 bai, bloc nou, mobilat modern, cu garaj, Junior residence","Iris, Cluj-Napoca, Cluj",600,8.57,3,70
1293,Ap. Marasti | zona BRD | 3 camere | 2 bai | decomandat | centrala | iz,"Marasti, Cluj-Napoca, Cluj",600,8.57,3,70
1537,De închiriat apartament cu 2 camere decomandate zona NTT Data,"Marasti, Cluj-Napoca, Cluj",600,8.57,2,70
1762,"Apartament 3 camere de inchiriat in Manastur, Cluj Napoca","Marasti, Cluj-Napoca, Cluj",600,8.57,3,70
1821,"Apartament 3 camere, 70mp, parcare, zona strazii Calea Turzii","Strada Stefan Luchian, Buna Ziua, Cluj-Napoca, Cluj",600,8.57,3,70
1998,3 CAMERE || CENTRU || SPATIU BIROURI || CENTRALA,"Centru, Cluj-Napoca, Cluj",600,8.57,3,70
2020,Manastur | Apartament 3 camere | Modern | Curte privata si garaj | Bal,"Strada Valea Garbaului, Faget, Cluj-Napoca, Cluj",600,8.57,3,70
73,Persoana fizica Inchiriere apartament zona Iris,"Marasti, Cluj-Napoca, Cluj",600,8.82,3,68
1319,Ap Calea Turzii | 3 camere | 2 dormitoare | loc de parcare | centrala,"Buna Ziua, Cluj-Napoca, Cluj",600,8.82,3,68
2000,2 CAMERE || LOC PARCARE || BLOC NOU || ZORILOR,"Andrei Muresanu, Cluj-Napoca, Cluj",600,8.82,2,68
991,"Inchiriere Apartament 2 camere, 67 mp, orientare Sud, Plopilor Vest","Plopilor, Cluj-Napoca, Cluj",600,8.96,2,67
155,Apartament spatios 3 camere | Spatios 66mp | Manastur!,"Manastur, Cluj-Napoca, Cluj",600,9.09,3,66
1718,"Apartament cu 2 camere de inchiriat, str. Republicii","Centru, Cluj-Napoca, Cluj",600,9.09,2,66
2161,"Apartament semidecomandat de inchiriat, cu 2 camere- Intre Lacuri","Intre Lacuri, Cluj-Napoca, Cluj",600,9.09,2,66
402,"Apartament cu 3 camere,65mp,Manastur/Piata Flora","Manastur, Cluj-Napoca, Cluj",600,9.23,3,65
445,Apartament 3 camere semidecomandat Campul Painii,"Marasti, Cluj-Napoca, Cluj",600,9.23,3,65
528,"Apartament cu 3 camere, in cartierul Manastur!","Manastur, Cluj-Napoca, Cluj",600,9.23,3,65
674,"Apartament de inchiriat , 3 camere , Manastur","Manastur, Cluj-Napoca, Cluj",600,9.23,3,65
742,"Apartament 3 camere, decomandat, zona Piata Flora","Manastur, Cluj-Napoca, Cluj",600,9.23,3,65
762,"Apartament 3 camere decomandate, 65 mp, zona Piata Flora","Strada Agronomilor, Manastur, Cluj-Napoca, Cluj",600,9.23,3,65
768,"Apartament 3 camere, S- 65 mp, mobilat, Manastur.","Aleea Padin, Manastur, Cluj-Napoca, Cluj",600,9.23,3,65
774,"Apartament 3 camere decomandate, etaj 1, Marasti, zona BRD","Strada Buftea, Marasti, Cluj-Napoca, Cluj",600,9.23,3,65
784,"Comision 0%! Apartament cu 3 camere, decomandat, in cartierul Manastur","Manastur, Cluj-Napoca, Cluj",600,9.23,3,65
794,Apartament Decomandat etaj intermediar,"Calea Floresti, Manastur, Cluj-Napoca, Cluj",600,9.23,3,65
795,"Apartament cu 3 camere, 65 mp, Aleea Padin","Manastur, Cluj-Napoca, Cluj",600,9.23,3,65
865,Chirie apartament 3 camere,"Marasti, Cluj-Napoca, Cluj",600,9.23,3,65
1221,"Apartament cu 2 camere, decomandat, 65 mp, zona strazii Horea","Strada Decebal, Centru, Cluj-Napoca, Cluj",600,9.23,2,65
1393,"Apartament 3 camere decomandate, pet friendly, Marasti zona FSEGA","Strada Teodor Mihali, Gheorgheni, Cluj-Napoca, Cluj",600,9.23,3,65
2003,"Apartament cu 2 camere, zona Calea Turzii!","Europa, Cluj-Napoca, Cluj",600,9.23,2,65
2340,"Apartament modern 2 camere , Ultracentral(UMF)","Centru, Cluj-Napoca, Cluj",600,9.23,2,65
2278,"Apartament de inchiriat 3 camere decomandat, FSEGA,Iulius","Intre Lacuri, Cluj-Napoca, Cluj",600,9.38,3,64
100,"Apartament 2 camere,64mp + balcon | MARASTI - Calea Dorobantilor","Marasti, Cluj-Napoca, Cluj",600,9.68,2,62
284,"Apartament 2 camere,64mp + balcon | MARASTI - Calea Dorobantilor","Calea Dorobantilor, Marasti, Cluj-Napoca, Cluj",600,9.68,2,62
397,"2 camere, 62 mp, modern, decomandat, etaj 6 din 8, Dorobantilor","Marasti, Cluj-Napoca, Cluj",600,9.68,2,62
425,De inchiriat apartament 2 camere Mărăști (Dorobanților),"Marasti, Cluj-Napoca, Cluj",600,9.68,2,62
457,"Apartament modern 2 camere, Marasti, zona Revo Gym","Calea Dorobantilor, Marasti, Cluj-Napoca, Cluj",600,9.68,2,62
460,"Apartament 2 camere, S- 62 mp, mobilat, utilat, Semicentral.","Calea Dorobantilor, Marasti, Cluj-Napoca, Cluj",600,9.68,2,62
371,"Apartament cu 2 camere în cartier Gheorgheni, aproape de Piața Hermes","Gheorgheni, Cluj-Napoca, Cluj",600,9.84,2,61
691,"Apart. deosebit cu 2 dormitoare + terasa, parcare, zona Zorilor!","Europa, Cluj-Napoca, Cluj",600,10,2,60
1800,Apartament modern cu 3 camere si garaj de inchiriat in Buna Ziua !,"Buna Ziua, Cluj-Napoca, Cluj",600,10,3,60
2144,Apartament semidecomandat+ terasa- zona Semicentrala,"Centru, Cluj-Napoca, Cluj",600,10,2,60
258,"2 camere, bloc nou, mobilat lux, garaj, in Gheorgheni, Brancusi","Andrei Muresanu, Cluj-Napoca, Cluj",600,10.34,2,58
361,Apartament semi-central ultrafinisat lux,"Andrei Muresanu, Cluj-Napoca, Cluj",600,10.34,2,58
909,Apartament 2 camere zona UMF,"Strada Petru Maior, Centru, Cluj-Napoca, Cluj",600,10.34,2,58
2058,"2 camere, bloc nou, mobilat lux, cu garaj, in Zorilor, complex Luminia","Europa, Cluj-Napoca, Cluj",600,10.34,2,58
612,"Prima inchiriere! Apartament cu 2 camere, garaj, terasa, complex Scala","Strada Frunzisului, Manastur, Cluj-Napoca, Cluj",600,10.53,2,57
724,"Apartament cu 2 camere, mobilat modern, parcare, Scala (Frunzisului)","Manastur, Cluj-Napoca, Cluj",600,10.53,2,57
1958,Apartament spre inchiriere cu 2 camere in zona semicentrala!,"Centru, Cluj-Napoca, Cluj",600,10.53,2,57
167,Apartament Superb 2 Camere | Pet Friendly | Decomandat | Central !,"Marasti, Cluj-Napoca, Cluj",600,10.71,2,56
963,"Apartament ultramodern, proaspat renovat, zona Gheorghe Dima Zorilor","Zorilor, Cluj-Napoca, Cluj",600,10.71,2,56
1456,"Apartament 2 camere de inchiriat in Centru, Cluj Napoca","Marasti, Cluj-Napoca, Cluj",600,10.71,2,56
1908,Apartament de inchiriat cu 2 camere Dorobantilor,"Marasti, Cluj-Napoca, Cluj",600,10.71,2,56
2162,"Apartament 2 camere decomandate,parcare subterana zona str Paris","Strada Paris, Marasti, Cluj-Napoca, Cluj",600,10.71,2,56
2256,Apartament decomandat+ parcare- Marasti,"Marasti, Cluj-Napoca, Cluj",600,10.71,2,56
498,"Prima inchiriere 2 camere decomandate partial mobilate, mob la cerere","Gheorgheni, Cluj-Napoca, Cluj",600,10.91,2,55
525,"Apartament 2 camere Anton Pan, zona Central","Marasti, Cluj-Napoca, Cluj",600,10.91,2,55
771,"Apartament 3 camere, parcare, Buna Ziua, zona Mihai Romanul","Strada Mihai Romanul, Buna Ziua, Cluj-Napoca, Cluj",600,10.91,3,55
965,"2 camere, bloc nou, modern, garaj, in zona Iulius, Riviera Residence","Sopor, Cluj-Napoca, Cluj",600,10.91,2,55
1005,Inchiriere apartament 2 camere Buna Ziua,"Buna Ziua, Cluj-Napoca, Cluj",600,10.91,2,55
1015,"Apartament 3 camere, parcare, Buna Ziua","Buna Ziua, Cluj-Napoca, Cluj",600,10.91,3,55
1181,"Apartament 3 camere, S- 55 mp + 13 mp terasa, Buna Ziua.","Strada Mihai Romanul, Buna Ziua, Cluj-Napoca, Cluj",600,10.91,3,55
1451,"Apartament 2 camere de inchiriat in Centru, Cluj Napoca","Marasti, Cluj-Napoca, Cluj",600,10.91,2,55
1455,"Apartament 2 camere de inchiriat in Zorilor, Cluj Napoca","Marasti, Cluj-Napoca, Cluj",600,10.91,2,55
1538,"2 camere, bloc nou, mobilat modern, cu terasa, garaj, in Marasti","Marasti, Cluj-Napoca, Cluj",600,10.91,2,55
1683,Comision 0%! Apartament cu 2 camere decomandate in Centru,"Centru, Cluj-Napoca, Cluj",600,11.11,2,54
432,"2 camere, bloc nou, mobilat modern, terasa, garaj, Gheorgheni","Gheorgheni, Cluj-Napoca, Cluj",600,11.32,2,53
1184,Apartament 2 camere| Semicentral | Bloc nou| Parcare| Prima inchiriere,"Strada Burebista, Centru, Cluj-Napoca, Cluj",600,11.32,2,53
491,"Apartament o camera de inchiriat in Centru, Cluj Napoca","Marasti, Cluj-Napoca, Cluj",600,11.44,1,52.45
606,"Ap 2 cam decomandat et.5 din 9,lift str.1 Decembrie 1918 Grigorescu","Grigorescu, Cluj-Napoca, Cluj",600,11.54,2,52
642,PF inchiriez ap. Str. Constanta - Zona Centrala- bloc nou,"Marasti, Cluj-Napoca, Cluj",600,11.54,2,52
1262,Inchiriez 2 Camere | Gh. Dima 15 | Ideal Medicinisti | Zorilor,"Zorilor, Cluj-Napoca, Cluj",600,11.54,2,52
1348,"Apartament 2 camere, parcare, zona Buna Ziua","Buna Ziua, Cluj-Napoca, Cluj",600,11.54,2,52
2276,Apartament semidecomandat+ balcon- Manastur,"Manastur, Cluj-Napoca, Cluj",600,11.54,3,52
141,"Apartament 2 camere decomandat, zona Iulius Mall","Marasti, Cluj-Napoca, Cluj",600,12,2,50
210,Apartament zona centrala,"Marasti, Cluj-Napoca, Cluj",600,12,2,50
320,Apartament modern 2 camere | cartier Gheorgheni | prima inchiriere,"Gheorgheni, Cluj-Napoca, Cluj",600,12,2,50
847,Apartament modern cu 2 camere in centru !,"Andrei Muresanu, Cluj-Napoca, Cluj",600,12,2,50
993,"Apartament mobilat modern, ultracentral, zona magazinului Central","Centru, Cluj-Napoca, Cluj",600,12,2,50
1008,Zona linistita bloc izolat,"Strada Mircea Zaciu, Buna Ziua, Cluj-Napoca, Cluj",600,12,2,50
1177,"Apartament 2 camere, S- 50 mp, mobilat, utilat, Central.","Strada Constantin Brancusi, Gheorgheni, Cluj-Napoca, Cluj",600,12,2,50
1252,"Apartament semidecomandat de inchiriat, cu 2 camere, Semicentral","Centru, Cluj-Napoca, Cluj",600,12,2,50
1277,"Apartament 2 camere, decomandat, pet friendly, P-ta Mihai Viteazu","Centru, Cluj-Napoca, Cluj",600,12,2,50
1376,"Aparatment 2 camere imobil nou, parcare, Europa","Europa, Cluj-Napoca, Cluj",600,12,2,50
1861,Apartament semidecomandat+ balcon deschis- Gheorgheni,"Gheorgheni, Cluj-Napoca, Cluj",600,12,3,50
1954,Apartament decomandat+ balcon deschis- PETFRIENDLY,"Gheorgheni, Cluj-Napoca, Cluj",600,12,3,50
2104,"Apartament 2 camere, Buna Ziua, zona Home Garden+Parcare","Aleea Marin Preda, Buna Ziua, Cluj-Napoca, Cluj",600,12,2,50
2122,Apartament de inchiriat- Grigorescu,"Grigorescu, Cluj-Napoca, Cluj",600,12,2,50
2125,"Apartament semidecomandat de inchiriat, cu 2 camere- Marasti","Marasti, Cluj-Napoca, Cluj",600,12,2,50
2310,Locuinta ultracentrala,"Centru, Cluj-Napoca, Cluj",600,12,1,50
2319,"2 camere, modern, parcare, Gheorgheni, Constantin Brancusi","Andrei Muresanu, Cluj-Napoca, Cluj",600,12,2,50
2326,"Apartament 2 camere, 50mp utili, Centru, 3 min de Catedrala Ortodoxa","Centru, Cluj-Napoca, Cluj",600,12,2,50
1108,Apartament spre inchiriere cu 2 camere in Piata Cipariu !,"Andrei Muresanu, Cluj-Napoca, Cluj",600,12.24,2,49
1172,Apartament 2 camere | Centru- P-ta Cipariu |,"Andrei Muresanu, Cluj-Napoca, Cluj",600,12.24,2,49
1192,"Apartament spatios, in zona Ultracentrala","Centru, Cluj-Napoca, Cluj",600,12.24,2,49
1276,"Apartament de închiriat, Central!","Centru, Cluj-Napoca, Cluj",600,12.24,2,49
1894,"Apartament semidecomandat+ balcon deschis- Centru, Cluj-Napoca","Centru, Cluj-Napoca, Cluj",600,12.24,2,49
1681,"Apartament 2 camere, decomandat, garaj, zona centrala, strada Paris","Centru, Cluj-Napoca, Cluj",600,13.04,2,46
1170,"Apartament cu 2 camere, semidecomandat, 46mp, zona Bonjour Residence","Strada Stefan Luchian, Buna Ziua, Cluj-Napoca, Cluj",600,13.33,2,45
1473,"Apartament deosebit cu o camera, dressing si parcare in West City Towe","Manastur, Cluj-Napoca, Cluj",600,13.33,1,45
1536,"Studio superb 45 mp, terasa, parcare, priveliste panoramica, West City","Calea Floresti, Manastur, Cluj-Napoca, Cluj",600,13.33,1,45
1832,Apartament semidecomandat+ balcon deschis si parcare- Centru,"Centru, Cluj-Napoca, Cluj",600,13.33,2,45
1933,"Apartament decomandat, cu gradina, langa UMF","Centru, Cluj-Napoca, Cluj",610,9.38,2,65
2047,Zorilor | Apartament 2 camere | Balcon | Centrala | Complet mobilat si,"Strada Sighisoarei, Zorilor, Cluj-Napoca, Cluj",610,9.53,2,64
137,"PRIMA INCHIRIERE! 2 camere, parcare, zona Frunzisului","Zorilor, Cluj-Napoca, Cluj",610,10.7,2,57
1640,Apartament 3 Camere Decomandate | Ideal Pentru O Echipa De Muncitori |,"Someseni, Cluj-Napoca, Cluj",615,5.59,3,110
1645,"Apartament 3 camere, semidecomandat, 98mp, parcare, Gheorgheni, zona A","Gheorgheni, Cluj-Napoca, Cluj",620,6.33,3,98
506,"Apartament confort sporit, zona Emerson","Someseni, Cluj-Napoca, Cluj",620,6.46,3,96
1195,"3 camere decomandate, mobilat MODERN, cu parcare si boxa, Marasti","Intre Lacuri, Cluj-Napoca, Cluj",620,8.27,2,75
2192,Apartament cu 3 incaperi | Pretabil activitate de birou | 70mp | Sora!,"Centru, Cluj-Napoca, Cluj",620,8.86,3,70
250,"Apartament 3 camere, bloc nou, terasa, parcare, str. Alverna","Strada Alverna, Andrei Muresanu, Cluj-Napoca, Cluj",620,9.54,3,65
1515,"Inchiriere 2 camere, confort sporit, zona Cluj Arena, superfinisat","Plopilor, Cluj-Napoca, Cluj",620,10.51,2,59
266,"Apartament prima inchiriere, S- 57 mp, mobilat, utilat, Frunzi&#537;ul","Strada Frunzisului, Manastur, Cluj-Napoca, Cluj",620,10.88,2,57
1955,Apartament semidecomandat+ terasa- Buna Ziua,"Buna Ziua, Cluj-Napoca, Cluj",620,11.27,2,55
187,"Apartament 2 camere, parcare, Baza Sportiva Gheorgheni","Gheorgheni, Cluj-Napoca, Cluj",620,11.48,2,54
1205,"2 camere, mobilat modern, bloc nou, terasa, parcare, Buna Ziua, LIDL","Buna Ziua, Cluj-Napoca, Cluj",620,11.92,2,52
538,"APARTAMENT 2 CAMERE,PARCARE ,ANDREI MURESANU","Gheorgheni, Cluj-Napoca, Cluj",620,12.4,2,50
960,"2 camere bloc nou,mobilat modern, garaj, terasa, Buna Ziua, Grand Hill","Buna Ziua, Cluj-Napoca, Cluj",620,12.4,2,50
1738,"Apartament 2 camere, 50 mp, parcare, zona Centrala","Strada Ploiesti, Centru, Cluj-Napoca, Cluj",620,12.4,2,50
2139,Apartament decomandat+ balcon- PETFRIENDLY,"Manastur, Cluj-Napoca, Cluj",625,8.93,3,70
164,"Apartament 2 camere, S- 55 mp, mobilat, utilat, Sopor.","Strada Soporului, Sopor, Cluj-Napoca, Cluj",625,11.36,2,55
962,"2 camere, bloc nou, modern, garaj, in Gheorgheni, zona Grand Park","Gheorgheni, Cluj-Napoca, Cluj",625,11.36,2,55
150,"Apartament 2 camere de inchiriat, parcare, zona Sopor","Sopor, Cluj-Napoca, Cluj",625,11.57,2,54
1041,"APARTAMENT 2 CAMERE, PARCARE SUBTERANA,TERASA, ZONA SOPOR","Sopor, Cluj-Napoca, Cluj",625,11.57,2,54
1421,"Apartament 2 camere, 54mp/ Terasa/ Parcare subterana/ str. Soporului !","Marasti, Cluj-Napoca, Cluj",625,11.57,2,54
2329,"Apartament 2 camere, str. Soporului","Marasti, Cluj-Napoca, Cluj",625,11.57,2,54
252,"Terasa! Apartament modern 2 camere, Gheorgheni, Baza Sportiva+Garaj","Strada Georg Freidrich Hegel, Sopor, Cluj-Napoca, Cluj",625,11.79,2,53
512,"2 camere, modern,parcare, Gheorgheni, zona Transylvania Steakhouse","Gheorgheni, Cluj-Napoca, Cluj",629,12.58,2,50
529,"TOTUL NOU Ap 2 camere, LUX, PARCARE, Zona Gheorgheni/ Brancusi","Gheorgheni, Cluj-Napoca, Cluj",629,12.58,2,50
1433,"2 camere, modern, parcare, bloc nou, semicentral, zona Bosch, NTT Data","Centru, Cluj-Napoca, Cluj",629,12.58,2,50
861,"Apartament de inchiriat,3 camere,cartier Someseni","Someseni, Cluj-Napoca, Cluj",630,5.73,3,110
1142,Apartament semidecomandat+ balcon inchis- Marasti,"Marasti, Cluj-Napoca, Cluj",630,8.08,3,78
2146,Apartament cu 2 camere de închiriat în zona Central,"Centru, Cluj-Napoca, Cluj",630,9,2,70
242,"APARTAMENT 2 CAMERE,PET FRIENDLY,PARCARE,GHEORGHENI","Gheorgheni, Cluj-Napoca, Cluj",630,10.5,2,60
2043,Apart. elegant cu 2 dormitoare + living | Bloc lux | zona Zorilor,"Europa, Cluj-Napoca, Cluj",630,11.25,3,56
1560,"Apartament lux, prima inchiriere, 55mp, zona Centrala","Strada Ploiesti, Centru, Cluj-Napoca, Cluj",630,11.45,2,55
891,Apartament modern 2 camere + parcare | VIEW SUPERB - Buna Ziua,"Andrei Muresanu, Cluj-Napoca, Cluj",630,12.12,2,52
1040,Apartament modern 2 camere + parcare | VIEW SUPERB - Buna Ziua,"Buna Ziua, Cluj-Napoca, Cluj",630,12.12,2,52
1343,"Spre inchiriere apartament in Gheorgheni, cu parcare, zona Brancusi","Gheorgheni, Cluj-Napoca, Cluj",630,12.12,2,52
421,Se inchireaza apartament cu 2 camere | Piata Mihai Viteazu,"Centru, Cluj-Napoca, Cluj",630,12.6,2,50
503,"Apartament 2 camere,50mp,balcon,parcare,zona Constantin Brancusi","Gheorgheni, Cluj-Napoca, Cluj",630,12.6,2,50
511,"Apartament 2 camere! MODERN,ultra-finisat! Terasa! Parcare Subterana!","Marasti, Cluj-Napoca, Cluj",630,12.6,2,50
552,"2 camere, bloc nou, mobilat modern, garaj, terasa, zona NTT DATA","Piata Mihai Viteazul, Centru, Cluj-Napoca, Cluj",630,12.6,2,50
614,PF inchiriez Ap 2 camere centru-prima închiriere,"Marasti, Cluj-Napoca, Cluj",630,12.6,2,50
1435,"Apartament de LUX cu 2 camere semidecomandate, in zona Semicentrala a","Centru, Cluj-Napoca, Cluj",630,12.6,2,50
1772,"Prima inchiriere, 2 camere Centru, imbil nou, NTT Data","Centru, Cluj-Napoca, Cluj",630,12.6,2,50
1795,Apartament spre inchiriere cu 2 camere in Centru ! Prima inchiriere,"Centru, Cluj-Napoca, Cluj",630,12.6,2,50
1983,Apartament cu 4 camere spre inchiriere !,"Zorilor, Cluj-Napoca, Cluj",640,6.67,4,96
68,"Apartament de inchiriat cu 2 camere in Zorilor, UMF!","Zorilor, Cluj-Napoca, Cluj",640,9.85,2,65
1898,Apartament semidecomandat de inchiriat- Centru,"Centru, Cluj-Napoca, Cluj",640,11.43,2,56
542,"Apartament 2 camere in Zorilor, complex Wings+ Garaj, Terasa 26 mp","Strada Pablo Picasso, Manastur, Cluj-Napoca, Cluj",640,11.85,2,54
1684,Apartament Cu Parcare | Balcon Cu Priveliste | 2 Camere | Grand Hill |,"Buna Ziua, Cluj-Napoca, Cluj",640,14.55,2,44
964,"Apartament cu 2 camere, 56 mp, Strada Oașului","Bulgaria, Cluj-Napoca, Cluj",645,11.52,2,56
1137,"3 camere, modern, bloc nou, terasa, parcare, Zorilor, Golden Tulip","Zorilor, Cluj-Napoca, Cluj",649,8.11,3,80
1297,"3 camere,2 bai, TOTUL NOU, modern, balcon, parcare, zona Semicentrala","Dambul Rotund, Cluj-Napoca, Cluj",649,8.11,3,80
1211,"3 camere open space, Pet friendly, Parcare, Zorilor, LIDL, Frunzisului","Manastur, Cluj-Napoca, Cluj",649,9.14,3,71
143,"3 camere, modern, parcare, bloc nou, terasa, semicentral, zona Horea","Intre Lacuri, Cluj-Napoca, Cluj",649,9.98,3,65
199,"3 camere, mobilat modern, bloc nou, balcon, parcare, zona Horea","Dambul Rotund, Cluj-Napoca, Cluj",649,9.98,3,65
561,"Apartament 2 camere, decomandat, bloc nou, 65 mp, garaj,zona Buna Ziua","Strada Kelemen Lajos, Buna Ziua, Cluj-Napoca, Cluj",649,9.98,2,65
1436,"Apartament 2 camere, 64mp, parcare subterana, Calea Manastur, USMV","Calea Manastur, Manastur, Cluj-Napoca, Cluj",649,9.98,2,65
1549,"2 camere, TOTUL NOU, modern, bloc nou, parcare, balcon, zona Centrala","Centru, Cluj-Napoca, Cluj",649,11.59,2,56
2106,"2 camere,Marasti, modern,parcare subterana, zona Brd, The Office","Marasti, Cluj-Napoca, Cluj",649,12.02,2,54
298,"2 camere, modern, Buna Ziua, parcare,bloc nou, zona Mega Image, LIDL","Buna Ziua, Cluj-Napoca, Cluj",649,12.25,2,53
1121,"2 camere, TOTUL NOU, modern, bloc nou, terasa, parcare, Zorilor, Wings","Manastur, Cluj-Napoca, Cluj",649,12.98,2,50
1431,Apartament 3 camere 100mp 2 parcari Borhanci,"Borhanci, Cluj-Napoca, Cluj",650,6.5,3,100
2244,Apartament cu garaj in zona Centrala,"Grigorescu, Cluj-Napoca, Cluj",650,6.5,3,100
805,"APARTAMENT 3 CAMERE, PET FRIENDLY, ZONA ANDREI MURESANU","Andrei Muresanu, Cluj-Napoca, Cluj",650,6.81,3,95.5
837,Apartament cu 3 camere spre inchiriere Semicentral!,"Centru, Cluj-Napoca, Cluj",650,6.84,3,95
162,"Apartament cu 2 camere, 90 mp, Strada Burebista","Centru, Cluj-Napoca, Cluj",650,7.22,2,90
1344,"Apartament cu 4 camere, in cartierul Grigorescu!","Grigorescu, Cluj-Napoca, Cluj",650,7.56,4,86
1356,"Apartament cu 4 camere, 86 mp, Strada Donath","Manastur, Cluj-Napoca, Cluj",650,7.56,4,86
856,"Apartament de inchiriat,3 camere,cartier marasti","Marasti, Cluj-Napoca, Cluj",650,7.65,3,85
2264,4 camere mobilat modern garaj marasti zona omv piata marasti,"Marasti, Cluj-Napoca, Cluj",650,7.65,4,85
1244,Apartament 3 camere modern | In zona garii | bloc nou |,"Dambul Rotund, Cluj-Napoca, Cluj",650,7.93,3,82
1767,"Apartament 3 camere, Zorilor","Manastur, Cluj-Napoca, Cluj",650,8.02,3,81
1638,"APARTAMENT 3 CAMERE, PARCARE, ZORILOR","Zorilor, Cluj-Napoca, Cluj",650,8.12,3,80
1964,DISPONIBIL | Apartament 3 camere + terasa | parcare | zona Buna Ziua,"Becas, Cluj-Napoca, Cluj",650,8.12,3,80
2207,"3 camere, semidecomandat, modern, bloc nou, parcare, 80mp, zona GARII","Dambul Rotund, Cluj-Napoca, Cluj",650,8.12,3,80
2249,Apartament cu 3 camere si parcare de inchiriat in zona Golden Tulip,"Zorilor, Cluj-Napoca, Cluj",650,8.12,3,80
2138,Apartament cu 3 camere- Europa,"Europa, Cluj-Napoca, Cluj",650,8.33,3,78
1217,"Apartament 2 camere, parcare, Semicentral","Marasti, Cluj-Napoca, Cluj",650,8.78,2,74
1770,"Spatiu de inchiriat 73 mp, pretabil clinica, farmacie, Grigorescu Cluj","Grigorescu, Cluj-Napoca, Cluj",650,8.9,3,73
2169,"Apartament 2 camere, 70 mp, gradina, parcare, zona Andrei Muresanu","Strada Trifoiului, Andrei Muresanu, Cluj-Napoca, Cluj",650,9.29,2,70
2345,"Apartament 3 camere 70mp,terasa,parcare,gradina, Buna Ziua,hotelul Ath","Buna Ziua, Cluj-Napoca, Cluj",650,9.29,3,70
126,Apartament 3 camere Marasti,"Marasti, Cluj-Napoca, Cluj",650,9.56,3,68
698,"Apartament 3 camere, 62mp DECOMANDAT | Modern - MANASTUR","Manastur, Cluj-Napoca, Cluj",650,9.56,3,68
5,"Apartament 3 camere, S- 65 mp , mobilat, utilat, Semicentral.","Strada Gorunului, Marasti, Cluj-Napoca, Cluj",650,10,3,65
12,"Apartament 3 camere superb, cu parcare Gheorgheni","Aleea Padis, Gheorgheni, Cluj-Napoca, Cluj",650,10,3,65
69,Apartament superb 2 camere | 65 MP | Buna Ziua | Parcare Subterana,"Buna Ziua, Cluj-Napoca, Cluj",650,10,2,65
471,"APARTAMENT 2 CAMERE,PARCARE,LEROY MERLIN","Europa, Cluj-Napoca, Cluj",650,10,2,65
559,Bloc nou | Apartament 2 camere + 2 parcari | IULIUS MALL,"Gheorgheni, Cluj-Napoca, Cluj",650,10,2,65
684,"Apartament, 3 camere, de închiriat, în Manastur","Strada Agronomilor, Manastur, Cluj-Napoca, Cluj",650,10,3,65
711,"2 camere, bloc nou, mobilat LUX, 2 garaje, in Marasti, zona Iulius","Gheorgheni, Cluj-Napoca, Cluj",650,10,2,65
715,"Apartament 2 camere, 2 balcoane, garaj, str. Buna Ziua","Strada Mircea Zaciu, Buna Ziua, Cluj-Napoca, Cluj",650,10,2,65
887,"Apartament cu 3 camere, 65mp, decomandat, zona Piata Flora","Aleea Micus, Manastur, Cluj-Napoca, Cluj",650,10,3,65
1236,Apartament 3 camere | Manastur zona Flora | recent renovat |,"Manastur, Cluj-Napoca, Cluj",650,10,3,65
1395,Direct proprietar - apartament 2 camere premium Scala Frunzisului 91,"Marasti, Cluj-Napoca, Cluj",650,10,2,65
1517,"Apartament 2 camere, mobilat, 65 mp, parcare, zona Scala Center","Strada Nicolae Cristea, Marasti, Cluj-Napoca, Cluj",650,10,2,65
1565,"Apartament de inchiriat, Zona Garii","Centru, Cluj-Napoca, Cluj",650,10,2,65
1662,"3 camere, modern, bloc nou , parcare, SEMICENTRAL, zona HOREA, GARA","Centru, Cluj-Napoca, Cluj",650,10,3,65
2347,"3 camere, modern , bloc nou , 65 mp, zona PIATA GARII, liber 1 IULIE","Gruia, Cluj-Napoca, Cluj",650,10,3,65
2374,"Apartament cu doua dormitoare, zona USAMV","Plopilor, Cluj-Napoca, Cluj",650,10,3,65
2389,"Garaj! Apartament modern 2 camere, Buna Ziua, zona Rompetrol","Aleea Marin Preda, Buna Ziua, Cluj-Napoca, Cluj",650,10,2,65
1615,PRIMA INCHIRIERE | Apartament Cu Parcare | 2 Camere | Semicentral,"Marasti, Cluj-Napoca, Cluj",650,10.16,2,64
1283,Apartament 2 camere cu parcare zona Iulius Mall,"Gheorgheni, Cluj-Napoca, Cluj",650,10.32,2,63
801,"Apartament 3 camere, 62mp DECOMANDAT | Modern - MANASTUR","Manastur, Cluj-Napoca, Cluj",650,10.48,3,62
1145,"Apartament 3 camere, 62mp DECOMANDAT | Modern - MANASTUR","Manastur, Cluj-Napoca, Cluj",650,10.48,2,62
1691,"Apartament prima inchiriere 2 camere ,panorama, garaj zona Lidl Wings","Manastur, Cluj-Napoca, Cluj",650,10.48,2,62
1765,"Apartament de inchiriat, Centru","Centru, Cluj-Napoca, Cluj",650,10.66,2,61
736,"Apartament 3 camere,79mp! ZONA VIVO! Parcare! Columna Residence!","Marasti, Cluj-Napoca, Cluj",650,10.71,3,60.7
312,Apartament 2 camere de chirie - Iulius mall,"Marasti, Cluj-Napoca, Cluj",650,10.83,2,60
1505,"Apartament 2 camere, 60 mp, parcare , zona Parcului Central","Aleea Stadionului, Plopilor, Cluj-Napoca, Cluj",650,10.83,2,60
1581,"Comision 0%! Apartament cu 2 camere, semidecomandat, Semicentral","Marasti, Cluj-Napoca, Cluj",650,10.83,2,60
1768,0 COMISION. Apartament cu 2 camere in centru,"Centru, Cluj-Napoca, Cluj",650,10.83,2,60
1785,"Apartament cu 2 camere, zona strazii Horea!","Marasti, Cluj-Napoca, Cluj",650,10.83,2,60
1853,"Apartament cu 2 camere, 60 mp, Strada Mărginașă","Centru, Cluj-Napoca, Cluj",650,10.83,2,60
1873,2 camere decomandate Zona Platinia Motilor cu Parcare Subterana,"Centru, Cluj-Napoca, Cluj",650,10.83,2,60
2051,Nemobilat | Pretabil birouri | Piata Mihai Viteazu,"Centru, Cluj-Napoca, Cluj",650,10.83,3,60
969,"Apartament 2 camere,58mp,terasa,parcare,zona Constantin Brancusi","Gheorgheni, Cluj-Napoca, Cluj",650,11.21,2,58
82,"Apartament 2 camere,57mp,balcon,parcare,Scala,Frunzisului","Zorilor, Cluj-Napoca, Cluj",650,11.4,2,57
269,"Apartament 2 camere de inchiriat, zona Frunzisului","Manastur, Cluj-Napoca, Cluj",650,11.4,2,57
1016,Apartament semidecomandat cu 2 camere și parcare în Cartierul Plopilor,"Plopilor, Cluj-Napoca, Cluj",650,11.4,2,57
1438,"Apartament decomandat de inchiriat, cu 2 camere, in zona Zorilor","Zorilor, Cluj-Napoca, Cluj",650,11.4,2,57
1563,Ap Frunzisului | 2 camere | centrala proprie | parcare | bloc nou | iz,"Strada Frunzisului, Manastur, Cluj-Napoca, Cluj",650,11.4,2,57
1575,Apartament 2 camere cu parcare prima Inchiriere,"Europa, Cluj-Napoca, Cluj",650,11.4,2,57
1803,"Inchiriere Apartament cu 2 camere, garaj, Scala Frunzisului","Manastur, Cluj-Napoca, Cluj",650,11.4,2,57
1834,"Inchiriere Apartament 2 camere, garaj, Scala Frunzisului","Manastur, Cluj-Napoca, Cluj",650,11.4,2,57
1915,2 CAMERE || 2x LOC DE PARCARE || CENTRU,"Piata Mihai Viteazul, Centru, Cluj-Napoca, Cluj",650,11.61,2,56
1994,Apartament semidecomandat+ balcon deschis- Andrei Muresanu,"Andrei Muresanu, Cluj-Napoca, Cluj",650,11.61,2,56
2149,Apartament semidecomandat+balcon deschis- Iulius Mall-Gheorgheni,"Gheorgheni, Cluj-Napoca, Cluj",650,11.61,2,56
220,"Apartament cu 2 camere decomandat, Centru","Centru, Cluj-Napoca, Cluj",650,11.82,2,55
738,"Prima inchiriere! Apartament 2 dormitoare, Ultracentral, zona Central","Strada Tipografiei, Centru, Cluj-Napoca, Cluj",650,11.82,2,55
839,"Apartament, 2 camere, de închiriat, în Centru","Strada Tipografiei, Centru, Cluj-Napoca, Cluj",650,11.82,2,55
1115,"2 camere, bloc nou, mobilat LUX, garaj, terasa, in Zorilor, Wings","Manastur, Cluj-Napoca, Cluj",650,11.82,2,55
1202,"Apartament 2 camere decomandat, in Centru, zona Piata Mihai Viteazul","Strada Tipografiei, Centru, Cluj-Napoca, Cluj",650,11.82,2,55
1295,"Apartament cu 2 camere, finisat si mobilat modern, Piata Muzeului","Centru, Cluj-Napoca, Cluj",650,11.82,2,55
1323,"Apartament 3 camere, 55mp, parcare subterana, zona Mihai Romanul","Strada Mihai Romanul, Buna Ziua, Cluj-Napoca, Cluj",650,11.82,3,55
1347,"Apartament 2 cu camere, Modern, situat Central!","Strada Horea, Centru, Cluj-Napoca, Cluj",650,11.82,2,55
1355,"Apartament la prima inchiriere, zona semicentrala","Centru, Cluj-Napoca, Cluj",650,11.82,2,55
1402,"Apartament cu 2 camere, 55 mp, Strada Tipografiei","Gruia, Cluj-Napoca, Cluj",650,11.82,2,55
1405,"Închiriere apartament 2 camere în Gheorgheni, zona Soporului, Iulius","Sopor, Cluj-Napoca, Cluj",650,11.82,2,55
1417,Apartament 2 camere decomandate zona Ultracentrala,"Centru, Cluj-Napoca, Cluj",650,11.82,2,55
1910,"Apartament 2 camere, 55mp, ultracentral!","Centru, Cluj-Napoca, Cluj",650,11.82,2,55
463,"Curte! Apartament modern 2 camere, Buna Ziua, zona LIDL+Garaj","Strada Nicolae Tonitza, Buna Ziua, Cluj-Napoca, Cluj",650,12.04,2,54
979,"Apartament 2 camere in Zorilor, complex Wings+ Garaj, Terasa 26 mp","Strada Pablo Picasso, Manastur, Cluj-Napoca, Cluj",650,12.04,2,54
1028,Apartament 2 camere | mobilat/utilat | 54 mp | Complex Azoria,"Zorilor, Cluj-Napoca, Cluj",650,12.04,2,54
1064,"Prima inchiriere! Apartament 2 camere, parcare, Zorilor, Azoria, Lidl","Strada Frunzisului, Manastur, Cluj-Napoca, Cluj",650,12.04,2,54
1132,"Apartament 2 camere, strada Frunzisului","Strada Frunzisului, Manastur, Cluj-Napoca, Cluj",650,12.04,2,54
1196,"Dog friendly! Apartament 2 camere, Zorilor, zona Golden Tulip+ Garaj","Strada Frunzisului, Manastur, Cluj-Napoca, Cluj",650,12.04,2,54
275,"Apartament 2 camere, decomandat, zona Cipariu","Marasti, Cluj-Napoca, Cluj",650,12.26,2,53
293,"Apartament 2 camere BUNA ZIUA,53mp + gradina 45mp | parcare","Buna Ziua, Cluj-Napoca, Cluj",650,12.26,2,53
353,Apartament spre inchiriere cu 2 camere si gradina in Buna Ziua!,"Buna Ziua, Cluj-Napoca, Cluj",650,12.26,2,53
441,Apartment 2 camere I parcare subterana I gradina I 53mp I Buna Ziua,"Buna Ziua, Cluj-Napoca, Cluj",650,12.26,2,53
455,De inchiriat apartament cu 2 camere / Zona Buna Ziua,"Buna Ziua, Cluj-Napoca, Cluj",650,12.26,2,53
462,Apartament 2 camere | Sophia Residence | Buna Ziua,"Strada Mircea Zaciu, Buna Ziua, Cluj-Napoca, Cluj",650,12.26,2,53
520,"APARTAMENT 2 CAMERE, SOPHIA RESIDENCE, PARCARE, GRADINA, TERASA, CART,","Buna Ziua, Cluj-Napoca, Cluj",650,12.26,2,53
838,"Apartament 2 camere, S- 53 mp, mobilat, utilat, Central.","Bulevardul Nicolae Titulescu, Gheorgheni, Cluj-Napoca, Cluj",650,12.26,2,53
1377,Apartament 2 camere Ultrafinisat Sopor!,"Gheorgheni, Cluj-Napoca, Cluj",650,12.26,2,53
2129,"Apartament decomandat+ balcon deschis- zona Centrala, Cluj","Centru, Cluj-Napoca, Cluj",650,12.26,2,53
346,"Inchiriez 2 Camere cu Balcon 12 mp si Gradina 44 mp, Buna Ziua!","Buna Ziua, Cluj-Napoca, Cluj",650,12.5,2,52
886,Comision 0% Apartament 2 camere zona Andrei Muresanu,"Aleea Gogu Constantinescu, Buna Ziua, Cluj-Napoca, Cluj",650,12.5,2,52
907,"Apartament 2 camere | mobilat, utilat | 63mp | parcare I Buna Ziua","Buna Ziua, Cluj-Napoca, Cluj",650,12.5,2,52
959,Apartament semidecomandat+ parcare- Buna Ziua,"Buna Ziua, Cluj-Napoca, Cluj",650,12.5,2,52
1144,Apartament modern 2 camere + parcare | VIEW SUPERB - Buna Ziua,"Andrei Muresanu, Cluj-Napoca, Cluj",650,12.5,2,52
1331,"Apartament cu 2 camere LUX, Andrei Mureșanu","Andrei Muresanu, Cluj-Napoca, Cluj",650,12.5,2,52
1535,"Apartament 2 camere, terasa, parcare, zona West City","Calea Floresti, Manastur, Cluj-Napoca, Cluj",650,12.5,2,52
1635,"Apartament cu 2 camere, PARCARE, Buna-Ziua","Buna Ziua, Cluj-Napoca, Cluj",650,12.5,2,52
1652,"Apartament 2 camere, 52mp, parcare, zona Garii","Strada Decebal, Centru, Cluj-Napoca, Cluj",650,12.5,2,52
1664,"Apartament 2 camere de inchiriat, zona Buna Ziua","Buna Ziua, Cluj-Napoca, Cluj",650,12.5,2,52
1782,"Apartament cu 2 camere, 49 mp, Strada Trifoiului","Buna Ziua, Cluj-Napoca, Cluj",650,12.5,2,52
2371,"Apartament 2 camere, parcare, zona Grand Hotel Italia, cartier Buna Zi","Buna Ziua, Cluj-Napoca, Cluj",650,12.5,2,52
46,Apartament cu 2 camere Ultracentral zona Piata Lucian Blaga,"Centru, Cluj-Napoca, Cluj",650,12.75,2,51
56,"Apartament 2 camere | mobilat, utilat | 50mp | parcare I Buna Ziua","Buna Ziua, Cluj-Napoca, Cluj",650,13,2,50
91,Apartament 3 camere langa parcul central.,"Centru, Cluj-Napoca, Cluj",650,13,3,50
492,"Apartament 2 camere de inchiriat in Centru, Cluj Napoca","Marasti, Cluj-Napoca, Cluj",650,13,2,50
980,"Apartament NOU 2 camere in Zorilor, complex Wings+ Garaj","Strada Pablo Picasso, Manastur, Cluj-Napoca, Cluj",650,13,2,50
1000,"Apartament 2 camere, lux, 50 mp, complex Wings","Strada Pablo Picasso, Europa, Cluj-Napoca, Cluj",650,13,2,50
1022,Apartament 2 camere lux | mobilat/utilat | 50 mp | In Wings,"Zorilor, Cluj-Napoca, Cluj",650,13,2,50
1027,Apartament semidecomandat+ terasa- Zorilor,"Zorilor, Cluj-Napoca, Cluj",650,13,2,50
1090,"Apartament modern cu 2 camere 50mp,balcon, Europa-Wings","Europa, Cluj-Napoca, Cluj",650,13,2,50
1092,"Prima inchiriere! Apartament lux, 2 camere, parcare, Zorilor, Wings","Strada Pablo Picasso, Manastur, Cluj-Napoca, Cluj",650,13,2,50
1095,"Apartament 2 camere, parcare inclusa, zona Golden Tulip","Manastur, Cluj-Napoca, Cluj",650,13,2,50
1096,Apartament Cu Parcare | 2 Camere | Prima Inchiriere | Complex Wings |,"Manastur, Cluj-Napoca, Cluj",650,13,2,50
1125,Apartament modern cu 2 camere aproape de Piața Mihai Viteazul,"Centru, Cluj-Napoca, Cluj",650,13,2,50
1128,Apartament 2 camere in centru-Prima închiriere,"Strada Ploiesti, Centru, Cluj-Napoca, Cluj",650,13,2,50
1178,Apartament modern 2 camere + parcare | VIEW SUPERB - Buna Ziua,"Andrei Muresanu, Cluj-Napoca, Cluj",650,13,2,50
1371,Apartament in zona NTT DATA,"Centru, Cluj-Napoca, Cluj",650,13,2,50
1415,"Apartament cu 2 camere, 50 mp, Strada Ploiesti","Marasti, Cluj-Napoca, Cluj",650,13,2,50
1480,"Apartament 2 camere de inchiriat, zona Centru","Centru, Cluj-Napoca, Cluj",650,13,2,50
1501,"Apartament 2 camere, 50 mp, modern, parcare, zona Regionala CFR","Strada Magura, Marasti, Cluj-Napoca, Cluj",650,13,2,50
1530,LUX | Prima Inchiriere | Apartament 2 Camere | Central | Str. Ploiesti,"Centru, Cluj-Napoca, Cluj",650,13,2,50
1732,"Apartament 2 camere, 50 mp, modern, 2 balcoane, garaj, Centru","Centru, Cluj-Napoca, Cluj",650,13,2,50
2231,Apartament semidecomandat+ balcon- Marasti,"Marasti, Cluj-Napoca, Cluj",650,13,2,50
1226,Apartament cu 4 camere si parcare in Marasti,"Intre Lacuri, Cluj-Napoca, Cluj",650,13.54,4,48
821,"Apartament de lux, 2 camere, zona foarte linistita","Gheorgheni, Cluj-Napoca, Cluj",650,15.12,2,43
576,Apartament cu 3 camere de închiriat în zona Ultracentral,"Centru, Cluj-Napoca, Cluj",660,7.75,3,85.13
2225,"Spatiu ideal birouri, cabinet de avocatura, notar, zona Sora","Centru, Cluj-Napoca, Cluj",660,9.43,2,70
482,"Apartament de inchiriat cu 2 camere si parcare, in zona Iulius Mall","Strada Teodor Mihali, Intre Lacuri, Cluj-Napoca, Cluj",660,12.45,2,53
1591,Apartament Cu Garaj | 2 Camere | Bloc Nou | Buna Ziua | Str. Macesului,"Becas, Cluj-Napoca, Cluj",660,12.45,2,53
391,Apartament 2 Camere Cu Balcon | Nicolae Titulescu | Gheorgheni,"Gheorgheni, Cluj-Napoca, Cluj",680,6.8,2,100
566,"Apartament spatios cu 2 camere, 100 mp, Gheorgheni, zona Titulescu","Strada Sapatorilor, Gheorgheni, Cluj-Napoca, Cluj",680,6.8,2,100
584,Inchiriez apartament cu 2 camere,"Marasti, Cluj-Napoca, Cluj",680,6.8,2,100
850,Apartament spre inchiriere cu 3 camere in zona Ultracentrala!,"Centru, Cluj-Napoca, Cluj",680,7.16,3,95
1896,"Apartament de inchiriat 3 camere ,pet friendly, parcare, Gheorgheni","Gheorgheni, Cluj-Napoca, Cluj",680,9.71,3,70
720,Priveliste spre Parcul Rozelor,"Strada Plopilor, Plopilor, Cluj-Napoca, Cluj",680,12.36,2,55
885,"Apartament 3 camere, 2 niveluri, 53 mp, curte interioara, zona...","Strada Decebal, Centru, Cluj-Napoca, Cluj",680,12.83,3,53
1486,"Nou! Apartament 2 camere, Centru, zona NTT Data+Garaj","Strada Constanta, Centru, Cluj-Napoca, Cluj",680,13.6,2,50
57,Apartament 1 camera Str. Bistritei,"Strada Bistritei, Gheorgheni, Cluj-Napoca, Cluj",680,15.11,1,45
63,"Apartament 1 camera, mobilat, utilat, Gherogheni.","Strada Bistritei, Gheorgheni, Cluj-Napoca, Cluj",680,15.11,1,45
116,Inchiriez apartament 1 camera Str.Bistritei,"Marasti, Cluj-Napoca, Cluj",680,15.11,2,45
1353,"Apartament 3 camere, la casa, curte comuna, zona Horea, Semicentral","Centru, Cluj-Napoca, Cluj",690,9.58,3,72
1215,"Inchiriez apartament cu 3 camere str Frunzisului, Cluj-Napoca","Marasti, Cluj-Napoca, Cluj",690,9.72,3,71
1755,"Apartament 2 camere de inchiriat in Centru, Cluj Napoca","Marasti, Cluj-Napoca, Cluj",690,10.62,2,65
603,Apartament semidecomandat+ balcon deschis- Buna Ziua,"Buna Ziua, Cluj-Napoca, Cluj",690,13.02,2,53
1198,"Apartament 2 camere Premium ansamblu rezidential Lux, Buna Ziua","Strada Macesului, Becas, Cluj-Napoca, Cluj",690,13.02,2,53
1600,"Apartament de 2 camere Premium , 53 mp, Zona Buna Ziua.","Becas, Cluj-Napoca, Cluj",690,13.02,2,53
1607,"Apartament 2 camere, garaj, zona Buna Ziua","Becas, Cluj-Napoca, Cluj",690,13.02,2,53
1539,"Apartament de 2 camere, 50 mp , Zona Centrala","Centru, Cluj-Napoca, Cluj",690,13.8,2,50
1394,"Apartament 2 camere decomandat, in Centru, zona Piata Mihai Viteazul","Strada Andrei Saguna, Centru, Cluj-Napoca, Cluj",690,14.38,2,48
2250,Apartament decomandat+ parcare- Horea,"Centru, Cluj-Napoca, Cluj",699,6.99,3,100
1303,"Ap modern cu 3 dormitoare, bloc nou, zona Zorilor / Calea Turzii","Andrei Muresanu, Cluj-Napoca, Cluj",699,8.22,3,85
1651,Apartament 4 Camere | Louis Pasteur | Zona UMF | Cartier Zorilor,"Zorilor, Cluj-Napoca, Cluj",699,8.32,4,84
626,"Apartament, 3 camere, decomandate, 83mp, in Marasti, zona Dorobantilor","Marasti, Cluj-Napoca, Cluj",699,8.42,3,83
352,"3 camere, modern, bloc nou, parcare,AC,Gheorgheni, Constantin Brancusi","Gheorgheni, Cluj-Napoca, Cluj",699,9.08,3,77
1069,"3 camere, mobilat modern, bloc nou, terasa, Buna Ziua, zona LIDL","Andrei Muresanu, Cluj-Napoca, Cluj",699,9.32,3,75
880,"3 camere, mobilat lux, bloc nou, balcon, parcare, AC, Semicentral","Centru, Cluj-Napoca, Cluj",699,9.99,3,70
1576,"Apartament cu 2 camere, PARCARE, Opera Residence, Marasti","Gheorgheni, Cluj-Napoca, Cluj",699,10.13,2,69
705,"2 camere, modern, bloc nou, parcare, Ultracentral, Avram Iancu","Centru, Cluj-Napoca, Cluj",699,11.65,2,60
2147,Apartament semidecomandat- zona Centrala,"Centru, Cluj-Napoca, Cluj",699,12.26,2,57
976,"Apartament 3 camere modern 55mp,Gheorgheni, zona Septimiu Albini-fost","Gheorgheni, Cluj-Napoca, Cluj",699,12.71,3,55
1513,"2 Camere Open Space, Parcare subterana, Central","Centru, Cluj-Napoca, Cluj",699,12.71,2,55
1441,Apartament de lux | 2 camere | zona Bună Ziua | 54.4mp utili | parcare,"Buna Ziua, Cluj-Napoca, Cluj",699,12.85,2,54.4
1289,"Apartament 2 camere decomandate, zona P-ta Mihai Viteazu","Centru, Cluj-Napoca, Cluj",699,13.98,2,50
1409,"Apartament 2 camere, PARCARE, Pta Mihai Viteazu","Centru, Cluj-Napoca, Cluj",699,13.98,2,50
79,"2 camere, decomandat, parcare, Mihai Viteazu, zona McDonald's","Centru, Cluj-Napoca, Cluj",699,14.56,2,48
2299,Apartament 3 camere | 124 mp | central | zona Parcul Central,"Gruia, Cluj-Napoca, Cluj",700,5.65,3,124
1699,"Spatiu de birouri 100mp, 2 parcari, zona Iulius Mall - Intre Lacuri","Intre Lacuri, Cluj-Napoca, Cluj",700,7,3,100
1161,Apartament de închiriat cu 3 camere zona Central,"Marasti, Cluj-Napoca, Cluj",700,7.14,3,98
1213,Apartament 3 camere central Eroilor,"Bulevardul Eroilor, Centru, Cluj-Napoca, Cluj",700,7.14,3,98
1883,Apartament decomandat+ terasa si parcare- zona Semicentrala,"Grigorescu, Cluj-Napoca, Cluj",700,7.14,3,98
1943,PRIMA INCHIRIERE || 3 CAMERE || CENTRU || ZONA VERDE,"Gruia, Cluj-Napoca, Cluj",700,7.14,3,98
1453,"Apartament 4 camere de inchiriat in Intre Lacuri, Cluj Napoca","Marasti, Cluj-Napoca, Cluj",700,7.29,4,96
521,Apaartament cu 3 camere/95 mp/parcare subterana!,"Manastur, Cluj-Napoca, Cluj",700,7.37,3,95
2237,Apartament semidecomandat+ parcare- Zorilor,"Zorilor, Cluj-Napoca, Cluj",700,7.37,3,95
424,"Apartament cu 3 camere, 90 mp, Calea Dorobanților","Marasti, Cluj-Napoca, Cluj",700,7.78,3,90
2203,"Dau în chirie apartament 3 camere - Calea Dorobanţilor, Cluj-Napoca","Marasti, Cluj-Napoca, Cluj",700,7.78,3,90
2351,"Pf inchiriez ap 4 cam. in Gheorgheni langa Interservisan, Iulius Mall","Marasti, Cluj-Napoca, Cluj",700,7.78,4,90
413,"Apartament 3 camere, mobilat si utilat, situat in cartierul Gheorgheni","Calea Dorobantilor, Marasti, Cluj-Napoca, Cluj",700,7.95,3,88
1778,"Apartament pet friendly, pe Calea Dorobantilor","Marasti, Cluj-Napoca, Cluj",700,7.95,3,88
2176,Apartament decomandat cu 4 camere de inchiriat in zona Piata Marasti,"Marasti, Cluj-Napoca, Cluj",700,8.05,4,87
472,"3 camere decomandate, 2 bai, Manastur, Zona Big","Manastur, Cluj-Napoca, Cluj",700,8.24,3,85
1105,Apartament spre inchiriere cu 3 camere in zona Garii,"Dambul Rotund, Cluj-Napoca, Cluj",700,8.24,3,85
923,"Apartament 4 camere decomandate, 84 mp, 2 bai, 2 balcoane, Zorilor","Strada Luis Pasteur, Zorilor, Cluj-Napoca, Cluj",700,8.33,4,84
405,"Apartament cu priveliste panoramica, Marasti","Marasti, Cluj-Napoca, Cluj",700,8.64,3,81
423,"Apartament cu 3 camere, 80 mp, Calea Dorobanților","Marasti, Cluj-Napoca, Cluj",700,8.75,3,80
534,Apartament de inchiriat | 5 min UMF | 10 min USAMV | Utilitati incluse,"Strada Marginasa, Zorilor, Cluj-Napoca, Cluj",700,8.75,3,80
1033,"Apartament cu 4 camere 80 mp, Strada Louis Pasteur","Gheorgheni, Cluj-Napoca, Cluj",700,8.75,4,80
1072,"Apartament modern cu 3 camere, în cartierul Zorilor, în bloc NOU","Zorilor, Cluj-Napoca, Cluj",700,8.75,3,80
1209,"Apartament 4 camere, 80 mp, decomandat, zona Iulius Mall","Strada Muresului, Intre Lacuri, Cluj-Napoca, Cluj",700,8.75,4,80
1913,Intre Lacuri || 4 Camere || decomandat || centrala proprie || 2x Balco,"Strada Muresului, Intre Lacuri, Cluj-Napoca, Cluj",700,8.75,4,80
1966,"Inchiriez apartament 4 camere, zona Iulius Mall, FSEGA","Marasti, Cluj-Napoca, Cluj",700,8.75,4,80
1259,Închiriere apartament 3 camere,"Marasti, Cluj-Napoca, Cluj",700,8.86,3,79
444,"Apartament cu parcare, zona Pietei Mihai Viteazu","Centru, Cluj-Napoca, Cluj",700,9.72,3,72
2079,"Apartament cu 2 camere, 72 mp, Strada Paris.","Marasti, Cluj-Napoca, Cluj",700,9.72,2,72
632,"Pet friendly! Apartament 3 camere, Manastur, zona USAMV+Parcare","Strada Frunzisului, Manastur, Cluj-Napoca, Cluj",700,9.86,3,71
983,Chirie apartament 3 camere cu parcare,"Manastur, Cluj-Napoca, Cluj",700,9.86,3,71
1130,Apartament cu 3 camere str. Frunzisului,"Strada Frunzisului, Manastur, Cluj-Napoca, Cluj",700,9.86,3,71
1153,PET FRIENDLY | Apartament 3 Camere | Frunzisului,"Manastur, Cluj-Napoca, Cluj",700,9.86,3,71
1180,"Apartament 3 camere, S- 71 mp, mobilat, utilat, Frunzisului.","Strada Frunzisului, Manastur, Cluj-Napoca, Cluj",700,9.86,3,71
1667,"Apartament la etaj intermediar, strada Alverna","Gheorgheni, Cluj-Napoca, Cluj",700,10,2,70
1680,"Apartament cu 2 camere, 70 mp, Strada Alverna","Andrei Muresanu, Cluj-Napoca, Cluj",700,10,2,70
2358,Apartament cu 3 camere | 70 mp | 2 parcari | Buna Ziua - Hotel Athos!,"Becas, Cluj-Napoca, Cluj",700,10,3,70
207,"Apartament 2 camere,67mp,terasa,Zorilor,zona Spitalul de recuperare","Zorilor, Cluj-Napoca, Cluj",700,10.45,2,67
310,⊰TUR VIRTUAL⊱ 2 camere | 67 m² | premium | parcare | terasă | Vivido,"Gheorgheni, Cluj-Napoca, Cluj",700,10.45,2,67
451,"Închiriez apartament 2 camere nedecomandate, Cluj-Napoca, Zorilor","Marasti, Cluj-Napoca, Cluj",700,10.45,2,67
400,"Apartament 3 camere, SEMICENTRALA, PARCARE PRIVATA","Dambul Rotund, Cluj-Napoca, Cluj",700,10.61,3,66
362,"Apartament 3 camere, LUX, etaj intermediar, zona Garii.","Strada Fabricii de Chibrituri, Dambul Rotund, Cluj-Napoca, Cluj",700,10.77,3,65
438,Inchiriere apartament 3 camere zona semicentrala,"Marasti, Cluj-Napoca, Cluj",700,10.77,3,65
992,"Apartament 2 camere decomandate, ultramodern, zona Centrala","Centru, Cluj-Napoca, Cluj",700,10.77,2,65
1750,"Apartament 2 camere de inchiriat in Buna Ziua, Cluj Napoca","Marasti, Cluj-Napoca, Cluj",700,10.77,2,65
1869,Gheorgeni | 3 Camere | Etaj 2,"Aleea Padis, Gheorgheni, Cluj-Napoca, Cluj",700,10.77,3,65
2390,"Apartament luminos si primitor, 3 camere decomandate, mobilier cerere,","Zorilor, Cluj-Napoca, Cluj",700,10.77,3,65
493,"Apartament 3 camere de inchiriat in Centru, Cluj Napoca","Marasti, Cluj-Napoca, Cluj",700,10.94,3,64
2261,"Apartament cu 3 camere, str Soporului, mobilat lux, parcare subterana","Sopor, Cluj-Napoca, Cluj",700,10.94,3,64
3,"Apartament modern 2 camere, 63 mp Gheorgheni, 4 min de Piata Cipariu","Marasti, Cluj-Napoca, Cluj",700,11.11,2,63
1065,"Apartament 2 camere, 2 locuri de parcare, Andrei Muresanu, Sigma","Strada Nicolae Colan, Buna Ziua, Cluj-Napoca, Cluj",700,11.29,2,62
1102,Apartament spre inchiriere cu 2 camere in Andrei Muresanu,"Andrei Muresanu, Cluj-Napoca, Cluj",700,11.29,2,62
211,Inchiriez apartament 2 camere pentru Untold,"Marasti, Cluj-Napoca, Cluj",700,11.67,2,60
1087,Inchiriez apt central str paris colt somesului 44,"Gruia, Cluj-Napoca, Cluj",700,11.67,2,60
1524,Apartament nemobilat 2 camere semicentral Scala Center NTT Data Bosch,"Centru, Cluj-Napoca, Cluj",700,12.28,2,57
1756,"Apartament 2 camere de inchiriat in Centru, Cluj Napoca","Marasti, Cluj-Napoca, Cluj",700,12.5,2,56
809,Apartament modern cu 3 camere în cartier Zorilor,"Zorilor, Cluj-Napoca, Cluj",700,12.73,3,55
1183,Apartament 2 camere | mobilat/utilat | 55 mp | Zona Centru,"Centru, Cluj-Napoca, Cluj",700,12.73,2,55
1352,"Apartament cu 2 camere, 55 mp, Strada Academician David Prodan","Gruia, Cluj-Napoca, Cluj",700,12.73,2,55
1478,Apartament 2 Camere | Modern | Central | Str. A. David Prodan,"Centru, Cluj-Napoca, Cluj",700,12.73,2,55
1603,"Apartament de 2 camere, mobilat utilat, zona Academician David Prodan","Centru, Cluj-Napoca, Cluj",700,12.73,2,55
1709,Apartament semidecomandat + terasa- Marasti,"Marasti, Cluj-Napoca, Cluj",700,12.73,2,55
1754,"Apartament 2 camere de inchiriat in Marasti, Cluj Napoca","Marasti, Cluj-Napoca, Cluj",700,12.73,2,55
1831,"Apartament 2 camere, 55 mp, modern, zona strazii Horea","Strada Decebal, Centru, Cluj-Napoca, Cluj",700,12.73,2,55
2024,"Comision 0! Apartament de lux cu 2 camere, cartier Buna Ziua","Buna Ziua, Cluj-Napoca, Cluj",700,12.73,2,55
2013,"2 camere decomandate, LUX, parcare, AC, Bonjour Residence, Buna Ziua","Buna Ziua, Cluj-Napoca, Cluj",700,12.86,2,54.44
2267,"Apartament in PARK LAKE, Cluj-Napoca","Intre Lacuri, Cluj-Napoca, Cluj",700,12.96,2,54
1555,"Apartament 2 camere,decomandat,GARAJ,ansamblu rezidential Buna-Ziua","Becas, Cluj-Napoca, Cluj",700,13.21,2,53
1562,"Apartament cu 2 camere de inchiriat, in cartierul Bună Ziua!","Buna Ziua, Cluj-Napoca, Cluj",700,13.21,2,53
1589,"Comision 0%! Apartament cu 2 camere, decomandat, Buna Ziua","Becas, Cluj-Napoca, Cluj",700,13.21,2,53
1521,"Apartament 2 camere de inchiriat, zona Iulius Mall","Gheorgheni, Cluj-Napoca, Cluj",700,13.46,2,52
2259,"Apartament de inchiriat, 2 camere, 52 mp, Centru","Strada Somesului, Marasti, Cluj-Napoca, Cluj",700,13.46,2,52
96,"AVEM 5 Apartamente 2 camere + balcon sau gradina,parcare | BUNA ZIUA","Buna Ziua, Cluj-Napoca, Cluj",700,14,2,50
390,"Apartament 2 camere, prima inchiriere, mobilat, Buna Ziua.","Strada Mircea Zaciu, Buna Ziua, Cluj-Napoca, Cluj",700,14,2,50
516,Apartament modern 2 camere,"Piata Mihai Viteazul, Centru, Cluj-Napoca, Cluj",700,14,2,50
517,"Apartament, 50 m²,","Marasti, Cluj-Napoca, Cluj",700,14,2,50
563,De inchiriat apartament cu 2 camere in centrul orasului,"Centru, Cluj-Napoca, Cluj",700,14,2,50
618,"Renovat! Apartament 2 camere, Centru, Cinema Florin Piersic+Parcare","Strada Andrei Saguna, Centru, Cluj-Napoca, Cluj",700,14,2,50
853,"Apartament de inchiriat , 2 camere , Centru","Gheorgheni, Cluj-Napoca, Cluj",700,14,2,50
866,"2 camere, modern, parcare, bloc nou, prima inchiriere Buna ziua","Buna Ziua, Cluj-Napoca, Cluj",700,14,2,50
867,"2 camere, modern, parcare, totul nou, Buna ziua, zona Mega Image","Buna Ziua, Cluj-Napoca, Cluj",700,14,2,50
870,"AVEM 5 Apartamente 2 camere + balcon sau gradina,parcare | BUNA ZIUA","Strada Mircea Zaciu, Buna Ziua, Cluj-Napoca, Cluj",700,14,2,50
917,"Apartamente de inchiriat cu 2 camere si parcare subterana, Buna Ziua","Buna Ziua, Cluj-Napoca, Cluj",700,14,2,50
1107,Apartament spre inchiriere cu 2 camere in Piata Mihai Viteazu!,"Centru, Cluj-Napoca, Cluj",700,14,2,50
1324,"Apartament, 2 camere, de închiriat, în Centru","Strada David Ferenc, Centru, Cluj-Napoca, Cluj",700,14,2,50
1350,"Apartament in zona Pietei Mihai Viteazul, cu parcare","Centru, Cluj-Napoca, Cluj",700,14,2,50
1397,"Apartament 2 camere decomandate, parcare, Ultracentral","Centru, Cluj-Napoca, Cluj",700,14,2,50
1400,"Apartament cu 2 camere, 50 mp, Piața Mihai Viteazu","Centru, Cluj-Napoca, Cluj",700,14,2,50
1798,Apartament decomandat+ balcon si parcare- Grigorescu,"Grigorescu, Cluj-Napoca, Cluj",700,14,2,50
151,"Apartament de inchiriat, 2 camere in P-ta Mihai Viteazu!","Centru, Cluj-Napoca, Cluj",700,14.58,2,48
388,Inchiriez ap 2 cam decomandat in Pta Mihai Viteazu,"Centru, Cluj-Napoca, Cluj",700,14.58,2,48
2155,Cauti chirie in Centrul orasului Cluj-Napoca? Suntem aici pentru tine!,"Centru, Cluj-Napoca, Cluj",700,14.58,1,48
1956,Spatiu de birouri spre inchiriere in Andrei Muresanu!,"Andrei Muresanu, Cluj-Napoca, Cluj",700,15.56,2,45
851,Apartament 2 camere de inchiriat\LUX\Loc de parcare\ zona Buna-Ziua,"Buna Ziua, Cluj-Napoca, Cluj",700,16.28,2,43
939,Apartamente de inchiriat in Buna ziua!,"Strada Mircea Zaciu, Buna Ziua, Cluj-Napoca, Cluj",700,16.28,2,43
1414,"Apartament in Buna Ziua cu gradina si parcare, bloc nou","Buna Ziua, Cluj-Napoca, Cluj",700,16.28,2,43
2136,apartament de inchiriat- Cartierul Marasti,"Marasti, Cluj-Napoca, Cluj",700,18.92,2,37
661,Apartament Untold/Electric Castle 6 persoane,"Marasti, Cluj-Napoca, Cluj",704.23,10.83,1,65
1996,"Apartament cu 2 camere, 78 mp, garaj, zona strazii Paris","Aleea Slanic, Gheorgheni, Cluj-Napoca, Cluj",720,9.23,2,78
340,Inchiriez Ap. American Village,"Marasti, Cluj-Napoca, Cluj",720,9.6,2,75
1979,Apartament 3 camere zona str Decebal,"Marasti, Cluj-Napoca, Cluj",720,12,3,60
2172,Apartament 4 camere | Ultracentral | Zona Eroilor,"Centru, Cluj-Napoca, Cluj",730,7.68,4,95
480,Apartament 3 camere | mobilat/utilat | 68 mp | Zona Farmec,"Marasti, Cluj-Napoca, Cluj",730,10.74,3,68
1076,"Apartament cu 3 camere în Mărăști, zona Calea București","Marasti, Cluj-Napoca, Cluj",730,10.74,3,68
1207,"Pet friendly! Apartament 3 camere, Marasti, zona Blocul Spray","Strada Bucuresti, Marasti, Cluj-Napoca, Cluj",730,10.74,3,68
1274,Prima Inchiriere | Apartament Cu 3 Camere Decomandate | Parcare | Mar,"Marasti, Cluj-Napoca, Cluj",730,10.74,3,68
1308,"Apartament 3 camere, prima inchiriere, mobilat, utilat, Marasti.","Strada Bucuresti, Marasti, Cluj-Napoca, Cluj",730,10.74,3,68
77,"De inchiriat apartament 2 camere, Piata Mihai Viteazul, LUX","Piata Mihai Viteazul, Centru, Cluj-Napoca, Cluj",741,14.82,2,50
2284,Apartament 3 camere | decomandat | modern | Andrei Muresanu,"Andrei Muresanu, Cluj-Napoca, Cluj",749,9.36,3,80
1243,"2 camere, modern, parcare, bloc nou, AC, Record Park, zona Bosch, Ntt","Marasti, Cluj-Napoca, Cluj",749,9.73,2,77
2072,Apartament deosebit spre inchiriere cu 2 camere si dressing in Piata C,"Gheorgheni, Cluj-Napoca, Cluj",749,10.7,2,70
1981,"3 camere , modern, prima inchiriere, Scala Frunzisului, Zorilor, LIDL","Manastur, Cluj-Napoca, Cluj",749,11.89,3,63
1902,"Apartament 2 camere, MODERN\LOC DE PARCARE SUBTERAN, Bonjour Residence","Buna Ziua, Cluj-Napoca, Cluj",749,13.76,2,54.44
359,"2 camere, modern, bloc nou,Gheorgheni, zona Iulius mall, Park Lake","Intre Lacuri, Cluj-Napoca, Cluj",749,14.13,2,53
786,"Apartament 2 camere LUX 50mp,balcon,parcare, Buna Ziua","Buna Ziua, Cluj-Napoca, Cluj",749,14.98,2,50
833,"Prima inchiriere! Apartament 2 camere, 50 mp, garaj, terasa, Buna Ziua","Strada Erkel Ferenc, Buna Ziua, Cluj-Napoca, Cluj",749,14.98,2,50
1452,"Apartament 3 camere de inchiriat in Andrei Muresanu, Cluj Napoca","Marasti, Cluj-Napoca, Cluj",750,6.82,3,110
1753,"Apartament 3 camere de inchiriat in Buna Ziua, Cluj Napoca","Marasti, Cluj-Napoca, Cluj",750,6.82,3,110
1925,Apartament cu 4 camere in Grigorescu,"Grigorescu, Cluj-Napoca, Cluj",750,7.5,4,100
2031,"Apartament 4 camere, decomandat, 100mp, zona strazii Donath","Strada Hateg, Grigorescu, Cluj-Napoca, Cluj",750,7.5,4,100
2083,Apartament cu 4 camere de inchiriat in zona Grigorescu,"Grigorescu, Cluj-Napoca, Cluj",750,7.5,4,100
1164,"Proprietar dau in chirie Apt Ultracentral 3 camere, 2 bai, Bd. Eroilor","Marasti, Cluj-Napoca, Cluj",750,7.89,3,95
2151,Apartament 3 camere zona Bradutului Andrei Muresanu,"Andrei Muresanu, Cluj-Napoca, Cluj",750,8.33,3,90
2018,Andrei Muresanu | Apartament 3 camere | Modern | Complet mobilat si ut,"Andrei Muresanu, Cluj-Napoca, Cluj",750,8.72,3,86
914,"Apartament 3 camere la casa, 80 mp, curte, zona Piata 1 Mai","Strada Piata 1 Mai, Bulgaria, Cluj-Napoca, Cluj",750,9.38,3,80
1788,PET FRIENDLY | 3 Camere Cu Parcare | Terasa de 12 MP | Zona Andrei Mur,"Buna Ziua, Cluj-Napoca, Cluj",750,9.38,3,80
2073,Apartament 2 camere | 78 mp | parcare | 2 balcoane | semicentral,"Marasti, Cluj-Napoca, Cluj",750,9.62,2,78
2078,"Apartament spatios 78 mp, centru plus parcare subterana","Centru, Cluj-Napoca, Cluj",750,9.62,2,78
60,"Apartament 3 camere, S- 76 mp, mobilat, zona USAMV.","Strada Marginasa, Zorilor, Cluj-Napoca, Cluj",750,9.87,3,76
83,Ap 3 camere zona Platinia USAMV,"Marasti, Cluj-Napoca, Cluj",750,9.87,3,76
1598,"Apartament 2 camere Bonjour Residence, Buna Ziua","Buna Ziua, Cluj-Napoca, Cluj",750,10.08,2,74.44
15,"Apartament cu parcare, zona Iulius Mall","Gheorgheni, Cluj-Napoca, Cluj",750,10.71,3,70
121,"Apartament 3 camere, Str. Venus","Marasti, Cluj-Napoca, Cluj",750,10.71,3,70
1406,Apartament semidecomandat+ balcon- Centru Cluj-Napoca,"Centru, Cluj-Napoca, Cluj",750,10.87,2,69
454,"Apartament 3 camere - Zona Farmec, Cartier Marasti","Marasti, Cluj-Napoca, Cluj",750,11.03,3,68
968,"Apartament moden 3 camere,67mp,balcon,parcare,Constantin Brancusi","Gheorgheni, Cluj-Napoca, Cluj",750,11.19,3,67
1449,"Apartament 2 camere de inchiriat in Centru, Cluj Napoca","Marasti, Cluj-Napoca, Cluj",750,11.36,2,66
349,Inchiriere apartament cu 2 camere Central. Comision 0!,"Centru, Cluj-Napoca, Cluj",750,11.38,2,65.92
696,Apartament PREMIUM 2 camere + balcon | parcare subterana | RECORD PARK,"Marasti, Cluj-Napoca, Cluj",750,11.54,2,65
1369,"Închiriez apartament 2 camere, zona Ultracentrală","Marasti, Cluj-Napoca, Cluj",750,11.54,2,65
2004,3 CAMERE | INTRE LACURI | LOC DE PARCARE | BALCON,"Intre Lacuri, Cluj-Napoca, Cluj",750,11.54,3,65
2082,Apartament semidecomandat+ balcon- Intre Lacuri,"Intre Lacuri, Cluj-Napoca, Cluj",750,11.54,3,65
680,"Apartament 3 camere, central, 60 mp, etaj 2, Piata Mihai Viteazu","Marasti, Cluj-Napoca, Cluj",750,12.5,3,60
1612,"Apartament la prima inchiriere, 3 camere si garaj, Scala Frunzisului","Manastur, Cluj-Napoca, Cluj",750,12.5,3,60
1673,"Apartament 3 camere, 60mp,balcon,parcare, bloc nou, Scala Frunzisului","Zorilor, Cluj-Napoca, Cluj",750,12.5,3,60
2215,"Studio modern, 60 mp, prima inchiriere, zona Ultracentrala","Strada Iuliu Maniu, Centru, Cluj-Napoca, Cluj",750,12.5,1,60
497,Apartament PREMIUM 2 camere + balcon | parcare subterana | RECORD PARK,"Marasti, Cluj-Napoca, Cluj",750,12.71,2,59
729,"APARTAMENT 2 CAMERE, PARCARE, ZONA PLATINIA, CENTRU","Plopilor, Cluj-Napoca, Cluj",750,12.71,2,59
743,"Apartament in bloc nou, 2 camere, de închiriat, în Centru","Calea Motilor, Centru, Cluj-Napoca, Cluj",750,12.71,2,59
842,Apartament 2 camere | 59mp + balcon | parcare subterana I Marasti,"Marasti, Cluj-Napoca, Cluj",750,12.71,2,59
1138,"Apartament 2 camere, Modern, Parcare, Marasti, The Office","Bulevardul 21 Decembrie 1989, Marasti, Cluj-Napoca, Cluj",750,12.71,2,59
1220,"Chirie apartament semicentral, langa The Office","Marasti, Cluj-Napoca, Cluj",750,12.71,2,59
1222,"Apartament 2 camere, LUX, parcare, zona Record Park","Strada Scortarilor, Marasti, Cluj-Napoca, Cluj",750,12.71,2,59
1230,"Apartament cu 2 camere, 59 mp, Strada Onisifor Ghibu","Centru, Cluj-Napoca, Cluj",750,12.71,2,59
524,"Apartament cu 2 camere, 55mp, parcare, Zona Bonjour Residence","Strada Stefan Luchian, Buna Ziua, Cluj-Napoca, Cluj",750,13.64,2,55
734,"Terasa! Apartament modern 2 camere, Buna Ziua, zona LIDL+Garaj","Strada Mircea Zaciu, Buna Ziua, Cluj-Napoca, Cluj",750,13.64,2,55
2006,"2 camere , lux , bloc nou, parcare subterana,ZORILOR-FRUNISULUI, WINGS","Manastur, Cluj-Napoca, Cluj",750,13.64,2,55
2016,"Inchiriere 2 camere, ultrafinisat, Buna Ziua, la cheie","Buna Ziua, Cluj-Napoca, Cluj",750,13.64,2,55
1764,"Apartament 2 camere de inchiriat in Buna Ziua, Cluj Napoca","Marasti, Cluj-Napoca, Cluj",750,13.76,2,54.5
1613,"Apartament de inchiriat, 2 camere , 54,44 mp , Zona Bonjur Residence","Buna Ziua, Cluj-Napoca, Cluj",750,13.78,2,54.44
1897,"Apartament 2 camere + terasa + parcare subterana, in Buna Ziua!","Buna Ziua, Cluj-Napoca, Cluj",750,13.78,2,54.44
2022,"Apartament modern 2 cam, terasa, parcare, Buna Ziua zona Mega Image","Buna Ziua, Cluj-Napoca, Cluj",750,13.78,2,54.44
1661,"Apartament 2 camere, terasa, parcare, Buna Ziua, zona Bonjoure Residen","Strada Mircea Zaciu, Buna Ziua, Cluj-Napoca, Cluj",750,13.89,2,54
2021,Apartament cu 2 camere spre inchiriere in cartierul Buna Ziua,"Buna Ziua, Cluj-Napoca, Cluj",750,13.89,2,54
2184,"193174-Inchiriere apartament 2 camere, Buna ziua, Cluj-Napoca","Buna Ziua, Cluj-Napoca, Cluj",750,13.89,2,54
2343,"2 camere, LUX, decomandat, parcare, cartier INTRE LACURI, IULIUS MALL","Intre Lacuri, Cluj-Napoca, Cluj",750,14.15,2,53
636,"Apartament ULTRAFINISAT. Prima inchiriere, 2 camere, parcare, Andrei M","Strada Nicolae Colan, Buna Ziua, Cluj-Napoca, Cluj",750,14.42,2,52
721,Zona Semicentrala Parcare Subterana,"Strada Scortarilor, Marasti, Cluj-Napoca, Cluj",750,14.42,2,52
389,"Apartament 2 camere, prima inchiriere, mobilat, Buna Ziua.","Strada Mircea Zaciu, Buna Ziua, Cluj-Napoca, Cluj",750,15,2,50
653,Apartament 2 camere de inchiriat\LUX\Loc de parcare\ zona Buna-Ziua,"Buna Ziua, Cluj-Napoca, Cluj",750,15,2,50
689,"Apartament cu 2 camere, finisat mobilat modern, parcare, Buna Ziua","Buna Ziua, Cluj-Napoca, Cluj",750,15,2,50
872,"Comision 0%! Apartament cu 2 camere, semidecomandat, zona Buna Ziua","Buna Ziua, Cluj-Napoca, Cluj",750,15,2,50
1370,"Apartament cu 2 camere, 50 mp, parcare, prima inchiriere, zona...","Piata Mihai Viteazul, Centru, Cluj-Napoca, Cluj",750,15,2,50
2127,Apartament semidecomandat+ terasa- Gheorgheni,"Gheorgheni, Cluj-Napoca, Cluj",750,16.3,2,46
2202,"Apartament deosebit, ultracentral, mobilat si utilat","Centru, Cluj-Napoca, Cluj",760,12.26,1,62
1477,"Apartament 2 camere, lux zona Sigma","Strada Plaiuri, Buna Ziua, Cluj-Napoca, Cluj",770,11.85,2,65
1582,Ap. Andrei Muresanu | 2 Camere | Centrala | Parcare | Semineu | Stil n,"Strada Plaiuri, Buna Ziua, Cluj-Napoca, Cluj",770,11.85,2,65
92,"Apartament nou, 2 camere + balcon, parcare | PARK LAKE - Iulius Mall","Intre Lacuri, Cluj-Napoca, Cluj",780,14.72,2,53
243,OPORTUNITATE!!Apartament 2 camere LUX/PARK LAKE,"Intre Lacuri, Cluj-Napoca, Cluj",780,14.72,2,53
247,"Apartament 2 camere, Park Lake 2, Ultra Modern, Iulius Mall","Strada Intre Lacuri, Intre Lacuri, Cluj-Napoca, Cluj",780,14.72,2,53
294,"Apartament nou, 2 camere + balcon, parcare | PARK LAKE - Iulius Mall","Strada Tulcea, Intre Lacuri, Cluj-Napoca, Cluj",780,14.72,2,53
342,"Apartament 2 camere de inchiriat, zona Intre Lacuri","Intre Lacuri, Cluj-Napoca, Cluj",780,14.72,2,53
2382,"Apartament modern 2 camere 53mp,balcon, parcare, Intre Lacuri, Iulius","Intre Lacuri, Cluj-Napoca, Cluj",780,14.72,2,53
364,"Apartament 2 camere, decomandat, mobilat, utilat, Park Lake.","Strada Intre Lacuri, Intre Lacuri, Cluj-Napoca, Cluj",780,15,2,52
695,Prima Inchiriere | Apartament ULTRAFINISAT 3 camere - CENTRU,"Gruia, Cluj-Napoca, Cluj",785,9.24,3,85
102,Prima Inchiriere | Apartament ULTRAFINISAT 3 camere - CENTRU,"Gruia, Cluj-Napoca, Cluj",785,9.81,3,80
894,Prima Inchiriere | Apartament ULTRAFINISAT 3 camere - CENTRU,"Strada Crisan, Gruia, Cluj-Napoca, Cluj",785,9.81,3,80
426,"Apartament cu 3 camere, 80 mp, Strada Crisan","Centru, Cluj-Napoca, Cluj",789,9.86,3,80
433,"Prima inchiriere! Apartament 3 camere, Semicentral, zona Horea","Strada Crisan, Gruia, Cluj-Napoca, Cluj",789,9.86,3,80
686,Apartament 3 camere 80mp! Ultrafinisat! Modern! Zona centrala!,"Marasti, Cluj-Napoca, Cluj",789,9.86,3,80
828,"Apartament de inchiriat 3 camere, zona Centrala, Mihai Viteazul","Gruia, Cluj-Napoca, Cluj",789,9.86,3,80
996,Apartament 3 camere ultramodern centru,"Marasti, Cluj-Napoca, Cluj",789,9.86,3,80
2092,"Apartament 3 camere, ultracentral, 80mp,Superfinisat ,Zona Horea","Strada Crisan, Gruia, Cluj-Napoca, Cluj",789,9.86,3,80
2009,Spatiu de birouri spre inchiriere in centru!,"Centru, Cluj-Napoca, Cluj",790,7.52,2,105
1030,Apartament 4 camere | Intermediar | Mobilat | Zona Zorilor Gh.Dima,"Zorilor, Cluj-Napoca, Cluj",790,9.63,4,82
836,"Apartament lux cu 3 camere, zona centrala","Centru, Cluj-Napoca, Cluj",790,9.88,3,80
920,"Apartament 3 camere, S- 80 mp, mobilat, utilat, Central.","Strada Izlazului, Manastur, Cluj-Napoca, Cluj",790,9.88,3,80
2394,"Apartament 3 camere, Ultramodern, Andrei Muresanu, Zona Engels+ Garaj","Strada Iosif Vulcan, Andrei Muresanu, Cluj-Napoca, Cluj",790,10.97,3,72
832,Apartament cu parcare pe Aleea Baisoara,"Gheorgheni, Cluj-Napoca, Cluj",790,11.29,4,70
1462,"Apartament semidecomandat de inchiriat, cu 4 camere, in zona Gheorghen","Gheorgheni, Cluj-Napoca, Cluj",790,11.29,4,70
1492,"Apartament 4 camere, parcare zona Gheorgheni","Gheorgheni, Cluj-Napoca, Cluj",790,11.29,4,70
1499,"Apartament 4 camere, 70 mp, parcare, Aleea Baisoara","Aleea Baisoara, Sopor, Cluj-Napoca, Cluj",790,11.29,4,70
878,Apartament Decomandat Zona Linistita,"Strada Liviu Rebreanu, Gheorgheni, Cluj-Napoca, Cluj",790,11.97,4,66
2101,"Apartament semidecomandat+ balcon deschis- Buna Ziua, Cluj","Buna Ziua, Cluj-Napoca, Cluj",790,11.97,3,66
1013,"Apartament 2 camere, parcare subterana, ULTRAMODERN, zona Golden Tulip","Zorilor, Cluj-Napoca, Cluj",790,12.54,2,63
1794,Apartament spre inchiriere cu 2 camere in Zorilor,"Zorilor, Cluj-Napoca, Cluj",790,13.17,2,60
2015,"Apartament cu doua camere, prima inchiriere, strada Pasteur","Zorilor, Cluj-Napoca, Cluj",790,15.8,2,50
1546,"Penthouse de inchiriat, 5 camere, 160, Gruia","Gruia, Cluj-Napoca, Cluj",799,4.99,5,160
562,"For rent! Big apartament with 3 rooms, Plopilor, near to USAMV/Center","Plopilor, Cluj-Napoca, Cluj",799,7.99,3,100
2119,"3 camere, mobilat modern, parcare, AC, bloc nou, cartierul Buna Ziua","Buna Ziua, Cluj-Napoca, Cluj",799,12.11,3,66
61,Apartament Superb 3 Camere | Prima Inchiriere | Marasti !,"Marasti, Cluj-Napoca, Cluj",799,12.48,3,64
790,"3 camere, modern, bloc nou, parcare, Marasti,zona Piata Marasti, OMV","Marasti, Cluj-Napoca, Cluj",799,12.68,3,63
2014,"2 camere modern, parcare subterana, Zorilor, Golden Tulip, Frunzisului","Zorilor, Cluj-Napoca, Cluj",799,12.68,2,63
2141,"2 camere open space, de LUX, AC, parcare subterana, Plopilor","Plopilor, Cluj-Napoca, Cluj",799,14.53,2,55
1610,"2 camere, lux, bloc nou, parcare, AC, zona centrala, Traian Mosoiu","Gheorgheni, Cluj-Napoca, Cluj",799,15.98,2,50
1633,"2 camere, bloc nou,terasa, parcare, AC, zona centrala, Traian Mosoiu","Centru, Cluj-Napoca, Cluj",799,15.98,2,50
2308,"2 camere, mobilat lux, parcare, AC, bloc nou, zona centrala","Gheorgheni, Cluj-Napoca, Cluj",799,15.98,2,50
1801,"Apartament cu 5 camere, 150 mp, scara interioara, zona 7 strazi","Strada Mecanicilor, Gruia, Cluj-Napoca, Cluj",800,5.33,5,150
1666,"De inchiriat spatiu de birouri in vila,4 camere","Andrei Muresanu, Cluj-Napoca, Cluj",800,7.14,4,112
1425,"Inchiriere apartament 4 camere confort marit, str. Dunarii","Marasti, Cluj-Napoca, Cluj",800,7.27,4,110
20,Apartament de 4 camere semidecomandat in Buna Ziua,"Marasti, Cluj-Napoca, Cluj",800,7.62,4,105
156,Apartament 4 camere | Parcare | Zona Buna Ziua,"Strada Mircea Zaciu, Buna Ziua, Cluj-Napoca, Cluj",800,7.62,4,105
2081,"Apartament decomandat de inchiriat, cu balcon deschis- Intre Lacuri, C","Intre Lacuri, Cluj-Napoca, Cluj",800,7.84,4,102
1917,"Apartament decomandat de inchiriat, cu terasa- Grigorescu","Grigorescu, Cluj-Napoca, Cluj",800,8,4,100
1976,Inchiriez Apartament 4 Camere Decomandate | Ideal Birou | Strada Hateg,"Grigorescu, Cluj-Napoca, Cluj",800,8,4,100
2001,4 CAMERE || SPATIU BIROURI || CENTRALA || GRIGORESCU,"Grigorescu, Cluj-Napoca, Cluj",800,8,4,100
2035,Grigorescu | Apartament 4 camere | Balcon,"Strada Hateg, Grigorescu, Cluj-Napoca, Cluj",800,8,4,100
2085,Disponibil | Apartament 4 camere 100mp | zona Interservisan Gheorgheni,"Gheorgheni, Cluj-Napoca, Cluj",800,8,4,100
2086,"Apartament cu 4 camere, 100 mp utili, situat in cartierul Grigorescu!","Strada Hateg, Grigorescu, Cluj-Napoca, Cluj",800,8,4,100
530,"Aparetament cu 4 camere, 99 mp, Strada Hațeg","Plopilor, Cluj-Napoca, Cluj",800,8.08,4,99
169,"4 Camere, parcare, prima Inchiriere, Intre Lacuri, zona Iulius Mall","Intre Lacuri, Cluj-Napoca, Cluj",800,8.16,4,98
1890,"Apartament 3 camere, finisat si mobilat, zona USAMV, UMF","Zorilor, Cluj-Napoca, Cluj",800,8.6,3,93
1717,"2 camere decomandate la casa, parcare, Grigorescu, zona Cetatuie","Gruia, Cluj-Napoca, Cluj",800,8.7,2,92
1906,"Apartament 3 camere 92mp,2 balcoane,Zorilor, zona UMF","Zorilor, Cluj-Napoca, Cluj",800,8.7,3,92
1806,"4 camere, parcare, zona Gradinii Botanice","Aleea Mestecenilor, Zorilor, Cluj-Napoca, Cluj",800,8.89,4,90
2183,Apartament 4 camere,"Marasti, Cluj-Napoca, Cluj",800,8.89,4,90
1658,Apartament 3 camere | Ultracentral | Piata Muzeului,"Centru, Cluj-Napoca, Cluj",800,9.41,3,85
374,Apartament semidecomandat+ balcon deschis- Grigorescu,"Grigorescu, Cluj-Napoca, Cluj",800,10,3,80
922,"Apartament 4 camere, etaj 1, Zorilor, zona Gheorghe Dima","Strada Gheorghe Dima, Zorilor, Cluj-Napoca, Cluj",800,10,4,80
1329,"Apartament 4 camere, Zorilor, zona Piata Zorilor si UMF","Strada Gheorghe Dima, Zorilor, Cluj-Napoca, Cluj",800,10,4,80
1339,Ap. Zorilor | 4 camere | izolat | decomandat | etaj 1 |,"Zorilor, Cluj-Napoca, Cluj",800,10,4,80
1518,"Apartament 4 camere, 80 mp, in zona strazii Gheorghe Dima, Zorilor","Strada Gheorghe Dima, Zorilor, Cluj-Napoca, Cluj",800,10,4,80
1175,Apartament cu 3 camere de inchiriat in Buna Ziua!,"Buna Ziua, Cluj-Napoca, Cluj",800,10.81,3,74
417,"Apartament ultrafinisat cu 4 camere, in Piata Zorilor!","Zorilor, Cluj-Napoca, Cluj",800,10.96,4,73
29,Inchiriez ap 3 camere cu gradina si garaj in Buna Ziua,"Marasti, Cluj-Napoca, Cluj",800,11.43,3,70
1970,SPATIU DE BIROURI || CENTRU || CENTRALA,"Centru, Cluj-Napoca, Cluj",800,11.43,2,70
10,Apartament Pet Friendly | 3 camere | Lux | Curte |2 Parcari,"Strada Gherase Dendrino, Faget, Cluj-Napoca, Cluj",800,11.76,3,68
737,"Pet friendly! Apartament deosebit 2 camere, Centru, zona Tribunalului","Calea Dorobantilor, Centru, Cluj-Napoca, Cluj",800,12.5,2,64
1126,Apartament LUX cu 2 camere în zonă centrală,"Marasti, Cluj-Napoca, Cluj",800,12.5,2,64
1584,"Apartament modern cu 2 cam, 64 mp, Zorilor","Strada Armoniei, Zorilor, Cluj-Napoca, Cluj",800,12.5,2,64
1766,"Apartament 2 camere de inchiriat in Centru, Cluj Napoca","Marasti, Cluj-Napoca, Cluj",800,12.5,2,64
1934,"Apartament cu 2 camere PREMIUM Zorilor, Golden Tulip.","Zorilor, Cluj-Napoca, Cluj",800,12.5,2,64
2313,"Apartament 2 camere, ultrafinisat, etaj 2, zona Dorobantilor","Centru, Cluj-Napoca, Cluj",800,12.5,2,64
363,"21 Decembrie, 3 camere, prima inchiriere, parcare, bloc nou 2023","Strada Ialomitei, Marasti, Cluj-Napoca, Cluj",800,12.7,3,63
519,"Apartament 2 camere, LUX, mobilat, zona Golden Tulip.","Strada Armoniei, Zorilor, Cluj-Napoca, Cluj",800,12.7,2,63
573,"APARTAMENT 3 CAMERE,PARCARE,MARASTI","Marasti, Cluj-Napoca, Cluj",800,12.7,3,63
593,"Nou! Apartament 3 camere, Marasti, zona Iulius Mall+Garaj","Strada Teleorman, Marasti, Cluj-Napoca, Cluj",800,12.7,3,63
621,"Apartament de Top, 3 cam/63mp, Prima inchiriere, Parcare,Str.Ialomitei","Marasti, Cluj-Napoca, Cluj",800,12.7,3,63
667,Apartament 3 camere de inchiriat\LUX\zona Marasti,"Marasti, Cluj-Napoca, Cluj",800,12.7,3,63
675,"Apartament de inchiriat cu 3 camere , Marasti","Marasti, Cluj-Napoca, Cluj",800,12.7,3,63
840,"Apartament in bloc nou, 1 camera, de închiriat, în Zorilor","Strada Armoniei, Zorilor, Cluj-Napoca, Cluj",800,12.7,1,63
908,"Apartament 2 camere | mobilat, utilat | 63mp | parcare I Zorilor","Zorilor, Cluj-Napoca, Cluj",800,12.7,2,63
985,"Apartament 2 camere in Zorilor, bloc nou, cu parcare","Zorilor, Cluj-Napoca, Cluj",800,12.7,2,63
1024,Apartament la cheie parcare subterana,"Strada Gheorghe Dima, Zorilor, Cluj-Napoca, Cluj",800,12.7,2,63
1035,"Apartament cu 2 camere, 63 mp, Strada Armoniei","Europa, Cluj-Napoca, Cluj",800,12.7,2,63
1039,Apartament semidecomandat+parcare- Zorilor,"Zorilor, Cluj-Napoca, Cluj",800,12.7,2,63
1053,"Apartament ultramodern, 2 camere, parcare, zona Golden Tulip","Zorilor, Cluj-Napoca, Cluj",800,12.7,2,63
1318,Apartament 3 camere cu parcare subterana Marasti,"Intre Lacuri, Cluj-Napoca, Cluj",800,12.7,3,63
2034,"Apartament 2 camere, 63 mp, parcare subterana, Zorilor","Zorilor, Cluj-Napoca, Cluj",800,12.7,2,63
1733,Comision 0% Apartament cu 3 camere zona Garii,"Centru, Cluj-Napoca, Cluj",800,12.9,3,62
104,"Apartament PRIMA Inchiriere 3 camere,bloc 2023 | parcare - IULIUS MALL","Marasti, Cluj-Napoca, Cluj",800,13.11,3,61
304,"Apartament de 3 camere, 61 mp Zona Iulius Mall","Marasti, Cluj-Napoca, Cluj",800,13.11,3,61
600,Apartament superfinisat cu garaj la prima inchiriere,"Marasti, Cluj-Napoca, Cluj",800,13.11,3,61
764,"Apartament cu 3 camere, 61 mp, modern, prima inchiriere, zona...","Strada Dambovitei, Intre Lacuri, Cluj-Napoca, Cluj",800,13.11,3,61
829,"Comision 0% Apartament 3 camere, Str Aurel Vlaicu","Strada Aurel Vlaicu, Intre Lacuri, Cluj-Napoca, Cluj",800,13.11,3,61
879,"Apartament cu 3 camere, 61 mp, Bulevardul 21 Decembrie","Marasti, Cluj-Napoca, Cluj",800,13.11,3,61
901,"Apartament PRIMA Inchiriere 3 camere,bloc 2023 | parcare - IULIUS MALL","Strada Aurel Vlaicu, Intre Lacuri, Cluj-Napoca, Cluj",800,13.11,3,61
930,Prima Inchiriere apartament cu 3 camere in Marasti!,"Marasti, Cluj-Napoca, Cluj",800,13.11,3,61
978,"21 Decembrie, ultracentral, 3 camere, prima inchiriere, parcare, nou","Marasti, Cluj-Napoca, Cluj",800,13.11,3,61
1450,"Apartament 2 camere de inchiriat in Centru, Cluj Napoca","Marasti, Cluj-Napoca, Cluj",800,13.33,2,60
88,Apartament ultrafinisat in Andrei Muresanu sud,"Buna Ziua, Cluj-Napoca, Cluj",800,13.56,2,59
1744,"Ap. cu 2 camere, zona Semicentrala, parcare subterana","Marasti, Cluj-Napoca, Cluj",800,13.56,2,59
2266,"Apartament decomandat de inchiriat, cu 2 camere- CENTRU","Centru, Cluj-Napoca, Cluj",800,13.79,2,58
793,Apartament la cheie Parcare subterana,"Strada Teodor Mihali, Gheorgheni, Cluj-Napoca, Cluj",800,14.04,3,57
921,"Apartament 3 camere de inchiriat, parcare, prima inchiriere","Marasti, Cluj-Napoca, Cluj",800,14.29,3,56
633,"Apartament de lux 2 camere, Grigorescu, Taietura Turcului+Garaj","Strada Taietura Turcului, Grigorescu, Cluj-Napoca, Cluj",800,14.55,2,55
999,"2 camere de lux in Buna Ziua, garaj, terasa, bloc mic","Strada Buna Ziua, Buna Ziua, Cluj-Napoca, Cluj",800,14.55,2,55
1611,LUX | Prima Inchiriere | Apartament 2 Camere | Parcare | Taietura Turc,"Gruia, Cluj-Napoca, Cluj",800,14.55,2,55
1835,"Ap.2 cam la prima inchiriere, finisat lux, garaj,bl.nou Sigma","Buna Ziua, Cluj-Napoca, Cluj",800,14.81,2,54
1836,"Ap.2 cam, prima inchiriere, finisat lux, garaj,ans.Andrei Muresanu Sud","Andrei Muresanu, Cluj-Napoca, Cluj",800,14.81,2,54
1688,Apartament 2 camere de lux | Panoramica | Garaj | Andrei Muresanu!,"Andrei Muresanu, Cluj-Napoca, Cluj",800,15.38,2,52
1458,"Apartament 2 camere de inchiriat in Centru, Cluj Napoca","Marasti, Cluj-Napoca, Cluj",800,17.39,2,46
848,"Apartament de inchiriat , 2 camere , Centru","Gheorgheni, Cluj-Napoca, Cluj",800,17.78,2,45
888,"2 camere, decomandat, 45mp, zona Parcul Central","Strada Sindicatelor, Centru, Cluj-Napoca, Cluj",800,17.78,2,45
1422,"Studio de inchiriat, Zorilor, UMF, utilit&#259;&#539;i incluse, parcar","Strada Meteor, Zorilor, Cluj-Napoca, Cluj",800,17.78,1,45
779,"Apartament 2 camere de inchiriat in Centru, Cluj Napoca","Marasti, Cluj-Napoca, Cluj",800,19.05,2,42
1725,"Apartament de inchiriat, 2 camere, Centru","Gheorgheni, Cluj-Napoca, Cluj",800,19.05,2,42
2240,Închiriez apartament pentru Untold la 10 minute pe jos de festival,"Marasti, Cluj-Napoca, Cluj",804.83,12.98,2,62
1321,"Apartament cu 2 camere, 87mp, parcare, zona Parcului Central","Strada Serpuitoare, Gruia, Cluj-Napoca, Cluj",820,9.43,2,87
2061,"Inchiriere apartament la vila, cu 4 camere, in zona stadionului CFR!","Gruia, Cluj-Napoca, Cluj",840,6,4,140
1876,"2 camere, lux, parcare, Soporului, zona Grand Park, Pet Friendly","Gheorgheni, Cluj-Napoca, Cluj",849,14.15,2,60
2099,"Apartament 2 camere LUX, zona Platinia, AC, PRIMA INCHIRIERE","Plopilor, Cluj-Napoca, Cluj",849,14.89,2,57
936,"Apartament 3 dormitoare , Mircea Eliade Europa","Strada Mircea Eliade, Zorilor, Cluj-Napoca, Cluj",850,9.44,4,90
1951,"Apartament, 90 mp, strada Mestecenilor 3","Gheorgheni, Cluj-Napoca, Cluj",850,9.44,4,90
2050,Zorilor | Apartament 4 camere | Centrala | Modern,"Zorilor, Cluj-Napoca, Cluj",850,9.44,4,90
2222,Apartament 3 camere Andrei Muresanu || view panoramic,"Andrei Muresanu, Cluj-Napoca, Cluj",850,10.9,3,78
1840,"Apartament 3 camere pe 2 niveluri, 77mp, gradina, balcon, Europa","Europa, Cluj-Napoca, Cluj",850,11.04,3,77
647,"⊰TUR VIRTUAL⊱ 3 camere, 2 băi | 72 m² | TOTUL NOU | parcare | Traian","Strada Traian, Centru, Cluj-Napoca, Cluj",850,11.81,3,72
1781,"Apartament 2 camere, 70 mp, parcare, zona Lidl Frunzișului","Strada Armoniei, Zorilor, Cluj-Napoca, Cluj",850,12.14,2,70
2195,"Inchiriere apartament cu 3 camere ,panorama, 2 garaje zona Lidl Wings","Manastur, Cluj-Napoca, Cluj",850,12.14,3,70
2265,Apartament semidecomandat+ terasa- PARK LAKE,"Intre Lacuri, Cluj-Napoca, Cluj",850,12.14,3,70
1723,LUX | Apartament Ultrafinisat | 2 Camere | Prima Inchiriere | Zona Pla,"Plopilor, Cluj-Napoca, Cluj",850,12.5,2,68
1829,Apartament ultramodern,"Strada Trifoiului, Buna Ziua, Cluj-Napoca, Cluj",850,12.88,3,66
1878,"Apartament modern, cu garaj in Buna Ziua","Buna Ziua, Cluj-Napoca, Cluj",850,12.88,3,66
1939,Comision 0%. Apartament de protocol 3 camere Andrei Muresanu,"Buna Ziua, Cluj-Napoca, Cluj",850,12.88,3,66
2224,"Apartament 3 camere Parcare, zona Iulius Mall","Gheorgheni, Cluj-Napoca, Cluj",850,13.08,3,65
1657,Apartament | Lux | 2 Camere |zona Platinia| PRIMA INCHIRIERE!,"Plopilor, Cluj-Napoca, Cluj",850,14.66,2,58
1989,Zona Platinia | Spatios | Finisaje de Calitate | Design Primitor,"Plopilor, Cluj-Napoca, Cluj",850,14.66,2,58
1389,"COMISION 0% Apartament 2 camere de inchiriat, zona Platinia","Plopilor, Cluj-Napoca, Cluj",850,14.91,2,57
1466,"Comision 0%. Inchiriere 2 camere bloc nou, Parcul Rozelor, Plopilor","Plopilor, Cluj-Napoca, Cluj",850,15.18,2,56
1864,Apartament LUX spre inchiriere cu 2 camere in Andrei Muresanu,"Buna Ziua, Cluj-Napoca, Cluj",850,15.18,2,56
300,"Apartament 2 camere + parcare,terasa 25mp | servicii curatenie | SEMIC","Strada Plopilor, Plopilor, Cluj-Napoca, Cluj",850,16.04,2,53
261,De închiriat apartament cu 2 camere lângă Parcul Central,"Centru, Cluj-Napoca, Cluj",850,17,2,50
681,Apartament 2 camere in centrul orasului Cluj Napoca,"Centru, Cluj-Napoca, Cluj",850,17,2,50
1440,Ultracentral I 2 camere I 2 dormitoare I 2 băi,"Centru, Cluj-Napoca, Cluj",850,17,2,50
2113,"Apartament semidecomandat+ parcare si balcon- Marasti, zona The Office","Marasti, Cluj-Napoca, Cluj",850,17,2,50
1760,"Apartament 2 camere de inchiriat in Zorilor, Cluj Napoca","Marasti, Cluj-Napoca, Cluj",850,17.71,2,48
1960,Apartament semidecomandat+ terasa- Gheorgheni,"Gheorgheni, Cluj-Napoca, Cluj",850,18.89,2,45
1763,"Apartament 2 camere de inchiriat in Gheorgheni, Cluj Napoca","Marasti, Cluj-Napoca, Cluj",850,19.32,2,44
826,"3 dormitoare decomandate,2 bai, 1 terasa, 120 mp, zona Centrala","Strada Cuza Voda, Centru, Cluj-Napoca, Cluj",870,7.25,4,120
988,"Prima inchiriere, Apartament 3 camere, parcare, boxa, strada Traian","Gheorgheni, Cluj-Napoca, Cluj",880,12.57,3,70
916,"Apartament 3 camere + parcare, NOU, 70mp, Ultracentral, zona NTT Data","Centru, Cluj-Napoca, Cluj",890,12.71,3,70
381,Apartament de închiriat Untold 2-7aug,"Dambul Rotund, Cluj-Napoca, Cluj",890,16.18,2,55
760,"Apartament MODERN 3 camere Marasti, zona The Office","Marasti, Cluj-Napoca, Cluj",899,12.49,3,72
1824,"PET FRIENDLY! Apartament De Lux | 2 Camere Cu Parcare Subterana, Zona","Sopor, Cluj-Napoca, Cluj",899,15.5,2,58
1808,"3 camere, LUX, parcare subterana, AC, bloc nou, Traian Mosoiu","Gheorgheni, Cluj-Napoca, Cluj",899,16.65,3,54
637,Apartament de închiriat în casă lângă Grădina Botanică si UMF,"Marasti, Cluj-Napoca, Cluj",900,9,3,100
1471,Penthouse cu panorama in zona Gradinii Botanice,"Zorilor, Cluj-Napoca, Cluj",900,9,3,100
1485,Apartament decomandat+ 2 balcoane- Zorilor,"Zorilor, Cluj-Napoca, Cluj",900,9,3,100
1606,Apartament 3 camere de inchiriat langa Gradina Botanica,"Zorilor, Cluj-Napoca, Cluj",900,9,3,100
2070,Inchiriez Apartament cu 4 Camere | Doua Bai | Str. Observatorului,"Zorilor, Cluj-Napoca, Cluj",900,10,4,90
719,"Apartament de inchiriat, 2 camere, Manastur, decomandat, LUX","Strada Cezar Baltag, Manastur, Cluj-Napoca, Cluj",900,11.25,2,80
1487,"Apartament de 3 camere, in duplex 80 mp, de inchiriat , zona Campului","Manastur, Cluj-Napoca, Cluj",900,11.25,2,80
2026,Apartament Modern cu 3 Camere | Strada 1 Decembrie 1918 | Cluj Arena,"Grigorescu, Cluj-Napoca, Cluj",900,11.25,3,80
2028,Grigorescu | Apartament 2 camere | Prima inchiriere | Ultrafinisat si,"Grigorescu, Cluj-Napoca, Cluj",900,11.25,2,80
465,"Apartament 3 camere,75mp,balcon,parcare,zona Parcul Central","Marasti, Cluj-Napoca, Cluj",900,12,3,75
942,"Apartament 3 camere decomandate, Centru, zona Parcul Central+Parcare","Strada Deva, Plopilor, Cluj-Napoca, Cluj",900,12,3,75
977,| Plopilor | Parc Central | 3 camere | Ultracentral | Bloc izolat | Pa,"Plopilor, Cluj-Napoca, Cluj",900,12,3,75
485,Apartament de inchiriat 3 cam | Terasa de 15 mp | Cartier Zorilor,"Manastur, Cluj-Napoca, Cluj",900,12.07,3,74.56
651,3 camere | 70 m2 | premium | constr. nouă | terasă | Zorilor - UMF,"Zorilor, Cluj-Napoca, Cluj",900,12.86,3,70
2186,Apartament semidecomandat+ terasa- Centru,"Centru, Cluj-Napoca, Cluj",900,13.24,2,68
2187,"Apartament semidecomandat+ balcon deschis- Centru, Cluj","Centru, Cluj-Napoca, Cluj",900,15,2,60
2055,Apartament cu 2 camere spre inchiriere in cartierul Plopilor.,"Plopilor, Cluj-Napoca, Cluj",900,15.52,2,58
1985,Platina | 2 Camere | 1 Balcon | Etaj 2 | Central |,"Strada Salcamului, Plopilor, Cluj-Napoca, Cluj",900,15.79,2,57
2287,"Apartament de lux cu 2 camere, 57 mp utili, Plopilor","Plopilor, Cluj-Napoca, Cluj",900,15.79,2,57
998,"Apartament de lux cu gradina, 2 camere, Buna Ziua","Strada Buna Ziua, Buna Ziua, Cluj-Napoca, Cluj",900,16.36,2,55
654,Apartament 2 camere de inchiriat\LUX\Loc de parcare\ zona Buna-Ziua,"Buna Ziua, Cluj-Napoca, Cluj",900,18,2,50
1420,"Studio de inchiriat, str. David Prodan, semicentral, utilitati incluse","Strada Academician Prodan David, Centru, Cluj-Napoca, Cluj",900,20,1,45
1819,"Apartament cu 2 camere, Ultramodern, situat Central!","Strada General Traian Mosoiu, Centru, Cluj-Napoca, Cluj",900,20,2,45
1632,Apartament cu 2 camere spre inchiriere Semicentral!,"Grigorescu, Cluj-Napoca, Cluj",920,18.4,2,50
1727,"Apartament cu 2 camere, 50 mp, Central!","Gruia, Cluj-Napoca, Cluj",920,18.4,2,50
1841,"Apartament 2 camere, lux, 50 mp, parcare, zona Parcului Central","Strada General Dragalina, Centru, Cluj-Napoca, Cluj",920,18.4,2,50
2123,"Apartament de inchisit, cu 3 camere- MARASTI","Marasti, Cluj-Napoca, Cluj",930,12.74,3,73
740,"4 camere, open space, modern, parcare, Marasti, zona The Office, BRD","Marasti, Cluj-Napoca, Cluj",949,11.16,4,85
1432,"3 camere, modern, parcare, Ac, bloc nou, prima inchiriere, Borhanci","Borhanci, Cluj-Napoca, Cluj",949,11.86,3,80
928,Inchiriez apartament,"Marasti, Cluj-Napoca, Cluj",950,12.84,2,74
86,"View! Apartament nou cu 3 camere, Gruia, zona Hotel Belvedere+Parcare","Strada Serpuitoare, Gruia, Cluj-Napoca, Cluj",950,13.01,3,73
136,"Inchiriez apartament de lux 73 mp, langa Hotel Belvedere","Marasti, Cluj-Napoca, Cluj",950,13.01,3,73
35,"Apartament 3 camere, prima inchiriere, garaj subteran, zona Centrala","Strada Decebal, Centru, Cluj-Napoca, Cluj",950,13.19,3,72
158,Borhanci | Bloc Finalizat 2022 | Parcare Subterana | Terasa,"Borhanci, Cluj-Napoca, Cluj",950,13.77,3,69
1938,"Apartament cu 3 camere, LUX, 67 mp, parcare, zona Semicentrala","Strada Scortarilor, Marasti, Cluj-Napoca, Cluj",950,14.18,3,67
1508,"Apartament pet friendly la prima inchiriere, pe str. Soporului","Sopor, Cluj-Napoca, Cluj",950,15.83,2,60
1839,"Apartament cu 2 camere, 60 mp, lux, parcare, zona Sopor","Sopor, Cluj-Napoca, Cluj",950,15.83,2,60
1846,"Apartament NOU, la prima INCHIRIERE+LOC DE PARCARE!","Strada Soporului, Sopor, Cluj-Napoca, Cluj",950,15.83,2,60
185,"Apartament cu 2 camere, 58 mp, Sopor, Complexul Mon Jardin","Sopor, Cluj-Napoca, Cluj",950,16.38,2,58
1656,"Apartament de inchiriat , 2 camere, 58 mp, Zona Sopor pe str Mon Jardi","Gheorgheni, Cluj-Napoca, Cluj",950,16.38,2,58
1695,"Apartament semidecomandat de inchiriat, cu 2 camere, in zona Sopor","Sopor, Cluj-Napoca, Cluj",950,16.38,2,58
1848,"Apartament 2 camere LUX, zona Iulius Mall","Sopor, Cluj-Napoca, Cluj",950,16.38,2,58
1854,"Apartament 2 camere de inchiriat\ Loc de parcare, PET FRIENDLY\ zona S","Sopor, Cluj-Napoca, Cluj",950,16.38,2,58
1855,Închiriez apartament lux in Sopor,"Marasti, Cluj-Napoca, Cluj",950,16.38,2,58
1375,Apartament de lux zona Iulius,"Strada Soporului, Sopor, Cluj-Napoca, Cluj",950,16.96,2,56
1091,Apartament cu 2 camere si terasa de 25 mp spre inchiriere in cartierul,"Sopor, Cluj-Napoca, Cluj",950,17.59,2,54
1787,Apartament De Lux Cu Parcare | Decomandat | 5 Camere | Cartier Zoriilo,"Zorilor, Cluj-Napoca, Cluj",980,9.33,5,105
1789,"Apartament 5 camere de inchiriat, zona Observator","Zorilor, Cluj-Napoca, Cluj",980,9.33,5,105
2373,Apartament 5 camere 105 mp terasa parcare Zorilor.,"Zorilor, Cluj-Napoca, Cluj",980,9.33,5,105
1739,Apartament de top in zona exclusivista,"Strada Constantin Brancusi, Andrei Muresanu, Cluj-Napoca, Cluj",980,13.07,3,75
1931,Campului | 1 camera | curte si gradina | parcare | facilitati incluse,"Strada Cezar Baltag, Manastur, Cluj-Napoca, Cluj",989,12.36,1,80
281,"Apartament ultrafinisat dispus pe 2 niveluri, zona Grand Hotel Italia.","Buna Ziua, Cluj-Napoca, Cluj",990,6.6,5,150
1482,PET FRIENDLY | PENTHOUSE | 4 Camere | 3 Balcoane | Buna Ziua | Zahari,"Buna Ziua, Cluj-Napoca, Cluj",990,6.6,4,150
1859,"Apartament 4 camere, 105 mp, garaj, imobil nou, zona Parcul Central","Strada Octavian Goga, Grigorescu, Cluj-Napoca, Cluj",990,9.43,4,105
638,Apartament de închiriat în vilă lângă Grădina Botanică si UMF,"Marasti, Cluj-Napoca, Cluj",990,10.42,3,95
1747,Apartament 3 camere de inchiriat zona Centru,"Centru, Cluj-Napoca, Cluj",990,11.25,3,88
1273,Inchiriere |Apartament 3 camere | ultracentral |,"Centru, Cluj-Napoca, Cluj",990,14.14,3,70
1290,"Apartament 4 camere, 136mp, Zorilor, zona Calea Turzii","Zorilor, Cluj-Napoca, Cluj",999,7.35,4,136
1957,Apartament cu 3 camere spre inchiriere Centru!,"Centru, Cluj-Napoca, Cluj",999,9.79,3,102
1430,"3 camere, modern, semicentral, Scala Center, zona Bosch, NTT Data","Centru, Cluj-Napoca, Cluj",999,13.5,3,74
1359,"Apartament LUX 3 camere, 73mp,2 terase,parcare, bloc nou, Scala Frunzi","Zorilor, Cluj-Napoca, Cluj",999,13.68,3,73
900,"Apartament modern 3 camere 71mp,garaj,terasa 56mp, Centru, zona NTT D","Marasti, Cluj-Napoca, Cluj",999,14.07,3,71
745,"3 camere,modern, semicentral, Scala Center, zona Bosch, NTT Data","Marasti, Cluj-Napoca, Cluj",999,14.27,3,70
927,"3 camere, lux, parcare, bloc nou, AC, Zorilor, zona LIDL, Frunzisului","Manastur, Cluj-Napoca, Cluj",999,14.27,3,70
1457,"Apartament 4 camere de inchiriat in Buna Ziua, Cluj Napoca","Marasti, Cluj-Napoca, Cluj",1000,4.35,4,230
1578,"Apartament 3 camere, 230 mp, parcare, terasa, zona strazii Buna Ziua","Aleea Zaharia Stancu, Buna Ziua, Cluj-Napoca, Cluj",1000,4.35,3,230
1863,Apartament 4 camere pe Calea Turzii,"Zorilor, Cluj-Napoca, Cluj",1000,7.35,4,136
1893,Apartament 4 camere de inchiriat Calea Turzi DIRECT DE LA PROPRIETAR,"Marasti, Cluj-Napoca, Cluj",1000,7.35,4,136
2159,Apartament semidecomandat de inchiriat- 133 MP- Zorilor,"Zorilor, Cluj-Napoca, Cluj",1000,7.52,5,133
2236,Apartament semidecomandat de inchiriat-132 MP- UMF Zorilor,"Zorilor, Cluj-Napoca, Cluj",1000,7.58,4,132
246,"Agentia Napolux Imobiliare inchiriaza apartament in vila, zona Centru","Marasti, Cluj-Napoca, Cluj",1000,7.69,3,130
533,Apartament 4 camere | UMF | PLATINIA | 130m2 !,"Strada Marginasa, Zorilor, Cluj-Napoca, Cluj",1000,7.69,4,130
535,Apartament 4 camere | UMF | PLATINIA | 130m2 !,"Strada Pastorului, Zorilor, Cluj-Napoca, Cluj",1000,7.69,4,130
2325,"Apartament 4 camere 130mp,parcare,Zorilor, zona UMF","Zorilor, Cluj-Napoca, Cluj",1000,7.69,4,130
2128,Birou la Casa 4 Camere 120 mp + Terasa 20 mp + Garaj 60 mp + curte 80m,"Iris, Cluj-Napoca, Cluj",1000,8.4,4,119
1749,"Apartament 5 camere de inchiriat in Zorilor, Cluj Napoca","Marasti, Cluj-Napoca, Cluj",1000,8.7,5,115
1716,"Apartament 4 camere de inchiriat in Centru, Cluj Napoca","Marasti, Cluj-Napoca, Cluj",1000,8.93,4,112
2102,"Apartament 3 camere, Modern, situat Central!","Strada Clinicilor, Centru, Cluj-Napoca, Cluj",1000,9.26,3,108
130,Penthouse 3 camere 100 mp de inchiriat,"Marasti, Cluj-Napoca, Cluj",1000,9.35,3,107
1496,Apartament cu 5 camere de închiriat | Zorilor,"Zorilor, Cluj-Napoca, Cluj",1000,9.52,5,105
1522,"Apartament 5 camere de inchiriat, zona Zorilor","Zorilor, Cluj-Napoca, Cluj",1000,9.52,5,105
1945,"Apartament 4 camere, confort Lux, Andrei Muresanu, la 3 minute de P-ta","Andrei Muresanu, Cluj-Napoca, Cluj",1000,9.52,4,105
952,"Apartament cu 3 camere în zonă semi-centrală, aproape de USAMV","Centru, Cluj-Napoca, Cluj",1000,9.62,3,104
1079,"Pet friendly! Apartament modern 3 camere, Centru, Clinicilor+Parcare","Strada Clinicilor, Centru, Cluj-Napoca, Cluj",1000,9.62,3,104
1454,"Apartament 3 camere de inchiriat in Centru, Cluj Napoca","Marasti, Cluj-Napoca, Cluj",1000,9.62,3,104
1816,"Apartament cu 3 camere, 104 mp, decomandat, parcare, zona strazii...","Strada Clinicilor, Centru, Cluj-Napoca, Cluj",1000,9.62,3,104
1837,Apartament cu parcare pe str. Clinicilor,"Centru, Cluj-Napoca, Cluj",1000,9.62,3,104
1919,"Inchiriere apartament 3 camere, Central str Clinicilor","Centru, Cluj-Napoca, Cluj",1000,9.62,3,104
1953,"Apartament semidecomandat de inchiriat, cu 3 camere- Centru, Cluj","Centru, Cluj-Napoca, Cluj",1000,9.62,3,104
1980,"Apartament 3 camere de inchiriat, zona CENTRALA","Centru, Cluj-Napoca, Cluj",1000,9.62,3,104
1133,Penthouse ultrafinisat cu terasa in Borhanci,"Borhanci, Cluj-Napoca, Cluj",1000,10,3,100
2209,apartament semidecomandat+ balcon deschis- Dambul Rotund,"Dambul Rotund, Cluj-Napoca, Cluj",1000,10,3,100
2391,"Inchiriere apartament 4 camere, 100 mp, etaj intermediar, garaj, semic","Grigorescu, Cluj-Napoca, Cluj",1000,10,4,100
2303,Apartament cu 3 dormitoare - strada Clinicilor,"Centru, Cluj-Napoca, Cluj",1000,10.42,3,96
213,"Apt 3cam decomandate, grădină 600mp,parcare, CENTRU strREPUBLICII","Centru, Cluj-Napoca, Cluj",1000,11.11,3,90
1757,"Apartament 4 camere de inchiriat in Centru, Cluj Napoca","Marasti, Cluj-Napoca, Cluj",1000,11.76,4,85
2164,Prima inchiriere Zona P-ta Mihai Viteazu || lift propriu || terasa pan,"Centru, Cluj-Napoca, Cluj",1000,11.76,3,85
1235,"Apartament cu 3 camere, finisat mobilat modern, Ansamblu Wings","Manastur, Cluj-Napoca, Cluj",1000,12.05,3,83
2087,"Apartament 3 camere, LUX, nou, cu parcare subterana, zona BRD","Marasti, Cluj-Napoca, Cluj",1000,12.2,3,82
2053,Marasti | 3 Camere | Parcare | Centrala | Utilitati incluse in pret,"Bulgaria, Cluj-Napoca, Cluj",1000,12.5,3,80
950,"Apartament cu 3 camere, mobilat modern, parcare, Ansamblul Avella","Strada Buftea, Marasti, Cluj-Napoca, Cluj",1000,12.99,3,77
2097,Inchiriere apartament 3 camere panorama garaj NTT Data Scala Center,"Strada Somesului, Marasti, Cluj-Napoca, Cluj",1000,12.99,3,77
1104,Apartament spre inchiriere cu 3 camere in Scala Center !,"Marasti, Cluj-Napoca, Cluj",1000,13.51,3,74
1340,"Inchiriere apartament deosebit, cu 3 camere, zona semicentrala!","Centru, Cluj-Napoca, Cluj",1000,13.51,3,74
1428,"Apartament 3 camere, dotari de lux, zona centrala, Scala Center, garaj","Centru, Cluj-Napoca, Cluj",1000,13.51,3,74
1391,"Apartament 3 camere si garaj, finisaje si dotari LUX, Scala Frunzisulu","Manastur, Cluj-Napoca, Cluj",1000,13.7,3,73
670,"Apartament cu 3 camere si terasa de 56 mp, Scala Center, garaj","Marasti, Cluj-Napoca, Cluj",1000,14.08,3,71
260,De închiriat apartament cu 3 camere lângă Parcul Central,"Centru, Cluj-Napoca, Cluj",1000,14.29,3,70
1078,"1 Septembrie! Apartament 3 camere, Ultracentral, zona Parcul Central","Strada Cardinal Iuliu Hossu, Centru, Cluj-Napoca, Cluj",1000,14.29,3,70
1904,Apartament langa Parcul Central,"Centru, Cluj-Napoca, Cluj",1000,14.29,3,70
1907,Inchiriere apartament central 3 camere decomandate COMISION 0%,"Centru, Cluj-Napoca, Cluj",1000,14.29,3,70
1911,Apartament de lux cu 3 camere in centrul orasului Cluj Napoca,"Centru, Cluj-Napoca, Cluj",1000,14.29,3,70
1088,Apartament De inchiriat Untold,"Marasti, Cluj-Napoca, Cluj",1000,16.67,1,60
1815,Apartament de închiriat,"Marasti, Cluj-Napoca, Cluj",1000,16.67,3,60
2292,"Apartament de inchiriat, 2 camere, 54 mp, Centru","Calea Motilor, Centru, Cluj-Napoca, Cluj",1000,18.52,2,54
437,"Apartamente de închiriat, termen scurt\/mediu, zone semicentrale, Zor","Strada Meteor, Zorilor, Cluj-Napoca, Cluj",1000,20,1,50
1551,Apartment de inchiriat pentru Luna iunie integral !,"Centru, Cluj-Napoca, Cluj",1000,20,2,50
1724,"Apartament de inchiriat, 3 camere si gradina, Centru","Gheorgheni, Cluj-Napoca, Cluj",1000,20,3,50
1758,"Apartament 2 camere de inchiriat in Zorilor, Cluj Napoca","Marasti, Cluj-Napoca, Cluj",1000,20,2,50
2165,"Apartament 2 camere, lux, 50 mp, parcare, zona Tribunalului","Strada General Traian Mosoiu, Centru, Cluj-Napoca, Cluj",1000,20,2,50
2213,"Apartament 2 camere, lux, 50 mp, parcare, zona Teatrului","Strada General Traian Mosoiu, Centru, Cluj-Napoca, Cluj",1000,20,2,50
2214,"Apartament 2 camere, 50 mp, parcare, zona Tribunalului","Strada General Traian Mosoiu, Centru, Cluj-Napoca, Cluj",1000,20,2,50
644,Închiriez apartament 2 camere untold,"Plopilor, Cluj-Napoca, Cluj",1006.04,19.35,2,52
548,Apartament de lux la 2 pasi de Iulius Mall - prima inchiriere,"Aleea Herculane, Gheorgheni, Cluj-Napoca, Cluj",1099,19.98,2,55
1559,"3 camere, LUX, parcare subterana, AC, bloc nou, Traian Mosoiu","Centru, Cluj-Napoca, Cluj",1099,20.35,3,54
1786,Inchiriere apartament 4 camere de LUX in Andrei Muresanu- zona Piata E,"Strada Dimitrie Cantemir, Andrei Muresanu, Cluj-Napoca, Cluj",1100,8.46,4,130
2098,Apartament 4 camere + garaj in vila cu 2 etaje Andrei Muresanu Brasov,"Andrei Muresanu, Cluj-Napoca, Cluj",1100,9.17,4,120
577,Apartament Ultra-Finisat! LUX! Zona VIVO! 110mp+70mp de curte!,"Marasti, Cluj-Napoca, Cluj",1100,10,3,110
1779,Inchiriez Apartament De Lux Cu Parcare | Zona Vivo,"Faget, Cluj-Napoca, Cluj",1100,10,3,110
2197,"Oferta! Apartament 2 camere sau spatiu de birouri 85 mp, Ultracentral","Centru, Cluj-Napoca, Cluj",1100,12.22,2,90
2124,"Apartament de inchiriat, cu 2 camere- Andrei Muresanu","Andrei Muresanu, Cluj-Napoca, Cluj",1100,12.94,2,85
1547,"Apartament de 3 camere, 80 mp , in duplex, zona Campului","Manastur, Cluj-Napoca, Cluj",1100,13.75,3,80
2336,"Apartament de LUX 3 camere, zona Ultracentral","Marasti, Cluj-Napoca, Cluj",1100,13.75,3,80
2121,"Apartament de inchiriat, cu 3 camere- Centru","Centru, Cluj-Napoca, Cluj",1100,14.1,3,78
767,"Apartament 3 camere, Semicentral, LUX, zona The Office","Marasti, Cluj-Napoca, Cluj",1100,16.42,3,67
1081,"Nou! Apartament mpdern 3 camere, Semicentral, zona The Office+Garaj","Strada Scortarilor, Marasti, Cluj-Napoca, Cluj",1100,16.42,3,67
1337,Apartament semidecomandat+ balcon deschis- Marasti,"Marasti, Cluj-Napoca, Cluj",1100,16.42,3,67
1392,"Prima inchiriere! Apartament 3 camere, parcare, Marasti, World Class","Strada Scortarilor, Marasti, Cluj-Napoca, Cluj",1100,16.42,3,67
2027,"Apartament 3 camere, semicentral, lux, zona The Office+parcare","Marasti, Cluj-Napoca, Cluj",1100,16.42,3,67
2350,Închiriază un apartament într-o clădire istorică din centrul Clujului!,"Andrei Muresanu, Cluj-Napoca, Cluj",1100,16.42,2,67
1159,"Apartament 3 camere, prima inchiriere, terasa, zona Observator","Strada Bradutului, Andrei Muresanu, Cluj-Napoca, Cluj",1150,14.38,3,80
2285,"Apartament deosebit cu 2 camere, Ultracentral, zona Parcul Central","Strada Mihai Eminescu, Centru, Cluj-Napoca, Cluj",1150,15.54,2,74
2290,"Apartament semidecomandat, cu 2 bai- zona CENTRALA","Centru, Cluj-Napoca, Cluj",1150,15.54,2,74
1865,Marasti | 3 Camere| Lux | Parcare,"Strada Anton Pann, Marasti, Cluj-Napoca, Cluj",1190,12.53,3,95
718,"Apartament 2 camere, Manastur, 80mp, LUX","Strada Cezar Baltag, Manastur, Cluj-Napoca, Cluj",1190,14.88,2,80
291,Apartament tip LOFT 3 camere | Gradina - Foisor | Parcare - SEMICENTRA,"Marasti, Cluj-Napoca, Cluj",1190,15.45,3,77
251,"Apartament 3camere,77mp,parcare,gradina,zona Semicentral","Centru, Cluj-Napoca, Cluj",1199,15.57,3,77
846,"Apartament cu 3 camere, gradina si 2 parcari, zona Semicentrala","Marasti, Cluj-Napoca, Cluj",1199,15.57,3,77
902,"PF Inchiriez Loft, 3 Camere, Gradina, Foisor, 2 Parcari, Semi Central","Marasti, Cluj-Napoca, Cluj",1199,15.57,3,77
986,Comision 0% . Închiriere apartament 5 camere P ta Engels,"Andrei Muresanu, Cluj-Napoca, Cluj",1200,5.85,5,205
1743,"Terasa! Apartament 3 camere, 140 mp, Grigorescu+Garaj","Strada Uliului, Grigorescu, Cluj-Napoca, Cluj",1200,6.98,3,172
1783,Comision 0% Penthouse cu panorama superba Grigorescu,"Grigorescu, Cluj-Napoca, Cluj",1200,7.14,3,168
1715,Apartament Spatios 3 Camere | Cu Parcare | Ideal Pentru Birou,"Gheorgheni, Cluj-Napoca, Cluj",1200,8,3,150
1648,Penthouse decomandat cu 3 dormitoare in cartierul Grigorescu,"Grigorescu, Cluj-Napoca, Cluj",1200,8.57,3,140
1687,Apartament Etajat | Priveliste Panoramica | 3 Camere | 2 Balcoane | Gr,"Grigorescu, Cluj-Napoca, Cluj",1200,8.57,3,140
2025,"Inchiriere 4 camere confort sporit, Zorilor","Zorilor, Cluj-Napoca, Cluj",1200,8.76,4,137
1544,"Apartament spatios de 3 camere, 135 mp, garaj, zona strazii Donath","Strada Uliului, Grigorescu, Cluj-Napoca, Cluj",1200,8.89,3,135
241,Apartament superfinisat cu 4 camere in Andrei Muresanu!,"Andrei Muresanu, Cluj-Napoca, Cluj",1200,9.68,4,124
1655,Locuinta in vila || terasa panoramica 100 mp,"Andrei Muresanu, Cluj-Napoca, Cluj",1200,10,4,120
1622,Apartament cu 4 camere de inchiriat | Pet Friendly | Garaj | Curte,"Andrei Muresanu, Cluj-Napoca, Cluj",1200,12,4,100
1929,"Apartament unicat, smart home, cu 3 parcari private","Marasti, Cluj-Napoca, Cluj",1200,12,4,100
2065,"Apartament/Birou, 98 mp, Strada Traian","Centru, Cluj-Napoca, Cluj",1200,12.24,4,98
27,"Apartament LUX cu 3 camere, 80mp, curte 100mp, 2 parcari, zona Marasti","Strada Porumbeilor, Marasti, Cluj-Napoca, Cluj",1200,15,3,80
1238,"Inchiriere apartament de lux, Andrei Muresanu, imobil nou","Buna Ziua, Cluj-Napoca, Cluj",1200,15,3,80
1336,"Apartament semidecomandat de inchiriat, cu 3 camere- Andrei Muresanu","Andrei Muresanu, Cluj-Napoca, Cluj",1200,15,3,80
1341,LUX | Apartament 3 Camere | Parcare Subterana | Andrei Muresanu,"Buna Ziua, Cluj-Napoca, Cluj",1200,15,3,80
1553,Apartament 4 camere zona Parcul Central cu parcare,"Centru, Cluj-Napoca, Cluj",1200,15,4,80
2274,"Apartament de LUX cu 3 camere, de închiriat, parcare subterana!","Buna Ziua, Cluj-Napoca, Cluj",1200,15,3,80
2332,"Apartament deosebit cu 3 camere, Andrei Muresanu, zona Sigma+Garaj","Strada Plaiuri, Buna Ziua, Cluj-Napoca, Cluj",1200,15,3,80
1875,DISPONIBIL! Apartament 3 camere | 70 mp | balcon | zona Parcul Central,"Centru, Cluj-Napoca, Cluj",1200,17.14,3,70
1937,Zorilor | AZORIA Residence | Pet friendly | Parcare,"Strada Frunzisului, Manastur, Cluj-Napoca, Cluj",1200,18.75,2,64
2040,Apartament 2 camere | 58 mp | pet friendly | Complex Azoria | Zorilor,"Manastur, Cluj-Napoca, Cluj",1200,20.69,2,58
2283,Apartament la casa sau spatiu de birouri - 200mp curte - zona centrala,"Marasti, Cluj-Napoca, Cluj",1275,15.18,3,84
1928,Campului | 1 camera | curte | balcon | parcare | facillitati incluse i,"Strada Cezar Baltag, Manastur, Cluj-Napoca, Cluj",1290,16.12,1,80
1365,Penthouse -zona frunzisului,"Manastur, Cluj-Napoca, Cluj",1300,9.63,4,135
1439,Ap 4 camere | zona Colinei | Cheltuieli incluse | Parcare,"Strada Colinei, Manastur, Cluj-Napoca, Cluj",1300,9.63,4,135
1672,"Comision 0% Apartament 3 camere,central","Centru, Cluj-Napoca, Cluj",1300,12.26,3,106
1678,PET FRIENDLY | Apartament 3 Camere | 106mp | Ultracentral | Str. Horea,"Centru, Cluj-Napoca, Cluj",1300,12.26,3,106
693,Apartament tip LOFT 3 camere | Gradina - Foisor | Parcare - SEMICENTRA,"Marasti, Cluj-Napoca, Cluj",1300,13,3,100
2279,"Penthouse 3 camere 97mp,terasa 124mp,Sopor,Baza Sportiva","Sopor, Cluj-Napoca, Cluj",1300,13.4,3,97
1548,The Nest | Superfinisat | Balcon | Parcare Subterana | Ideal Familie,"Marasti, Cluj-Napoca, Cluj",1300,15.12,3,86
2269,Apartament de LUX | zona centrala | parcare subterana | terasa,"Manastur, Cluj-Napoca, Cluj",1300,15.66,3,83
1171,"Apartament de LUX, 82mp, 2 camere+balcon, ULTRACENTRAL, b-dul Eroilor","Centru, Cluj-Napoca, Cluj",1300,15.85,2,82
372,Apartament cochet de inchiriat in Centru,"Strada Avram Iancu, Centru, Cluj-Napoca, Cluj",1300,16.05,2,81
1103,Apartament spre inchiriere cu 3 camere in cartierul Zorilor - bloc WI,"Manastur, Cluj-Napoca, Cluj",1300,16.25,3,80
1382,"Apartament 3 camere de inchiriat in Zorilor, Cluj Napoca","Marasti, Cluj-Napoca, Cluj",1300,16.25,3,80
672,"Apartament de inchiriat , LUX , 3 camere , gradina , foisor , Centru","Marasti, Cluj-Napoca, Cluj",1300,16.88,3,77
873,Apartament cu 3 camere in cartierul Marasti,"Marasti, Cluj-Napoca, Cluj",1300,16.88,3,77
788,"Penthouse 4 camere, garaj, mobilat modern, Cartierul Grigorescu","Grigorescu, Cluj-Napoca, Cluj",1349,7.71,4,175
1741,"Terasa! Penthouse cu 4 camere, 160 mp, Grigorescu+Garaj","Strada Uliului, Grigorescu, Cluj-Napoca, Cluj",1350,7.67,4,176
2108,"Apartament 4 camere de închiriat, 176 mp + terasa / garaj / Grigorescu","Grigorescu, Cluj-Napoca, Cluj",1350,7.67,4,176
1653,"Apartament spatios de 4 camere, 175 mp, terasa, garaj, zona...","Strada Donath, Grigorescu, Cluj-Napoca, Cluj",1350,7.71,4,175
1654,Penthouse decomandat cu 4 dormitoare in cartierul Grigorescu,"Grigorescu, Cluj-Napoca, Cluj",1350,7.71,4,175
1686,Penthouse Cu Priveliste Panoramica | 4 Camere | Terasa 70mp | Grigores,"Grigorescu, Cluj-Napoca, Cluj",1350,7.71,4,175
1771,"Penthouse superb 175mp de inchiriat, terasa panoramica sus, Grigorescu","Grigorescu, Cluj-Napoca, Cluj",1350,7.71,4,175
1912,"Penthouse cu 4 camere, garaj, view panoramic, cartier Grigorescu","Grigorescu, Cluj-Napoca, Cluj",1350,7.71,4,175
2095,Apartament semidecomandat+ balocon deschis- Grigorescu,"Grigorescu, Cluj-Napoca, Cluj",1350,7.71,4,175
1932,Apartament 3 camere 120mp ! Gradina si 2 parcari ! Langa VIVO !,"Marasti, Cluj-Napoca, Cluj",1350,11.25,3,120
45,"Inchiriez apartament de lux 110mp, terasa 50mp, Gruia, zona Belvedere","Marasti, Cluj-Napoca, Cluj",1350,12.27,4,110
2393,"Penthouse 150 mp, terasa, 3 parcari, zona strazii Trifoiului","Strada Becas, Andrei Muresanu, Cluj-Napoca, Cluj",1399,9.33,3,150
1098,Apartament confort de lux|4 camere|152 mp|garaj|Sigma Center|Zorilor,"Strada Cometei, Zorilor, Cluj-Napoca, Cluj",1400,9.21,4,152
1742,De închiriat casă cu 3 camere în zona străzii Clinicilor,"Centru, Cluj-Napoca, Cluj",1400,10.85,3,129
1023,Apartament 3 camere / lux / Record Park,"Marasti, Cluj-Napoca, Cluj",1400,17.24,3,81.2
1948,"Penthouse de inchiriat, cu 5 camere, in zona Buna Ziua","Buna Ziua, Cluj-Napoca, Cluj",1450,9.06,5,160
2063,Vrei sa locuiesti in centru cu o priveliste deosebita? Avem oferta...,"Strada Arges, Centru, Cluj-Napoca, Cluj",1450,17.47,3,83
1780,Apartament 3 Camere 110mp Centru Cladire Monument Istoric,"Strada Horea, Centru, Cluj-Napoca, Cluj",1490,13.55,3,110
589,Spatiu de birouri de inchiriat in Andrei Muresanu,"Strada Moise Nicoara, Andrei Muresanu, Cluj-Napoca, Cluj",1499,7.31,5,205
1534,"Apartament LUX 3 camere 80mp, balcon, parcare, Buna Ziua, zona Bonjour","Buna Ziua, Cluj-Napoca, Cluj",1499,18.74,3,80
2157,"Penthouse de inchiriat, 264 mp utili, 3 camere, generos si spatios","Centru, Cluj-Napoca, Cluj",1500,5.68,3,264
2395,"Apartament 3 camere,150 mp, terasa 25 mp, garaj, imobil nou, zona...","Strada Becas, Andrei Muresanu, Cluj-Napoca, Cluj",1500,10,3,150
990,Apartament fascinant cu 3 camere si gradina in inima orasului!,"Centru, Cluj-Napoca, Cluj",1500,11.54,3,130
1971,Penthouse 4 Camere 120 MP Terasa 80 mp zona P-ta Cipariu,"Andrei Muresanu, Cluj-Napoca, Cluj",1500,12.5,4,120
2166,"Apartament de 3 camere, 85 mp, garaj, zona Riviera Luxury Residence","Strada Bistritei, Gheorgheni, Cluj-Napoca, Cluj",1500,17.65,3,85
34,Apartament 3 camere | Premium | Parcare | 80 mp | Buna Ziua,"Strada Marin Sorescu, Buna Ziua, Cluj-Napoca, Cluj",1500,18.75,3,80
1751,"Apartament 3 camere de inchiriat in Centru, Cluj Napoca","Marasti, Cluj-Napoca, Cluj",1500,18.75,3,80
1630,Apartament de lux in apropriere de Iulius Mall,"Gheorgheni, Cluj-Napoca, Cluj",1500,26.79,2,56
905,"Penthouse 4 camere, 105 mp, terasa, zona străzii Observatorului","Strada Observatorului, Zorilor, Cluj-Napoca, Cluj",1550,14.76,4,105
1049,Apartament 4 camere lux Zorilor,"Strada Observatorului, Zorilor, Cluj-Napoca, Cluj",1550,14.76,4,105
1240,"Penthouse cu 4 camere, 105 mp utili, terasa, zona Zorilor","Zorilor, Cluj-Napoca, Cluj",1550,14.76,4,105
2160,Apartament de lux 4 camere 105 mp plus terasa 30 mp. zona Observator,"Strada Observatorului, Zorilor, Cluj-Napoca, Cluj",1550,14.76,4,105
2337,"Penthouse 4 camere 105mp, Zorilor, Spitalul Recuperare","Zorilor, Cluj-Napoca, Cluj",1550,14.76,4,105
620,Penthouse deosebit cu panorama superbă în Andrei Mureșanu !,"Andrei Muresanu, Cluj-Napoca, Cluj",1550,19.38,3,80
550,"Apartament de lux cu 3 camere, prima inchiriere, zona Interservisan","Aleea Herculane, Gheorgheni, Cluj-Napoca, Cluj",1550,19.87,3,78
1408,"Penthouse de exceptie situat in Buna Ziua | lift in apartament, garaj,","Buna Ziua, Cluj-Napoca, Cluj",1690,16.9,3,100
1357,Chirie pentru firma sau atelier - zona Clujeana,"Marasti, Cluj-Napoca, Cluj",1700,8.5,2,200
1579,Buna Ziua | Mina Residence | 3 Camere | Penthouse | Lift in casa | Ter,"Strada Buna Ziua, Buna Ziua, Cluj-Napoca, Cluj",1700,8.5,3,200
2120,"apartament de inchiriat- cartierul CENTRAL, Cluj-Napoca","Centru, Cluj-Napoca, Cluj",1700,10.69,4,159
2210,Casă nouă PRIMA închiriere,"Marasti, Cluj-Napoca, Cluj",1700,11.33,4,150
1106,Apartament tip penthouse spre inchiriere cu 3 camere in Buna Ziua !,"Buna Ziua, Cluj-Napoca, Cluj",1700,17,3,100
1218,Comision 0% Penthouse de lux Buna Ziua,"Buna Ziua, Cluj-Napoca, Cluj",1700,17,3,100
1523,Penthouse superb in cartierul Buna Ziua,"Buna Ziua, Cluj-Napoca, Cluj",1700,17,3,100
1543,"Terasa! Penthouse deosebit 3 camere, Buna Ziua, zona LIDL+2 Parcari","Aleea Slanic, Gheorgheni, Cluj-Napoca, Cluj",1700,17,3,100
1592,"Penthouse exclusivist, 3 camere, terasa 100 mp, Buna Ziua","Buna Ziua, Cluj-Napoca, Cluj",1700,17,3,100
1599,"Penthouse exclusivist, 100 mp + terasa 100 mp, Strada Macesului","Becas, Cluj-Napoca, Cluj",1700,17,3,100
1621,Apartament Panoramic || Teresa 100 mp || zona Grand hotel Italia,"Buna Ziua, Cluj-Napoca, Cluj",1700,17,3,100
1623,Penthouse Mina Residence Buna Ziua,"Buna Ziua, Cluj-Napoca, Cluj",1700,17,3,100
1694,"Penthouse semidecomandat de inchiriat, cu 3 camere, zona Buna Ziua","Buna Ziua, Cluj-Napoca, Cluj",1700,17,3,100
2196,"Apartament superb, finisaje premium, zona Piata Unirii","Aleea Slanic, Gheorgheni, Cluj-Napoca, Cluj",1800,16.36,3,110
2208,Apartament cu 3 camere de închiriat | zona Piata Unirii,"Centru, Cluj-Napoca, Cluj",1800,16.36,3,110
966,Ap 4 camere LUX | 110 mp | Zona Buna Ziua,"Strada Costache Negri, Buna Ziua, Cluj-Napoca, Cluj",1850,16.82,4,110
1842,"Apartament 3 camere, 100 mp, nemobilat, zona strazii Republiici","Strada Republicii, Centru, Cluj-Napoca, Cluj",2000,20,3,100
1988,"Comision 0% Apartament 3 camere,central","Centru, Cluj-Napoca, Cluj",2000,20,3,100
1752,"Apartament 2 camere de inchiriat in Gruia, Cluj Napoca","Marasti, Cluj-Napoca, Cluj",2000,28.57,2,70
881,EXCLUSIVITATE! Închiriere apartament generos în vila,"Zorilor, Cluj-Napoca, Cluj",2200,12.22,5,180
