,title,address,price,price_per_sqm,rooms,sqm
76,ARCU GARA - camera de camin - mobilata - FARA GARANTIE,"Centru, Iasi, Iasi",130.78,6.54,1,20
44,Pf inchiriez camera camin 12 mp bularga lateral de secția 5 politie,"Centru, Iasi, Iasi",140.64,11.72,1,12
104,Garsoniera Copou de inchiriat,"Galata, Iasi, Iasi",140.85,7.04,1,20
1049,Inchiriez garsoniera in Pacurari 700 lei,"Centru, Iasi, Iasi",140.85,7.04,1,20
1033,Inchirez camera iasi copou,"Centru, Iasi, Iasi",140.85,9.39,1,15
1052,"Garsoniera Podu Ros, Dedeman, 150 euro","Bulevardul Socola, Tesatura, Iasi, Iasi",150,7.14,1,21
494,"Garsoniera Baza 3,Bularga","Strada Bariera Veche, Bularga, Iasi, Iasi",150,8.82,1,17
601,2 camere la vilă,"Centru, Iasi, Iasi",150.91,9.43,2,16
1002,Pf inchiriez camera camin 18 mp pod bucium,"Centru, Iasi, Iasi",160,8.89,1,18
662,"Garsonira KAUFLAND Podu Ros , / SI gars PALAS MALL 33 MP","Centru, Iasi, Iasi",160.97,4.88,1,33
493,Camera de inchiriat,"Centru, Iasi, Iasi",160.97,6.71,1,24
292,"Camera camin/garsoniera, 17mp,mobilata/utilata, Bularga","Bularga, Iasi, Iasi",160.97,9.47,1,17
553,Garsoniera Zimbru 165 euro,"Dacia, Iasi, Iasi",165,9.71,1,17
299,1 camera Canta 40 mp et. 3 mobilat bloc 1980 Cod:151101,"Strada Canta, Canta, Iasi, Iasi",170,4.25,1,40
211,"Apartament de 1 camera, 18 mp, zona Canta","Soseaua Pacurari, Pacurari, Iasi, Iasi",170,9.44,1,18
192,"Apartament de 1 cameră, 17mp, zona Bularga","Strada Mihail Sturdza, Bularga, Iasi, Iasi",170,10,1,17
404,Anchiriez camera de camin,"Centru, Iasi, Iasi",170,10,1,17
483,P.F.inchiriez camera de cămin cu centrala gaz,"Tudor Vladimirescu, Iasi, Iasi",171.03,9.5,1,18
657,Camera camin de inchiriat,"Centru, Iasi, Iasi",171.03,9.5,1,18
559,"Garsoniera zona Tatarasi-Metalurgieii, la 5 minute distanta fata de Iu","Tatarasi Sud, Iasi, Iasi",179,7.16,1,25
905,Garsoniera in Alexandru cel Bun incalzire calorifer electric,"Centru, Iasi, Iasi",180,7.5,1,24
215,"Apartament de 1 camera, 20 mp, semidecomandat, zona Bularga","Bularga, Iasi, Iasi",180,9,1,20
318,Camera de inchiriat la casa in Iasi zona Nicolina - Spitalul de Recupe,"Strada Urechia Vasile A., Galata, Iasi, Iasi",180,10,1,18
967,Central Mitropolie camere bloc tip vila cu baie personala de inchiriat,"Podu Ros, Iasi, Iasi",180,10,1,18
410,Încheiere garsoniera CFR pacurari,"Pacurari, Iasi, Iasi",180,12,1,15
168,Garsonieră Tatarasi piața Chirilă,"Centru, Iasi, Iasi",180.89,6.96,1,26
291,"Cam.camin/Garsoniera, cu CT, mobilata/utilata,Canta","Canta, Iasi, Iasi",181.09,10.65,1,17
29,Pf inchiriez camera camin 17 mp pod bucium spalatoria socar!,"Centru, Iasi, Iasi",191.15,11.24,1,17
233,Copou camera cu baie personala pentru 1 persoana cheltuieli incluse,"Copou, Iasi, Iasi",200,5,1,40
417,Ultracentral - Copou langa Univ.Cuza si UMF camera de inchiriat,"Podu Ros, Iasi, Iasi",200,5,1,40
677,"Centru,langa Cuza si P Unirii,ap 1c,mob,200eu","Centru, Iasi, Iasi",200,5.71,1,35
193,"Apartament de 1 camera, 30 mp, decomandat, zona Manta Rosie","Strada Nicolae Negura, Manta Rosie, Iasi, Iasi",200,6.67,1,30
575,"Garsoniera Tudor- fix langa camine- centrala termica, aer coditionat","Centru, Iasi, Iasi",200,6.9,1,29
86,Garsonieră 26mp - mobilată și utilată | Nicolina,"Podu Ros, Iasi, Iasi",200,7.69,1,26
647,"Etaj 3! Garsoniera Nicolina, 26mp, mobilata+utilata","Podu Ros, Iasi, Iasi",200,7.69,1,26
363,"Apartament de 1 camera, 25 mp, decomandat, zona Copou","Strada Sararie, Copou, Iasi, Iasi",200,8,2,25
732,Garsoniera Nicolina,"Centru, Iasi, Iasi",200,8.33,1,24
223,"Garsoniera 200 euro, mobilat si utilat","Centru, Iasi, Iasi",200,11.11,1,18
396,Garsoniera tip studio spre inchiriere zona Frumoasa,"Frumoasa, Iasi, Iasi",200,11.11,1,18
573,Garsoniera tip studio spre inchiriere zona FRUMOASA,"Frumoasa, Iasi, Iasi",200,11.76,1,17
642,Camera la Vila Copou Pt 1 Fata Cu Cheltuieli Incluse In Chirie,"Podu Ros, Iasi, Iasi",200,13.33,1,15
812,"Garsonieră, decomandată, 15mp, zona Centrală","Strada Morilor, Uzinei, Iasi, Iasi",200,13.33,1,15
998,"Proprietar,închiriez camera mare în vilă, centru,lângă Palas","Centru, Iasi, Iasi",201.21,8.05,1,25
111,PF inchiriez garsoniera/camera de camin,"Centru, Iasi, Iasi",201.21,10.06,1,20
284,Prima Chirie! Valabilă din 1 Iunie! Garsoniera Noua in Frumoasa! Iasi,"Iasi, Iasi",201.21,12.58,1,16
568,Închiriez camera de camin bularga,"Centru, Iasi, Iasi",201.21,16.77,1,12
664,"Garsoniera Tudor- fix langa camine- centrala termica, aer coditionat","Centru, Iasi, Iasi",210,6.36,1,33
109,PF garsoniera de inchiriat,"Centru, Iasi, Iasi",210,8.4,1,25
841,Valea Adanca apartament 2 camere de inchiriat,"Podu Ros, Iasi, Iasi",220,4,2,55
787,"Nicolina, garsoniera mobilata si utilata","Strada Halipa Pantelimon, Nicolina 1, Iasi, Iasi",220,7.33,1,30
45,Garsoniera de închiriat,"Centru, Iasi, Iasi",220,7.86,1,28
598,Garsoniera Nicolina,"Nicolina 2, Iasi, Iasi",220,10,1,22
384,Garsoniera de vanzare Pacurari,"Pacurari, Iasi, Iasi",220,11,1,20
366,"PALAS MALL , GARSONIERA 2 mp, mobilata utilata","Centru, Iasi, Iasi",221.33,7.38,1,30
408,Podu Ros - 500 m distanta de PALAS MALL- garsoniera mobilata,"Centru, Iasi, Iasi",221.33,7.38,1,30
97,Mutare Imediata 1Iunie! Gars Noua cu Parcare Privata! Iasi / Tatarasi,"Zona Industriala, Iasi, Iasi",221.33,10.06,1,22
425,Chirie Valabilă din 1 Iunie! Gars Noua Mobilată și Utilată! Iasi,"Zona Industriala, Iasi, Iasi",221.33,10.06,1,22
1056,Persoană fizică închiriez garsonieră / cameră de cămin,"Centru, Iasi, Iasi",221.33,12.3,1,18
655,"Apartament 1 camera SPATIOS-Pacurari/Piata Pacurari, mutare rapida!","Pacurari, Iasi, Iasi",229,5.09,1,45
1026,Închiriez apartament cu o cameră spatios,"Podu Ros, Iasi, Iasi",230,5.23,1,44
989,Apartament 2 Camere Mircea 230 euro,"Strada Roman Voda, Alexandru Cel Bun, Iasi, Iasi",230,5.48,2,42
733,Pacurari Kaufland apartament 1 camera de inchiriat,"Podu Ros, Iasi, Iasi",230,5.75,1,40
879,"Apartament 1 camera, cartierul Visoianu","Podu Ros, Iasi, Iasi",230,7.67,1,30
279,Apartament cu 1 camera in Alexandru cel Bun,"Centru, Iasi, Iasi",230,9.58,1,24
599,Persoana fizica Garsoniera la casa zona centrala,"Centru, Iasi, Iasi",231.39,11.57,1,20
185,Inchiriez 2 camere in casa de 80 mp capat cug valea adanca,"Centru, Iasi, Iasi",240,3,2,80
469,"Apartament nou cu o camera , zona Capat Cug","CUG, Iasi, Iasi",240,8,1,30
434,Garsoniera tip STUDIO Copou - Univ. Al I Cuza,"Pacurari, Iasi, Iasi",240,10.91,1,22
49,Anunt actualizat. Ap 1 cam zona Piata Nicolina Kaufland,"Centru, Iasi, Iasi",241.45,6.9,1,35
1040,Garsoniera Pacurari,"Centru, Iasi, Iasi",241.45,9.66,1,25
878,Garsoniera Granit,"Tesatura, Iasi, Iasi",241.45,10.06,1,24
1024,Inchiriez-Ofer Gazda 1CD/3CD-termen scurt-Exam.Univ-chetuieli incluse,"Centru, Iasi, Iasi",250,3.57,1,70
198,"Ap 3 camere decomandat de inchiriat, etaj 1, nemobilat","Baza 3, Iasi, Iasi",250,4.17,3,60
963,Targu Cucu Ultracentral Apartament - Casa De Inchiriat,"Podu Ros, Iasi, Iasi",250,4.17,2,60
311,Inchireri apartament,"Bularga, Iasi, Iasi",250,4.24,3,59
1031,Apartament 2 camere CUG,"Centru, Iasi, Iasi",250,4.46,2,56
162,Apartament 2 camere mobilate zona Tudor Vladimirescu-Bucsinescu,"Tudor Vladimirescu, Iasi, Iasi",250,5,2,50
8,Apartament 1 camera Pacurari,"Centru, Iasi, Iasi",250,5.95,1,42
965,"Ap 1 cam spatios TATARASI-Lidl, mobilat&utilat complet","Centru, Iasi, Iasi",250,5.95,1,42
179,Dam spre inchiriere apartament Valea Lupului,"Centru, Iasi, Iasi",250,6.1,2,41
171,"Apartament 1 camera Copou , 40 metri, etaj parter Cod:151071","Bulevardul Carol I, Copou, Iasi, Iasi",250,6.25,1,40
267,Închiriez ap 1 cam Complex Sping( roua),"Centru, Iasi, Iasi",250,6.25,1,40
1063,ap. 2 cam. D - Canta,"Centru, Iasi, Iasi",250,6.25,2,40
108,Apartament cu doua camere,"Centru, Iasi, Iasi",250,6.58,2,38
186,Carrefour Felicia Bloc Nou Apartament 1 Camera Modern,"Baza 3, Iasi, Iasi",250,6.94,1,36
355,"Nou, apartament 1 camera decomandat, mobilat si utilat","Podu Ros, Iasi, Iasi",250,7.35,1,34
739,Apartament cu 1 camera transformat in 2 in Baza 3,"Baza 3, Iasi, Iasi",250,7.58,2,33
1016,Apartament 1 camera Alexandru cel Bun - Pasaj Octav Bancila,"Canta, Iasi, Iasi",250,7.58,1,33
641,Garsoniera Tatarasi SUD - 5 min Tudor Office Center,"Aviatiei, Iasi, Iasi",250,7.81,1,32
341,"Inchiriez Garsoniera Nicolina , boxa privata, la parter, OCAZIE !!!","Centru, Iasi, Iasi",250,8.06,1,31
78,Apartament 1 Camera Metalurgie - 250 euro,"Strada Metalurgiei, Zona Industriala, Iasi, Iasi",250,8.93,1,28
806,Apartament 1 camera Nicolina,"Strada Urechia Vasile A., Galata, Iasi, Iasi",250,8.93,1,28
64,De inchiriat ! Apartament cu 1 camera situat in zona Tatarasi,"Podu Ros, Iasi, Iasi",250,9.62,1,26
400,Apartament 1 camera Alexandru cel Bun,"Strada Cicoarei, Galata, Iasi, Iasi",250,9.62,1,26
426,Anchiriez garsoniera Alexandru,"Centru, Iasi, Iasi",250,9.62,1,26
472,"250 euro garsoniera, zona centrala","Centru, Iasi, Iasi",250,10,1,25
654,Copou Universitate garsoniera de inchiriat cu 1iulie,"Podu Ros, Iasi, Iasi",250,10,1,25
761,Ultracentral langa Universitati Camera Cu Cheltuieli Incluse In Chirie,"Podu Ros, Iasi, Iasi",250,10,1,25
36,"Garsoniera in spate la Iulius Mall mobilata si utilata , AC si CT","Tudor Vladimirescu, Iasi, Iasi",250,10.42,1,24
73,"Apartament de 1 camera, 24 mp, decomandat, zona Alexandru Cel Bun","Strada Basarabi, Alexandru Cel Bun, Iasi, Iasi",250,10.42,1,24
249,Apartament cu 1 camera in Alexandru cel Bun-Piata Voievozilor,"Centru, Iasi, Iasi",250,10.42,1,24
826,1 CAMERA/NICOLINA/PARTER/CENTRALA PROPRIE/INTERFON,"Podu Ros, Iasi, Iasi",250,10.87,1,23
367,Garsoniera Podu de fier la casa,"Podu Ros, Iasi, Iasi",250,12.5,1,20
853,"Camera la vila, 20mp, zona Tatarasi","Stradela Ciric, Tatarasi Nord, Iasi, Iasi",250,12.5,1,20
1070,260 EUR- Primaverii- 2 camere- 50mp,"Tesatura, Iasi, Iasi",260,5.2,2,50
731,Apartament 1 cameră decomandat confort I la 15 minute de Palas,"Centru, Iasi, Iasi",260,6.19,1,42
552,Pacurari Moara de Foc apartament 1 camera de inchiriat,"Podu Ros, Iasi, Iasi",260,6.5,1,40
675,Nicolina-CUG ( Al.T.Neculai) apartament 1 camera de inchiriat,"Podu Ros, Iasi, Iasi",260,6.5,1,40
943,Garsonieră 40 mp utilată si mobilată,"Centru, Iasi, Iasi",260,6.5,1,40
212,Garsoniera Tatarasi Doi Baieti bloc A1 la bulevard,"Centru, Iasi, Iasi",260,8.67,1,30
5,"Apartament 1 camera Alexandru cel Bun , 29 metri, etaj 3 Cod:150981","Bulevardul Alexandru cel Bun, Alexandru Cel Bun, Iasi, Iasi",260,8.97,1,29
574,"Apartament 1 camera - Alexandru cel Bun, Iași","Centru, Iasi, Iasi",260,8.97,1,29
610,"Apartament 1 camera Alexandru cel Bun , 29 metri, etaj 3 Cod:150982","Bulevardul Alexandru cel Bun, Alexandru Cel Bun, Iasi, Iasi",260,8.97,1,29
20,Apartament 1 Camera Gara Internationala - 260 euro,"Strada Halipa Pantelimon, Nicolina 1, Iasi, Iasi",260,9.29,1,28
213,"Apartament 1 camera Pacurari , 27 metri, etaj parter Cod:151134","Soseaua Pacurari, Pacurari, Iasi, Iasi",260,9.63,1,27
326,Apartament cu o camera,"Strada Anton Crihan, Mircea cel Batran, Iasi, Iasi",260,10.4,1,25
403,"Garsoniera Nicolina- Gara Internationala, persoana fizica","Centru, Iasi, Iasi",260,10.4,1,25
1021,Apartament cu o camera,"Centru, Iasi, Iasi",261.57,7.47,1,35
224,"Apartament 1 camera, utilat si mobilat, bloc nou, Pacurari","Centru, Iasi, Iasi",261.57,9.69,1,27
153,"Apartament cu 2 camere Tatarasi-LIC CUZA, CENTRALA TERMICA CONF 1","Centru, Iasi, Iasi",270,4.5,2,60
630,Alexandru Zimbru apartament 2 camere 48 mp cu CT,"Centru, Iasi, Iasi",270,5.62,2,48
172,Inchiriere apartament 1 camera,"Centru, Iasi, Iasi",270,6.75,1,40
216,"Apartament 2 camere 40 mp, decomandat, Pacurari","Soseaua Pacurari, Pacurari, Iasi, Iasi",270,6.75,2,40
47,"Apartament 1 camera Valea Adanca , 37 metri, etaj 3 Cod:150792","Soseaua Nicolina, CUG, Iasi, Iasi",270,7.3,1,37
890,Închiriez apartament 1 camera Galata,"Copou, Iasi, Iasi",270,7.5,1,36
544,"Inchiriere camera cartierul Bucium, Iasi","Centru, Iasi, Iasi",270,10.8,1,25
66,Apartament 2 camere Podu Ros-Cantemir 275 euro,"Strada Decebal, Cantemir, Iasi, Iasi",275,7.86,2,35
46,Apartament 1 camera tip studio,"Centru, Iasi, Iasi",279,9,1,31
660,Apartament 2 camere decomandate de inchiriat zona Pacurari-Petru Poni,"Pacurari, Iasi, Iasi",280,5.09,2,55
924,"Apartament 2 camere Podu Ros, 54mp, CT, AC","Podu Ros, Iasi, Iasi",280,5.19,2,54
628,"Apartament 2 camere Tatarasi , 52 metri, etaj 4 Cod:150821","Strada Tatarasi, Tatarasi Nord, Iasi, Iasi",280,5.38,2,52
542,"2 camere, Podu Ros 280 euro","Podu Ros, Iasi, Iasi",280,5.6,2,50
790,"Apartament 1 camera Pacurari, 45mp, CT, mobilat + utilat","Podu Ros, Iasi, Iasi",280,6.22,1,45
819,"Apartament 2 camere Pacurari, CT, mobilat + utilat","Podu Ros, Iasi, Iasi",280,6.22,2,45
928,"Apartament 2 camere Canta, CT, mobilat+utilat","Podu Ros, Iasi, Iasi",280,6.67,2,42
13,Kaufland Pacurari - 1 camera decomandat,"Pacurari, Iasi, Iasi",280,7,1,40
202,Apartament cu o camera decomandat - Pacurari,"Soseaua Pacurari, Canta, Iasi, Iasi",280,7,1,40
226,Ap 2 camere tatarasi,"Centru, Iasi, Iasi",280,7,2,40
704,"Apart. 1 camera decomandat, Pacurari visavi de Kaufland","Centru, Iasi, Iasi",280,7,1,40
338,Apartament 2 camere Cartier Vișoianu/ Super Pret,"CUG, Iasi, Iasi",280,7.37,2,38
158,Apartament cu o camera,"Strada Ciurchi, Tudor Vladimirescu, Iasi, Iasi",280,7.57,1,37
308,"Apartament mare, decomandat, cu 1 camera, Bdul Chimiei, Iasi","Centru, Iasi, Iasi",280,7.57,1,37
331,"Apartament 1 camera D, in Tatarasi","Centru, Iasi, Iasi",280,7.78,1,36
322,"Ap. 2 camere, mobilat/utilat, Podu Ros - Bd. Tutora","Tesatura, Iasi, Iasi",280,8.48,2,33
277,"Podu Ros! Langa Rond, dar in plan secund fata de bulevardul Socola","Podu Ros, Iasi, Iasi",280,9.33,1,30
1073,"Podu Ros! Plan secund de Banca Transilvania, liber","Podu Ros, Iasi, Iasi",280,9.33,1,30
773,"Garsoniera cu centrala termica, Podu Ros, 28mp","Podu Ros, Iasi, Iasi",280,10,1,28
1042,Închiriez apartament 1 cameră !!!,"Centru, Iasi, Iasi",281.69,6.55,1,43
562,Apartament 1 camera Poitiers /Continental,"Frumoasa, Iasi, Iasi",281.69,6.71,1,42
566,Persoana fizica închiriez apartament 1 camera blv Poitiers,"Centru, Iasi, Iasi",281.69,6.71,1,42
59,Apartament cu 1 camera linga LIDL Oxigen ! Bloc nou!,"Centru, Iasi, Iasi",281.69,7.04,1,40
204,DE INCHIRIAT: 1 CAMERA - Tatarasi - Flora - langa statie,"Tatarasi Sud, Iasi, Iasi",281.69,8.05,1,35
250,"De inchiriat,2 camere,mobilat/utilat,290 euro,Galata-Platoul Insorit","Mircea cel Batran, Iasi, Iasi",290,6.59,2,44
586,Apartament cu o camera decomandat - Pacurari/Kaufland,"Alexandru Cel Bun, Iasi, Iasi",299,6.95,1,43
35,Apartament NOU 1 camera Kaufland Tatarasi + parcare,"Iasi, Iasi",299,8.79,1,34
569,Apartament 3 camere,"Copou, Iasi, Iasi",300,4.29,3,70
344,Apartament 3C Alexandru,"Canta, Iasi, Iasi",300,4.62,3,65
93,"Apartament 2 camere, Frumoasa, 300e","Strada Neptun, Frumoasa, Iasi, Iasi",300,5.17,2,58
1004,Inchiriez apartament bucium in spate la lidl,"Centru, Iasi, Iasi",300,5.17,2,58
614,Apartament 2 camere zona Galata - farmacia Galaxia,"Mircea cel Batran, Iasi, Iasi",300,5.26,2,57
122,"Apartament 2 camere, Pepinierii, 300 euro","Aleea Valea Adanca, CUG, Iasi, Iasi",300,5.36,2,56
37,"2 camere, Bucium, 300 euro","Bucium, Iasi, Iasi",300,5.45,2,55
231,"Apartament 3 camere decomandat, etj 2, Tatarasi","Tatarasi Nord, Iasi, Iasi",300,5.45,3,55
265,"Apartament 2 camere Nicolina , 55 metri, etaj 1 Cod:150988","Strada Petre Tutea, Nicolina 1, Iasi, Iasi",300,5.45,2,55
762,"Etaj 1! Apartament 2 camere Bucium, 54mp, CT + loc parcare","Podu Ros, Iasi, Iasi",300,5.56,2,54
1037,"Centru Independentei UMF, 2 cam decomandat, spatios","Bulevardul Independentei, Centru, Iasi, Iasi",300,5.56,2,54
1057,Apartament 2 Camere | Pacurari | Centrala | Aer Conditionat |,"Soseaua Pacurari, Pacurari, Iasi, Iasi",300,5.56,2,54
500,PF inchiriez apartament 2 camere Alexandru,"Alexandru Cel Bun, Iasi, Iasi",300,5.66,2,53
106,Alexandru- Dacia Apartament 2 Camere Incepand cu 20 Iulie 2023,"Podu Ros, Iasi, Iasi",300,5.77,2,52
26,Apartament 2 camere Podu Ros,"Podu Ros, Iasi, Iasi",300,6,2,50
54,Apartament 2 camere decomandat,"Centru, Iasi, Iasi",300,6,2,50
200,"DE INCHIRIAT: 2 CAMERE , Tatarasi , 50mp , 300euro","Tatarasi Sud, Iasi, Iasi",300,6,2,50
247,Apartament cu 2 camere decomandat - Pacurari,"Pacurari, Iasi, Iasi",300,6,2,50
442,Apartament 2 camere Decomandat Nicolina,"Nicolina 1, Iasi, Iasi",300,6,2,50
495,Apartament 2 camere Pacurari -ALFA Bank,"Soseaua Pacurari, Pacurari, Iasi, Iasi",300,6,2,50
576,"Apartament 2 camere Pacurari , 50 metri, etaj 2 Cod:150963","Soseaua Pacurari, Pacurari, Iasi, Iasi",300,6,2,50
1001,Cug rond vechi plan secund bulevard,"Centru, Iasi, Iasi",300,6,2,50
112,"Apartament 2 camere Canta, 48mp, CT, mobilat + utilat","Podu Ros, Iasi, Iasi",300,6.25,2,48
597,"Apartament 2 camere Bucium , 47 metri, etaj parter Cod:150991","Soseaua Bucium, Bucium, Iasi, Iasi",300,6.38,2,47
650,"Apartament 2 camere Podu Ros , 46 metri, etaj 3 Cod:150921","Podu Ros, Iasi, Iasi",300,6.52,2,46
201,Centru Gara ( Arcu) apartament 1 camera cu loc parcare inclus,"Gara, Iasi, Iasi",300,6.67,1,45
209,Apartament cu o camera,"Strada Carpati, Nicolina 2, Iasi, Iasi",300,6.67,1,45
263,"Apartament 1 camera Gara , 45 metri, etaj 1 Cod:150618","Strada Garii, Gara, Iasi, Iasi",300,6.67,1,45
596,apartament de închiriat,"Centru, Iasi, Iasi",300,6.67,2,45
737,"Apartament de 2 camere, semidecomandat, 45mp, zona Frumoasa","Bulevardul Poitiers, Manta Rosie, Iasi, Iasi",300,6.67,2,45
700,Apartament 1 camera decomandat bloc nou zona Centru,"Tudor Vladimirescu, Iasi, Iasi",300,6.82,1,44
433,Poitiers | O camera | Mutare Imediata,"Bulevardul Poitiers, Manta Rosie, Iasi, Iasi",300,7.14,1,42
517,"Apartament de o cameră, decomandat, 42mp, zona Păcurari","Soseaua Pacurari, Pacurari, Iasi, Iasi",300,7.14,1,42
953,Inchiriez apartament cu o camera zona Cug (Selgros),"CUG, Iasi, Iasi",300,7.14,1,42
4,Centru Gara Mc Donalds apartament 1 camera,"Gara, Iasi, Iasi",300,7.5,1,40
155,"1CD Bularga Baza 3 , lângă Silk , Carrefour","Baza 3, Iasi, Iasi",300,7.5,1,40
165,"Apartament de 2 camere, decomandat, 40mp, zona Valea Adanca","Strada Bazei, CUG, Iasi, Iasi",300,7.5,2,40
623,Inchiriere 1 camera - Lidl Nicolina,"Podu Ros, Iasi, Iasi",300,7.5,1,40
847,"Apartament de 1 cameră, decomandat, 40mp, zona Centrala","Strada Garii, Uzinei, Iasi, Iasi",300,7.5,1,40
867,"De inchiriat,2 camere, open space, mobilat si utilat,Bucium-Poitiers","Bucium, Iasi, Iasi",300,7.5,2,40
788,Chirie | Studio Bucium,"Bucium, Iasi, Iasi",300,7.69,1,39
424,Apartament o camera,"Tatarasi Sud, Iasi, Iasi",300,7.89,1,38
512,"Apartament cu 1 camera, 37 mp, CUG","Soseaua Nicolina, CUG, Iasi, Iasi",300,8.11,1,37
14,"Apartament 1 cameră 36,5","Centru, Iasi, Iasi",300,8.33,1,36
22,Apartament 1 camera Pacurari Persona fizics,"Canta, Iasi, Iasi",300,8.33,1,36
324,"Apartament 1 camera D, in Podul de Fier,","Centru, Iasi, Iasi",300,8.33,1,36
65,Apartament 1 camera + parcare Elite Residence Tatarasi,"Aviatiei, Iasi, Iasi",300,8.57,1,35
190,Inchiriere apartament 1 camere Pacurari,"Pacurari, Iasi, Iasi",300,8.57,1,35
359,Apartament 1 camera Baza 3-Carrefour Felicia,"Soseaua Nationala, Podu Ros, Iasi, Iasi",300,8.57,1,35
228,Inchiriez ap 1camera Nicolina prima statie,"Centru, Iasi, Iasi",300,8.82,1,34
428,Închiriez apartament cu o camera,"Centru, Iasi, Iasi",300,8.82,1,34
997,Apartament cu o camera -bucatarie separata -pozitie buna -nou,"Centru, Iasi, Iasi",300,8.82,1,34
21,Apartament 1 Camera zona Tatarasi - 300 euro,"Bulevardul Chimiei, Tatarasi Sud, Iasi, Iasi",300,9.09,1,33
135,Apartament 1 camera Concept Cantra 300 euro,"Stradela Canta, Canta, Iasi, Iasi",300,9.09,1,33
615,PERSOANA FIZICA inchiriez apartament cu o camera începând cu 1 iunie,"CUG, Iasi, Iasi",300,9.09,1,33
315,Inchiriere Garsoniera Tatarasi,"Podu Ros, Iasi, Iasi",300,9.38,1,32
119,Apartament 1 Camera Centru - 300 euro,"Bulevardul Independentei, Centru, Iasi, Iasi",300,10,1,30
441,Apartament 1 camera Palas Campus,"Strada Alexandru Voda Ipsilanti, Uzinei, Iasi, Iasi",300,10.71,1,28
248,"Apartament 1 camera,Zona Metalurgiei","Bulevardul Chimiei, Zona Industriala, Iasi, Iasi",300,11.11,1,27
304,Garsoniera zona Iulius Mall * Tudor,"Centru, Iasi, Iasi",300,11.11,1,27
486,Garsoniera de inchiriat Tatarasi,"Podu Ros, Iasi, Iasi",300,11.11,1,27
993,Piata Unirii UMF/ Univ Cuza Garsoniera de inchiriat ultracentral,"Podu Ros, Iasi, Iasi",300,11.11,1,27
94,Apartament 1 Camera Gara - 300 euro,"Strada Bacinschi, Gara, Iasi, Iasi",300,11.54,1,26
295,Închiriez garsoniera-Zona la familial Alexandru cel Bun,"Centru, Iasi, Iasi",300,12,1,25
377,Piata Unirii UMF/Univ. Cuza Garsoniera De Inchiriat,"Podu Ros, Iasi, Iasi",300,12,1,25
191,"Apartament 1 camera, zona Alexandru","Strada Milcov, Alexandru Cel Bun, Iasi, Iasi",300,13.04,1,23
197,Garsoniera Alexandru cel Bun - 15 min Copou,"Dacia, Iasi, Iasi",300,13.04,1,23
287,"Apartament 1 camera 42 mp, zona Poitiers","Bulevardul Poitiers, Frumoasa, Iasi, Iasi",301,7.17,1,42
100,Inchiriez apartament cu 2 camere,"Pacurari, Iasi, Iasi",301.81,5.59,2,54
15,ofer spre inchiriere ap 2 camere Iasi,"Centru, Iasi, Iasi",301.81,7.55,2,40
423,Închiriez Apartament bloc Nou! 5 minute Iulius mall! Zona Tataras,"Centru, Iasi, Iasi",301.81,8.16,1,37
1011,Inchiriere apartament 1 camera,"Centru, Iasi, Iasi",301.81,11.61,1,26
578,Apartament 1 camera de inchiriat,"Centru, Iasi, Iasi",310,7.75,1,40
580,Închiriez apartament cu o camera recent renovat,"Centru, Iasi, Iasi",310,7.75,1,40
314,"Apartament 3 camere, zona Piata Dacia, CT","Dacia, Iasi, Iasi",320,4.27,3,75
537,Apartament cu 2 camere decomandat Nicolina Catedrala Pizza Nico,"Nicolina 1, Iasi, Iasi",320,5.71,2,56
836,Inchiriez aprtament 2 camere Nicolina la strada etaj 1,"Nicolina 1, Iasi, Iasi",320,5.82,2,55
611,"Ap.2 cam SD,48 mp,Tatarasi","Tatarasi Nord, Iasi, Iasi",320,6.67,2,48
705,Apartament 2 camere Canta Dream Village + parcare,"Canta, Iasi, Iasi",320,6.67,2,48
30,chirie apartament 2 camere,"Galata, Iasi, Iasi",320,6.81,2,47
141,Apartament 1 camera Pacurari-rediu -loc parcare 320 euro,"Soseaua Rediu, Pacurari, Iasi, Iasi",320,6.96,1,46
1019,"LUX- APART 1 CAM 46 mp, et 2, Esplanada-NICOLINA","Centru, Iasi, Iasi",320,6.96,2,46
159,Apartament cu 2 camere,"Strada Libertatii, Nicolina 2, Iasi, Iasi",320,7.11,2,45
743,Inchiriez ap 2 camere decomandat etaj 1 vis a vis de Kaufland Nicolina,"Centru, Iasi, Iasi",320,7.11,2,45
99,"Proprietar, Tatarasi, inchiriez apartament 2 camere, AC, CT, renovat","Centru, Iasi, Iasi",320,7.8,2,41
313,Apartament 1 camera Nicolina - Rondul Vechi,"Centru, Iasi, Iasi",320,8,1,40
101,Centru langa Piata Unirii ( UMF/Univ.Cuza) apartament 1 camera,"Centru, Iasi, Iasi",320,9.14,1,35
592,"Apartament 1 camera Baza 3 , 35 metri, etaj 2 Cod:150993","Strada Islaz, Baza 3, Iasi, Iasi",320,9.14,1,35
255,"Apartament de 1 camera, 33 mp, decomandat zona Bularga","Strada Islaz, Baza 3, Iasi, Iasi",320,9.7,1,33
1028,Garsoniera Gara Mc Donald's - 10 min Universitatea Al. I Cuza,"Gara, Iasi, Iasi",320,9.7,1,33
902,"Apartament nou ,de ìnchiriat zona Cug Iaşi","Centru, Iasi, Iasi",320,10,1,32
1000,"PF, Aprt. 1 cam la 3 min de LDL Galata","Centru, Iasi, Iasi",320,12.8,1,25
259,"PODU ROS! La 5 minute de Iulius Mall, langa Pasapoarte","Podu Ros, Iasi, Iasi",321.93,6.44,2,50
757,"Podu Ros - Iulius Mall! Ap. 2 camere, complet echipat, centrala","Podu Ros, Iasi, Iasi",321.93,6.85,2,47
83,Apartament 1 camera Cubis-Tatarasi -loc parcare 325 euro,"Strada Aurel Vlaicu, Tatarasi Sud, Iasi, Iasi",325,8.78,1,37
502,BRD Cug lângă Bulevard -Selgros -rond vechi 3 camere,"Centru, Iasi, Iasi",330,4.65,3,71
631,PF Apartament Capat Pacurari 2 camere + parcare,"Centru, Iasi, Iasi",330,5.79,2,57
718,"Dacia, vis-a-vis de biserica - Apartament modern 2 camere","Dacia, Iasi, Iasi",330,5.89,2,56
149,"PF ofer se chirie ap.2camere, decomandat, la vila, Zona Podu de Fier","Centru, Iasi, Iasi",330,6,2,55
126,Apartament 2 camere Pacurari 330 euro,"Soseaua Pacurari, Pacurari, Iasi, Iasi",330,6.11,2,54
505,Inchiriere 2 camere Decomandat - Galata,"Podu Ros, Iasi, Iasi",330,6.6,2,50
551,Apartament 2 camere Alexandru cel Bun 310 euro neg,"Alexandru Cel Bun, Iasi, Iasi",330,6.6,2,50
604,"Apartament 2 camere, 50 mp, semidecomandat, Podu Ros","Soseaua Nationala, Cantemir, Iasi, Iasi",330,6.6,2,50
1030,"Inchiriez apartament 2 cam, decomandat, zona Moara de Vant","Strada Moara de Vant, Moara de Vant, Iasi, Iasi",330,6.6,2,50
23,"Apartament 2 camere Bucium , 49 metri, etaj 3 Cod:149542","Soseaua Bucium, Bucium, Iasi, Iasi",330,6.73,2,49
589,Mutare din 15 Iunie! Ap 2 Camere Nou Renovat Vizavi de Ateneu! Iasi,"Tatarasi Nord, Iasi, Iasi",330,7.02,2,47
744,Apartament 1 camera - bloc in fata la Kaufland Pacurari,"Centru, Iasi, Iasi",330,7.86,1,42
12,Apartament 2 camere Tatarasi,"Tatarasi Nord, Iasi, Iasi",330,8.25,2,40
435,Apartament 1 camera Copou,"Centru, Iasi, Iasi",330,8.25,1,40
18,"Apartament 1 camera, decomandat, Tudor, 330 euro","Bulevardul Chimiei, Tatarasi Sud, Iasi, Iasi",330,9.43,1,35
31,Apartament NOU 1 camera Rivers Towers-Tudor Vladimirescu+parcare,"Zona Industriala, Iasi, Iasi",330,9.43,1,35
348,"doua camere, Pacurari (in spatele Postei)","Alexandru Cel Bun, Iasi, Iasi",330,9.43,2,35
358,Apartament 1 camera-Nicolina,"Centru, Iasi, Iasi",330,9.43,1,35
347,Inchiriere 1 camera- Nicolina Belvedere,"Podu Ros, Iasi, Iasi",330,10.65,1,31
436,Apartament 1 camera Baza 3 Bloc Nou,"Centru, Iasi, Iasi",330,11,1,30
1064,"Apartament 2 camere, 41 mp, CUG Sun Residence","Centru, Iasi, Iasi",335,8.17,1,41
132,Apartament 1` Camera Concept Residence - 339 euro,"Strada Canta, Canta, Iasi, Iasi",339,10.59,1,32
288,Apartament 3 camere zona Pacurari,"Pacurari, Iasi, Iasi",340,5.67,3,60
85,"Apartament 2 camere, CUG, 340 euro","Aleea Tudor Neculai, CUG, Iasi, Iasi",340,6.18,2,55
256,"Apartament 2 camere 55 mp, decomandat, Podu de Fier","Bulevardul C. A. Rosetti, Moara de Vant, Iasi, Iasi",340,6.18,2,55
245,"PF, inchiriez apartament 2 camere SD, zona Podu Ros, la 5min de Palas","Centru, Iasi, Iasi",340,6.94,2,49
225,Apartament 2 camere de inchiriat,"Centru, Iasi, Iasi",340,7.08,2,48
253,Centru Gara ( Carrefour/Pasaj Bancila) apartament 1 camera modern,"Gara, Iasi, Iasi",340,7.91,1,43
746,Inchiriere 1 camera Nicolina- Prima Inchiriere,"Podu Ros, Iasi, Iasi",340,10.97,1,31
741,Închiriez apartament 2 camere Dacia,"Dacia, Iasi, Iasi",345,6.76,2,51
246,"Apartament cu 2 camere de inchiriat, Ideal Residence, CUG","Strada Bazei, CUG, Iasi, Iasi",349,6.98,2,50
663,Inchiriez Ap 2 camere Galata,"Mircea cel Batran, Iasi, Iasi",349,6.98,2,50
1044,Apartament 1 camera-bloc nou/Tatarasi- complex Himson-mobilat&utilat!,"Aviatiei, Iasi, Iasi",349,8.12,1,43
394,"Apt 1 camera Gara-Billa, Arcu renovat recent, mobilat/utilat, LIBER!","Centru, Iasi, Iasi",349,8.72,1,40
822,"Ap.2 cam.D,80 mp,Nicolina,zona Biserica Catolica","Podu de Fier, Iasi, Iasi",350,4.38,2,80
656,Închiriez Apartament 3 camere Nicolina 1,"Tatarasi Nord, Iasi, Iasi",350,4.67,3,75
146,"Apartament 3 camere, Tatarasi 350 euro","Strada Gradinari, Tatarasi Sud, Iasi, Iasi",350,4.86,3,72
828,"Apartament de 3 camere, decomandat, 70mp, zona Gării","Strada Petru Rares, Uzinei, Iasi, Iasi",350,5,3,70
474,"Apartament 2 camere Nicolina , 61 metri, etaj 3 Cod:151050","Strada Petre Tutea, Nicolina 1, Iasi, Iasi",350,5.74,2,61
10,Apt de inchiriat,"Podu Ros, Iasi, Iasi",350,5.83,2,60
98,2 camere Pacurari Kaufland la strada 60 mp et.1bloc 2016 Cod:151138,"Soseaua Pacurari, Pacurari, Iasi, Iasi",350,5.83,2,60
167,"Apartament 2 camere Pacurari , 60 metri, etaj 1 Cod:150683","Soseaua Pacurari, Pacurari, Iasi, Iasi",350,5.83,2,60
177,Apartament 2 camere Nicolina Belvedere,"Centru, Iasi, Iasi",350,5.83,2,60
270,Persoana fizica închiriez Ap. 2 camere+loc parcare,"Centru, Iasi, Iasi",350,5.83,2,60
282,"Apartament cu 2 camere inchiriere 60mp utilat si mobilat modern,Bucium","Bucium, Iasi, Iasi",350,5.83,2,60
369,De inchiriat ap 2 camere,"CUG, Iasi, Iasi",350,5.83,2,60
444,"Apartament de 2 camere, decomandat, 60mp, zona Cug","Strada Profesor Ion Inculet, Nicolina 2, Iasi, Iasi",350,5.83,2,60
659,Închiriez apartament 2 camere,"Baza 3, Iasi, Iasi",350,5.83,2,60
673,PF apt 3 camere de închiriat Cantemir,"Centru, Iasi, Iasi",350,5.83,3,60
861,"Apartament de 3 camere, decomandat, 60mp, zona Dacia","Bulevardul Dacia, Dacia, Iasi, Iasi",350,5.83,3,60
959,inchiriez ap 2 camere,"Centru, Iasi, Iasi",350,5.83,2,60
443,Inchiriere Apartament 2 camere Decomandat - Valea Lupului,"Podu Ros, Iasi, Iasi",350,6.03,2,58
241,"Apartament 2 camere, Nicolina","Strada Nicolina, Podu Ros, Iasi, Iasi",350,6.14,2,57
262,"Apartament 2 camere Pacurari , 57 metri, etaj 3 Cod:151098","Soseaua Pacurari, Pacurari, Iasi, Iasi",350,6.14,2,57
289,Apartament 2 camere zona Alexandru,"Piata Voievozilor, Alexandru Cel Bun, Iasi, Iasi",350,6.14,2,57
350,Tatarasi Green Park Residence apartament 2 camere open space modern,"Podu Ros, Iasi, Iasi",350,6.14,2,57
490,Apartament 3 camere de inchiriat Alexandru cel Bun,"Podu Ros, Iasi, Iasi",350,6.14,3,57
532,Apartament 2 camere Pacurari-Alpha Bank,"Iasi, Iasi",350,6.14,2,57
726,"Apartament de inchiriat Nicolina,Belvedere ,la bulevard","Centru, Iasi, Iasi",350,6.14,2,57
183,Persoana fizica închiriez apartament cu doua camere în zona cug,"Tudor Vladimirescu, Iasi, Iasi",350,6.25,2,56
711,Inchiriez apart. 2 cam 56 m2 mobilat-utilat aproape Iulius Mall,"Tatarasi Sud, Iasi, Iasi",350,6.25,2,56
1058,"Apartament nou, 2 camere, Tatarasi - Ateneu, 56 mp-loc de parcare","Tatarasi Nord, Iasi, Iasi",350,6.25,2,56
293,Apartament 2 camere bloc nou Zona Nicolina Selgros,"Nicolina 2, Iasi, Iasi",350,6.36,2,55
301,Apartament 2 camere Pacurari,"Strada Canta, Canta, Iasi, Iasi",350,6.36,2,55
337,Apartament 2 camere PACURARI,"Centru, Iasi, Iasi",350,6.36,2,55
392,Inchiriez apartament cu 2 camere,"Centru, Iasi, Iasi",350,6.36,2,55
431,Galata | 2 camere | Priveliste Superba | Bloc Nou,"Strada Voinesti, Galata, Iasi, Iasi",350,6.36,2,55
624,"Apartament 2 camere MODERN, BLOC NOU, LA STRADA (soseaua Nicolina)","CUG, Iasi, Iasi",350,6.36,2,55
645,"Apartament 2 camere Pacurari , 55 metri, etaj 3 Cod:150704","Soseaua Pacurari, Pacurari, Iasi, Iasi",350,6.36,2,55
686,Apartament de inchiriat cu 2 camere cu PRIMA INCHIRIERE -LIBER-2023,"Centru, Iasi, Iasi",350,6.36,1,55
699,"2 CAMERE 55mp, decomandat, bloc nou, Sos Nicolina, parcare proprie","CUG, Iasi, Iasi",350,6.36,2,55
875,"2CD Tatarasi Dispecer , loc parcare","Tatarasi Nord, Iasi, Iasi",350,6.36,2,55
885,"De inchiriat: Ap 2 camere, 54mp, et 1, Bloc Nou,parcare, Platou Galata","Mircea cel Batran, Iasi, Iasi",350,6.36,2,55
345,"Centru - Piata Unirii, 2 camere mobilat si utilat","Centru, Iasi, Iasi",350,6.48,2,54
419,Centru ( Arcu) langa UMF si Univ.Cuza apartament 2 camere decomandat,"Podu Ros, Iasi, Iasi",350,6.48,2,54
157,Apartament cu doua camere,"Bulevardul Nicolae Iorga, Nicolina 2, Iasi, Iasi",350,6.6,2,53
391,Apartament 2 camere Podu Ros,"Bulevardul Nicolae Iorga, Podu Ros, Iasi, Iasi",350,6.6,2,53
1005,Inchiriez apartament,"Centru, Iasi, Iasi",350,6.6,2,53
169,"Ap 2 camere, Decomandat, Mobilat si Utilat , etaj 1, 52 Mp, Bucium","Bucium, Iasi, Iasi",350,6.73,2,52
440,Apartament 2 camere ALexandru cel BUN,"Piata Voievozilor, Alexandru Cel Bun, Iasi, Iasi",350,6.73,2,52
567,Apartament 2 camere Nicolina 2,"Soseaua Tudor Neculai, Nicolina 1, Iasi, Iasi",350,6.73,2,52
1045,"Ap cu 2C decomandat in Nicolina, cu loc de parcare, zona Belvedere","Aleea Doamna Oltea, Nicolina 1, Iasi, Iasi",350,6.73,2,52
121,"Apartament 2 camere, Dacia","Bulevardul Dacia, Dacia, Iasi, Iasi",350,6.86,2,51
633,Apartament 2 camere sos Nicolina complex Ideal Residence,"Centru, Iasi, Iasi",350,6.86,2,51
710,Persoană fizică inchiriez apartament cu 2 camere semidecomandat.,"Centru, Iasi, Iasi",350,6.86,2,51
40,"Apartament 2 camere Dacia , 50 metri, etaj 4 Cod:148861","Bulevardul Dacia, Dacia, Iasi, Iasi",350,7,2,50
77,Apartament 2 camere,"Podu Ros, Iasi, Iasi",350,7,2,50
127,"Apartament 2 camere, Ideal Residence, 350 euro","Aleea Tudor Neculai, CUG, Iasi, Iasi",350,7,2,50
166,Apartament 2 camere de inchiriat bloc nou zona Nicolina-Rond Vechi,"Nicolina 2, Iasi, Iasi",350,7,2,50
181,Apartament 2 camere,"Centru, Iasi, Iasi",350,7,2,50
218,"Podu Ros - Palas Mall - Apartament 3 camere, amenajat complet","Podu Ros, Iasi, Iasi",350,7,3,50
261,"Apartament 2 camere Dacia , 50 metri, etaj 4 Cod:150509","Bulevardul Dacia, Dacia, Iasi, Iasi",350,7,2,50
294,Apartament 2 camere Pacurari,"Strada Petru Poni, Pacurari, Iasi, Iasi",350,7,2,50
297,"Cug, apartament 2 camere decomandat, parcare inclusa","Podu Ros, Iasi, Iasi",350,7,2,50
320,Apartament nou 2 camere-decomandat-Cug-etaj intermediar,"CUG, Iasi, Iasi",350,7,2,50
401,Aartament 2 camere Cug,"Strada Valea Adanca, CUG, Iasi, Iasi",350,7,2,50
421,Apartament 2 camere Piata Unirii,"Centru, Iasi, Iasi",350,7,2,50
430,Apartamente de inchiriat CUG bloc nou!,"Centru, Iasi, Iasi",350,7,2,50
439,Inchiriere apartament 2 camere decomandat - CUG,"Podu Ros, Iasi, Iasi",350,7,2,50
549,Apartament 2 camere Palas 350 euro,"Podu Ros, Iasi, Iasi",350,7,2,50
687,Piata Unirii UMF apartament 2 camere de inchiriat,"Podu Ros, Iasi, Iasi",350,7,2,50
791,Inchiriere apartament 2 camere - Podu Ros,"Podu Ros, Iasi, Iasi",350,7,2,50
799,De Inchiriat 2 camere Palas,"Centru, Iasi, Iasi",350,7,2,50
886,Tatarasi | 2 camere | Recent renovat | Mutare imediata,"Strada Aurel Vlaicu, Aviatiei, Iasi, Iasi",350,7,2,50
971,Bulevardul Independentei UMF apartament 2 camere de inchiriat,"Podu Ros, Iasi, Iasi",350,7,2,50
1015,Inchiriez apartament 2 camere Copou,"Centru, Iasi, Iasi",350,7,2,50
1035,"Inchiriez apartament 3 camera, SD, zona Copou - Parc Copou","Bulevardul Carol I, Copou, Iasi, Iasi",350,7,3,50
105,"Tatarasi, Dispecer, apartament 2 camere SD, mobilat si utilat","Strada Doctor Savini, Tatarasi Nord, Iasi, Iasi",350,7.14,2,49
487,Apartament 2 camere de inchiriat Bucium,"Podu Ros, Iasi, Iasi",350,7.14,2,49
471,Apartament nou 2 camere INCHIRIRE- Cug-Ideal Residence-,"CUG, Iasi, Iasi",350,7.45,2,47
594,"De inchiriat cu mutare imediata, Apartament 2 camere, decomandat","Soseaua Nicolina, CUG, Iasi, Iasi",350,7.45,2,47
723,Ultracentral Moldova Center langa Palas si UMF apartament 2 camere,"Podu Ros, Iasi, Iasi",350,7.45,2,47
260,"Apartament 1 camera, zona Garii, prima inchiriere","Strada Strapungerea Silvestru, Gara, Iasi, Iasi",350,7.61,1,46
508,"Apartament 1 camera, 46mp, decomandat, Dancu","Bulevardul Tudor Vladimirescu, Tudor Vladimirescu, Iasi, Iasi",350,7.61,1,46
889,"LUX- APART 1 CAM 46 mp, et 2, Esplanada-NICOLINA","Podu Ros, Iasi, Iasi",350,7.61,1,46
51,"Ap 2 camere, Etaj 1, Mob+utilat, Copou - Royal Town! Prima inchiriere","Centru, Iasi, Iasi",350,7.78,2,45
145,Apartament 2 Camere - Tatarasi Residence - 350 euro,"Strada Aurel Vlaicu, Aviatiei, Iasi, Iasi",350,7.78,2,45
409,"Exclusivitate! Închiriere, ap. 2 camere,Tatarasi-Penta Rezidențial","Centru, Iasi, Iasi",350,7.78,2,45
438,"Apartament 1 camera Frumoasa , 45 metri, etaj 1 Cod:151043","Bulevardul Poitiers, Frumoasa, Iasi, Iasi",350,7.78,1,45
843,Ofer apartament Green Park de inchiriat.,"Centru, Iasi, Iasi",350,7.78,2,45
130,Apartament 2 camere ESQ2 -loc parcare 350 euro,"Soseaua Pacurari, Canta, Iasi, Iasi",350,7.95,2,44
612,"Apartament 1 camera Gara , 43 metri, etaj 6 Cod:150255","Strada Garii, Gara, Iasi, Iasi",350,8.14,1,43
807,Apartament 2 camere Tatarasi,"Strada Fantanilor, Aviatiei, Iasi, Iasi",350,8.14,2,43
96,"Inchiriez ap 1 cam, Gara Bila","Centru, Iasi, Iasi",350,8.33,1,42
138,Apartament 1 Camera CUG - 350 euro,"Soseaua Nicolina, CUG, Iasi, Iasi",350,8.33,1,42
661,Apartament cu 2 camere Cug.,"Strada Bazei, CUG, Iasi, Iasi",350,8.33,2,42
770,Nicolina | 2 camere | centrala proprie | Mutare imediata,"Strada Salciilor, Nicolina 1, Iasi, Iasi",350,8.33,2,42
831,"Apartament de 2 camere, semidecomandat, 41mp, zona Tatarasi","Strada Aurel Vlaicu, Aviatiei, Iasi, Iasi",350,8.54,2,41
72,"Apartament 1 camera, CUG","Aleea Tudor Neculai, CUG, Iasi, Iasi",350,8.75,1,40
114,"Apartament 1 camera, zona Garii, mobilat si utilat","Strada Strapungerea Silvestru, Gara, Iasi, Iasi",350,8.75,1,40
164,"Apartament 1 camera, zona Alexandru cel Bun","Piata Voievozilor, Alexandru Cel Bun, Iasi, Iasi",350,8.75,1,40
219,persoana privata inchiriez apartament cu o camera,"Centru, Iasi, Iasi",350,8.75,1,40
307,Centru Apartament Modern langa Piata Unirii ( UMF) si Univ. Cuza,"Podu Ros, Iasi, Iasi",350,8.75,1,40
349,Apartament 1 camera River Towers - Iulius Mall,"Zona Industriala, Iasi, Iasi",350,8.75,1,40
414,Ultracentral Bulevardul Stefan apartament 1 camera,"Podu Ros, Iasi, Iasi",350,8.75,1,40
418,Centru - Gara langa UMF si Univ.Cuza apartament 1 camera modern,"Podu Ros, Iasi, Iasi",350,8.75,1,40
420,Tudor Grand Conest Residence lux apartament 1 camera,"Podu Ros, Iasi, Iasi",350,8.75,1,40
446,"Apartament de 1 cameră, decomandat, 40mp, zona Bucium","Strada Visan, Bucium, Iasi, Iasi",350,8.75,1,40
456,"P. fiz. ap.o cameră ultracentral, B-dul Stefan cel Mare-deasupra la DM","Centru, Iasi, Iasi",350,8.75,1,40
460,"Aparament 2 camere, Potiers Towers, mutare imediata!","Bulevardul Poitiers, Manta Rosie, Iasi, Iasi",350,8.75,2,40
617,Apartement 1 camera decomandat Kaufland Pacurari (AT953),"Pacurari, Iasi, Iasi",350,8.75,1,40
643,Centru Bloc Nou Apartament 1 Camera De Inchiriat,"Podu Ros, Iasi, Iasi",350,8.75,1,40
696,Apartament 1 camera decomandat mobilat modern zona Gara-Arcu,"Gara, Iasi, Iasi",350,8.75,1,40
769,Apartament 1 cameră Boheme Residence Bucium + Loc de parcare,"Centru, Iasi, Iasi",350,8.75,1,40
939,"Tatarasi! Ap.1 camera, bloc nou 2022, liber","Tatarasi Nord, Iasi, Iasi",350,8.75,1,40
68,"Apartament 1 camera Copou , 39 metri, etaj 1 Cod:151136","Bulevardul Carol I, Copou, Iasi, Iasi",350,8.97,1,39
899,1 CAMERA/PRIMA INCHIRIERE/ Poitiers Towers /smart home,"Bulevardul Poitiers, Manta Rosie, Iasi, Iasi",350,9.09,1,38.5
123,Apartament cu o camera CUG 350 euro,"Aleea Tudor Neculai, CUG, Iasi, Iasi",350,9.21,1,38
187,"Apartament recent renovat, mobilat si utilat, Billa-pasaj O. Bancila","Strada Arcu, Gara, Iasi, Iasi",350,9.21,1,38
329,Apartament cu o camera,"Soseaua Nicolina, CUG, Iasi, Iasi",350,9.21,1,38
429,Apartament cu o camera de inchiriat CUG bloc nou,"Centru, Iasi, Iasi",350,9.21,1,38
497,Ap 2 camere Copou,"Centru, Iasi, Iasi",350,9.21,2,38
272,"Apartament cu 1 camera, 37mp, Tatarasi","Bulevardul Tudor Vladimirescu, Tudor Vladimirescu, Iasi, Iasi",350,9.46,1,37
120,"Apartament 1 camera, Gara, 350 euro","Strada Profesor Cujba Petru, Gara, Iasi, Iasi",350,9.72,1,36
703,"Apartament Royal Town, 2 camere","Podu Ros, Iasi, Iasi",350,9.72,2,36
942,INCHIRIEZ Apartament 1 camera - STATIA PADURII (aprox 500 mp Tg Cucu),"Strada Profesor Paul Ion, Tatarasi Nord, Iasi, Iasi",350,9.72,1,36
343,"Apartament 1 camera, 35mp, in apropiere de Palas Mall","Strada Sfantul Andrei, Centru, Iasi, Iasi",350,10,1,35
375,"Persoana fizica, inchiriez apartament 1 camera","Centru, Iasi, Iasi",350,10,1,35
585,Ultracentral Bulevardul Independentei langa UMF si Universitatea Cuza,"Podu Ros, Iasi, Iasi",350,10,1,35
748,"Apartament 1 camera, Gara","Gara, Iasi, Iasi",350,10,1,35
922,De inchiriat ! Apartament cu o camera in zona Hala Centrala,"Podu Ros, Iasi, Iasi",350,10,1,35
1061,Apartament cu o camera - cheltuieli incluse - Copou,"Strada Transilvaniei, Pacurari, Iasi, Iasi",350,10,1,35
143,Apartament 1 camera Tatarasi 350 euro,"Strada Aurel Vlaicu, Aviatiei, Iasi, Iasi",350,10.94,1,32
736,Apartament cu 2 camere situat in zona Alexandru,"Aleea Musatini, Alexandru Cel Bun, Iasi, Iasi",350,10.94,2,32
992,Apartament 1 camera de inchiriat Copou - Negruzzi,"Strada Turcu, Pacurari, Iasi, Iasi",350,10.94,1,32
336,"Apartament de 1 camera, 30 mp, semidecomandat, Complex Cubis","Stradela Gradinari, Tatarasi Sud, Iasi, Iasi",350,11.67,1,30
368,Ap 1 camera | Proprietar | Prima închiriere | Complex CUBIS,"Tesatura, Iasi, Iasi",350,11.67,1,30
413,Copou Garsoniera De Inchiriat langa UMF si Univ.Cuza,"Podu Ros, Iasi, Iasi",350,11.67,1,30
480,Independentei - UMF garsoniera de inchiriat,"Podu Ros, Iasi, Iasi",350,11.67,1,30
507,"Centru - Independentei, garsoniera mobilata si utilata","Strada Vasile Conta, Centru, Iasi, Iasi",350,11.67,1,30
772,"Închiriez apartament 1 cameră, str. Arcu 25","Centru, Iasi, Iasi",350,13.46,1,26
974,Garsoniera de inchiriat,"Centru, Iasi, Iasi",350,14.58,1,24
9,Proprietar - Ultracentral - Garsoniera renovata LUX - Smart-Home,"Centru, Iasi, Iasi",350,17.5,1,20
932,Închiriez camera coafor,"Centru, Iasi, Iasi",350,17.5,1,20
276,"Apartament 1 camera,Zona CUG","Soseaua Nicolina, CUG, Iasi, Iasi",359,9.45,1,38
151,Inchiriere apartament cu 2 camere in zona Pacurari,"Pacurari, Iasi, Iasi",360,6,2,60
852,"Apartament 2 camere, 60mp, decomandat, Galata","Strada Valeni, Galata, Iasi, Iasi",360,6,2,60
583,Apartament 2 Camere Nicolina 2,"Strada Libertatii, Nicolina 2, Iasi, Iasi",360,7.2,2,50
509,"Apartament de 1 cameră, decomandat, 30mp, zona Copou","Bulevardul Carol I, Copou, Iasi, Iasi",360,12,1,30
230,"Apartament 3 camere, 60 MP, Baza 3","Bularga, Iasi, Iasi",365,6.08,3,60
793,"Gara, apartament 3 camere mobilat si utilat","Strada Strapungerea Silvestru, Gara, Iasi, Iasi",365,6.08,3,60
482,Apartament cu o camera GrandConest,"Centru, Iasi, Iasi",365,10.74,1,34
90,Apartament 1 camera Tatarasi 365 euro,"Strada Vasile Lupu, Tatarasi Sud, Iasi, Iasi",365,11.06,1,33
207,Apartament 1 Camera Decomandat 39 MP + Loc Parcare - CUG - Complex Nou,"CUG, Iasi, Iasi",369,9.46,1,39
702,"Apartament supraetajat, 2 camere, Moara de Vant","Stradela Moara de Vant, Moara de Vant, Iasi, Iasi",370,4.62,2,80
690,"Apartament 2 camere, 75 mp, Manta Rosie","Soseaua Manta Rosie, Frumoasa, Iasi, Iasi",370,4.93,2,75
977,"Închiririez apartament 2 camere, Manta Roșie, Iasi","Centru, Iasi, Iasi",370,4.93,2,75
685,Apartament 3 camere decomandat et2 Pacurari - Canta,"Pacurari, Iasi, Iasi",370,5.29,3,70
706,Nicolina | 3 camere | Renovat Recent | Mutare imediata,"Strada Clopotari, Nicolina 2, Iasi, Iasi",370,5.29,3,70
154,"Apartament 2 camere, Alexandru cel Bun","Bulevardul Alexandru cel Bun, Alexandru Cel Bun, Iasi, Iasi",370,5.69,2,65
222,Apartament 2 camere Alexandru cel Bun - la bulevard 65 mp,"Alexandru Cel Bun, Iasi, Iasi",370,5.69,2,65
285,Ultracentral!! Apartament 2 camere,"Centru, Iasi, Iasi",370,6.73,2,55
848,"Apartament de 2 camere, decomandat, 54mp, zona Bucium","Strada Petre Buzatov, Bucium, Iasi, Iasi",370,6.85,2,54
107,Apartament 2 camere,"Centru, Iasi, Iasi",370,7.12,2,52
636,Închiriez Apartament 2 camere,"Centru, Iasi, Iasi",370,7.12,2,52
651,"Apartament 2 camere Cug , 51 metri, etaj 8 Cod:149407","Soseaua Nicolina, CUG, Iasi, Iasi",370,7.25,2,51
290,"Apartament 2 camere 50 mp, semidecomandat, Podu Ros","Bulevardul Primaverii, Tesatura, Iasi, Iasi",370,7.4,2,50
321,"Apartament 2 camere Podu Ros , 50 metri, etaj 2 Cod:151060","Podu Ros, Iasi, Iasi",370,7.4,2,50
640,Apartament 2 camere Nicolina / complex rezidențial *Fusion Tower !,"Nicolina 1, Iasi, Iasi",370,7.4,2,50
901,Bucium | 2 camere | Mutare imediata | Modern,"Soseaua Bucium, Zona Industriala, Iasi, Iasi",370,7.4,2,50
6,"Apartament 2 camere Bucium , 49 metri, etaj parter Cod:148750","Soseaua Bucium, Bucium, Iasi, Iasi",370,7.55,2,49
896,"De inchiriat,2 camere,mobilat si utilat+loc de parcare,Bucium-Poitiers","Bucium, Iasi, Iasi",370,7.71,2,48
489,"Apartament 2 camere Copou , 47 metri, etaj parter Cod:151024","Bulevardul Carol I, Copou, Iasi, Iasi",370,7.87,2,47
775,370 € Inchiriere 2 cam Iasi Podul de Fier Str. T. Vladimirescu et 4.,"Centru, Iasi, Iasi",370,7.87,2,47
683,Apartament 2 camere Tudor-Iullius Mall/ bloc nou *RIVER TOWERS*mobilat,"Tudor Vladimirescu, Iasi, Iasi",370,8.22,2,45
591,"Apartament 2 camere Tatarasi , 43 metri, etaj 2 Cod:150727","Strada Tatarasi, Tatarasi Nord, Iasi, Iasi",370,8.6,2,43
913,Tudor Vladimirescu | o camera | balcon 7mp | Conest Grand Residence,"Aleea Profesor Dimitrie Atanasiu, Zona Industriala, Iasi, Iasi",370,8.6,1,43
919,Apartament o camera Copou langa Univ. A.I.Cuza si Spitalul CFR,"Copou, Iasi, Iasi",370,8.81,1,42
251,Închiriez apartament superb/Rivers Towers/Tudor/Prima închiriere,"Centru, Iasi, Iasi",370,9.02,1,41
334,Apartament 2 camere Tatarasi Newton,"Tatarasi Nord, Iasi, Iasi",370,9.25,2,40
383,Apartament doua camere Podul Ros (bulevard Tutora),"Tesatura, Iasi, Iasi",370,10.57,2,35
680,Ultracentral langa UMF/ BIM/ Univ. Cuza apartament 1 camera,"Podu Ros, Iasi, Iasi",370,11.56,1,32
1067,"Podu Ros, foarte aproape de Palas, 3 camere","Splai Bahlui Mal Stang, Uzinei, Iasi, Iasi",375,5.36,3,70
742,Apartament 2 camere+parcare Nicolina - Aleea T.Neculai,"CUG, Iasi, Iasi",375,5.86,2,64
956,"Apartament 2 camere Nicolina, Aleea Tudor Neculai, nou, 60mp","Centru, Iasi, Iasi",375,6.25,2,60
745,"Apartament cu 2 camere, bloc nou, zona Copou","Carol I, Iasi, Iasi",375,7.5,2,50
946,"Apartament 3 camere D Nicolina-prima statie, 5 minute de Palas, LIBER!","Nicolina 1, Iasi, Iasi",379,6.32,3,60
144,"Apartmament 2 camere, Pacurari, 380 euro","Soseaua Pacurari, Pacurari, Iasi, Iasi",380,4.75,2,80
845,"Apartament 2 camere, decomandat, 80mp, Pacurari","Strada Popauti, Iasi, Iasi",380,4.75,2,80
891,"Apartament spatios in Pacurari, bloc nou tip vila","Pacurari, Iasi, Iasi",380,4.75,2,80
776,Apartament cu 2 camere situat in zona Pacurari - Kaufland,"Soseaua Pacurari, Pacurari, Iasi, Iasi",380,5.07,2,75
227,"380euro/luna, apartament 3 camere, model spatios, Alexandru Piata","Bulevardul Alexandru cel Bun, Alexandru Cel Bun, Iasi, Iasi",380,5.28,3,72
882,2 CAMERE/DECOMANDAT/GARA/BALCOM/CENTRALA PROPRIE/LOC DE PARCARE,"Gara, Iasi, Iasi",380,5.85,2,65
906,Moara de Foc | 3 camere | centrala,"Soseaua Moara de Foc, Canta, Iasi, Iasi",380,5.85,1,65
910,Apartament 2 camere - Copou Garden Residence,"Carol I, Iasi, Iasi",380,6.13,2,62
372,Apartament de închiriat Bucium 2 camere Zen Residence,"Centru, Iasi, Iasi",380,6.23,2,61
17,"Apartament 3 camere, Dacia","Bulevardul Dacia, Dacia, Iasi, Iasi",380,6.33,3,60
534,"Apartament de 2 camere, decomandat, 60mp, zona Bucium","Strada Petre Buzatov, Bucium, Iasi, Iasi",380,6.33,2,60
24,Centru ( Gara - Carrefour Market) apartament 2 camere decomandat,"Gara, Iasi, Iasi",380,6.67,2,57
1054,"Inchiriez apartament in zona Copou/Pacurari 57 mp,camera,living,2 bai","Copou, Iasi, Iasi",380,6.67,2,57
136,Apartament 2 Camere Contemporan Residence - 380 euro,"Aleea Cimitirul Evreiesc, Pacurari, Iasi, Iasi",380,6.79,2,56
274,Inchiriez apartament,"Centru, Iasi, Iasi",380,6.91,2,55
964,Prima Inchiriere-Apartament 2 camere-Pacurari,"Pacurari, Iasi, Iasi",380,6.91,2,55
131,"Apartament 2 Camere Decomandat, Dacia - 380 euro","Bulevardul Dacia, Dacia, Iasi, Iasi",380,7.04,2,54
278,Inchiriem apartament 2 camere Cantemir- PODUL ROS,"Podu Ros, Iasi, Iasi",380,7.04,2,54
379,Tatarasi bloc nou apartament 2 camere cu parcare inclusa de la 1iulie,"Podu Ros, Iasi, Iasi",380,7.6,2,50
196,"Apartament 2 camere CC, LUX, in Tatarasi,Prima Inchiriere","Centru, Iasi, Iasi",380,7.92,2,48
785,"Apartament cu 2 camere decomandat, la prima inchiriere!","Strada Bazei, CUG, Iasi, Iasi",380,7.92,2,48
195,"Apartament 2 camere Copou , 43 metri, etaj parter Cod:151091","Bulevardul Carol I, Copou, Iasi, Iasi",380,8.84,2,43
786,Palas! Apartament 1c Palas - Amazon,"Strada Zimbrului, Podu Ros, Iasi, Iasi",380,8.84,1,43
801,Apartament 1 camera Centru - Palas! Prima inchiriere!,"Strada Zimbrului, Tudor Vladimirescu, Iasi, Iasi",380,8.84,1,43
986,Apartament 2 camere Pacurari,"Centru, Iasi, Iasi",380,9.05,2,42
464,Apartament 2 camere Galata Oxygen,"Centru, Iasi, Iasi",380,9.27,2,41
634,Apartament 2 camere Galata,"Galata, Iasi, Iasi",380,9.27,2,41
811,"Apartament 1 camera, 40mp, decomandat, Bd. Independentei","Strada Vasile Alecsandri, Centru, Iasi, Iasi",380,9.5,1,40
1039,"Apartament 2 camere, open space, de inchiriat, zona Podul de Fier","Strada Vantu, Podu de Fier, Iasi, Iasi",380,10,2,38
137,"Apartament 1 camera, Palas, 380 euro","Strada Moldovei, Tudor Vladimirescu, Iasi, Iasi",380,10.56,1,36
254,"Apartament cu 1 camera, 36mp, decomandat, zona Centrala","Strada Moldovei, Tudor Vladimirescu, Iasi, Iasi",380,10.56,1,36
780,"Apartament 1 c, zona Palas","Centru, Iasi, Iasi",380,10.56,1,36
427,Exclusive Residence Copou - garsoniera (proprietar),"Centru, Iasi, Iasi",380,10.86,1,35
561,Apartament 2 camere Himson,"Centru, Iasi, Iasi",385,7.7,2,50
220,"Ap de inchiriat 2 cam openspace,Complex Himson, Tatarasi - Metalurgie","Strada Aurel Vlaicu, Aviatiei, Iasi, Iasi",385,8.02,2,48
789,"Apartament de 2 camere, 36mp, zona Tatarasi","Strada Zorilor, Moara de Vant, Iasi, Iasi",385,10.69,2,36
448,"Centru - Lazar Residence, apartament 1 camera , 40 mp !","Strada Sfantul Lazar, Centru, Iasi, Iasi",389,9.72,1,40
984,Apartament 3 camere Podu Ros,"Strada Traian, Podu Ros, Iasi, Iasi",390,6,3,65
874,Apartament 2 camere open-space + loc parcare Copou - Royal Town,"Agronomie, Iasi, Iasi",390,7.09,2,55
903,Apartament NOU 2 camere + parcare Popas Pacurari,"Pacurari, Iasi, Iasi",390,7.5,2,52
1065,"Apartament 2 camere Royal Town, COPOU","Copou, Iasi, Iasi",390,7.8,2,50
1072,"Tatarasi - apartament cu 2 camere, bloc nou","Strada Vasile Lupu, Tatarasi Sud, Iasi, Iasi",390,9.75,2,40
750,Chirie | 2 Camere Tatarasi Inamstro,"Tatarasi Nord, Iasi, Iasi",390,10.26,2,38
221,"Apartament 2 camere Galata , 55 metri, etaj 2 Cod:150971","Soseaua Galata, Galata, Iasi, Iasi",399,7.25,2,55
622,Apartament 2 camere Centru - Independentei - UMF T Popa,"Centru, Iasi, Iasi",399,7.25,2,55
454,Apartament 2 camere zona Parcului Copou,"Pacurari, Iasi, Iasi",399,7.98,2,50
682,"Apartament 2 camere CENTRU-INDEPENDENTEI. liber, centrala termica, cur","Centru, Iasi, Iasi",399,7.98,2,50
328,Apartament 3 camere,"Strada Orientului, Nicolina 1, Iasi, Iasi",400,5.13,3,78
714,Apartament spatios cu 3 camere si 2 bai langa Piata CUG,"CUG, Iasi, Iasi",400,5.33,3,75
774,Apartament 3 camere Nicolina 2,"Strada Profesor Ion Inculet, Nicolina 2, Iasi, Iasi",400,5.33,3,75
286,"Apartament 3 camere, decomandat Oancea","Strada Oancea, Tatarasi Sud, Iasi, Iasi",400,5.48,3,73
991,"Apartament de 3 camere, decomandat, 72mp, zona Pacurari","Soseaua Rediu, Pacurari, Iasi, Iasi",400,5.56,3,72
503,Apartament cu 3 camere decomandate la Gara!,"Gara, Iasi, Iasi",400,5.71,3,70
555,"Podu Ros - Palas, 3 camere, mobilat si utilat","Splaiul Bahlui Mal Drept, Tesatura, Iasi, Iasi",400,5.71,3,70
406,"Nicolina-Egalitatii, 3 camere decomandat","Strada Salciilor, Nicolina 1, Iasi, Iasi",400,6.15,3,65
510,"Apartament 3 camere, semidecomandat, 65mp, Tudor Vladimirescu","Bulevardul Tudor Vladimirescu, Tatarasi Nord, Iasi, Iasi",400,6.15,3,65
960,Prima Inchiriere-Apartament 2 camere-Pacurari,"Pacurari, Iasi, Iasi",400,6.15,2,65
485,Ap 2 camere decomandat bloc nou +1loc parcare zona Bucium Trei Sarmale,"Bucium, Iasi, Iasi",400,6.35,2,63
470,"Apartament 2 camere Bucium , 62 metri, etaj 4 Cod:149776","Soseaua Bucium, Bucium, Iasi, Iasi",400,6.45,2,62
649,"Apartament 2 camere Copou , 62 metri, etaj 4 Cod:150856","Bulevardul Carol I, Copou, Iasi, Iasi",400,6.45,2,62
82,Apartament 2 camera Bucium-bulevard-loc parcare 400 euro,"Bulevardul Poitiers, Manta Rosie, Iasi, Iasi",400,6.67,2,60
160,Apartament nou 2 camere zona Copou- Complex Royal Town,"Agronomie, Iasi, Iasi",400,6.67,2,60
214,"Apartament 2 camere, 60 mp, decomandat, Nicolina","Strada Sfantul Gheorghe, Nicolina 1, Iasi, Iasi",400,6.67,2,60
330,Apartament cu 2 camere,"Aleea Tudor Neculai, CUG, Iasi, Iasi",400,6.67,2,60
360,Apartament 3 camere-Bloc Nou-Cug,"CUG, Iasi, Iasi",400,6.67,3,60
570,proprietar inchiries apartament cu 2 camere,"Centru, Iasi, Iasi",400,6.67,2,60
691,"Apartament 2 camere, 60 mp, Nicolina-CUG","Aleea Tudor Neculai, Nicolina 1, Iasi, Iasi",400,6.67,2,60
698,"Ap 3 camere, 60 mp, Mobilat si Utilat Complet, Mircea cel Batran, et 3","Mircea cel Batran, Iasi, Iasi",400,6.67,3,60
738,Închiriez ap 2 camere zona Nicolina-CUG (Belvedere),"Centru, Iasi, Iasi",400,6.67,2,60
749,"PF Inchiriez Apartament 2 camere decomandat 60mp2, Bucium, la Strada","Centru, Iasi, Iasi",400,6.67,2,60
933,"Apartament 2 camere Centru, 60mp, CT, mobilat+utilat","Podu Ros, Iasi, Iasi",400,6.67,2,60
957,"Ap.3 camere D,CT,Nicolina LIDL","Centru, Iasi, Iasi",400,6.67,3,60
1074,"Apartament Pacurari, conditii moderne","Strada Canta, Pacurari, Iasi, Iasi",400,6.67,2,60
25,Apartament 2 Camere Concept Residence - 400 euro,"Soseaua Moara de Foc, Canta, Iasi, Iasi",400,6.9,2,58
70,"Apartament 2 camere, CUG","Aleea Tudor Neculai, CUG, Iasi, Iasi",400,6.9,2,58
397,"Apartament 2 camere Pacurari , 58 metri, etaj parter Cod:150942","Soseaua Pacurari, Pacurari, Iasi, Iasi",400,6.9,2,58
688,Aartament 2 camere 300 m spate Kaufland Pacurari,"Soseaua Pacurari, Pacurari, Iasi, Iasi",400,6.9,2,58
590,"Apartament 2 camere Tatarasi , 57 metri, etaj 1 Cod:150948","Strada Tatarasi, Tatarasi Nord, Iasi, Iasi",400,7.02,2,57
668,"Apartament 2 camere Nicolina , 57 metri, etaj 5 Cod:150920","Strada Petre Tutea, Nicolina 1, Iasi, Iasi",400,7.02,2,57
67,"Prima inchiriere, 2 camere CUG, totul nou, mobilat si utilat","Soseaua Nicolina, CUG, Iasi, Iasi",400,7.14,2,56
75,Apartament 2 camere Cug 400 euro,"Aleea Tudor Neculai, CUG, Iasi, Iasi",400,7.14,2,56
117,Apartament cu 2 camere decomandat CUG 400 euro,"Aleea Tudor Neculai, CUG, Iasi, Iasi",400,7.14,2,56
39,2 camere Tudor Vladimirescu (langa fostul Club Motor),"Stradela I. I. Mironescu, Moara de Vant, Iasi, Iasi",400,7.27,2,55
323,Apartament cu 2 camere,"Strada Sfantul Lazar, Podu Ros, Iasi, Iasi",400,7.27,2,55
432,Copou | 2 camere | Central | Recent renovat,"Strada Cazarmilor, Copou, Iasi, Iasi",400,7.27,2,55
709,"Apartament 2 camere, Bloc Nou, Langa Bulevard, Decomandat,Nicolina Cug","CUG, Iasi, Iasi",400,7.27,2,55
829,"Apartament 2 camere, decomandat, 55mp, etaj 2/4, Podu Ros - Cantemir","Podu Ros, Iasi, Iasi",400,7.27,2,55
838,"2 CAM Podu Ros - 55mp, et 2/4, renovat, centrala noua, AC","Podu Ros, Iasi, Iasi",400,7.27,2,55
840,"Ap 2 camere, 55 mp, etaj 2 , Mobilat si Utilat, P.Ros - Cantemir","Cantemir, Iasi, Iasi",400,7.27,2,55
842,"Apartament 2 camere, RENOVAT, mobilat si utilat, Podu Ros","Podu Ros, Iasi, Iasi",400,7.27,2,55
1071,"Inchiriez apartament 2 camere, decomandat, Copou - Parc Copou","Strada Titu Maiorescu, Copou, Iasi, Iasi",400,7.27,2,55
69,Apartament cu doua camere decomandat,"CUG, Iasi, Iasi",400,7.41,2,54
374,Apartament 2 camere decomandate bloc nou +loc de parcare zona Tatarasi,"Tatarasi Nord, Iasi, Iasi",400,7.41,2,54
1051,Inchiriez apartament 3 camere Liber 1 iulie,"Alexandru Cel Bun, Iasi, Iasi",400,7.41,3,54
925,"Închiriere - Apartament 3 camere, Podu Roș","Strada Nicolina, Podu Ros, Iasi, Iasi",400,7.56,3,52.93
170,Apartament 2 camere Metalurgie,"Bulevardul Chimiei, Tatarasi Sud, Iasi, Iasi",400,7.69,2,52
518,"Apartament de doua camere, decomandat, 52mp, zona Dacia","Strada Tabacului, Dacia, Iasi, Iasi",400,7.69,2,52
887,CUG | 2 camere | Mutare Imediata | Prima inchiriere,"Strada Bazei, CUG, Iasi, Iasi",400,7.69,2,52
1046,Apartament 2camere,"Centru, Iasi, Iasi",400,7.69,2,52
52,"Pacurari- 2 camere etaj 1,Prima inchiriere","Pacurari, Iasi, Iasi",400,7.84,2,51
529,"Apartament de 2 camere, decomandat, 51mp, zona Canta","Stradela Canta, Canta, Iasi, Iasi",400,7.84,2,51
729,"Pacurari-Apartament 2 camere etaj 1, Inchiriere","Pacurari, Iasi, Iasi",400,7.84,2,51
897,2 CAMERE/PRIMA INCHIRIERE/CANTA/BALCON SPATIOS/AER CONDITIONAT,"Strada Canta, Canta, Iasi, Iasi",400,7.84,2,51
28,Copou | 2 camere | Bloc Nou | Mutare imediata,"Copou, Iasi, Iasi",400,8,2,50
33,"Apartament 2 camere Pacurari , 50 metri, etaj 8 Cod:151142","Soseaua Pacurari, Pacurari, Iasi, Iasi",400,8,2,50
91,"Apartament 2 camere DECOMANDAT, CUG, TOTUL NOU","Aleea Tudor Neculai, CUG, Iasi, Iasi",400,8,2,50
163,"Apartament 2 CD, Panoramic Residence","CUG, Iasi, Iasi",400,8,2,50
173,Apartament 2 camere Copou,"Centru, Iasi, Iasi",400,8,2,50
174,"Apartament 2 camere Gara , 50 metri, etaj 4 Cod:150323","Strada Garii, Gara, Iasi, Iasi",400,8,2,50
180,"Apartament 2 camere, decomandat persoana fizica","Centru, Iasi, Iasi",400,8,2,50
340,"Inchiriez apartament 2 cam, open space, zona Copou - Belleveu","Aleea Grigore Ghica Voda, Copou, Iasi, Iasi",400,8,2,50
458,Ap 2 camere de inchiriat bloc nou zona COPOU-Complex Royal Town,"Carol I, Iasi, Iasi",400,8,2,50
543,Ultracentral Tg. Cucu( Sararie ) Casa 2Camere Individuala,"Podu Ros, Iasi, Iasi",400,8,2,50
548,Piata Unirii UMF apartament 2 camere,"Podu Ros, Iasi, Iasi",400,8,2,50
557,Apartament 2 camere cu parcare Copou,"Copou, Iasi, Iasi",400,8,2,50
581,Apartament cu doua camere+parcare,"Strada Stefan cel Mare, Copou, Iasi, Iasi",400,8,2,50
602,PROPRIETAR! Inchiriez apartament 2 camere rond PODU ROS,"Centru, Iasi, Iasi",400,8,2,50
752,Podu Ros ( langa Palas) Apartament Modern 2 Camere De Inchiriat NOU,"Podu Ros, Iasi, Iasi",400,8,2,50
800,Apartament 2 camere Tatarasi-Ciurchi,"Tatarasi Sud, Iasi, Iasi",400,8,2,50
849,"Apartament 2 camere, semidecomandat, de închiriat, zona Copou - Royal","Carol I, Iasi, Iasi",400,8,2,50
858,"Apartament 2 camere, 50mp, Semidecomandat, Tudor Vladimirescu","Bulevardul Tudor Vladimirescu, Tudor Vladimirescu, Iasi, Iasi",400,8,2,50
907,"Apartament cu 2 camere, bloc nou, zona Copou","Carol I, Iasi, Iasi",400,8,2,50
1036,Apartament 50mp Iasicon Towers Podul de Fier,"Podu de Fier, Iasi, Iasi",400,8,2,50
148,"Apartament 2 camere Nicolina , 49 metri, etaj 8 Cod:151150","Strada Petre Tutea, Nicolina 1, Iasi, Iasi",400,8.16,2,49
34,"Apartament 2 camere Gara , 48 metri, etaj 1 Cod:151025","Strada Garii, Gara, Iasi, Iasi",400,8.33,2,48
353,"Apartament 2 camere Gara , 48 metri, etaj 4 Cod:150421","Strada Garii, Gara, Iasi, Iasi",400,8.33,2,48
528,"Apartament nou de 2 camere, decomandat 48mp, zona Cug","Fundatura Otelariei, CUG, Iasi, Iasi",400,8.33,2,48
16,"De inchiriat apartament nou si modern, cu 2 camere in Iasi","Soseaua Nicolina, CUG, Iasi, Iasi",400,8.51,2,47
473,"Prima inchiriere, Apartament cu 2 camere in bloc nou cu 2 lifturi, CUG","Soseaua Nicolina, CUG, Iasi, Iasi",400,8.51,2,47
593,"Inchiriati un apartament nou si modern, 2 camere, in Iasi, Cug","Soseaua Nicolina, CUG, Iasi, Iasi",400,8.51,2,47
603,"Prima inchiriere, apartament 2 camere, mobilat si utilat, Cug","Soseaua Nicolina, CUG, Iasi, Iasi",400,8.51,2,47
188,"Zona Tudor Iulius Mall, apartament modern, 2 camere open space+parcare","Bulevardul Chimiei, Tatarasi Sud, Iasi, Iasi",400,8.89,2,45
407,Ap de inchiriat copou iasi,"Centru, Iasi, Iasi",400,8.89,2,45
479,Ultracentral langa UMF/Univ.Cuza - Independentei 2 camere open space,"Podu Ros, Iasi, Iasi",400,8.89,2,45
832,"Apartament de 2 camere, decomandat, 45mp, zona Tatarasi","Strada Ion Creanga, Tatarasi Nord, Iasi, Iasi",400,8.89,2,45
869,Apartament 1 camera Palas 400 euro,"Centru, Iasi, Iasi",400,8.89,1,45
935,Apartament 2 camere Centru - Palas - Lazar Residence,"Podu Ros, Iasi, Iasi",400,8.89,2,45
252,"Apartament 2 camere, Palas - LAZAR Residence, mobilat + utilat","Podu Ros, Iasi, Iasi",400,9.09,2,44
459,Apartament 2 camere Copou langa Universitate,"Centru, Iasi, Iasi",400,9.09,2,44
679,Palas Mall Bloc Nou Lux Apartament 1 Camera,"Podu Ros, Iasi, Iasi",400,9.3,1,43
892,"Apartament cu o camera de inchriat, Lazar Residence, Palas Mall","Strada Zimbrului, Tudor Vladimirescu, Iasi, Iasi",400,9.3,1,43
783,"Închiriere Ap. 2 camere în zona Copou, lângă G. View Hotel Comision 0%","Strada Baltagului, Carol I, Iasi, Iasi",400,9.45,2,42.33
280,Apartament 2 camere – Centru – Hala Centrala – Moldova Mall,"Centru, Iasi, Iasi",400,9.52,2,42
498,Ap 1 camera Lazar,"Centru, Iasi, Iasi",400,9.52,1,42
846,"Garsoniera, 42mp, Lazar Residence","Strada Profesor Sesan A., Podu Ros, Iasi, Iasi",400,9.52,1,42
477,Centru Palas Bloc Nou Lux Apartament 1 Camera,"Podu Ros, Iasi, Iasi",400,10,1,40
496,Apartament 1 camera Gara,"Centru, Iasi, Iasi",400,10,1,40
516,"Apartament de o cameră, decomandat, 40mp, zona Centru Civic","Strada Cuza Voda, Centru, Iasi, Iasi",400,10,1,40
637,"PF, ofer spre inchiriere apartament cu 1 camera, Iasi, McDonalds","Alexandru Cel Bun, Iasi, Iasi",400,10,1,40
860,"Apartament 1 camera, decomandat, 40mp, Centru Civic","Strada Vasile Stroescu, Centru, Iasi, Iasi",400,10,1,40
309,Nicolina | 2 camere | Recent renovat | Mutare imediata,"Strada Clopotari, Nicolina 2, Iasi, Iasi",400,11.11,2,36
325,Apartament 2 camere Nicolina 2,"Strada Clopotari, Nicolina 2, Iasi, Iasi",400,11.11,2,36
399,"Apartament 2 camere Nicolina 2 modern, totul nou","Strada Magurei, Nicolina 2, Iasi, Iasi",400,11.11,2,36
895,"Tatarasi, bloc nou, 1 camera, cu loc de parcare","Fundatura Tanasescu, Uzinei, Iasi, Iasi",400,11.43,1,35
269,"Apartament 1 camera, de inchiriat, zona Ultracentrala - Palas","Strada Moldovei, Tudor Vladimirescu, Iasi, Iasi",400,12.12,1,33
352,"400euro, apartament 2 camere open space, Lazar Residence","Strada Zimbrului, Podu Ros, Iasi, Iasi",400,12.12,2,33
970,Piata Unirii UMF garsoniera cu cheltuieli incluse in chirie,"Podu Ros, Iasi, Iasi",400,15.38,1,26
697,"3 CAMERE, etaj intermediar, centrala, renovat, zona Mircea Galata","Mircea cel Batran, Iasi, Iasi",402.41,6.39,3,63
771,Apartament cu 3 camere Tatarasi,"Podu Ros, Iasi, Iasi",402.41,6.71,3,60
713,Apartament 2 camere bloc nou - CALEA CHISINAULUI - PETROM,"Baza 3, Iasi, Iasi",402.41,8.05,2,50
824,"Apartament 3 camere Nicolina, prima statie","Centru, Iasi, Iasi",410,4.77,3,86
646,"Apartament 2 camere Cug , 51 metri, etaj parter Cod:150572","Strada Petre Tutea, Nicolina 1, Iasi, Iasi",410,8.04,2,51
346,"Apartament 2 camere, 50 mp, decomandat, Zona Chimiei","Strada Sfantul Ioan, Aviatiei, Iasi, Iasi",415,8.3,2,50
951,"LA CHEIE! Apartament 3 camere Tatarasi COMPLEX NOU, mobilat&utilat !","Aviatiei, Iasi, Iasi",419,5.99,3,70
558,"Apartament de 3 camere, decomandat, 75mp, zona Nicolina","Strada Profesor Ion Inculet, Nicolina 2, Iasi, Iasi",420,5.6,3,75
588,"Apartament 3 camere Pacurari , 75 metri, etaj 2 Cod:150220","Soseaua Pacurari, Pacurari, Iasi, Iasi",420,5.6,3,75
669,"Apartament 3 camere Popas Pacurari , 75 metri, etaj 2 Cod:150220","Soseaua Pacurari, Pacurari, Iasi, Iasi",420,5.6,3,75
626,Apartament 3 camere de inchiriat-Pacurari-etajul 1-mobilat si utilat,"Pacurari, Iasi, Iasi",420,6.36,3,66
303,"Apartament 2 camere in Copou, 65 mp, prima inchiriere","Centru, Iasi, Iasi",420,6.46,2,65
398,Apartament 2 camere Canta-Dream Village,"Canta, Iasi, Iasi",420,7,2,60
271,"Apartament 2 camere, 58mp, decomandat, Nicolina","Soseaua Nicolina, Nicolina 1, Iasi, Iasi",420,7.24,2,58
327,Apartament 2 camere,"Strada Profesor Ion Inculet, Nicolina 2, Iasi, Iasi",420,7.24,2,58
880,Ultracentral Bld Stefan langa UMF apartament 2 camere open space,"Podu Ros, Iasi, Iasi",420,7.64,2,55
89,Apartament 2 camere Grand Beetle -loc parcare subteran 420 euro,"Soseaua Pacurari, Pacurari, Iasi, Iasi",420,7.92,2,53
235,Inchiriere apartament 2 camere Pacurari,"Pacurari, Iasi, Iasi",420,7.92,2,53
531,"Apartament cu 2 camere decomandat, Bloc Nou, Pacurari, Grand Beetle Re","Soseaua Pacurari, Pacurari, Iasi, Iasi",420,7.92,2,53
1069,inchiriere apartament 2 camere Pacurari,"Centru, Iasi, Iasi",420,7.92,2,53
766,Apartament 2 camere NOU Royal Town - Copou,"Agronomie, Iasi, Iasi",420,8.08,2,52
571,Apartament 2 camere Concept,"Pacurari, Iasi, Iasi",420,8.4,2,50
1066,"Podul de Fier, 2 camere mobilat si utilat","Tudor Vladimirescu, Iasi, Iasi",420,8.4,2,50
813,Exclusivitate! Apartament Gara 420 euro cu LOC DE PARCARE,"Gara, Iasi, Iasi",420,8.75,2,48
923,De inchiriat! Apartament cu doua camere situat in zona Stefan cel Mare,"Podu Ros, Iasi, Iasi",420,8.75,2,48
1041,"Pacurari, 2 camere premium, bloc nou, cu garaj","Canta, Iasi, Iasi",420,8.75,2,48
92,"Apartament 2 camere, Royal Town, 420 euro","Carol I, Iasi, Iasi",420,9.33,2,45
205,Proprietar inchiriez apartament 2 cam Royal Town Copou ultra-luxury,"Centru, Iasi, Iasi",420,9.33,2,45
619,Apartament cu 2 camere situat in zona Gara - Mc`Donalds,"Strada Garii, Gara, Iasi, Iasi",420,9.33,2,45
851,"Apartament 2 camere, Pacurari","Strada Pacurari, Canta, Iasi, Iasi",420,9.33,2,45
1047,"Inchiriez apartament 2 cam, open space, zona Moara de Vant - Complex R","Stradela Moara de Vant, Moara de Vant, Iasi, Iasi",420,9.33,2,45
934,"Inchiriez apartament 2 cam, open space, zona Pacurari - Concept Pacura","Strada Pacurari, Pacurari, Iasi, Iasi",420,10,2,42
380,Apartament 2 camere de inchiriat zona Palas,"Centru, Iasi, Iasi",420,10.5,2,40
296,Persoans fizica Inchiriez apartament 2 camere,"Centru, Iasi, Iasi",422.54,4.91,2,86
501,Apartament 2 camere Moara de Vânt,"Centru, Iasi, Iasi",425,7.33,2,58
465,Chirie | 2 cam decomandat Tatarasi (Himson),"Strada Aurel Vlaicu, Aviatiei, Iasi, Iasi",425,9.24,2,46
194,"Gara Blue Aqua, apartament nemobilat, spatios, 430euro/luna","Gara, Iasi, Iasi",430,4.57,4,94
243,"Apartament 3 camere 94 mp, decomandat, zona Cug","Soseaua Nicolina, CUG, Iasi, Iasi",430,4.57,3,94
1010,"Apartament de 3 camere, 68 mp, zona Podu Ros","Bulevardul Tutora, Podu Ros, Iasi, Iasi",430,6.32,3,68
361,Apartament de inchiriat Copou,"Carol I, Iasi, Iasi",430,6.94,2,62
979,"Apartament 2 camere, D, etaj 2, bloc nou, lift, PRIMA INCHIRIERE","Tesatura, Iasi, Iasi",430,8.43,2,51
996,Inchiriere apartament 2 camere zona Oancea,"Centru, Iasi, Iasi",430,8.6,2,50
1059,"Inchiriez apartament 2 camere, open space, Complex Roua Residence","Stradela Moara de Vant, Moara de Vant, Iasi, Iasi",430,8.6,2,50
1013,Ocazie chirie 2 camere Tudor Neculai,"Centru, Iasi, Iasi",430,9.15,2,47
385,"Centru - Gara - Apartament nou 2 camere, prima inchiriere","Centru, Iasi, Iasi",430,9.35,2,46
930,"Liber! 2 cam D, et1, renovat complet-Podu Ros","Tesatura, Iasi, Iasi",430,9.56,2,45
937,"Wolf Street Apartaments, prima inchiriere","Bulevardul Tudor Vladimirescu, Tudor Vladimirescu, Iasi, Iasi",430,10.24,1,42
938,"Wolf Street Apartaments, prima inchiriere","Bulevardul Tudor Vladimirescu, Tudor Vladimirescu, Iasi, Iasi",430,10.75,1,40
909,Tatarasi | 2 camere | centrala | balcon,"Strada Oancea, Tatarasi Sud, Iasi, Iasi",435,8.7,2,50
79,"Proprietar, inchiriez ap 3 camere, zona Alexandru cel Bun - Rond 28","Alexandru Cel Bun, Iasi, Iasi",440,5.87,3,75
523,"Apartament de 2 camere, decomandat, 50mp, zona Tatarasi","Strada Tatarasi, Tatarasi Nord, Iasi, Iasi",445,8.9,2,50
339,"Garsoniera situata la casa, 30mp, Centrul Civic","Strada Vasile Stroescu, Centru, Iasi, Iasi",446,14.87,1,30
764,Apartament 2 camere decomandat Venetia Residence+ parcare,"Aviatiei, Iasi, Iasi",449,7.48,2,60
782,Apt PRIMA INCHIRIERE Copou/bloc nou-mobilat&utilat -complex rezidentia,"Iasi, Iasi",449,7.48,2,60
142,Apartament 2 Camere Copou Bellevue - 449 euro,"Strada Fagului, Copou, Iasi, Iasi",449,8.31,2,54
981,Apartament 2 camere Copou-Garden Residence,"Copou, Iasi, Iasi",449,8.98,2,50
638,Apartament cu 2 camere Palas Moll Palatul Culturii Moldova Moll,"Centru, Iasi, Iasi",449,10.69,1,42
491,"Apartament 4 camere Gara-Billa, cu 3 balcoane si 2 bai","Gara, Iasi, Iasi",450,4.79,4,94
1027,NICOLINA - Biserica Catolica Inchiriez ap 3 camere + terasa generoasa,"Podu Ros, Iasi, Iasi",450,5,3,90
918,Nicolina | 3 camere | 2xbalcoane | 2xbai | recent renovat | centrala,"Strada Petre Tutea, Nicolina 1, Iasi, Iasi",450,5.62,3,80
1034,"Apartament 3 camere Centru - UMF, la vila","Centru, Iasi, Iasi",450,5.62,3,80
804,"Apartament 3 camere,Nicolina","Centru, Iasi, Iasi",450,5.77,3,78
244,"Apartament cu 3 camere decomandat, Palas Mall","Strada Sfantul Andrei, Centru, Iasi, Iasi",450,5.92,3,76
371,Apartament Palas Mall,"Centru, Iasi, Iasi",450,5.92,3,76
71,Apartament 3 Camere CUG - 450 euro,"Soseaua Nicolina, CUG, Iasi, Iasi",450,6,3,75
74,"Prima inchiriere, apart. 3 camere lux, Cug, mobilat, utilat","Aleea Tudor Neculai, CUG, Iasi, Iasi",450,6,3,75
821,Apartament 3 camere Bulevardul Stefan cel Mare,"Centru, Iasi, Iasi",450,6,3,75
606,"Apartament 3 camere, 74 mp, decomandat, zona Ultracentrala","Bulevardul Tudor Vladimirescu, Tatarasi Nord, Iasi, Iasi",450,6.08,3,74
1060,Sf. Lazăr Palas Mall,"Podu Ros, Iasi, Iasi",450,6.08,3,74
60,Inchiriez ap 3 camere in Nicolina 2,"Centru, Iasi, Iasi",450,6.43,1,70
118,"Apartament 3 camere, Prima Inchiriere, Cug","Soseaua Nicolina, CUG, Iasi, Iasi",450,6.43,3,70
134,Apartament cu 3 camere CUG 450 euro,"Aleea Tudor Neculai, CUG, Iasi, Iasi",450,6.43,3,70
701,"Apartament nou, 2 camere, decomandat, loc de parcare inclus, Tatarasi","Tatarasi Sud, Iasi, Iasi",450,6.43,2,70
1006,"Apartament de 2 camere, 70mp, decomandat, zona Copou","Strada Caraiman, Ticau, Iasi, Iasi",450,6.43,2,70
684,Apartament 2 camere decomandat Copou Royal Town,"Copou, Iasi, Iasi",450,6.72,2,67
894,Apartament 3 camere Pacurari,"Soseaua Pacurari, Pacurari, Iasi, Iasi",450,6.72,3,67
1025,"Apartament 3 cam. dec. - 67 mp - Centru , Independentei","Podu Ros, Iasi, Iasi",450,6.72,3,67
199,Apartament 2 camere decomandat Centru,"Centru, Iasi, Iasi",450,6.92,2,65
616,"Ap 2 cam D, de inchiriat, Royal Town Copou","Aleea Sadoveanu, Carol I, Iasi, Iasi",450,6.92,2,65
632,Apartament 2 camere Copou Exclusive Residence,"Copou, Iasi, Iasi",450,6.92,2,65
877,Apartament 2 camere decomandat de inchiriat- Royal Town Copou,"Agronomie, Iasi, Iasi",450,6.92,2,65
898,Apartament cu 3 camere de inchiriat in zona Canta - Moara de Foc,"Canta, Iasi, Iasi",450,6.92,3,65
990,ap 3cd gara iasi,"Centru, Iasi, Iasi",450,6.92,3,65
976,Apartament 2 camere Copou - 450 euro/lună,"Centru, Iasi, Iasi",450,7.03,2,64
763,"Apartament 2 camere de inchiriat, vedere panoramica","Agronomie, Iasi, Iasi",450,7.14,2,63
868,Copou Royal Town Residence La Prima Inchiriere Apartament 2 Camere Nou,"Podu Ros, Iasi, Iasi",450,7.14,2,63
873,Moara de Vant bloc nou apartament 2 camere lux,"Podu Ros, Iasi, Iasi",450,7.26,2,62
947,"Ap 2 cam , decomandat , 60,5 mp, nou - la prima inchiriere - Poitiers","Bulevardul Poitiers, Manta Rosie, Iasi, Iasi",450,7.44,2,60.5
11,Podu Ros Bulevardul Tutora apartament 3 camere etaj 3 din 4 CT + AC,"Centru, Iasi, Iasi",450,7.5,3,60
376,Apartament 2 camere bloc nou - Royal Town - Copou,"Carol I, Iasi, Iasi",450,7.5,2,60
378,Apartament 2 camere bloc nou Copou - complex Royal Town,"Carol I, Iasi, Iasi",450,7.5,2,60
506,Apartament 2 camere Royal Town Copou,"Carol I, Iasi, Iasi",450,7.5,2,60
520,"Apartament de 2 camere, decomandat, 60mp, zona Moara de Vant","Stradela Moara de Vant, Moara de Vant, Iasi, Iasi",450,7.5,2,60
605,"Apartament 2 camere, 60 mp, decomandat, zona Ultracentrala","Stradela Armeana, Centru, Iasi, Iasi",450,7.5,2,60
658,Apartament 2 camere – Bloc Nou – Centru – Hala Centrala,"Centru, Iasi, Iasi",450,7.5,2,60
715,"Tudor Vladimirescu, 2 camere, Decomandat, 60mp, Etaj 2/8, Renovat","Centru, Iasi, Iasi",450,7.5,2,60
802,Persoană fizică inchiriez apartament 3 camere renovat și utilat comple,"Centru, Iasi, Iasi",450,7.5,3,60
863,Apartament 2 camere Tatarasi,"Strada Dudescu, Tatarasi Nord, Iasi, Iasi",450,7.5,2,60
952,Apartament 2 camere decomandat Venetia Residence+ parcare,"Aviatiei, Iasi, Iasi",450,7.5,2,60
1023,"inchiriere apartament 2 camere ultracentral Iasi, bloc nou, loc garaj","Centru, Iasi, Iasi",450,7.5,2,60
734,Apartament cu 3 camere situat in zona Podu Ros,"Bulevardul Tutora, Tesatura, Iasi, Iasi",450,7.76,3,58
463,"Inchiriez apartament 2 cam,decomandat, zona Billa - Gara","Strada Bacinschi, Gara, Iasi, Iasi",450,7.89,2,57
511,"Apartament 2 camere, decomandat, 57mp, Poitiers Towers","Soseaua Bucium, Manta Rosie, Iasi, Iasi",450,7.89,2,57
608,"Apartament cu două camere Nicolina 2, etaj 1/4","Centru, Iasi, Iasi",450,8.04,2,56
784,"Aparatemnt 2 camere, decomandat , 56 mp, NICOLINA","Bulevardul Nicolae Iorga, Podu Ros, Iasi, Iasi",450,8.04,2,56
950,"Ap de inchiriat 2 cam openspace, dressing, 56 mp,bloc nou","Strada Aurel Vlaicu, Aviatiei, Iasi, Iasi",450,8.04,2,56
234,Apartament 2 camere premium +parcare subterana Roua Residence,"Iasi, Iasi",450,8.18,2,55
504,Inchiriere - Apartament 2 Camere - Podul de Fier,"Centru, Iasi, Iasi",450,8.18,2,55
613,"Ap. 2 camere, decomandat, bloc nou, etaj 1 cu lift, parcare subterana","Podu Ros, Iasi, Iasi",450,8.18,2,55
730,"Apartament 2 camere Podu Ros, 55mp, renovat, prima inchiriere!","Podu Ros, Iasi, Iasi",450,8.18,2,55
754,Apartament 2 camere+parcare Copou Bellevue,"Copou, Iasi, Iasi",450,8.18,2,55
765,"Apartament 2 camere, decomandat, Royal Town Copou","Agronomie, Iasi, Iasi",450,8.18,2,55
768,"De inchiriat, Apartament 2 camere decomandat, Royal Town Copou","Agronomie, Iasi, Iasi",450,8.18,3,55
888,Copou-Bellevue | 2 Camere | Mutare imediata |,"Strada Fagului, Copou, Iasi, Iasi",450,8.18,2,55
936,Tatarasi Nord | 2 camere | Bloc nou | Modern | Mutare imediata,"Strada Ciurchi, Tatarasi Sud, Iasi, Iasi",450,8.18,2,55
944,Apartament NOU 2 camere Moara de Vant + parcare,"Ticau, Iasi, Iasi",450,8.18,2,55
189,Apartament 2 camere decomadnat zona Garii,"Gara, Iasi, Iasi",450,8.33,2,54
987,Apartament de inchiriat CUG,"Centru, Iasi, Iasi",450,8.33,2,54
1038,"Apartament 2 camere, Hala Centrala, 54 mp, et 1","Centru, Iasi, Iasi",450,8.33,2,54
206,Apartament cu 2 camere de inchiriat direct de la proprietar,"Aviatiei, Iasi, Iasi",450,8.49,2,53
242,"Apartament cu 2 camere, cartier Tatarasi","Bulevardul Tudor Vladimirescu, Tudor Vladimirescu, Iasi, Iasi",450,8.49,2,53
817,Apartament 3 camere Centru - Podu de Fier,"Bulevardul Tudor Vladimirescu, Podu de Fier, Iasi, Iasi",450,8.49,3,53
310,QPORTUNITATE! Prima Inchiriere! AP 2 camere Tatarasi-HIMSON,"Centru, Iasi, Iasi",450,8.65,2,52
48,"Apartament 2 camere Tatarasi , 51 metri, etaj 4 Cod:150979","Bulevardul Tudor Vladimirescu, Tudor Vladimirescu, Iasi, Iasi",450,8.82,2,51
536,"Apartament 2 camere Tatarasi , 51 metri, etaj 4 Cod:150978","Strada Tatarasi, Tatarasi Nord, Iasi, Iasi",450,8.82,2,51
670,"Apartament 2 camere Tudor Vladimirescu , 51 metri, etaj 3 Cod:150777","Bulevardul Tudor Vladimirescu, Tudor Vladimirescu, Iasi, Iasi",450,8.82,2,51
751,Apartament 2 camere decomandat + parcare Newton- Tatarasi,"Tatarasi Nord, Iasi, Iasi",450,8.82,2,51
81,"Apartament 2 camere Copou , 50 metri, etaj 1 Cod:151141","Bulevardul Carol I, Copou, Iasi, Iasi",450,9,2,50
88,Apartament 2 camere Copou-Royal Town 450 euro,"Strada George Calinescu, Carol I, Iasi, Iasi",450,9,2,50
182,Apartament 2 camere,"Centru, Iasi, Iasi",450,9,2,50
351,2 camere de inchiriat - Copou - mobilat si utilat,"Bulevardul Carol I, Copou, Iasi, Iasi",450,9,2,50
455,Apartament 2 camere cu parcare si terasa COPOU,"Alexandru Cel Bun, Iasi, Iasi",450,9,2,50
545,"Apartament 2 camere, River's Towers, 5 minute Iulius Mall, totul nou","Bulevardul Chimiei, Tatarasi Sud, Iasi, Iasi",450,9,2,50
629,Piata Unirii UMF apartament 2 camere de inchiriat,"Podu Ros, Iasi, Iasi",450,9,2,50
665,Royal Town | Bloc Nou | Mutare imediata,"Carol I, Iasi, Iasi",450,9,2,50
695,Apartament 2 camere pentru inchiriat,"Centru, Iasi, Iasi",450,9,2,50
911,Apartament 2 camere - Pacurari - Contemporan Residence,"Pacurari, Iasi, Iasi",450,9,2,50
980,"2 CAMERE, decomandat, zona Tudor - Baza 3 - prima inchiriere","Tudor Vladimirescu, Iasi, Iasi",450,9,2,50
335,"Apartament 2 camere, 49 mp, decomandat, Copou","Bulevardul Carol I, Copou, Iasi, Iasi",450,9.18,2,49
522,"Apartament de 2 camere, 49mp, zona Copou","Carol I, Iasi, Iasi",450,9.18,2,49
110,Apartament 2 camere complex rezidential Copou Bellevue,"Pacurari, Iasi, Iasi",450,9.38,2,48
717,"Apartament de 2 camere, decomandat, 47mp, zona Nicolina","Aleea Tudor Neculai, CUG, Iasi, Iasi",450,9.57,2,47
941,"Tatarasi, bloc nou, 2 camere la prima inchiriere","Bulevardul Chimiei, Tatarasi Sud, Iasi, Iasi",450,9.57,2,47
621,Apartament 2 camere Tatarasi-Himson,"Zona Industriala, Iasi, Iasi",450,9.78,2,46
625,"Apartament de 2 camere, decomandat, 46mp, zona Metalurgiei","Strada Aurel Vlaicu, Aviatiei, Iasi, Iasi",450,9.78,2,46
61,Apartament cu 2 camere situat in zona Tatarasi - Newton,"Podu Ros, Iasi, Iasi",450,10,2,45
850,"Apartament, 2 camere, 45mp, zona Centrala","Strada Malu, Tudor Vladimirescu, Iasi, Iasi",450,10,2,45
1050,PF. Apartament 2 Camere Decomandat,"Alexandru Cel Bun, Iasi, Iasi",450,10.23,2,44
62,De inchiriat! Apartament cu 2 camere situat in zona Copou - Royal Town,"Podu Ros, Iasi, Iasi",450,11.25,2,40
914,Apartament cu 2 camere situat in zona Sfantul Andrei,"Strada Sfantul Andrei, Uzinei, Iasi, Iasi",450,11.25,2,40
515,"Apartament tip studio, semidecomandat, 35mp, zona Copou","Strada Oastei, Copou, Iasi, Iasi",450,12.86,1,35
283,Apartament 2 camere Palas Campus,"Strada Alexandru Voda Ipsilanti, Uzinei, Iasi, Iasi",450,15,2,30
988,STUDIO de lux + parcare Copou - Universitatea Al. I Cuza,"Copou, Iasi, Iasi",450,16.07,1,28
547,"Apartament 2 camere, Lazar Residence, 300 m Palas Mall, ingrijit","Strada Sfantul Lazar, Tudor Vladimirescu, Iasi, Iasi",459,10.93,2,42
949,Apartament 3 camere Sun Residence-Valea Adanca + parcare,"Dacia, Iasi, Iasi",460,6.76,3,68
451,Apartament NOU 2 camere Royal Town - Copou,"Carol I, Iasi, Iasi",460,8.36,2,55
541,Inchiriez apartament 2 camere in Pacurari- Autogara Nord-Est,"Centru, Iasi, Iasi",462.78,6.91,2,67
810,"Apartament de 2 camere, decomandat, 67mp, zona Tatarasi","Strada Sfantul Ioan, Aviatiei, Iasi, Iasi",470,7.01,2,67
735,"De inchiriat apartament 2 camere decomandat, Royal Town Copou","Agronomie, Iasi, Iasi",470,7.23,2,65
178,PF Apartament 2 camere Copou - Rasarit de Soare,"Centru, Iasi, Iasi",470,8.55,2,55
519,"Apartament 2 camere, bucatarie open-space, 30mp, zona...","Aleea Veronica Micle, Copou, Iasi, Iasi",470,10.44,2,45
208,Apartament Nou 2 Camere 52 MP + Loc Parcare - CUG - Complex Nou,"CUG, Iasi, Iasi",479,9.21,2,52
563,"Apartament 2 camere Tudor Vladimirescu , 70 metri, etaj 5 Cod:150331","Bulevardul Tudor Vladimirescu, Tudor Vladimirescu, Iasi, Iasi",480,6.86,2,70
962,"Apartament nou de 2 camere, decomandat, 60mp, zona Tatarasi","Strada Deliu, Tatarasi Nord, Iasi, Iasi",480,8,2,60
983,Apartament NOU 3 camere Gara-Arka Residence,"Centru, Iasi, Iasi",480,8,3,60
32,Copou | 2 camere | Bloc Nou | Mutare imediata,"Carol I, Iasi, Iasi",480,8.73,2,55
268,Apartament 2 camere Moara de Vant,"Centru, Iasi, Iasi",480,8.73,2,55
755,Apartament 2 camere NOU Royal Town - Copou,"Carol I, Iasi, Iasi",480,8.73,2,55
814,Apartament cu doua camere situat in zona Tatarasi - Venetia Residence,"Strada Fantanilor, Tatarasi Nord, Iasi, Iasi",480,8.73,2,55
450,"Apartament 2 camere Copou , 52 metri, etaj 3 Cod:150442","Bulevardul Carol I, Copou, Iasi, Iasi",480,9.23,2,52
1007,"Apartament de 2 camere, 50mp, zona Nicolina","Aleea Tudor Neculai, Nicolina 1, Iasi, Iasi",480,9.6,2,50
468,"Prima inchiriere! Apartament 2 camere, super premium + loc parcare","Agronomie, Iasi, Iasi",480,11.71,2,41
1009,"Apartament 2 camere, 41 mp, modern, Nicolina","Aleea Tudor Neculai, CUG, Iasi, Iasi",480,11.71,2,41
300,Apartament 2 camere de inchiriat la vila in Copou,"Centru, Iasi, Iasi",490,12.25,2,40
912,Apartament 3 camere + loc de parcare CUG-Providenta,"CUG, Iasi, Iasi",499,5.87,3,85
161,Apartament PREMIUM 2 camere Kimono- Moara de Vant,"Moara de Vant, Iasi, Iasi",499,7.68,2,65
798,Apartament NOU 2 camere Tatarasi-Evergreen Towers,"Tatarasi Sud, Iasi, Iasi",499,8.32,2,60
388,Apartament 2 camere NOU Centru - Palas - AMAZON,"Podu Ros, Iasi, Iasi",499,9.6,2,52
978,Apartament 2 camere + parcare Himson-Tatarasi,"Tatarasi Sud, Iasi, Iasi",499,10.4,2,48
232,Piata Unirii UMF apartament 3 camere modern de inchiriat cu avans,"Centru, Iasi, Iasi",500,5.56,3,90
258,Apartament 3 camere Tg Cucu/ Blocuri tip Vila,"Centru, Iasi, Iasi",500,5.56,3,90
1032,Apartament de închiriat în complex Kimono,"Moara de Vant, Iasi, Iasi",500,5.81,2,86
87,Apartament 2 camere Moara de Vant-Complex Kimono 500 euro,"Strada Mironescu, Moara de Vant, Iasi, Iasi",500,5.95,2,84
1029,APARTAMENT NOU 2 Camere Complex Kimono,"Centru, Iasi, Iasi",500,5.95,2,84
333,"Apartament 4 camere Baza 3 , 81 metri, etaj parter Cod:151022","Strada Islaz, Baza 3, Iasi, Iasi",500,6.17,4,81
281,Apartament 3 camere inchiriere zona ARCU- Gara( bucatarie mobilata),"Centru, Iasi, Iasi",500,6.25,3,80
362,"Apartament 3 camere, decomandat, 80 mp, zona Garii","Soseaua Arcu, Gara, Iasi, Iasi",500,6.25,3,80
708,Apartament 3 camere inchiriere ARCU- Gara( bucatarie mobilata)etaj 2,"Centru, Iasi, Iasi",500,6.25,3,80
794,"Centru - Hala Centrala, apartament cu 3 camere, mobilat si utilat","Strada Costache Negri, Centru, Iasi, Iasi",500,6.25,3,80
835,Apartament cu 3 camere in Centrul Civic!,"Centru, Iasi, Iasi",500,6.25,3,80
839,Independentei UMF apartament 3 camere de inchiriat,"Podu Ros, Iasi, Iasi",500,6.25,3,80
927,Piata Unirii UMF ( Bld Stefan) apartament 3 camere cu 2 bai,"Podu Ros, Iasi, Iasi",500,6.25,3,80
128,Apartament 3 Camere Palas Mall - 500 euro,"Splai Bahlui Mal Stang, Uzinei, Iasi, Iasi",500,6.67,3,75
203,Apartament cu 3 camere,"Soseaua Nicolina, Nicolina 1, Iasi, Iasi",500,6.67,3,75
229,"Apartament 3 camere Nicolina-CUG (Pizza Nico), prima inchiriere","Centru, Iasi, Iasi",500,6.67,3,75
767,Apartament 3 camere Independentei - UMF,"Centru, Iasi, Iasi",500,6.76,3,74
994,"PF, 3 camere decomandat Nicolina LIDL, complet mobilat si utilat","Tesatura, Iasi, Iasi",500,6.76,3,74
1022,Inchiriez aparatament 3 camere bdul Stefan cel Mare,"Centru, Iasi, Iasi",500,6.76,3,74
694,Ultracentral Bulevardul Stefan langa UMF si Palas apartament 3 camere,"Podu Ros, Iasi, Iasi",500,6.94,3,72
210,"Apartament 3 camere 70 mp, decomandat, Pacurari","Bulevardul Iorga Nicolae, Canta, Iasi, Iasi",500,7.14,3,70
550,"Spatiu birouri, 4 camere, Pacurari 500 euro","Canta, Iasi, Iasi",500,7.14,4,70
893,Apartament 3 camere UMF,"Centru, Iasi, Iasi",500,7.14,3,70
266,Apartament 3 camere Podu Ros Prima inchiriere,"Centru, Iasi, Iasi",500,7.35,3,68
356,"Prima inchiriere, apartament nou, 3 camere, loc parcare subterana","Podu Ros, Iasi, Iasi",500,7.35,3,68
257,"Apartament 3 camere, 65mp, semidecomandat, Splai Bahlui","Splaiul Bahlui Mal Drept, Tesatura, Iasi, Iasi",500,7.69,3,65
666,Copou | 2 camere | Pet Friendly | Mutare imediata | Priveliste panoram,"Strada Titu Maiorescu, Copou, Iasi, Iasi",500,7.69,2,65
759,Chirie | 2 camere Copou,"Copou, Iasi, Iasi",500,7.69,2,65
876,"Apartament 2 Camere decomandat cu loc parcare, Royal Town","Agronomie, Iasi, Iasi",500,7.69,2,65
940,Apartament 2 camere Copou Garden,"Carol I, Iasi, Iasi",500,7.69,2,65
156,Apartament 2 camere Moara de Vant - Little Texas,"Moara de Vant, Iasi, Iasi",500,7.81,2,64
411,Ultracentral Piata Unirii UMF apartament 2 camere cu terasa modern,"Podu Ros, Iasi, Iasi",500,7.81,2,64
488,Apartament 2 camere COPOU,"Centru, Iasi, Iasi",500,7.81,2,64
390,"PRemium apartament, nou, complet mobilat si utilat","Podu Ros, Iasi, Iasi",500,8.06,2,62
818,Apartament 2 camere ultracentral,"Centru, Iasi, Iasi",500,8.06,2,62
19,"Apartament cu 2 camere, complet mobilat si utillat","Pacurari, Iasi, Iasi",500,8.2,2,61
985,Prima inchiriere Apartament 2 camere decomandat Poitiers Towers,"Centru, Iasi, Iasi",500,8.2,2,61
671,Apartament 3 camere inchiriere zona ARCU- Gara( bucatarie mobilata),"Centru, Iasi, Iasi",500,8.33,3,60
676,Piata Unirii UMF/Univ.Cuza apartament cu 2 dormitoare decomandate,"Podu Ros, Iasi, Iasi",500,8.33,2,60
681,Piata Unirii UMF/ Univ.Cuza apartament cu 2 dormitoare decomandat,"Podu Ros, Iasi, Iasi",500,8.33,2,60
720,Nicolina | 3 camere | centrala proprie | Utilat modern,"Strada Salciilor, Nicolina 1, Iasi, Iasi",500,8.33,3,60
820,"Apartament de 2 camere, decomandat, 60mp, zona Tatarasi","Strada Sfantul Ioan, Aviatiei, Iasi, Iasi",500,8.33,2,60
883,Apartament 3 camere Bld Stefan cel Mare si Sfant,"Centru, Iasi, Iasi",500,8.33,3,60
966,"Apartament 2 camere, Centru - Palas","Podu Ros, Iasi, Iasi",500,8.33,2,60
857,"Apartament 2 camere, 59mp, semidecomandat, Tatarasi","Strada Ciurchi, Tatarasi Sud, Iasi, Iasi",500,8.47,2,59
538,De inchiriat apartament doua camere decomandat Rivers Towers,"Centru, Iasi, Iasi",500,8.62,2,58
796,Apartament cu 3 camere langa Palas,"Strada Zimbrului, Tudor Vladimirescu, Iasi, Iasi",500,8.77,3,57
416,Centru Civic(Palas) bloc nou apartament 2 camere cu parcare,"Podu Ros, Iasi, Iasi",500,9.09,2,55
1008,"Apartament 2 camere, 55 mp, decomandat, zona Podu Ros","Splaiul Bahlui Mal Drept, Tesatura, Iasi, Iasi",500,9.09,2,55
57,Apartament 2 camere superb de inchiriat Copou Exclusive!,"Copou, Iasi, Iasi",500,9.26,2,54
856,"Apartament 2 camere, 54mp, semidecomandat, Zona Garii","Soseaua Arcu, Gara, Iasi, Iasi",500,9.26,2,54
50,Apartament 2 camere Newton Tătărași,"Centru, Iasi, Iasi",500,9.43,2,53
373,2 camere decomandate Podu Ros,"Centru, Iasi, Iasi",500,9.43,2,53
7,Copou Bellevue - Ap. cu 2 camere de inchiriat + gradina 70 mp +parcare,"Copou, Iasi, Iasi",500,10,2,50
55,Apartament cu 2 camere cu parcare Newton - Tatarasi,"Podu Ros, Iasi, Iasi",500,10,2,50
527,"Apartament de 2 camere, decomandat, 50mp, zona Ultracentrala","Strada Costache Negri, Centru, Iasi, Iasi",500,10,2,50
760,inchiriez apartament impecabil 2 camere parter-Iași/Copou/Bellevue,"Centru, Iasi, Iasi",500,10,2,50
973,Piata Unirii UMF apartament 2 camere cu cheltuieli incluse in chirie,"Podu Ros, Iasi, Iasi",500,10,2,50
240,Apartament 2 camere - Gara - Arka Residence - Bloc nou,"Gara, Iasi, Iasi",500,10.42,2,48
113,Apartament 2 Camere Lazar Residence - 500 euro,"Strada Malu, Tudor Vladimirescu, Iasi, Iasi",500,10.87,2,46
63,Apartament cu 2 camere situat in zona Parc Copou,"Podu Ros, Iasi, Iasi",500,11.11,2,45
342,Apartament 2 Camere Copou Exclusive,"Centru, Iasi, Iasi",500,11.11,2,45
931,Nicolina | 2 camere | Prima inchiriere | Utilat modern,"Soseaua Nicolina, CUG, Iasi, Iasi",500,12.2,2,41
917,Apartament 2 camere decomandat+ 2 locuri parcare Copou-Royal Town,"Agronomie, Iasi, Iasi",519,9.27,2,56
393,"Apartament 4 camere Baza 3 , 81 metri, etaj parter Cod:151022","Strada Islaz, Baza 3, Iasi, Iasi",520,6.42,4,81
830,"Apartament 3 camere, 2 bai, mobilat modern, bloc nou, Newton Tatarasi","Tatarasi Nord, Iasi, Iasi",520,6.93,3,75
1003,"Apartament 3 camere Gara - McDonalds 73 mp, CT, mobilat + utilat","Centru, Iasi, Iasi",520,7.12,3,73
587,"Apartament 2 camere Copou , 60 metri, etaj 2 Cod:150885","Bulevardul Carol I, Copou, Iasi, Iasi",520,8.67,2,60
627,"Apartament 2 camere Copou , 60 metri, etaj 2 Cod:150886","Bulevardul Carol I, Copou, Iasi, Iasi",520,8.67,2,60
712,"Apartament 2 camere de inchiriat,Exclusive Residence, parcare inclusa","Copou, Iasi, Iasi",520,8.67,2,60
948,"Apartament cu 3C,bloc tip vila in Copou,et1 mobilat si utilat,PARCARE!","Copou, Iasi, Iasi",520,8.67,3,60
481,Fresh apartment for rent in Iasi - up to 4 people - Whatsapp/ Telegram,"Centru, Iasi, Iasi",523.14,13.08,2,40
365,Apartament de 4 camere decomandat zona Nicolina - Cug,"CUG, Iasi, Iasi",530,4.82,4,110
447,"Apartament de 3 camere, decomandat, 77mp, zona Bucium","Soseaua Bucium, Zona Industriala, Iasi, Iasi",530,6.88,3,77
466,PF închiriez apartament 3 camere Baroque residence,"Centru, Iasi, Iasi",530,6.88,3,77
678,"Apartament 2 camere cu loc parcare, prima inchirere- Royal Town","Agronomie, Iasi, Iasi",530,9.64,2,55
124,"Apartament 2 camere, Copou, 530 euro","Carol I, Iasi, Iasi",530,10.6,2,50
133,"Apartament 2 camere, Gara, NOU, 530 euro","Strada Strapungerea Silvestru, Gara, Iasi, Iasi",530,10.6,2,50
332,"Apt 2 cam, Bloc nou, la 10 min de UMF, Centru, Gara, Piata Unirii","Centru, Iasi, Iasi",530,10.82,2,49
319,Apartament cu doua camere,"Strada Buzescu, Gara, Iasi, Iasi",530,11.52,2,46
389,Apartament cu 2 camere in bloc nou situat in zona Copou - Inamstro,"Agronomie, Iasi, Iasi",530,11.52,2,46
264,"Tatarasi Ateneu , Apartament cu 3 camere, total decomandat","Centru, Iasi, Iasi",549,6.46,3,85
43,Tatarasi Ateneu Apartament 3 camere decomandate,"Centru, Iasi, Iasi",549,6.95,3,79
238,Proprietar ofer spre inchiriere Apartament 3 camere D Ateneu Tatarasi,"Centru, Iasi, Iasi",549,7.13,3,77
808,Tatarasi Piata Chirila 3 camere decomandat,"Centru, Iasi, Iasi",549,7.13,3,77
298,"Apartament 4 camere Dacia , 105 metri, etaj 1 Cod:151064","Bulevardul Dacia, Dacia, Iasi, Iasi",550,5.24,4,105
884,2 CAMERE/DECOMANDAT/CAMERE SUPRAVEGHERE/LOC PARCARE/CENTRALA PROPRIE,"Tatarasi Nord, Iasi, Iasi",550,5.67,2,97
139,"Apartament 3 camere, Bucium, 550 euro","Soseaua Bucium, Bucium, Iasi, Iasi",550,6.11,3,90
530,"Apartament modern de 3 camere, 90mp, zona Tatarasi","Strada Ateneului, Tatarasi Nord, Iasi, Iasi",550,6.11,3,90
653,"APARTAMENT de 3 camere, decomandat, 90mp, zona BUCIUM OMV","Centru, Iasi, Iasi",550,6.11,3,90
722,Ultracentral Bulevardul Stefan Cel Mare UMF apartament 3 camere,"Podu Ros, Iasi, Iasi",550,6.25,3,88
370,Palas Mall Sfantul Lazar Apartament 3 Camere Cu 2 Bai,"Podu Ros, Iasi, Iasi",550,6.88,3,80
546,"Centru - Palas, 3 camere mobilat si utilat","Centru, Iasi, Iasi",550,6.88,3,80
478,Ultracentral Bulevardul Independentei UMF apartament 3 camere cu 2bai,"Podu Ros, Iasi, Iasi",550,7.14,3,77
387,Apartament cu 3 camere situat in zona Garii,"Soseaua Arcu, Gara, Iasi, Iasi",550,7.24,3,76
42,"Apartament 3 camere Bd. Independentei , 75 metri, etaj 1 Cod:150822","Piata Unirii, Centru, Iasi, Iasi",550,7.33,3,75
95,"Apartament 3 camere Independentei , 75 metri, etaj 1 Cod:150822","Piata Unirii, Centru, Iasi, Iasi",550,7.33,3,75
115,"Apartament 2 camere, LUX, Tatarasi, 550 euro","Strada Aurel Vlaicu, Aviatiei, Iasi, Iasi",550,7.33,2,75
237,"Apartament 3 camere Centru Civic , 75 metri, etaj 1 Cod:150822","Piata Unirii, Centru, Iasi, Iasi",550,7.33,3,75
724,"Apartament 3 camere decomandat, Centru ( Independentei - DANIA-TRAVIS)","Centru, Iasi, Iasi",550,7.33,3,75
140,"Apartament 3 camere, Copou, 550 euro","Strada Profesor Costachescu M., Copou, Iasi, Iasi",550,7.53,3,73
862,"Apartament de 3 camere, decomandat, 72mp, zona Ultracentrala","Bulevardul Tudor Vladimirescu, Tatarasi Nord, Iasi, Iasi",550,7.64,3,72
595,"Apartament 2 camere Copou , 71 metri, etaj parter Cod:150992","Bulevardul Carol I, Copou, Iasi, Iasi",550,7.75,2,71
777,"Inchiriez apartament 3 camera, D, zona Centru - Independentei","Bulevardul Independentei, Centru, Iasi, Iasi",550,7.86,3,70
999,Apartament cu 3 camere de inchiriat zona ROND VECHI,"Centru, Iasi, Iasi",550,7.86,3,70
449,"Apartament 2 camere Copou , 65 metri, etaj 9 Cod:151016","Bulevardul Carol I, Copou, Iasi, Iasi",550,8.46,2,65
38,Apartament Grand Conest residence 550 euro,"Aleea Profesor Dimitrie Atanasiu, Zona Industriala, Iasi, Iasi",550,9.17,2,60
41,"Apartament 2 camere Copou , 60 metri, etaj 4 Cod:150883","Bulevardul Carol I, Copou, Iasi, Iasi",550,9.17,2,60
859,"Apartament 3 caamere, 60mp, Decomandat, Baza 3","Strada Atelierului, Baza 3, Iasi, Iasi",550,9.17,3,60
1053,"Copou Garden, bloc nou, apartament cu 2 camere premium","Strada Baltagului, Carol I, Iasi, Iasi",550,9.82,2,56
2,Piata Unirii UMF apartament cu 2 dormitoare si miniliving,"Centru, Iasi, Iasi",550,10,2,55
565,"Apartament 2 camere Piata Unirii , 52 metri, etaj 5 Cod:149736","Piata Unirii, Centru, Iasi, Iasi",550,10.58,2,52
854,"Apartament 2 camere, 52mp, Exclusive Residence","Soseaua Stefan cel Mare si Sfant, Copou, Iasi, Iasi",550,10.58,2,52
56,De inchiriat! Apartament cu 2 camere situat in zona Sf. Lazar,"Podu Ros, Iasi, Iasi",550,11,2,50
452,Apartament 2 camere Copou,"Copou, Iasi, Iasi",550,11,2,50
453,Apartament 2 camere premium Copou Stoicescu Residence,"Copou, Iasi, Iasi",550,11,2,50
577,"Apartament 2 camere Centru Civic , 50 metri, etaj 3 Cod:151000","Strada 14 Decembrie 1989, Centru, Iasi, Iasi",550,11,2,50
753,Palas Mall Bloc Nou Apartament 2 Dormitoare Si Living Open Space,"Podu Ros, Iasi, Iasi",550,11,3,50
825,"2 camere, Centru, UMF, Bloc nou, prima inchiriere","Centru, Iasi, Iasi",550,11,2,50
926,"Apartament de 2 camere, 50mp, zona Ultracentrala","Strada Mizil, Tatarasi Nord, Iasi, Iasi",550,11,2,50
961,"Apartament de 2camere cu dressing si parcare, 50mp, zona Copou","Soseaua Stefan cel Mare si Sfant, Copou, Iasi, Iasi",550,11,2,50
795,Apartament cu 2 camere situat in bloc nou langa UMF,"Strada Nicolae Balcescu, Copou, Iasi, Iasi",550,11.46,2,48
900,Tudor Vladimirescu | 2 camere| Parter | Spatiu Comercial,"Strada Conductelor, Tatarasi Nord, Iasi, Iasi",550,11.46,2,48
476,Ultracentral Bloc Nou apartament 2 camere Independentei UMF,"Podu Ros, Iasi, Iasi",550,11.96,2,46
533,Apartament PREMIUM 2 camere Copou-Parcul Expozitiei,"Centru, Iasi, Iasi",550,12.22,2,45
908,Ciric | o camera | Compex Roua Residence | balcon | parcare | centrala,"Stradela Moara de Vant, Moara de Vant, Iasi, Iasi",550,16.67,1,33
152,Apartament 3 camere Parcul Regina Maria - Hotel International,"Centru, Iasi, Iasi",580,10.55,3,55
526,"Apartament de 2 camere, decomandat, 52mp, zona Ultracentrala","Strada Cuza Voda, Centru, Iasi, Iasi",580,11.15,2,52
823,2 CAMERE/PIATA UNIRII/PET FRIENDLY/DECOMANDAT/BALCON,"Centru, Iasi, Iasi",580,11.15,2,52
354,"Apartament 4 camere Pacurari , 100 metri, etaj parter Cod:150007","Soseaua Pacurari, Pacurari, Iasi, Iasi",590,5.9,4,100
958,"Apartament 3 camere, 2 bai si loc parcare - Newton Apartaments","Tatarasi Sud, Iasi, Iasi",590,8.08,3,73
236,Apartament PREMIUM 3 camere + parcare,"Centru, Iasi, Iasi",599,6.66,3,90
756,Apartament modern 3 camere+parcare Tatarasi,"Tatarasi Nord, Iasi, Iasi",599,6.66,3,90
364,"Apartament 3 camere Independentei , 75 metri, etaj 1 Cod:150822","Piata Unirii, Centru, Iasi, Iasi",599,7.99,3,75
707,Apartament modern 3 camere Tatarasi-Kaufland,"Tatarasi Sud, Iasi, Iasi",599,8.81,3,68
809,"Tatarasi - 3 camere in vila, cu loc de parcare","Strada Ion Creanga, Tatarasi Nord, Iasi, Iasi",600,5,3,120
317,Apartament 3 camere 104mp 2 bai Bucium - Family Market,"Bucium, Iasi, Iasi",600,5.77,3,104
881,"Apartament 4 camere 2 băi - Hala Centrala, 100mp","Podu Ros, Iasi, Iasi",600,6,4,100
834,"Apartament de 4 camere, decomandat, 95mp, zona Nicolina","Strada Carpati, Nicolina 2, Iasi, Iasi",600,6.32,4,95
554,Apartament 4 camere 600 euro,"Dacia, Iasi, Iasi",600,6.67,4,90
1,Piata Unirii UMF / Univ. Cuza apartament 3 camere decomandat,"Centru, Iasi, Iasi",600,7.06,3,85
305,Bulevardul Independentei UMF Apartament 3 Camere Cu 2 Bai,"Podu Ros, Iasi, Iasi",600,7.5,3,80
833,"Apartament de 3 camere, decomandat, 80mp, zona Centrala","Strada Alexandru Lapusneanu, Centru, Iasi, Iasi",600,7.5,3,80
969,Ultracentral Mitropolie langa Bld Stefan si Palas Apartament nemobilat,"Podu Ros, Iasi, Iasi",600,7.5,3,80
972,Ultracentral Bulevardul Stefan apartament 3 camere cu terasa,"Podu Ros, Iasi, Iasi",600,7.5,3,80
306,Bulevardul Independentei UMF apartament 3 camere decomandat,"Podu Ros, Iasi, Iasi",600,7.79,3,77
402,"Apartament 3 camere Bd. Independentei , 75 metri, etaj 1 Cod:150822","Piata Unirii, Centru, Iasi, Iasi",600,8,3,75
437,"Apartament 3 camere Independentei , 75 metri, etaj 1 Cod:150822","Piata Unirii, Centru, Iasi, Iasi",600,8,3,75
499,"Apartament 3 camere Centru Civic , 75 metri, etaj 1 Cod:150822","Piata Unirii, Centru, Iasi, Iasi",600,8,3,75
1043,"Centru - apartament cu 2 camere decomandat, bloc nou","Strada Eternitate, Podu de Fier, Iasi, Iasi",600,8,2,75
80,Apartament 3 Camere Centru - Bloc Carmen 600 euro,"Bulevardul Independentei, Centru, Iasi, Iasi",600,8.11,3,74
805,Apartament 3 camere Bld Independentei,"Centru, Iasi, Iasi",600,8.57,3,70
816,Apartament cu trei camere situat in zona Independentei - UMF,"Bulevardul Independentei, Centru, Iasi, Iasi",600,8.57,3,70
866,Copou Universitate Incepand Cu Iulie 2023 Apartament 3 Camere Modern,"Podu Ros, Iasi, Iasi",600,8.96,3,67
84,Apartament 3 camere Nicolina-bloc nou 600 euro,"Strada Clopotari, Nicolina 2, Iasi, Iasi",600,9.23,3,65
415,Lux Bloc Nou Apartament 2 Camere Central - Podul De Fier Cu Terasa,"Podu Ros, Iasi, Iasi",600,9.23,2,65
462,Apartament 2 camere de inchiriat in Exclusive Residence,"Centru, Iasi, Iasi",600,10.71,2,56
870,Copou Exclusive Residence Apartament 2 Camere Lux,"Podu Ros, Iasi, Iasi",600,10.91,2,55
904,Copou Newton Park / 2 CAMERE / BALCON / BLOC NOU / ZONA VERDE,"Soseaua Stefan cel Mare si Sfant, Copou, Iasi, Iasi",600,11.11,2,54
239,Apartament 2 camere premium ultracentral complet mobilat si ultilat,"Centru, Iasi, Iasi",600,12,2,50
582,"Apartament 2 camere, 50mp, zona Ultracentrala","Strada Vasile Alecsandri, Centru, Iasi, Iasi",600,12,2,50
674,"Apartament luxos cu 2 camere semidecomandate in centru, Piata Unirii!","Centru, Iasi, Iasi",600,12,2,50
740,Apartament cu 2 camere in bloc nou situat in zona Copou,"Strada Profesor Alexandru Philippide, Copou, Iasi, Iasi",600,12,2,50
781,Inchiriez apartament 2 camere,"Centru, Iasi, Iasi",600,12,2,50
1055,Apartament cu 2 camere in bloc nou situat in zona Copou - Exclusive,"Soseaua Stefan cel Mare si Sfant, Copou, Iasi, Iasi",600,13.04,2,46
618,"Apartament 2 camere Copou , 45 metri, etaj 3 Cod:150950","Bulevardul Carol I, Copou, Iasi, Iasi",600,13.33,2,45
692,"Apartament de 2 camere, semidecomandat, 45mp, zona Copou","Soseaua Stefan cel Mare si Sfant, Copou, Iasi, Iasi",600,13.33,2,45
275,"Apartament 3 camere, 76mp, Bd. Victoriei","Strada Vasile Stroescu, Centru, Iasi, Iasi",620,8.16,3,76
945,Apartament 3 camere Palas Mall-Lazar Residence,"Centru, Iasi, Iasi",630,9.69,3,65
635,Apartament 4 camere Canta de inchiriat,"Strada Canta, Canta, Iasi, Iasi",650,4.71,5,138
609,"Apartament 4 camere Nicolina , 95 metri, etaj 6 Cod:146859","Strada Petre Tutea, Nicolina 1, Iasi, Iasi",650,6.84,4,95
727,De ce sa inchiriezi de la mine si sa te bucuri zi de zi?,"Centru, Iasi, Iasi",650,6.84,4,95
102,Ultracentral langa UMF si Univ. Cuza apartament 4 camere,"Centru, Iasi, Iasi",650,7.22,4,90
405,Palas Mall Bloc Nou Apartament 3 Camere cu 2 Bai,"Podu Ros, Iasi, Iasi",650,7.22,3,90
667,"Apartament de 3 camere, decomandat, 90mp, zona Tatarasi","Strada Ciurchi, Tatarasi Sud, Iasi, Iasi",650,7.22,3,90
803,Bulevardul Independentei UMF apartament 4 camere decomandat cu 2 bai,"Podu Ros, Iasi, Iasi",650,7.39,4,88
58,Apartament PREMIUM 3 camere + 2 locuri de parcare,"Centru, Iasi, Iasi",650,7.65,3,85
719,"Apartament nou, 3 camere, mobilat si utilat, parcare","Podu Ros, Iasi, Iasi",650,7.65,3,85
915,Apartament cu 3 camere situat in zona Podu de Fier,"Bulevardul Tudor Vladimirescu, Podu de Fier, Iasi, Iasi",650,7.65,3,85
1020,"Inchiriez apartament 4 camere, open space, Zona Tatarasi - Newton","Strada Hanciuc, Tatarasi Sud, Iasi, Iasi",650,7.65,4,85
725,Apartament NOU PREMIUM 3 camere+parcare Tatarasi-Himson,"Tatarasi Sud, Iasi, Iasi",650,7.93,3,82
721,Bulevardul Independentei UMF apartament 3 camere,"Podu Ros, Iasi, Iasi",650,8.33,3,78
644,"Bld. Independentei, 3 camere mobilat si utilat, modern","Bulevardul Independentei, Centru, Iasi, Iasi",650,8.67,3,75
792,Apartament cu 3 camere in bloc nou situat in zona Palas,"Strada Moldovei, Tudor Vladimirescu, Iasi, Iasi",650,8.9,3,73
492,"Apartament cu 3 camere, etaj 1 cu lift, Centru-UMF.","Centru, Iasi, Iasi",650,9.29,3,70
716,Apartament cu 3 camere pe bld Independentei,"Centru, Iasi, Iasi",650,10,3,65
525,"Apartament modern de 3 camere, 55mp, zona Podul de Fier","Fundatura Dancinescu, Tatarasi Nord, Iasi, Iasi",650,11.82,3,55
672,Piata Unirii UMF Lux Apartament 2 Camere Open Space,"Podu Ros, Iasi, Iasi",650,12.5,2,52
1062,"Ultracentral, zona Piata Unirii, apartament 3 camere","Centru, Iasi, Iasi",650,12.5,3,52
184,Apartament 3 camere ultracentral-Palatul Braunstein,"Centru, Iasi, Iasi",650,13,3,50
514,"Apartament de 2 camere, semidecomandat, 50mp, zona Copou","Strada Oastei, Copou, Iasi, Iasi",650,13,2,50
560,Apartament 2 camere Piata Unirii,"Centru, Iasi, Iasi",650,13,2,50
572,"Apartament 2 camere, Piata Unirii, bloc 6, foarte aproape de UMF","Centru, Iasi, Iasi",650,13,2,50
982,"Spatiu de inchiriat in Copou - Liceul Ibraileanu, 45 mp, parter","Bulevardul Carol I, Copou, Iasi, Iasi",650,14.44,2,45
975,Apartament NOU 3 camere Podu Ros-Palas Mall,"Nicolina 1, Iasi, Iasi",680,9.19,3,74
929,Bucium | 3 camere | Lux | Bloc Nou,"Strada Grigore T. Popa, Bucium, Iasi, Iasi",690,6.7,3,103
968,"Apartament cu 3 camere,mobilat si utilat premium,loc de parcare,Bucium","Bucium, Iasi, Iasi",690,6.7,3,103
1017,Apartament 3 camere - 81 mp - Tatarasi - parcare supraterana,"Podu Ros, Iasi, Iasi",699,8.63,3,81
116,"Apartament 2 camere, Piata Unirii, 699 euro","Piata Unirii, Centru, Iasi, Iasi",699,13.98,2,50
1048,"Bucium - apartament cu 4 camere, suprafata generoasa de 135mp","Strada Plopii Fara Sot, Bucium, Iasi, Iasi",700,5.19,4,135
955,Decomandat Apartament 4 camere - 120 mp - Bucium,"Iasi, Iasi",700,5.83,4,120
129,"Apartament 4 camere, Palas, 700e","Strada Smardan, Centru, Iasi, Iasi",700,6.25,4,112
844,"Apratament 4 camere, decomandat, 112mp, zona Centrala","Strada Smardan, Centru, Iasi, Iasi",700,6.25,4,112
27,Apartament 4 camere in zona Arcu,"Gara, Iasi, Iasi",700,7,4,100
103,Bulevardul Independentei UMF - Universitatea Cuza apartament 5 camere,"Centru, Iasi, Iasi",700,7,5,100
564,"Apartament 3 camere Tudor Vladimirescu , 90 metri, etaj 4 Cod:151001","Bulevardul Tudor Vladimirescu, Tudor Vladimirescu, Iasi, Iasi",700,7.78,3,90
620,"Apartament 3 camere, 90 mp, decomandat, zona Palas","Strada Mosu, Tatarasi Sud, Iasi, Iasi",700,7.78,3,90
921,Podu de Fier | 3 camere | Pet friendly| centrala | recent renovat,"Bulevardul Tudor Vladimirescu, Podu de Fier, Iasi, Iasi",700,7.95,3,88
827,Tudor Grand Conest Residence Lux Apartament 3 Camere Cu 2 Bai,"Podu Ros, Iasi, Iasi",700,8.24,3,85
513,"Apartament de 3 camere, 80mp, zona Metalurgie","Bulevardul Chimiei, Tatarasi Sud, Iasi, Iasi",700,8.75,3,80
147,"PF Apartament 3 camere Conest Tudor, loc parcare subteran","Centru, Iasi, Iasi",700,9.33,3,75
457,Ultracentral ( langa Independentei UMF) apartament 3 camere bloc nou,"Podu Ros, Iasi, Iasi",700,9.46,3,74
382,Exclusive Residence - COPOU - Apartament 3 camere amenajat complet,"Copou, Iasi, Iasi",700,10,3,70
728,Piata Unirii UMF Apartament 3 Camere Cu Cheltuieli Incluse In Chirie,"Podu Ros, Iasi, Iasi",700,10,3,70
1012,"Inchiriez apartament 3 camera, D, zona Podul de Fier","Strada Benjamin Fondane, Centru, Iasi, Iasi",700,10,3,70
524,"Apartament de 3 camere, 69mp, zona Tatarasi","Strada Tatarasi, Tatarasi Nord, Iasi, Iasi",700,10.14,3,69
3,Piata Unirii UMF Lux Apartament 3 Camere Open Space,"Centru, Iasi, Iasi",700,11.67,3,60
445,"Apartament de 2 camere, 50mp, zona Ultracentrala","Strada Cuza Voda, Centru, Iasi, Iasi",700,14,2,50
461,"Centru - Piata Unirii, apartament 2 camere modern","Strada Cuza Voda, Centru, Iasi, Iasi",700,14,2,50
381,Închiriez corp casa Copou,"Centru, Iasi, Iasi",730,8.69,2,84
302,Apartament corespunzător în Podu Roș,"Centru, Iasi, Iasi",749,9.99,3,75
125,"Apartament 4 camere, decomandat, zona Palas, 750e","Strada Sfantul Lazar, Centru, Iasi, Iasi",750,8.33,4,90
475,Ultracentral apartament 4 camere de inchiriat,"Podu Ros, Iasi, Iasi",750,8.82,4,85
689,"Apartament cu 3 camere, 80mp, Tudor Vladimirescu","Strada Imasului, Zona Industriala, Iasi, Iasi",750,9.38,3,80
1068,Exclusive Residence - apartament cu 3 camere impecabil,"Soseaua Stefan cel Mare si Sfant, Copou, Iasi, Iasi",750,9.38,3,80
273,"Apartament de lux, 3 camere, 75mp, decomandat, Podu Ros","Podu Ros, Iasi, Iasi",750,10,3,75
758,"Ap de inchiriat 3 cam 75 mp, dressing, Podu Ros, PNL","Soseaua Nationala, Podu Ros, Iasi, Iasi",750,10,3,75
815,Apartament cu 3 camere in bloc nou situat in zona Palas,"Strada Zimbrului, Podu Ros, Iasi, Iasi",750,10.71,3,70
467,Apartament 3 camere ULTRACENTRAL,"Uzinei, Iasi, Iasi",750,11.54,3,65
855,"Apartament de 3 camere, semidecomandat, 60mp, zona Podu Ros","Strada Malu, Tudor Vladimirescu, Iasi, Iasi",750,12.5,3,60
872,"Apartament open plan,stil Loft,ultracentral vis-a-vis de PALAS, 57Mp","Soseaua Nationala, Podu Ros, Iasi, Iasi",750,13.16,1,57
484,"Apartament 2 camere, open space, de închiriat, zona Ultracentrala","Bulevardul Stefan cel Mare si Sfant, Centru, Iasi, Iasi",750,15,2,50
584,Penthouse 3 camere,"Strada Petre Andrei, Copou, Iasi, Iasi",780,6.78,3,115
600,Apartament Iasi - City Center - Palas (14 minutes - UMF),"Centru, Iasi, Iasi",799,10.65,3,75
217,"Casa 3 dormitoare, living, 2 bai, curte, parcare, Cug","Podu Ros, Iasi, Iasi",800,5.33,4,150
386,Apartament cu 3 camere in bloc nou situat in zona Tatarasi,"Strada Fantanelor, Aviatiei, Iasi, Iasi",800,10.53,3,76
150,Apartament cu 3 camere in ansamblul rezidential Royal Town - Copou,"Podu Ros, Iasi, Iasi",850,10,3,85
412,Ultracentral Lux langa UMF si Univ.Cuza apartament 3 camere,"Podu Ros, Iasi, Iasi",850,11.49,3,74
871,Copou Exclusive Residence apartament 3 camere open space lux,"Podu Ros, Iasi, Iasi",850,12.14,3,70
920,Penthouse 3 camere + terasa + parcare Newton Tatarasi,"Tatarasi Nord, Iasi, Iasi",900,6.92,3,130
652,Inchiriez casa 4 camere,"Centru, Iasi, Iasi",900,7.5,4,120
639,Apartament 4 camere - ultracentral - Independentei,"Centru, Iasi, Iasi",900,9,4,100
778,"Centru - Bld. Stefan cel Mare, apartament cu 4 camere","Strada I. C. Bratianu, Centru, Iasi, Iasi",900,9,4,100
779,"Apartament 4 camere, zona Independentei","Centru, Iasi, Iasi",900,9,4,100
521,"Apartament de 4 camere, decomandat, 90mp, zona Ultracentrala","Bulevardul Independentei, Centru, Iasi, Iasi",900,10,4,90
316,Penthouse 3 camere + terasa + parcare,"Tatarasi Sud, Iasi, Iasi",900,11.54,3,78
995,"950euro/luna, apartament penthause 3 camere, mobilat, utilat la cheie","Tatarasi Sud, Iasi, Iasi",950,12.34,3,77
916,Apartament cu 4 dormitoare situat in zona Fundatie,"Pasajul Mihai Eminescu, Centru, Iasi, Iasi",980,8.17,5,120
797,Apartament NOU 3 camere Palatul Culturii-Ultracentral + parcare,"Centru, Iasi, Iasi",999,13.32,3,75
535,"Apartament de 4 camere, semidecomandat, 90mp, zona Centrală","Strada I. C. Bratianu, Centru, Iasi, Iasi",1000,11.11,4,90
556,Apartament Lux Independentei C4,"Centru, Iasi, Iasi",1006.04,12.58,3,80
864,"Apartament de lux, 3 camere, 81mp, Zona Centrală","Strada Vovideniei, Centru, Iasi, Iasi",1100,13.58,3,81
1018,"Inchiriez apartament 4 camere, decomandat, in zona Centru - Bl Stefan","Strada Colonel Langa, Centru, Iasi, Iasi",1200,9.76,4,123
747,"Penthouse, decomandat, 230mp, zona Podul de Fier","Strada Benjamin Fondane, Podu de Fier, Iasi, Iasi",2000,8.7,5,230
1014,"Penthouse deosebit , de inchiriat , 3 camere 199mp, Copou Universitate","Strada Dr. Teodor Codrescu, Copou, Iasi, Iasi",2000,14.08,3,142
