,title,address,price,price_per_sqm,rooms,sqm
839,"Camera de Camin Piata Nicolina, etaj intermediar","Centru, Iasi, Iasi",8500,850,1,10
1461,"Urgent! Garsoniera, Pod Ros","Podu Ros, Iasi, Iasi",10400,743,1,14
3590,Camera de 16 mp Bld. Chimiei nr.14,"Podu Ros, Iasi, Iasi",12300,724,1,17
43,Pf vand camera camin 12 mp bucium 34 lateral de sectia politie Nr 5 .,"Centru, Iasi, Iasi",12500,1042,1,12
2946,Camera de camin,"Podu Ros, Iasi, Iasi",13000,765,1,17
1202,"Urgent! Garsoniera zona LDL Pod Ros, 5 minute Palas","Podu Ros, Iasi, Iasi",14000,778,1,18
3238,"Camera de camin, Podu Ros, 17mp, pret negociabil","Podu Ros, Iasi, Iasi",14900,876,1,17
1081,"Garsoniera Mobilata, LDL Pod Ros","Podu Ros, Iasi, Iasi",15000,833,1,18
857,Cameră de Cămin cu baie proprie - DE VÂNZARE,"Centru, Iasi, Iasi",15000,1250,1,12
849,"Garsoniera, Mobilata, Nicolina","Podu Ros, Iasi, Iasi",15500,861,1,18
1835,"Camera camin Bularga, etaj 2, mobilata","Bularga, Iasi, Iasi",15500,969,1,16
4400,Camera Camin Bularga,"Bularga, Iasi, Iasi",15900,994,1,16
1103,"Apartament 2 camere, Decomandat, CUG-Selgros, etaj 2","Tudor Vladimirescu, Iasi, Iasi",15995.98,307.62,2,52
435,"Camera camin/garsoniera, 17mp,AC,mobilata/utilata, Bularga","Bularga, Iasi, Iasi",16000,941,1,17
520,Apartament 2 camere cu gradina - Sos. Voinesti 33 - Intabulat,"Centru, Iasi, Iasi",16096.58,303.71,2,53
3234,Camera Camin Bularga,"Bularga, Iasi, Iasi",16300,1019,1,16
2951,Camera Camin Sturza,"Podu Ros, Iasi, Iasi",16800,988,1,17
267,"Ap 1 camera Decomandat, Bloc Nou, etaj1, Confort1","Podu Ros, Iasi, Iasi",17000,567,1,30
308,"Garsoniera etaj 1, Renovata, Mobilata","Podu Ros, Iasi, Iasi",17000,944,1,18
911,"Garsoniera Mobilata, Baie+Bucatarie","Podu Ros, Iasi, Iasi",17000,944,1,18
1204,"Garsoniera Mobilata, Lux","Podu Ros, Iasi, Iasi",17000,944,1,18
1536,"Garsoniera Nicolina, Mobilata, Lux etaj2","Nicolina 1, Iasi, Iasi",17000,944,1,18
390,Camera cămin Mihail Sturza,"Centru, Iasi, Iasi",17500,1094,1,16
2845,"Garsoniera mica, Alexandru cel Bun, Familial, 12 mp","Centru, Iasi, Iasi",18000,1500,1,12
1505,Proprietar garsoniera 17m et2,"Centru, Iasi, Iasi",18300,1076,1,17
1090,Vand camera de camin,"Centru, Iasi, Iasi",19000,1118,1,17
2132,Camera de camin Frumoasa de vanzare!,"Iasi, Iasi",19000,1118,1,17
2646,"Persoana fizica ,Vând camera de camin","Centru, Iasi, Iasi",19000,1118,1,17
4091,"Etaj 1! Garsoniera 17mp, Granit - Baza 3 - Bularga","Podu Ros, Iasi, Iasi",19000,1118,1,17
64,Pf vand camera camin 17 mp pod bucium spalatoria socar bloc incom!,"Centru, Iasi, Iasi",19500,1147,1,17
2647,Camera camin Bularga strada Mihail Sturza,"Centru, Iasi, Iasi",19800,1100,1,18
343,Camera camin 16m2 | Zona Bularga Iasi,"Centru, Iasi, Iasi",20000,1250,1,16
3060,Camera de camin de vanzare zona Bularga,"Bularga, Iasi, Iasi",21000,1235,1,17
1777,"Apartament, 18 m²,","Podu Ros, Iasi, Iasi",21500,1194,1,18
2713,"Etaj 1! Garsoniera, Frumoasa - Nicolina, 17mp","Podu Ros, Iasi, Iasi",21500,1265,1,17
1501,Garsoniera Zona Poitiers Mutare Imediata,"Centru, Iasi, Iasi",22000,1100,1,20
4823,Garsoniera ACB- Familial et1 22500€,"Alexandru Cel Bun, Iasi, Iasi",22500,1875,1,12
266,"Ap 2 camere etaj1, BLOC Nou","Podu Ros, Iasi, Iasi",23000,575,2,40
2160,Garsoniera in zona Nicolina-Pepinierei in bloc din 2019,"Centru, Iasi, Iasi",23000,1353,1,17
2488,Camera de camin de vanzare Frumoasa!,"Iasi, Iasi",23000,1353,1,17
592,"Garsoniera Renovata, Mobilata","Podu Ros, Iasi, Iasi",23500,1022,1,23
803,"24.000! Ap 1 camera, 30mp, etaj2, Bloc 2018, Tudor","Podu Ros, Iasi, Iasi",24000,800,1,30
720,"Garsoniera Renovata, Bloc Apartamente","Podu Ros, Iasi, Iasi",24000,1091,1,22
789,"Camera de camin, renovata integral, de vanzare in zona Bularga-Dedeman","Bularga, Iasi, Iasi",24500,1441,1,17
836,"Camera Camin, Baza 3- Dedeman, etaj 3","Centru, Iasi, Iasi",24500,1441,1,17
311,Păcurari Bloc Nou Ap 1 camera,"Podu Ros, Iasi, Iasi",25000,893,1,28
250,"Ap 1 camera Cartier Rezidențial, Încălzire în Pardoseala","Podu Ros, Iasi, Iasi",25000,1000,1,25
4279,"Etaj 3! Garsoniera Nicolina - Kaufland, 17mp","Podu Ros, Iasi, Iasi",25000,1471,1,17
1909,"Garsoniera,25 mp,Bularga-Baza 3","Baza 3, Iasi, Iasi",25500,1020,1,25
970,Camera de camin de vanzare Bularga Baza III,"Tesatura, Iasi, Iasi",25900,1619,1,16
190,"OCAZIEVând cameră de cămin,20 mp Kaufland Nicolina mobilată și utilata","Podu Ros, Iasi, Iasi",26000,1300,1,20
1276,Proprietar vand garsoniera in zona Frumoasa,"Centru, Iasi, Iasi",26000,1529,1,17
2225,De vanzare: Camera de camin - MOARA DE FOC - PACURARI,"Pacurari, Iasi, Iasi",26000,1529,1,17
1529,Onyx Real Estate va propune spre vanzare o camera de camin,"Centru, Iasi, Iasi",26000,1625,1,16
4781,"Camera de camin cu baie, Pacurari, mobilata+utilata","Podu Ros, Iasi, Iasi",26000,1625,1,16
274,"Camera de camin, etajul 1 - Pacurari","Pacurari, Iasi, Iasi",26000,1733,1,15
913,Vand apartament 3 camere,"Centru, Iasi, Iasi",26156.94,402.41,3,65
1141,"Garsoniera Renovata, Pod Ros, et1, Mobilata","Podu Ros, Iasi, Iasi",26500,1472,1,18
4716,"Garsoniera, mobilata utilata, mutare imediata, Pacurari - Moara de Foc","Pacurari, Iasi, Iasi",26500,1559,1,17
4554,"1 camera Pacurari, Lukoil, mobilat utilat, boxa, mutare imediata","Pacurari, Iasi, Iasi",26500,1656,1,16
1513,"Garsoniera Conf 1, 30mp, Pod Ros, Mobilata","Podu Ros, Iasi, Iasi",27000,964,1,28
2342,"Garsoniera - bloc de apartamente, Alexandru cel Bun","Podu Ros, Iasi, Iasi",27000,1227,1,22
478,"Podu Ros- Centrala, Baie Cada, Totul Nou, Garsoniera","Podu Ros, Iasi, Iasi",27500,1196,1,23
193,"Garsoniera, zona Piata Nicolina 22mp!","Nicolina 2, Iasi, Iasi",27500,1250,1,22
281,"Garsoniera, de vanzare, zona Dacia","Bulevardul Dacia, Dacia, Iasi, Iasi",27500,1310,1,21
4313,"Garsoniera cu centrala termica - Podu Ros, 21mp","Podu Ros, Iasi, Iasi",27500,1310,1,21
830,Garsoniera de vanzare Nicolina,"Nicolina 1, Iasi, Iasi",27900,1329,1,21
3079,"Garsoniera, mobilata / utilata/ ETAJ 3/ Centrala/ Interfon","Podu Ros, Iasi, Iasi",27999,1647,1,17
291,"Apartament 1 camera Nicolina , 22 metri, etaj 4 Cod:151078","Strada Petre Tutea, Nicolina 1, Iasi, Iasi",28000,1273,1,22
309,"Ap 1 camera et 1,Bloc Nou+Loc Parcare","Podu Ros, Iasi, Iasi",28500,950,1,30
4833,Garsoniera pacurari piata ( exclus agentii ),"Centru, Iasi, Iasi",28500,1781,1,16
35,Garsoniera Renovata - Etajul 1 - Tatarasi,"Podu Ros, Iasi, Iasi",28700,1688,1,17
50,"Garsoniera,Tatarasi.","Tesatura, Iasi, Iasi",28700,1688,1,17
1128,"Garsoniera 16 mp, partial mobilată, LUX","Centru, Iasi, Iasi",29400,1838,1,16
542,"1 camera D, Bloc Nou, Parcare Bonus!","Podu Ros, Iasi, Iasi",29500,983,1,30
714,"29.500 euro! Ap 1 camera, etaj1, BLOC Nou","Podu Ros, Iasi, Iasi",29500,983,1,30
781,"Apart 1 camera D, etaj1, BLOC NOU!","Podu Ros, Iasi, Iasi",29500,983,1,30
1080,"Ap 1 Camera D, Bloc Nou, Parcare Gratuit","Podu Ros, Iasi, Iasi",29500,983,1,30
429,Apartament 1 camera | Rata lunara 488 euro | Loc de parcare inclus,"CUG, Iasi, Iasi",29500,1054,1,28
2183,"Apartament nou cu o camera , zona Capat Cug","CUG, Iasi, Iasi",29500,1054,1,28
2371,"Apartament cu o camera , zona Capat Cug - Lunca Cetatuii","CUG, Iasi, Iasi",29500,1054,1,28
177,"1 camera ,loc parcare CUG Lunca Cetatuii","Soseaua Nicolina, CUG, Iasi, Iasi",29900,1068,1,28
310,"Apart 2 cam Tatarasi, Et 2!","Podu Ros, Iasi, Iasi",30000,857,2,35
432,Apartament 1 camera | Etaj 1 | Loc de parcare inclus,"CUG, Iasi, Iasi",30000,1111,1,27
2238,Apartament cu 1 camera in bloc din 2018 la etajul 1,"Podu Ros, Iasi, Iasi",30000,1111,1,27
2280,"Apartament nou cu o camera , zona Capat Cug","CUG, Iasi, Iasi",30000,1111,1,27
2316,Oferta! Apartament o camera D Loc Parcare zona CUG- Lunca Cetatuii,"Podu Ros, Iasi, Iasi",30000,1111,1,27
3340,"Garsoniera Galata, 24mp, mobilata + utilata, AC","Podu Ros, Iasi, Iasi",30000,1250,1,24
161,Garsoniera Copou de vanzare,"Copou, Iasi, Iasi",30000,1429,1,21
2781,Garsoniera de vanzare Copou,"Copou, Iasi, Iasi",30000,1429,1,21
1946,Spatiu / Garsoniera demisol Ultracentral Iasi,"Centru, Iasi, Iasi",30000,1500,1,20
407,Evo Residence Apartamente Direct De La Dezvoltator,"Centru, Iasi, Iasi",30750,992,2,31
2340,"Garsoniera Alexandru cel Bun, renovata, AC, mobilata + utilata","Podu Ros, Iasi, Iasi",31500,1432,1,22
4386,"Garsoniera - Alexandru cel Bun, gaz separat, termoizolata","Podu Ros, Iasi, Iasi",31900,1329,1,24
871,Apartament 2 camere Tătărași,"Centru, Iasi, Iasi",32000,800,2,40
480,"Apartament 1 cam.D, et.3,Podu Ros-Piata Nicolina","Nicolina 2, Iasi, Iasi",32000,1280,1,25
3483,"Garsoniera, Nicolina, 24mp","Podu Ros, Iasi, Iasi",32000,1333,1,24
620,OCAZIE! Vând GARSONIERĂ * OXYGEN - Galata. 32000 € NEGOCIABIL!!,"Podu Ros, Iasi, Iasi",32000,1455,1,22
3993,"Garsoniera Tatarasi, 32mp, AC, gfp, PVC","Podu Ros, Iasi, Iasi",32500,1016,1,32
4533,"Garsoniera Podu Ros - 20mp, mobilata + utilata","Podu Ros, Iasi, Iasi",32500,1625,1,20
3284,"Garsoniera Podu Ros, 26mp, mobilata + utilata","Podu Ros, Iasi, Iasi",32900,1265,1,26
4459,2 camere SD Dispecer,"Podu Ros, Iasi, Iasi",33000,1000,2,33
4590,2sd Tatarasi 33000 fara risc,"Tatarasi Sud, Iasi, Iasi",33000,1000,2,33
4512,2 camare tudor center,"Tatarasi Nord, Iasi, Iasi",33000,1031,2,32
431,Apartament 1 camera | Loc de parcare inclus | Curte proprie,"CUG, Iasi, Iasi",33000,1179,1,28
2511,"Garsoniera, Tatarasi - Metalurgie, 27mp","Podu Ros, Iasi, Iasi",33000,1222,1,27
1736,"Garsoniera - Podu Ros, aproape de Palas Mall","Podu Ros, Iasi, Iasi",33000,1269,1,26
1517,Garsoniera Nicolina 24 mp - Exclusivitate!,"Strada Halipa Pantelimon, Galata, Iasi, Iasi",33000,1375,1,24
2749,Garsoniera Tatarasi-Metalurgiei! Etaj 4/5 !,"Strada Metalurgiei, Tatarasi Sud, Iasi, Iasi",33000,1375,1,24
107,"Camera de camin renovata, etajul 1 - Pacurari","Pacurari, Iasi, Iasi",33000,2063,1,16
1541,2 camere zona Tudor Center,"Tatarasi Nord, Iasi, Iasi",33500,985,2,34
4572,2c Flora,"Tatarasi Sud, Iasi, Iasi",33500,1081,2,31
4010,"Etaj 2 ! Garsoniera, Galata - LIDL, 24mp","Podu Ros, Iasi, Iasi",33900,1413,1,24
4578,2 camere flora,"Podu Ros, Iasi, Iasi",34000,1030,2,33
3017,Garsoniera Nicolina Gara Internationala,"Nicolina 1, Iasi, Iasi",34000,1417,1,24
3754,"Garsoniera, Nicolina, 24mp, etaj 3","Podu Ros, Iasi, Iasi",34000,1417,1,24
359,"Garsoniera, Nicolina - Gara Internationala","Podu Ros, Iasi, Iasi",34000,1492,1,22.79
3655,"De vanzare: apartament 1 camera ,bloc nou,zona Bucium Visani, 31 MP","Bucium, Iasi, Iasi",34210,1104,1,31
3363,Finalizat!Ap 1 camera D Bloc nou Parcare CUG- Lunca Cetatuii,"Centru, Iasi, Iasi",34500,1232,1,28
2305,"Apartament nou cu o camera , zona Capat Cug","CUG, Iasi, Iasi",34500,1278,1,27
4287,OXIGEN- Spitalul de Recuperare - Garsoniera,"Galata, Iasi, Iasi",34500,1380,1,25
4411,"Garsoniera, Alexandru cel Bun, 24mp","Podu Ros, Iasi, Iasi",34500,1438,1,24
422,"1 camera, Finalizat Bloc nou 2023","Manta Rosie, Iasi, Iasi",34900,1091,1,32
1152,1 camera Manta Rosie 34.900 euro,"Manta Rosie, Iasi, Iasi",34900,1091,1,32
1626,"Etaj 3! Apartament 2 camere Tatarasi, fara risc, 31mp","Podu Ros, Iasi, Iasi",34900,1126,2,31
3295,Apartament 1 camera et 2 Nicolina Frumoasa in spate la fostul Dedeman,"Podu Ros, Iasi, Iasi",34900,1203,1,29
1895,"Garsoniera 24mp, Zona Garii Nicolina, etaj intermediar!","Nicolina 1, Iasi, Iasi",34900,1454,1,24
3856,"Garsoniera Nicolina, 24mp, etaj intermediar","Podu Ros, Iasi, Iasi",34900,1454,1,24
1379,Apartament 1 camera Bularga,"Bularga, Iasi, Iasi",34900,1745,1,20
2405,Rate la dezvoltator apartamente cu 1 camera cartier Bucium Vișani,"Bucium, Iasi, Iasi",35000,1000,1,35
2983,"Apartament 1 camera, Tatarasi, 35mp","Podu Ros, Iasi, Iasi",35000,1000,1,35
3380,"Apartament 2 cam, nedecomandat, de vanzare in zona Tatarasi - Ciric","Strada Doctor Savini, Tatarasi Nord, Iasi, Iasi",35000,1094,2,32
1183,"Apartament 1 camera Frumoasa , 29 metri, etaj 1 Cod:148841","Bulevardul Poitiers, Frumoasa, Iasi, Iasi",35000,1207,1,29
694,GARSONIERA -- Nicolina 1 -- etaj intermediar -- MUTARE IMEDIATA,"Nicolina 1, Iasi, Iasi",35000,1458,1,24
946,Garsoniera Alexandru Cel Bun,"Podu Ros, Iasi, Iasi",35000,1458,1,24
2038,"Garsoniera Nicolina, 24mp, etaj intermediar","Podu Ros, Iasi, Iasi",35000,1458,1,24
2689,Garsoniera zona Alexandru cel Bun-Pasaj Octav Bancila!,"Alexandru Cel Bun, Iasi, Iasi",35000,1458,1,24
4468,"Garsoniera Nicolina, 24mp, izolata, mobilata, gfp, PVC","Podu Ros, Iasi, Iasi",35000,1458,1,24
1938,"Proprietar vand Garsonieră 20mp,","Centru, Iasi, Iasi",35000,1750,1,20
2474,"Garsoniera Tatarasi, 20mp, mobilata + utilata","Podu Ros, Iasi, Iasi",35000,1750,1,20
1774,"Etaj 3! Apartament 1 camera, Frumoasa - Nicolina, CT","Podu Ros, Iasi, Iasi",35500,1365,1,26
3875,"Garsoniera Podu Ros, 31mp, etaj intermediar, libera","Podu Ros, Iasi, Iasi",35900,1158,1,31
4651,"Apartament 2 camere Tatarasi, CT, mobilat + utilat","Podu Ros, Iasi, Iasi",35900,1282,2,28
4315,"Garsoniera, Nicolina, 24mp, mobilata + utilata","Podu Ros, Iasi, Iasi",35900,1496,1,24
3956,"Ap 1 CAM decomandat, bucatarie separata, bloc nou, mutare imediata","Bucium, Iasi, Iasi",36000,973,1,37
1435,Garsoniera Tudor Vladimirescu Etaj Intermediar,"Strada Ciurchi, Tudor Vladimirescu, Iasi, Iasi",36000,1500,1,24
255,GArsoniera in blc de Apartamente. Alexandru cel bun. Parter,"Strada Basarabi, Alexandru Cel Bun, Iasi, Iasi",36000,1636,1,22
701,Ap 2 camere zona Tatarasi - Posta,"Podu Ros, Iasi, Iasi",36500,1043,2,35
1939,Apartament 1 cameră,"Centru, Iasi, Iasi",36500,1304,1,28
126,"Garsoniera cu centrala termica - Frumoasa, 27mp","Podu Ros, Iasi, Iasi",36500,1352,1,27
4687,Vanzare garsoniera - Galata - Etaj 2,"Podu Ros, Iasi, Iasi",36500,1521,1,24
795,"Apartament 2 camere Tatarasi , 50 metri, etaj 4 Cod:151038","Strada Tatarasi, Tatarasi Nord, Iasi, Iasi",36900,738,2,50
468,"Garsoniera, Galata - Oxygen - Etaj 2","Podu Ros, Iasi, Iasi",36900,1604,1,23
692,Garsoniera - Bloc de Apartamente - Alexandru cel Bun,"Alexandru Cel Bun, Iasi, Iasi",36900,1677,1,22
350,"Apartament 1 camera Cug , 35 metri, etaj 1 Cod:142672","Soseaua Nicolina, CUG, Iasi, Iasi",37000,1057,1,35
4562,"Apartament 1 camera, mobilat si utilat, BLOC NOU, etaj 1, Visoianu","CUG, Iasi, Iasi",37000,1233,1,30
1404,Apartament 2 Camere - Etaj 1 - Tatarasi,"Podu Ros, Iasi, Iasi",37000,1370,2,27
1651,Garsoniera Baza 3 - 1982,"Podu Ros, Iasi, Iasi",37000,1370,1,27
1411,Garsoniera Parter Nicolina /G-uri,"Nicolina 1, Iasi, Iasi",37000,1542,1,24
1565,"Apartament cu o camera, RENOVAT, IDEAL INVESTITIE - Alexandru cel Bun","Alexandru Cel Bun, Iasi, Iasi",37000,1542,1,24
3391,"Garsoniera Nicolina 24mp, etaj 3/4","Podu Ros, Iasi, Iasi",37000,1542,1,24
1653,"Garsoniera, Alexandru cel Bun - Zimbru","Podu Ros, Iasi, Iasi",37000,1682,1,22
919,Garsoniera. Mircea cel Batran. 23 mp. Centrala termica,"Strada Alunis, Galata, Iasi, Iasi",37450,1628,1,23
1030,"2 camere, etaj1, Mobilat, zona Tudor Center","Tatarasi Nord, Iasi, Iasi",37500,938,2,40
4223,"Garsoniera Podu Ros, 26mp, etaj intermediar, mobilata + utilata","Podu Ros, Iasi, Iasi",37500,1442,1,26
3482,"Frumoasa - Hlincea, apartamente noi cu 1 camera","Bulevardul Poitiers, Frumoasa, Iasi, Iasi",37700,1300,1,29
4487,2 camere decomandat,"Podu Ros, Iasi, Iasi",37888,947,2,40
2299,"Apartament nou o camera , Capat Cug - ultimul din Complex","CUG, Iasi, Iasi",38000,1152,1,33
4337,"Ap 1 cam, 33mp, boxa, balcon, parcare, capat CUG","CUG, Iasi, Iasi",38000,1152,1,33
4794,"Apartament 1 camera, balcon, boxa, parcare, 33mp, capat CUG","CUG, Iasi, Iasi",38000,1152,1,33
1281,Apartament cu 2 camere nedecomandat Podul Ros Cantemir,"Tatarasi Sud, Iasi, Iasi",38000,1226,2,31
3038,"Apartament 2 camere Tatarasi - Dispecer, mobilat + utilat, fara risc","Podu Ros, Iasi, Iasi",38000,1226,2,31
133,"Apartament 1 camera Podu Ros , 29 metri, etaj 9 Cod:151128","Podu Ros, Iasi, Iasi",38000,1310,1,29
1087,"Garsoniera Pacurari, Ct,liber","Centru, Iasi, Iasi",38000,1310,1,29
1044,"Garsoniera Podu Ros-Dedeman, 28mp, renovata complet, eliberare rapida!","Podu Ros, Iasi, Iasi",38000,1357,1,28
1200,Garsoniera Podu Ros Investitie 38.000 euro,"Bulevardul Tutora, Tesatura, Iasi, Iasi",38000,1407,1,27
4461,"Garsoniera, Frumoasa - Poitiers - CENTRALA TERMICA","Podu Ros, Iasi, Iasi",38000,1407,1,27
4872,Garsoniera Gara Nicolina!,"Nicolina 1, Iasi, Iasi",38000,1583,1,24
844,Garsonieră renovată zona Tudor- Ideală pentru studenți sau investiție!,"Tudor Vladimirescu, Iasi, Iasi",38000,1652,1,23
708,Apartament 3 camere Pod Ros - Palas,"Podu Ros, Iasi, Iasi",38500,1041,3,37
2854,"Ap 1 camera, BLOC NOU, decomandat, statie,zona Bucium Visan, 37 mp","Bucium, Iasi, Iasi",38500,1041,1,37
802,"Apartament cu o camera finalizat, zona Bucium","Bucium, Iasi, Iasi",38500,1100,1,35
4078,"Apartament 1 camera, 33 mp, etaj intermediar, Tatarasi","Tatarasi Sud, Iasi, Iasi",38500,1167,1,33
1701,Apartament 2 camere Podu de Piatra,"Uzinei, Iasi, Iasi",38500,1242,2,31
3400,Garsoniera- Podu Ros,"Tesatura, Iasi, Iasi",38500,1426,1,27
4283,"Garsoniera Podu Ros, 26mp, mobilata + utilata, pret negociabil","Podu Ros, Iasi, Iasi",38500,1481,1,26
943,"Garsoniera, Galata - Oxygen","Podu Ros, Iasi, Iasi",38500,1674,1,23
2601,"Garsoniera, demisol, in bloc cu regim de inaltime p+2, zona Centrala,","Copou, Iasi, Iasi",38500,1851,1,20.8
2799,"Ap 1 cam, pret promo, ideal investitie, rate, zona Bucium","Soseaua Bucium, Bucium, Iasi, Iasi",38850,1050,1,37
2610,Apartament 1 camera Bucium-Visani- GATA,"Bucium, Iasi, Iasi",38850,1226,1,31.7
1763,"Ap 1 cam, INTABULAT, decomandat, statie,zona Bucium Visan, 36 mp,et 1","Bucium, Iasi, Iasi",38900,1179,1,33
1901,"Nicolina - garsoniera, etaj 2, mutare imediata","Nicolina 1, Iasi, Iasi",38900,1556,1,25
1979,PF Garsoniera 2/4 semi mobilata-utilata Nicolina 38900 euro neg,"Centru, Iasi, Iasi",38900,1691,1,23
1773,"APARTAMENT 1 camera, 38mp, etaj 1, decomandat, mutare imediata, Bucium","Bucium, Iasi, Iasi",39000,1026,1,38
1685,APARTAMENT O CAMEDRA DECOMANDAT 37 MP,"Strada Bucium, Bularga, Iasi, Iasi",39000,1054,1,37
910,"Sofia district, Bucium Visan, Studio, finalizare 2024","Bucium, Iasi, Iasi",39000,1083,2,36
1142,"Ap 2 camere, Palas-Pod Ros, Mobilat","Podu Ros, Iasi, Iasi",39000,1083,2,36
2413,"Apartament 1 cam 36mp, bloc nou, lift, langa statie, OMV Bucium Visan","Bucium, Iasi, Iasi",39000,1083,1,36
2293,"Apartament cu o camera 35 mp, et 1, bucatarie separata, balcon,nou","Bucium, Iasi, Iasi",39000,1114,1,35
4166,Apartament 1 camera,"Tudor Vladimirescu, Iasi, Iasi",39000,1114,1,35
401,"Apartament 1 camera Cug , 34 metri, etaj 2 Cod:142476","Soseaua Nicolina, CUG, Iasi, Iasi",39000,1147,1,34
2061,"Apartament cu 1 camera, zona pod metalurgiei","Tudor Vladimirescu, Iasi, Iasi",39000,1147,1,34
2852,Apartament 1 Camera Decomandat Nicolina - Gara Internationala,"Strada Halipa Pantelimon, Nicolina 1, Iasi, Iasi",39000,1147,1,34
2515,"Apartament nou cu o camera , zona Capat Cug","CUG, Iasi, Iasi",39000,1182,1,33
2910,"Ap 1 camera,intr-un BLOC NOU, decomandat, zona Bucium Visan, 36 mp","Bucium, Iasi, Iasi",39000,1182,1,33
4593,"Apartament 1 camera, DECOMANDAT, BLOC NOU, Cug","CUG, Iasi, Iasi",39000,1182,1,33
1894,Apartament cu 1 camera Pacurari Rediu Bizantiq,"Pacurari, Iasi, Iasi",39000,1258,1,31
1422,"Gara Mcdonalds, la bulevard, liber, boxa","Gara, Iasi, Iasi",39000,1444,1,27
1955,"Semicentral, garsoniera, Gara-McDonalds, la bulevard","Gara, Iasi, Iasi",39000,1444,1,27
2379,"Garsoniera Gara, semicentral, bulevard, McDonalds","Podu Ros, Iasi, Iasi",39000,1444,1,27
2536,"Gara McDonalds, bulevard, pozitie excelenta, garsoniera","Podu Ros, Iasi, Iasi",39000,1444,1,27
3331,"Apartament 1 camera cu centrala, Carrefour Felicia - Baza 3, etaj 2","Podu Ros, Iasi, Iasi",39000,1500,1,26
2718,"Apartament cu 1 camera, bloc nou, zona Capat Cug","Aleea Tudor Neculai, CUG, Iasi, Iasi",39100,1150,1,34
3684,"Apartament 1 camera DECOMANDAT, bucatarie patrata, parcare, 39.100 eur","CUG, Iasi, Iasi",39100,1150,1,34
3842,"Apartament 1 camera intr-un BLOC NOU, D, zona Capat Cug,34 MP, 39100 E","CUG, Iasi, Iasi",39100,1150,1,34
4648,"Apartamente 1 camera, Pret Promotional, Catier Visoianu , Comision 0%","Aleea Tudor Neculai, CUG, Iasi, Iasi",39100,1150,1,34
3733,"De vanzare : 1 camera,bloc nou,zona Bucium Visan, 33MP, 39105 euro","Bucium, Iasi, Iasi",39105,1185,1,33
1235,"Ap 2 camere etaj 1, Bloc Nou","Podu Ros, Iasi, Iasi",39500,988,2,40
1460,"2 camere, Bloc Nou, etaj 1, Parcare Gratuit","Podu Ros, Iasi, Iasi",39500,988,2,40
428,Apartament 2 camere | Rate la dezvoltator | Loc de parcare inclus,"CUG, Iasi, Iasi",39500,1039,2,38
479,"Ap 2 camere, Bloc Nou, etaj1","Podu Ros, Iasi, Iasi",39500,1039,2,38
2370,"Apartament nou cu 2 camere , zona Capat Cug - Lunca Cetatuii","CUG, Iasi, Iasi",39500,1039,2,38
2287,Vanzare apartament 1 camere - Tatarasi - etaj intermediar,"Podu Ros, Iasi, Iasi",39500,1234,1,32
3510,Apartament 1 camere - Podul Ros -Palas Mall,"Cantemir, Iasi, Iasi",39500,1317,1,30
2277,"Apartament de 1 camera, Gradinari","Strada Vasile Lupu, Tudor Vladimirescu, Iasi, Iasi",39500,1411,1,28
2828,"Direct dezvoltator, pret promo, 1 camera, etaj int, Bucium","Soseaua Bucium, Bucium, Iasi, Iasi",39900,1050,1,38
4448,"Apartament 1 camera Tatarasi, 35mp, CT, mobilat+utilat","Podu Ros, Iasi, Iasi",39900,1140,1,35
4662,"Apartament 2 camere, ETAJ 2/4, bloc fara risc, Tatarasi","Tatarasi Nord, Iasi, Iasi",39900,1174,2,34
2080,"Apartament nou cu o camera finalizat , zona Capat Cug","CUG, Iasi, Iasi",39900,1209,1,33
599,"Apartament 1 camera, ETAJ 6/9, FARA RISC, Tatarasi ( langa statie )","Tatarasi Nord, Iasi, Iasi",39900,1287,1,31
2623,"Apartament 2 camere, RENOVAT, mobilat si utilat, fara risc, Tatarasi","Tatarasi Nord, Iasi, Iasi",39900,1330,2,30
4085,"Apartament 1 camera, DECOMANDAT, mobilat, ETAJ 2, Tatarasi","Tatarasi Sud, Iasi, Iasi",39900,1330,1,30
1353,"Apartament 1 camera Metalurgie , 27 metri, etaj 3 Cod:148683","Strada Tatarasi, Tatarasi Nord, Iasi, Iasi",39900,1478,1,27
2754,"Apatament 1 camera Frumoasa - Nicolina, 26mp, etaj 1","Podu Ros, Iasi, Iasi",39900,1535,1,26
1376,"2 camere , loc parcare,CUG-Lunca Cetatuii bl nou","Soseaua Nicolina, CUG, Iasi, Iasi",39999,1081,2,37
3241,"Ap 2 camere nou Visan toate utilitatile, asfalt","Centru, Iasi, Iasi",40000,870,2,46
2189,"Apartament nou cu 2 camere , zona Capat Cug","CUG, Iasi, Iasi",40000,1053,2,38
4666,"1 cam 38mp, boxa, loc de parcare, bl nou, mut imediata, capat CUG","CUG, Iasi, Iasi",40000,1053,1,38
1698,"2camere ,loc parcare , CUG-Lunca Cetatuii","Strada Fortus, CUG, Iasi, Iasi",40000,1081,2,37
149,Apartament 2 camere Metalurgie,"Centru, Iasi, Iasi",40000,1143,2,35
2546,2 cam. Tatarasi - Ateneu,"Centru, Iasi, Iasi",40000,1176,2,34
2729,"Apart 1 camera decomandat, mobilat+utilat, liber, Metalurgie","Podu Ros, Iasi, Iasi",40000,1176,1,34
3319,"Apartament 2 camere open-space, BLOC NOU, INTABULAT, Bucium-Poitiers","Frumoasa, Iasi, Iasi",40000,1212,2,33
353,"Apartament 1 camere de vanzare in zona Bularga, renovat!","Bularga, Iasi, Iasi",40000,1250,1,32
3910,"Garsoniera Tatarasi, 32mp, decomandata, etaj intermediar","Podu Ros, Iasi, Iasi",40000,1250,1,32
1007,Vanzare apartament 1 camera - Tatarasi - Doi Baieti,"Podu Ros, Iasi, Iasi",40000,1290,1,31
3954,"Apartament 1 camera, DECOMANDAT, ETAJ 2, Iulius Mall - Gradinari","Tudor Vladimirescu, Iasi, Iasi",40000,1429,1,28
947,"Apartament 1 camera Tudor Vladimirescu , 26 metri, etaj 4 Cod:150928","Bulevardul Tudor Vladimirescu, Tudor Vladimirescu, Iasi, Iasi",40000,1538,1,26
550,"Garsoniera zona centrala, ideala pentru investitie","Strada Strapungerea Silvestru, Gara, Iasi, Iasi",40000,1667,1,24
1237,"Apartament 2 camere Bucium , 42 metri, etaj 1 Cod:149613","Soseaua Bucium, Bucium, Iasi, Iasi",40500,964,2,42
590,Apartament 1 camera zona Bucium - Lidl,"Bucium, Iasi, Iasi",40500,1350,1,30
3381,"Etaj 2! Apartament 1 camera, Frumoasa - Nicolina","Podu Ros, Iasi, Iasi",40500,1558,1,26
1683,BUCIUM VISAN APARTAMENT O CAMERA 37MP,"Strada Mihail Sturdza, Bularga, Iasi, Iasi",40700,1100,1,37
4083,Ap 1 camera 37mp Bloc nou zona Family Market Bucium,"Podu Ros, Iasi, Iasi",40700,1100,1,37
4591,3 camere Ateneu,"Tatarasi Nord, Iasi, Iasi",41000,854,3,48
2574,"Apartament nou o camera Lux , Capat Cug","CUG, Iasi, Iasi",41000,1025,1,40
2733,Rate! Ap 1 camera D 38mp bloc nou Bucium - Family Market,"Podu Ros, Iasi, Iasi",41000,1079,1,38
261,"Apartament 1 camera Nicolina , 35 metri, etaj 1 Cod:149478","Strada Petre Tutea, Nicolina 1, Iasi, Iasi",41000,1171,1,35
1140,Vand apartament o camera!,"Centru, Iasi, Iasi",41000,1242,1,33
4543,"1 CAM, bloc nou, mobilat utilat LUX, Nicolina - Galata - lg statie","Mircea cel Batran, Iasi, Iasi",41000,1242,1,33
4141,"Apartament 2 camere Podu Ros, fara risc, etaj intermediar","Podu Ros, Iasi, Iasi",41000,1281,2,32
3358,"FINALIZAT! INTABULAT! Apart 1 camera, 35 mp,decomandat, Bucium - Visan","Bucium, Iasi, Iasi",41500,1186,1,35
3365,"FINALIZAT! INTABULAT! Apartament 1 camera, 35 mp, decomandat, Bucium","Bucium, Iasi, Iasi",41500,1186,1,35
646,Apartament nou 1 camera - Decomandat - Mutare imediata - CUG,"CUG, Iasi, Iasi",41500,1258,1,33
1577,"Apartament 1 camera MOBILAT, loc parcare Exclusivitate!","Strada Mihail Sturdza, Bularga, Iasi, Iasi",41500,1258,1,33
3111,Apartament 1 camera decomandat de vanzare Bucium-Lidl!,"Bucium, Iasi, Iasi",41500,1383,1,30
2832,Apartament cu o camera,"Strada Visan, Bucium, Iasi, Iasi",41900,974,1,43
3965,Apartament 1 camera Bucium Palas Family Market,"Bucium, Iasi, Iasi",41900,1074,1,39
2705,"Apartament 1 camera, Tatarasi, etaj 2, bloc apartamente!","Podu Ros, Iasi, Iasi",41900,1445,1,29
791,"Apartament nou cu 1 camera, zona Bucium","Bucium, Iasi, Iasi",41958,1076,1,39
4374,Apartament 1 camera,"Centru, Iasi, Iasi",42000,955,1,44
260,"Apartament 1 camera Bucium , 40 metri, etaj 1 Cod:149612","Soseaua Bucium, Bucium, Iasi, Iasi",42000,1050,1,40
4399,Apartament cu o camera,"Podu Ros, Iasi, Iasi",42000,1050,1,40
616,"Apartament 1 camera Pacurari , 38 metri, etaj parter Cod:147948","Soseaua Pacurari, Pacurari, Iasi, Iasi",42000,1105,1,38
3552,"1 CAM 38mp, decomandat, bloc nou, mutare imediata, lnga statie, Bucium","Bucium, Iasi, Iasi",42000,1105,1,38
762,Apartament 2 camere,"Tatarasi Sud, Iasi, Iasi",42000,1167,2,36
1443,"Apartament 1 camera Bucium , 35 metri, etaj 1 Cod:148069","Soseaua Bucium, Bucium, Iasi, Iasi",42000,1200,1,35
436,"Apartament decomandat cu 1 camera, zona Cug","CUG, Iasi, Iasi",42000,1273,1,33
1280,Vanzare apartament 1 camera - Tatarasi - Flora,"Podu Ros, Iasi, Iasi",42000,1273,1,33
3708,"Zona Nicolina-Cug, apartament 1 camera decomandat","CUG, Iasi, Iasi",42000,1273,1,33
3789,"Nicolina-Cug, model decomandat, mutare imediata","CUG, Iasi, Iasi",42000,1273,1,33
3838,"Apartament 1 camera decomandat, zona Nicolina-Cug","CUG, Iasi, Iasi",42000,1273,1,33
4163,"Nicolina-Cug, Apartament decomandat etajul 1","CUG, Iasi, Iasi",42000,1273,1,33
4190,"Investitie garantata, ideeal pt inchiriere","CUG, Iasi, Iasi",42000,1273,1,33
4402,"Revanzare, Apartament decomandat et 1, zona Nicolina- Cug","CUG, Iasi, Iasi",42000,1273,1,33
4720,"Nicolina-Cug , apartament decomandat etajul 1","CUG, Iasi, Iasi",42000,1273,1,33
445,"Apartament 1 camera Tatarasi , 32 metri, etaj 8 Cod:150419","Strada Tatarasi, Tatarasi Nord, Iasi, Iasi",42000,1313,1,32
4118,"FINALIZAT, 1 camera, decomandat,42 000 euro, Pepinierii","CUG, Iasi, Iasi",42000,1313,1,32
2836,Ap. 1 camera decomandat- Tudor Vladimirescu- la bulevard,"Tatarasi Nord, Iasi, Iasi",42000,1500,1,28
1217,Apartament 1 camera decomandat Cug Cod:147240,"Soseaua Nicolina, CUG, Iasi, Iasi",42380,1145,1,37
1780,Apartament 2 Camere - Etaj Intermediar - Tatarasi,"Podu Ros, Iasi, Iasi",42500,850,2,50
1249,Apartament 2 Camere SD Tatarasi Etaj Intermediar,"Strada Ciurchi, Tatarasi Sud, Iasi, Iasi",42500,885,2,48
1913,2 camere-Tudor Center-Tatarasi-Liber,"Tatarasi Sud, Iasi, Iasi",42500,904,2,47
3007,Apartament cu o camera,"Podu Ros, Iasi, Iasi",42500,944,1,45
872,"Ap. 1 camera, 38mp, bloc de apartamente, Posta-Tatarasi,","Podu Ros, Iasi, Iasi",42500,1118,1,38
1735,Apartament 1 camera,"Centru, Iasi, Iasi",42500,1118,1,38
2134,"Ap. 1 camera, 38 mp, decomandat, Posta -Tatarasi","Podu Ros, Iasi, Iasi",42500,1118,1,38
4126,"1 CAM mobilat utilat LUX, 33mp, parcare, mutare imediata,zona Poitiers","Frumoasa, Iasi, Iasi",42500,1288,1,33
2088,"Apartament 1 camera, RENOVAT, mobilat, etaj intermediar, Tatarasi","Tatarasi Nord, Iasi, Iasi",42500,1328,1,32
1223,"Podu Ros - apartament 2 camere, bloc fara risc seismic , 42.500 euro","Podu Ros, Iasi, Iasi",42500,1417,2,30
823,Apartament de 2 camere zona Tatarasi,"Tatarasi Nord, Iasi, Iasi",42700,1334,2,32
2260,"Etaj 2! Apartament 1 camera, Alexandru cel Bun, 32mp","Podu Ros, Iasi, Iasi",42800,1338,1,32
1181,"Apartament 2 camere Podu Ros, CT, mobilat + utilat","Podu Ros, Iasi, Iasi",42900,1341,2,32
4670,Apartament 2 camere 52 mp,"Podu Ros, Iasi, Iasi",43000,827,2,52
3549,"Apartament de o camere, 43 mp, zona Visan","Strada Fermei, Bucium, Iasi, Iasi",43000,1000,1,43
2567,"Apartament nou cu 2 camere Lux , Capat Cug","CUG, Iasi, Iasi",43000,1075,2,40
4783,Apartament cu 2 camere in Podu Ros,"Podu Ros, Iasi, Iasi",43000,1075,2,40
430,Apartament 2 camere | Bloc nou | Loc de parcare inclus | Curte,"CUG, Iasi, Iasi",43000,1132,2,38
4107,"Apartament 1 camera + GRADINA + Parcare, BLOC NOU, Capat Cug","CUG, Iasi, Iasi",43000,1303,1,33
1315,URGENT Vanzare apartament 2 camere - Podu Ros - Centrala - Geam la,"Podu Ros, Iasi, Iasi",43000,1433,2,30
1815,"Apartament 1 camera, 30 mp, IDEAL INVESTITIE - Alexandru cel Bun","Alexandru Cel Bun, Iasi, Iasi",43000,1433,1,30
273,"Ap 1 cam D, mobilat utilat, ideal investitie, capat Pacurari","Pacurari, Iasi, Iasi",43000,1483,1,29
2274,"Apartament 2 camere,Tatarasi-Piata Chirila","Centru, Iasi, Iasi",43500,1176,2,37
2863,"Apartament 1 camera, Tatarasi-Metalurgiei, 34mp !","Tatarasi Sud, Iasi, Iasi",43500,1279,1,34
4056,"Apartament 1 camera, 33 mp, ETAJ 1, RENOVAT, mobilat, Tatarasi","Tatarasi Nord, Iasi, Iasi",43500,1318,1,33
4099,"Apartament 1 camera, renovat, mobilat si utilat, Podul de Piatra","Podu Ros, Iasi, Iasi",43500,1359,1,32
323,"Garsoniera perfecta, 25 mp, zona Tatarasi.","Strada Vasile Lupu, Tatarasi Sud, Iasi, Iasi",43500,1813,1,24
1872,"Ap 2 camere ,Bloc Nou, Open Space, 38 mp , Bucium Visan, Parcare","Bucium, Iasi, Iasi",43700,1150,2,38
3411,"Apartament 2 camere, decomandat, bloc fara risc, Alexandru","Alexandru Cel Bun, Iasi, Iasi",43900,1155,2,38
4611,"Apartament 1 camera, DECOMANDAT, mobilat, BLOC NOU, Galata","Mircea cel Batran, Iasi, Iasi",43900,1186,1,37
3556,"AP 1 CAM, bloc nou, mobilat utilat LUX, mutare imediata, Galata","Mircea cel Batran, Iasi, Iasi",43900,1330,1,33
4769,"Apartament 1 camera, mobilat si utilat, fara risc, Podu Ros","Podu Ros, Iasi, Iasi",43900,1330,1,33
1826,"Apartament 1 camera, RENOVAT si mobilat, ETAJ 1, Podu Ros","Podu Ros, Iasi, Iasi",43900,1463,1,30
244,"Bloc Nou, Galata- Sos. Voinesti, 1 CAM, etaj 3, MOBILAT","Soseaua Galata, Galata, Iasi, Iasi",43999,1333,1,33
118,"PRET PROMOTIONAL!!! apartament nou, 2 camere, 44 000 euro, Bucium","Bucium, Iasi, Iasi",44000,1073,2,41
1934,"Apartament cu o camera , zona Popas Pacurari","Pacurari, Iasi, Iasi",44000,1100,1,40
1783,"Apartament 2 camere, ETAJ 2, Podu Ros, langa Bulevard","Podu Ros, Iasi, Iasi",44000,1158,2,38
972,APARTAMENT 1 CAMERA BLOC NOU ZONA CUG EXPO MOBILA,"Fundatura Otelariei, CUG, Iasi, Iasi",44000,1189,1,37
978,CUG EXPO MOBILA APARTAMENT 1 CAMERA 37MP,"Soseaua Nicolina, CUG, Iasi, Iasi",44000,1189,1,37
4527,Apartament cu doua camere,"Podu Ros, Iasi, Iasi",44000,1189,2,37
3952,Apartament 1 camera-44000 euro/mutare imediata-Cartierul Visoianu,"Nicolina 1, Iasi, Iasi",44000,1257,1,35
769,Apartament o camera,"Tatarasi Nord, Iasi, Iasi",44000,1467,1,30
3408,"Apartament 2 camere, DECOMANDAT, ETAJ 2/4, bloc fara risc, Tatarasi","Tatarasi Nord, Iasi, Iasi",44500,1085,2,41
1072,"Apartament 1 camera Cug , 38 metri, etaj 1 Cod:140830","Soseaua Nicolina, CUG, Iasi, Iasi",44500,1171,1,38
1271,"Apartament 1 camera decomandat, bloc nou, Capat Cug Cod:140830","Soseaua Nicolina, CUG, Iasi, Iasi",44500,1171,1,38
147,"Apartament 1 camera Cug , 37 metri, etaj 2 Cod:147240","Soseaua Nicolina, CUG, Iasi, Iasi",44500,1203,1,37
892,Apartament 1 camera decomandat Capat Cug Cod:147240,"Soseaua Nicolina, CUG, Iasi, Iasi",44500,1203,1,37
953,Apartament 1 camera decomandat bloc nou Capat Cug Cod:147240,"Soseaua Nicolina, CUG, Iasi, Iasi",44500,1203,1,37
656,Apartament 1 camera,"Strada Visan, Bucium, Iasi, Iasi",44500,1271,1,35
1772,"APARTAMENT 1 CAM, 35mp , etaj 1, mobilat utilat, Bucium langa statie","Bucium, Iasi, Iasi",44500,1271,1,35
3876,"Apartament 1 camera, DECOMANDAT, utilat, ETAJ 1, Tatarasi Kaufland","Tatarasi Sud, Iasi, Iasi",44500,1271,1,35
4024,"Apartament 1 camera Nicolina, 35mp, CT, mobilat + utilat complet","Podu Ros, Iasi, Iasi",44500,1271,1,35
1764,"Apartament 1 Camera, Bloc Nou, Bucium spre Visan, langa Statie, 35 mp","Bucium, Iasi, Iasi",44500,1391,1,32
3425,"Apartament 1 camera, DECOMANDAT, BLOC NOU, ETAJ 1, Capat Cug","CUG, Iasi, Iasi",44500,1435,1,31
1599,Apartament 1 camera Podu Ros - Fara Risc Seismic,"Podu Ros, Iasi, Iasi",44500,1483,1,30
1825,"2 Camere Podu Ros, etaj 1, mobilat, utilat","Podu Ros, Iasi, Iasi",44500,1483,2,30
4737,"Apartament 2 camere, etaj 1, decomandat , Tatarasi - Vasile Lupu","Tatarasi Sud, Iasi, Iasi",44800,1120,2,40
4130,"Apartament 2 camere SD - Podu Ros, pret negociabil","Podu Ros, Iasi, Iasi",44900,976,2,46
2519,"Apartament 1 camera Pacurari 31mp, CT, AC, termoizolat","Podu Ros, Iasi, Iasi",44900,1448,1,31
1324,Apartament 1 camera Tudor Vladimirescu,"Strada Voda Tepes, Tudor Vladimirescu, Iasi, Iasi",44900,1604,1,28
4049,Apartament 3 Camere - Tatarasi,"Podu Ros, Iasi, Iasi",45000,750,3,60
251,Apartament 2 camere-Tudor Vladimirescu-Iulius Mall,"Tudor Vladimirescu, Iasi, Iasi",45000,900,2,50
409,Apartament 2 camere - Ideal pentru investitie - NICOLINA,"Nicolina 1, Iasi, Iasi",45000,957,2,47
1085,"OCAZIE, apartament 2 camere SD aproape de Grup Școlar ""ANGHEL SALIGNY""","Podu Ros, Iasi, Iasi",45000,1071,2,42
2074,Finalizat! Apartament 1 camera 42mp Bloc nou zona Bucium,"Podu Ros, Iasi, Iasi",45000,1071,1,42
1527,Apartament cu 1 camera - Valea Lupului,"Fundatura Pacureti, Canta, Iasi, Iasi",45000,1098,1,41
966,"APARTAMENT 1 camera, 40mp, bloc nou, parcare - RATE la DEZVOLTATOR","Bucium, Iasi, Iasi",45000,1125,1,40
4261,"Etaj 2! Apartament 1 camera, Bucium - Visan, 40mp, CT","Podu Ros, Iasi, Iasi",45000,1125,1,40
1388,"Ap 2 camere, etaj 1, bloc nou! Loc de parcare inclus","Podu Ros, Iasi, Iasi",45000,1184,2,38
3107,"Baza 3 - Carrefour Felicia, apartament 1 camera mobilat si utilat!","Strada Atelierului, Zona Industriala, Iasi, Iasi",45000,1216,1,37
3251,"De vanzare : 1 camera intr-un BLOC NOU, decomandat, zona Bucium Visan","Bucium, Iasi, Iasi",45000,1250,1,36
4518,"Apartament 1 camera, DECOMANDAT, 35 mp, Nicolina Lidl","Nicolina 1, Iasi, Iasi",45000,1286,1,35
4153,"Etaj 2! Apartament 1 camera Tatarasi, 34mp, renovat complet","Podu Ros, Iasi, Iasi",45000,1324,1,34
3190,"Apartament 1 camera, DECOMANDAT, mobilat, bloc 1982, Tatarasi","Tatarasi Sud, Iasi, Iasi",45000,1364,1,33
4471,"Apartament 1 camera, renovat, mobilat si utilat, Nicolina","Nicolina 1, Iasi, Iasi",45000,1364,1,33
264,Apartament cu 1 camera finalizat. Mutare imediata!,"Nicolina 2, Iasi, Iasi",45000,1406,1,32
2330,"Garsoniera Tatarasi, 32mp, etaj intermediar, AC, mobilata + utilata","Podu Ros, Iasi, Iasi",45000,1406,1,32
1020,"Apartament 1 camera Tatarasi , 31 metri, etaj 7 Cod:150449","Strada Tatarasi, Tatarasi Nord, Iasi, Iasi",45000,1452,1,31
2336,Garsoniera 31mp Etaj Intermediar - Tatarasi,"Podu Ros, Iasi, Iasi",45000,1452,1,31
4614,"Garsoniera, de vanzare in zona Tatarasi - Flux Constructii","Strada Ion Creanga, Tatarasi Sud, Iasi, Iasi",45000,1452,1,31
4150,"Garsoniera 29mp, Tatarasi-Piata Doi Baieti!","Aviatiei, Iasi, Iasi",45000,1552,1,29
1652,Apartament 1 camera Gara,"Gara, Iasi, Iasi",45000,1607,1,28
2397,"Apartament 1 camera , Gara - fosta Billa , etaj intermediar","Strada Bacinschi, Gara, Iasi, Iasi",45000,1607,1,28
78,Apartament cu 2 camere finalizat ! Mutare imediata!,"Nicolina 2, Iasi, Iasi",45080,1156,2,39
797,"Apartament 1 camera decomandat 38mp pret 45180 euro,CUG Valea Adanca","CUG, Iasi, Iasi",45180,1189,1,38
1306,"La strada! Etaj 2, apartament spatios cu o compartimentare echilibrata","Podu Ros, Iasi, Iasi",45200,1413,1,32
2362,Rate! Ap 2 camere 42mp bloc nou Bucium - Family Market,"Podu Ros, Iasi, Iasi",45360,1080,2,42
636,Apartament 1 camera 45500 euro Bucium,"Strada Visan, Bucium, Iasi, Iasi",45500,1300,1,35
3849,"Apartament 1 camera, Podu Ros - Granit, 34mp, mobilat + utilat","Podu Ros, Iasi, Iasi",45500,1338,1,34
1032,Tatarasi-ap 2 camere-etaj 1-bloc fara risc,"Tatarasi Nord, Iasi, Iasi",45500,1379,2,33
354,"Apartament cu 1 camera, centru-gara","Podu Ros, Iasi, Iasi",45500,1685,1,27
3639,Apartament 1 cam. - 39 mp. -Excentric Apartments - Rate la Dezvoltator,"Centru, Iasi, Iasi",45825,1175,1,39
3975,"Apartament nou,1 camera, etaj 1, 45 825 euro, BUCIUM/VISAN","Bucium, Iasi, Iasi",45825,1175,1,39
2783,"APARTAMENT 1 CAMERA, BLOC NOU, MUTARE IMEDIATA, ETAJ INTERMEDIAR","Pacurari, Iasi, Iasi",45900,1148,1,40
3762,"Apartament 2 camere Podu Ros, CT, mobilat + utilat","Podu Ros, Iasi, Iasi",45900,1350,2,34
4654,"Apartament 1 camera, DECOMANDAT, ETAJ 1, Nicolina Lidl","Nicolina 1, Iasi, Iasi",45900,1391,1,33
3004,Apartament cu 2 camere de 50mp in Podu Ros - Bulevard et.2,"Podu Ros, Iasi, Iasi",46000,920,2,50
3917,"Etaj 2! Apartament 2 camere, Granit - Carrefour Felicia, 42mp","Podu Ros, Iasi, Iasi",46000,1095,2,42
2486,2 camere Pret valabil doar saptamana aceasta! 2 din 4.,"Bularga, Iasi, Iasi",46000,1122,2,41
3881,"Apartament 2 camere, Dacia, 41mp, CT, pret negociabil","Podu Ros, Iasi, Iasi",46000,1122,2,41
725,Etaj 2- Baza 3- 2 camere - bloc fara risc seismic,"Baza 3, Iasi, Iasi",46000,1150,2,40
717,"Apartament nou,1 camera decomandat -bucatarie inchisa - loc de parcare","Pacurari, Iasi, Iasi",46000,1179,1,39
3616,"Apartament 2 camere, 39 mp, zona Mircea cel Batran","Strada Hatman Sendrea, Galata, Iasi, Iasi",46000,1179,2,39
2221,"Apartament 1 camera, DECOMANDAT, mobilat, BLOC NOU, Galata","Mircea cel Batran, Iasi, Iasi",46000,1243,1,37
4516,Apartament 1camera tatarasi bloc nou,"Tatarasi Sud, Iasi, Iasi",46000,1314,1,35
192,"Apartament 1 camera Galata , 34 metri, etaj parter Cod:143445","Soseaua Galata, Galata, Iasi, Iasi",46000,1353,1,34
3981,"Apartament 1 camera Tatarasi, CT, AC, mobilat + utilat","Podu Ros, Iasi, Iasi",46000,1353,1,34
528,"Persoana fizica vand apartament cu 1 cam,zona Carrefour Felica","Centru, Iasi, Iasi",46000,1438,1,32
1489,"Apartament 1 camera de vanzare, RENOVAT INTEGRAL, mobilat si utilat!","Bularga, Iasi, Iasi",46000,1438,1,32
2094,PODU ROS- apartament cu 2 camere,"Podu Ros, Iasi, Iasi",46000,1438,2,32
2420,Apartament 2 camere Podu Ros- fostul bazar 46.000 euro!,"Bulevardul Nicolae Iorga, Podu Ros, Iasi, Iasi",46000,1438,2,32
2041,"Garsoniera mobilata si utilata, Podul de Piatra, ideala investitie!","Soseaua Nationala, Alexandru Cel Bun, Iasi, Iasi",46000,1484,1,31
2492,Vanzare apartament 1 camera decomandat - Alexandru cel Bun,"Podu Ros, Iasi, Iasi",46000,1533,1,30
1681,BUCIUM VISAN APARTAMENT 1 CAMERA 42 MP,"Strada Mihail Sturdza, Bularga, Iasi, Iasi",46200,1100,1,42
3807,1 camera 42 mp et 1 Frumoasa Poitiers intrare fost Dedeman la cheie,"Manta Rosie, Iasi, Iasi",46200,1100,1,42
2000,"Apartament 2 camere D-Pacurari-Canta /60 mp utili, bloc 1980","Canta, Iasi, Iasi",46500,775,2,60
1051,3 camere decomandat-Tatarasi-Ciurchi,"Tatarasi Sud, Iasi, Iasi",46500,795,3,58.5
1278,Apartament cu 2 camere semidecomandat Carrefour Felicia Bularga et 2,"Tatarasi Sud, Iasi, Iasi",46500,1033,2,45
2436,Apartament 1 camera Visani GATA,"Bucium, Iasi, Iasi",46500,1107,1,42
41,BUCIUM VISAN APARTAMENT 1 CAMERA MUTARE IMEDIATA 39MP,"Strada Mihail Sturdza, Bularga, Iasi, Iasi",46500,1192,1,39
3500,"Apartament 2 camere, mobilat, BLOC NOU, etaj INTERMEDIAR, Visoianu","CUG, Iasi, Iasi",46500,1224,2,38
2470,Apartament 2 camere decomandat zona Alexandru cel Bun,"Alexandru Cel Bun, Iasi, Iasi",46500,1257,2,37
4175,"Apartament 1 camera, 37 mp, RENOVAT, ETAJ 2, bloc 1982, Tatarasi","Tatarasi Sud, Iasi, Iasi",46500,1257,1,37
1066,"Apartament 2 camere Tatarasi , 33 metri, etaj parter Cod:150746","Strada Tatarasi, Tatarasi Nord, Iasi, Iasi",46500,1409,2,33
4437,"1 camera Nicolina - LIDL - mobilat utilat, ETAJ 1, mutare imediata","Nicolina 1, Iasi, Iasi",46500,1409,1,33
2133,"Apartament 2 camere Tatarasi, fara risc, izolat","Podu Ros, Iasi, Iasi",46500,1453,2,32
1361,"Promotie la cash:1,2 si 3 camere la 1200E/mp Popas Pacurari,cod 150939","Soseaua Pacurari, Pacurari, Iasi, Iasi",46800,1141,1,41
2830,Apartament 2 camere,"Strada Mircea cel Batran, Mircea cel Batran, Iasi, Iasi",46800,1200,2,39
4673,"Apart 2 camere, mobilat, incalzire pardoseala langa statie, capat CUG","CUG, Iasi, Iasi",46840,1171,2,40
4045,"Apartament 2 camere Mircea cel Batran, 42mp, AC, izolat","Podu Ros, Iasi, Iasi",46900,1117,2,42
642,"Apartament 2 camere 46900,la 5 minute de Podu Ros","Strada Visan, Bucium, Iasi, Iasi",46900,1303,2,36
3901,"Apartament 1 camera Bloc Nou - Platou Galata, pret PROMO","Strada Ressu Camil, Nicolina 1, Iasi, Iasi",46970,1092,1,43
1696,NOU PLATOU GALATA APARTAMENT 0 CAMERA 42MP,"Strada Podisului, Galata, Iasi, Iasi",46970,1118,1,42
1518,Apartament 1 camera - 69mp - Popas Pacurari - Mutare imediata,"Soseaua Pacurari, Pacurari, Iasi, Iasi",47000,681,1,69
3024,Apartament cu doua camere,"Podu Ros, Iasi, Iasi",47000,870,2,54
1062,"Apartament 1 Camera, Open - Space, Bloc Nou - 47000","Soseaua Voinesti, Nicolina 1, Iasi, Iasi",47000,1119,1,42
3026,"Apartament, 42 m²,","Podu Ros, Iasi, Iasi",47000,1119,2,42
4477,"Apartament 2 camere, Mircea cel Batran","Mircea cel Batran, Iasi, Iasi",47000,1119,2,42
3415,"Apart 2 camere mobilat decomandat Alexandru - Zimbru,ideal investitie!","Alexandru Cel Bun, Iasi, Iasi",47000,1175,2,40
3514,Apartament 2 camere decomandat Alexandru - Zimbru,"Alexandru Cel Bun, Iasi, Iasi",47000,1175,2,40
1396,"Ap 2 camere open-space, 37 mp, mobilat, etaj 1","Podu Ros, Iasi, Iasi",47000,1270,2,37
1687,"Apartamnet 1 camera ,Nicolina Tudor Neculai","Soseaua Nicolina, Nicolina 1, Iasi, Iasi",47000,1306,1,36
3220,"Apartament 1 Camera, Bloc Nou,Finisaje Premium, Nicolina, 47000 euro","Nicolina 1, Iasi, Iasi",47000,1306,1,36
4179,"Apartament nou 1 camera Nicolina - Tudor Neculai, comision 0%!","Nicolina 1, Iasi, Iasi",47000,1306,1,36
4241,Apartament nou 1 camera Nicolina-Tudor Neculai finalizat 36 mp!,"Nicolina 1, Iasi, Iasi",47000,1306,1,36
4396,Apartament nou 1 camera Nicolina-Tudor Neculai finalizat! Comision 0%!,"Nicolina 1, Iasi, Iasi",47000,1306,1,36
4548,Comision 0%! Apartament nou 1 camera Nicolina-Tudor Neculai finalizat!,"Nicolina 1, Iasi, Iasi",47000,1306,1,36
4643,Comision 0%! Apartament nou 1 camera 36 mp Nicolina finalizat!,"Nicolina 1, Iasi, Iasi",47000,1306,1,36
1308,"Ap 1 camera, 35 mp, etaj 1, bloc nou - Nicolina-CUG","Podu Ros, Iasi, Iasi",47000,1343,1,35
4757,"Apartament 1 camera, decomandat, SU 35mp, terasa, BLOC NOU - Poitiers","Iasi, Iasi",47000,1343,1,35
4886,"Apartament 2 camere, nedecomandat, de vanzare, Alexandru cel Bun","Strada Roman Voda, Alexandru Cel Bun, Iasi, Iasi",47000,1382,2,34
1500,Apartament Bularga 1 camera 32 mp,"Bularga, Iasi, Iasi",47000,1469,1,32
2018,"Apartament 1 Camera, Bloc Nou,Finisaje Premium, Nicolina, Open Space","Podu Ros, Iasi, Iasi",47000,1516,1,31
3083,Pf vand apartament cu o camera decomandat,"Centru, Iasi, Iasi",47000,1679,1,28
2137,"Direct PROPRIETAR - ap. 1 cam, decomandat, zona Nicolina -SELGROS","Aleea Strugurilor, Nicolina 1, Iasi, Iasi",47016,1306,1,36
545,"Apartamente 1,2,3 camere ( Finalizate, Intabulate)","Centru, Iasi, Iasi",47100,1149,2,41
173,Apartament 2 camere de vanzare Pacurari,"Pacurari, Iasi, Iasi",47400,1185,2,40
1302,"Apartament 2 camere Bucium , 50 metri, etaj 1 Cod:149614","Soseaua Bucium, Bucium, Iasi, Iasi",47500,950,2,50
3955,Apartament 2CD Nicolina,"Nicolina 2, Iasi, Iasi",47500,950,2,50
109,"PRET PROMOTIONAL!!! apartament nou, 2 camere, 47 500 euro, Bucium","Bucium, Iasi, Iasi",47500,1080,2,44
726,Etaj 2-Tatarasi Ciric-3 Camere-bloc fara risc,"Strada Ciric, Tatarasi Nord, Iasi, Iasi",47500,1131,3,42
392,Apartament 2 camere de vanzare Pacurari,"Pacurari, Iasi, Iasi",47500,1188,2,40
733,"Apartament 3 camere, etajul 2, fara risc, Tatarasi, Dispecer","Strada Ciric, Tatarasi Nord, Iasi, Iasi",47500,1188,3,40
672,Apartament 2 camere de vanzare Pacurari,"Pacurari, Iasi, Iasi",47500,1250,2,38
3197,"GALATA -- Apartament 1 camera, Bloc NOU, incalzire pardoseala, parcare","Nicolina 1, Iasi, Iasi",47500,1250,1,38
3743,"Apartament nou, 2 camere, pret promotional, etaj intermediar, Bucium","Bucium, Iasi, Iasi",47500,1250,2,38
3855,"Apartament nou, 2 camere,pret promotional,etaj intermediar, Bucium","Bucium, Iasi, Iasi",47500,1250,2,38
2125,Apartament cu 3 camere de vanzare Tatarasi,"Tatarasi Nord, Iasi, Iasi",47800,1226,3,39
2095,"Apartament 2 camere, mobilat, BLOC NOU, ETAJ 1, Visoianu","CUG, Iasi, Iasi",47900,1228,2,39
4165,"Apartament 1 camera, DECOMANDAT, mobilat, ETAJ 1, BLOC NOU, Cug","CUG, Iasi, Iasi",47900,1261,1,38
2871,"Apartament 1 camera, DECOMANDAT, renovat, ETAJ 2, Alexandru","Alexandru Cel Bun, Iasi, Iasi",47900,1597,1,30
2887,"Proiect nou Galata- Apartamente cu 1, 2 si 3 camere","Mircea cel Batran, Iasi, Iasi",47921,1261,1,38
2105,"Garsoniera , 44 mp, Bucium","Strada Fermei, Bucium, Iasi, Iasi",48000,1067,1,45
1623,"Apartament 2 camere bloc nou, finalizat, loc de parcare Valea Lupului","Soseaua Pacurari, Pacurari, Iasi, Iasi",48000,1116,2,43
4526,Apartament cu doua camere,"Podu Ros, Iasi, Iasi",48000,1116,2,43
1252,Apartament 2 camere Baza 3 - Carrefour Felicia,"Baza 3, Iasi, Iasi",48000,1171,2,41
4798,Comision 0%! Apartament 2 camere Pacurari - Valea Lupului 41mp+parcare,"Pacurari, Iasi, Iasi",48000,1171,2,41
2161,"Apartament de 2 camere, etaj intermediar","Strada Butnari, Bularga, Iasi, Iasi",48000,1200,2,40
3157,"Apartament de 2 camere, 40 mp, Tătărași","Strada Ion Creanga, Tatarasi Nord, Iasi, Iasi",48000,1200,2,40
4216,Start Vanzari - Bloc nou The View - apartament 1 camera,"Strada Tabacului, Dacia, Iasi, Iasi",48000,1200,1,40
967,Apartament cu 1 camera 42 mp Bucium,"Bucium, Iasi, Iasi",48000,1231,1,39
399,"Apartament cu 2 camere, semidecomandat, 42mp, Mircea cel Batran","Strada Mircea cel Batran, Mircea cel Batran, Iasi, Iasi",48000,1263,2,38
3361,"Apartament 1 camera MODERN, DECOMANDAT, 37 mp, BLOC NOU, Cug","CUG, Iasi, Iasi",48000,1297,1,37
1082,"Apartament nou, 1 camera decomandat, finalizat","Podu Ros, Iasi, Iasi",48000,1412,1,34
74,Apartament cu 1 camera si gradina finalizat. Mutare imediata!,"Nicolina 2, Iasi, Iasi",48000,1500,1,32
3758,"Apartament 1 camera, DECOMANDAT, 37 mp, BLOC NOU, Cug","CUG, Iasi, Iasi",48100,1300,1,37
4072,"De vanzare : 1 camera intr-un BLOC NOU, decomandat, zona Bucium Visan","Bucium, Iasi, Iasi",48300,1150,1,42
1891,"Vanzare apartament cu o camera, bloc nou cu lift, fara comision","Soseaua Bucium, Zona Industriala, Iasi, Iasi",48300,1238,1,39
208,"2 CAM 50mp, SD, Piata Nicolina - Podu Ros , de renovat","Podu Ros, Iasi, Iasi",48500,970,2,50
1300,"Apartament 2 camere Cug , 44 metri, etaj 2 Cod:149740","Soseaua Nicolina, CUG, Iasi, Iasi",48500,1102,2,44
2009,Apartament 1 camera BUCIUM (MOBILAT),"Strada Grigore T. Popa, Bucium, Iasi, Iasi",48500,1102,1,44
1547,"Tudor Ciric, apartament 3 camere confort redus, mobilat si utilat!","Strada Stejar, Tatarasi Nord, Iasi, Iasi",48500,1155,3,42
1588,BUCIUM APARTAMENT 2 CAMERAE OPEN SPACE 42MP,"Strada Mihail Sturdza, Bularga, Iasi, Iasi",48500,1155,2,42
183,Vanzare apartament 2 camere - Podu Ros,"Podu Ros, Iasi, Iasi",48500,1311,2,37
303,Garsoniera de vanzare Granit,"Centru, Iasi, Iasi",48500,1470,1,33
2505,"Alexandru cel Bun - apartament cu 1 camera, ready to move!","Strada Plaiesilor, Alexandru Cel Bun, Iasi, Iasi",48500,1796,1,27
1540,"Apartament cu 1 camera, Pacurari - Profi","Strada Movila Pacureti, Pacurari, Iasi, Iasi",48900,1193,1,41
1724,"Apartament cu 1 camera, Pacurari - Profi","Soseaua Pacurari, Canta, Iasi, Iasi",48900,1193,1,41
742,Apartament 3 camere decomandat Tatarasi,"Tatarasi Sud, Iasi, Iasi",49000,817,3,60
1005,Apartament 3c decomandat Tatarasi,"Strada Ciurchi, Tatarasi Sud, Iasi, Iasi",49000,875,3,56
451,"PF vand apartament. 2 camere, 54 mp, Pacurari - Rediu","Centru, Iasi, Iasi",49000,907,2,54
582,"Ap.2 cam. Podu Ros, centrala termica, etaj 1, 2 balcoane!","Tesatura, Iasi, Iasi",49000,1021,2,48
1143,"Ap 2 camere Bloc Nou, 48mp, Finalizat","Pacurari, Iasi, Iasi",49000,1021,2,48
565,"Apartament 2 camere, Intabulat, Bloc Nou, 50 Mp, Horpaz, Statie, et 2","Podu Ros, Iasi, Iasi",49000,1065,2,46
3293,"2 camere, etaj intermediar, ideal ca si investitie, Bucium","Soseaua Bucium, Bucium, Iasi, Iasi",49000,1167,2,42
1906,"Apartament 3 camere, ideal pentru investitie, Tatarasi","Tatarasi Nord, Iasi, Iasi",49000,1225,3,40
2496,Apartament 2 camere-49000 eruo-Cartierul Visoianu-finalizat,"Podu Ros, Iasi, Iasi",49000,1289,2,38
2363,Apartament 1 camera de vanzare Galata,"Podu Ros, Iasi, Iasi",49000,1361,1,36
483,"Bucium - Lidl, 1 camera decomandat, etaj 1, 40mp","Bucium, Iasi, Iasi",49000,1400,1,35
55,"Apartament 1 camera Baza 3 , 32 metri, etaj 1 Cod:150812","Strada Islaz, Baza 3, Iasi, Iasi",49000,1531,1,32
1554,"Apartament de 1 camera, 33 mp, zona Granit","Strada Arapului, Bularga, Iasi, Iasi",49000,1531,1,32
792,Apartament 1 camere de vanzare in zona Frumoasa!,"Iasi, Iasi",49000,1690,1,29
627,"Apartament 2 camere 49200,la 5 minute de Podu Ros","Strada Visan, Bucium, Iasi, Iasi",49200,1200,2,41
1053,Mutare imediata !Apartament 2 camere Bloc nou zona Bucium,"Podu Ros, Iasi, Iasi",49200,1200,2,41
4156,"Apartament cu 2 camere, Aleea Tudor Neculai-CUG","CUG, Iasi, Iasi",49200,1200,2,41
4577,"Apartament 2 camere, 41mp, etaj 1 BLOC NOU, incalzire pardoseala, CUG","CUG, Iasi, Iasi",49200,1200,2,41
4860,"Investie Ideala, Bucium Visan, intabulat, mutare imediata","Centru, Iasi, Iasi",49200,1200,2,41
4792,1 camera - Nicolina - Frumoasa - amenajari premium - predare dec 2022,"Nicolina 2, Iasi, Iasi",49275,1350,1,36.5
1686,APARTAMENT 2 CAMERE 48 MP,"Strada Mihail Sturdza, Bularga, Iasi, Iasi",49300,1027,2,48
3641,Apartament 1 cam- 42 mp. - Excentric Apartments - Rate la Dezvoltator,"Centru, Iasi, Iasi",49350,1175,1,42
339,"Direct PROPRIETAR, ap. 1 cam, zona Nicolina-Selgros","Strada Gheorghe Ivanescu, Nicolina 1, Iasi, Iasi",49394,1300,1,38
4178,Apartament 1 camera decomandat Nicolina finalizat! Comision 0%!,"Nicolina 1, Iasi, Iasi",49400,1300,1,38
4242,Apartament 1 camera decomandat Nicolina finalizat 38 mp! Comision 0%!,"Nicolina 1, Iasi, Iasi",49400,1300,1,38
4394,Comision 0%! Apartament 1 camera decomandat Nicolina finalizat 38 mp!,"Nicolina 1, Iasi, Iasi",49400,1300,1,38
4550,Comision 0%! Apartament 1 camera decomandat Nicolina finalizat!,"Nicolina 1, Iasi, Iasi",49400,1300,1,38
4641,Comision 0%! Apartament 1 camera decomandat 38 mp Nicolina 1 finalizat,"Nicolina 1, Iasi, Iasi",49400,1300,1,38
1997,Apartament 2 camere zona Canta,"Canta, Iasi, Iasi",49500,900,2,55
3909,Vand apartament 2 camere Tatărași - Piata Chirila,"Centru, Iasi, Iasi",49500,952,2,52
510,"Apartament 2 camere SISTEM RATE LA DEZVOLTATOR, Avans 15000Euro","Nicolina 1, Iasi, Iasi",49500,1100,2,45
804,"Apartament 2 camere RATE LA DEZVOLTATOR, Avans 15000E ,Platoul Insorit","Nicolina 1, Iasi, Iasi",49500,1100,2,45
2899,"Rate la dezvoltator! Apartament 2 camere, open space, de vanzare, zona","Soseaua Voinesti, Nicolina 1, Iasi, Iasi",49500,1100,2,45
1592,"Apartament cu 1 camera, bloc nou, zona Garii","Strada Silvestru, Alexandru Cel Bun, Iasi, Iasi",49500,1116,1,44.36
137,"Apartament 2 camere Dacia , 42 metri, etaj 4 Cod:151148","Bulevardul Dacia, Dacia, Iasi, Iasi",49500,1179,2,42
300,"Apartament 2 camere Dacia, Bicaz","Centru, Iasi, Iasi",49500,1179,2,42
901,"Apartament bloc nou, rond Pacurari, loc de parcare inclus","Soseaua Pacurari, Pacurari, Iasi, Iasi",49500,1207,1,41
1561,"Apartament bloc nou rond Pacurari, loc de parcare inclus","Soseaua Pacurari, Pacurari, Iasi, Iasi",49500,1207,1,41
4573,Apartament 2 camere et 1 Nicolina Frumoasa spate la fostul Dedeman,"Frumoasa, Iasi, Iasi",49500,1238,2,40
3899,"Apartament 1 camera, Bloc nou - 2km Nicolina Belvedere","Strada Strugurilor, Nicolina 1, Iasi, Iasi",49555,1101,1,45
2446,Apartament 2 camere Bucium - Visani - Lagom,"Bucium, Iasi, Iasi",49560,1180,2,42
98,"Apartamente noi, in complex rezidential","Podu Ros, Iasi, Iasi",49700,1183,1,42
453,"Apartament 1 camera Pacurari , 41 metri, etaj 1 Cod:150939","Soseaua Pacurari, Pacurari, Iasi, Iasi",49800,1215,1,41
1137,"Promotie la cash: 1 camera Pacurari-Soleia , 41 mp etaj 1/4 Cod:150939","Soseaua Pacurari, Pacurari, Iasi, Iasi",49800,1215,1,41
1342,"Apartament 2 camere Tatarasi, 38mp, izolat, mobilat","Podu Ros, Iasi, Iasi",49800,1311,2,38
4812,2 camere 49900 Piata Chirila,"Podu Ros, Iasi, Iasi",49900,907,2,55
4265,"Apartament 2 camere, Podu Ros, 54mp, CT, termoziolat, mobilat+utilat","Podu Ros, Iasi, Iasi",49900,924,2,54
3364,"Apartament 2 camere, Podu Ros, 50mp, CT, fara risc","Podu Ros, Iasi, Iasi",49900,998,2,50
4334,"Ap 2cam dec, 50mp, et 1, parcare, mut imediata, capat CUG","CUG, Iasi, Iasi",49900,998,2,50
4203,"Apartament 2 camere, Podu Ros, 47mp, CT, termoizolat, mobilat","Podu Ros, Iasi, Iasi",49900,1062,2,47
1049,Ap 1 camera D Etaj 2 Bloc nou Capat Pacurari- Rond ERA,"Podu Ros, Iasi, Iasi",49900,1188,1,42
1155,2 camere Manta Rosie 49.900 euro,"Manta Rosie, Iasi, Iasi",49900,1188,2,42
1859,"Apartament 2 camere Alexandru cel Bun, 42mp, CT, fara risc","Podu Ros, Iasi, Iasi",49900,1188,2,42
1948,APARTAMENT 1 CAMERA NOU+ PARCARE SUBTERANA,"Uzinei, Iasi, Iasi",49900,1257,1,39.7
1354,"Apartament 2 camere Tatarasi , 38 metri, etaj 4 Cod:150904","Strada Tatarasi, Tatarasi Nord, Iasi, Iasi",49900,1313,2,38
3774,"Apartament 1 camera, 38mp, ETAJ 1, BLOC NOU, mobilat LUX, Nicolina","Nicolina 1, Iasi, Iasi",49900,1313,1,38
4288,"Apartament 2 camere, mobilat, ETAJ 1, BLOC NOU, Visoianu","CUG, Iasi, Iasi",49900,1313,2,38
1370,"Apartament 2 cam, nedecomandat, de vanzare in zona Tatarasi Ateneu","Strada Dudescu, Tatarasi Nord, Iasi, Iasi",49900,1349,2,37
1533,Apartament 2 Camere - Tatarasi - Rond 11,"Podu Ros, Iasi, Iasi",49900,1349,2,37
2257,"Apartament 2 camere, renovat, ETAJ 2/4, bloc fara risc, Tatarasi","Tatarasi Nord, Iasi, Iasi",49900,1559,2,32
4255,"Apartamente de vanzare, 1 camera, bloc nou, zona CUG COMISION 0%","Aleea Tudor Neculai, CUG, Iasi, Iasi",49950,1350,1,37
1516,Apartament 2 Camere Tatarasi Rond 11,"Strada Ion Creanga, Tatarasi Nord, Iasi, Iasi",49990,1351,2,37
377,Apartament 2 camere Mobilat Bloc nou zona CUG- Cartierul Visoianu,"Podu Ros, Iasi, Iasi",49999,1316,2,38
4811,2Camere Decomandat,"Podu Ros, Iasi, Iasi",50000,962,2,52
2514,"Apartament nou cu 2 camere , zona Capat Cug","CUG, Iasi, Iasi",50000,980,2,51
2865,Iulius Mall - 2 camere-Tudor Vladimirescu,"Tudor Vladimirescu, Iasi, Iasi",50000,1000,2,50
2991,"Vând apartament cu 2 camere, Tudor Vladimirescu, bulevard","Centru, Iasi, Iasi",50000,1000,2,50
3348,"Apartament 2 camere, Podu Ros, 50mp, CT, fara risc","Podu Ros, Iasi, Iasi",50000,1000,2,50
4722,"Apartament 2 camere, 49mp, etaj intermediar, BLOC NOU - capat CUG","CUG, Iasi, Iasi",50000,1020,2,49
990,"Apartament 2 camere Bucium , 48 metri, etaj 1 Cod:140598","Soseaua Bucium, Bucium, Iasi, Iasi",50000,1042,2,48
2491,Apartament 2 camere strada Vasile Lupu,"Podu Ros, Iasi, Iasi",50000,1042,2,48
2389,"Apartament nou cu 2 camere , zona Capat Cug","CUG, Iasi, Iasi",50000,1064,2,47
2509,"Apartament nou cu 2 camere finalizat , zona Capat Cug","CUG, Iasi, Iasi",50000,1064,2,47
534,"Apartament 2 camere 50000 euro,la 10 minute de Podu Ros","Strada Visan, Bucium, Iasi, Iasi",50000,1111,2,45
2827,"Ap 2 cam, ideal investitie, etaj int, zona Bucium","Bucium, Iasi, Iasi",50000,1111,2,45
1178,"Apartament 2 camere Cug , 44 metri, etaj 2 Cod:149740","Soseaua Nicolina, CUG, Iasi, Iasi",50000,1136,2,44
535,"Etaj 2! Apartament 1 camera Pacurari, 42mp, bloc 2022","Podu Ros, Iasi, Iasi",50000,1190,1,42
4359,Apartament cu 3 camere in Podu Ros la etajul 2.,"Podu Ros, Iasi, Iasi",50000,1190,3,42
1797,"Apartament 2 camere, 41 mp, GEAM LA BAIE - zona Mircea cel Batran","Alexandru Cel Bun, Iasi, Iasi",50000,1220,2,41
3480,"Frumoasa - Hlincea, apartamente noi cu 2 camere","Bulevardul Poitiers, Frumoasa, Iasi, Iasi",50000,1220,2,41
1264,"Apartament 3 camere Tatarasi , 40 metri, etaj 2 Cod:150162","Strada Tatarasi, Tatarasi Nord, Iasi, Iasi",50000,1250,3,40
3307,Apartament 2 camere Bloc Nou - Cug,"Podu Ros, Iasi, Iasi",50000,1250,2,40
4360,"Apartament 1 camera, decomandat, mobilat, BLOC NOU, Carrefour Felicia","Baza 3, Iasi, Iasi",50000,1250,1,40
2857,Apartament 3 camere de vanzare Cantemir,"Podu Ros, Iasi, Iasi",50000,1316,3,38
787,MUTARE IMEDIATA APARTAMENT 1 CAMERA 37MP,"Fundatura Otelariei, CUG, Iasi, Iasi",50000,1351,1,37
898,"Apartament bloc nou, incalzire in pardoseala, rezidential PACURARI","Soseaua Pacurari, Pacurari, Iasi, Iasi",50000,1351,1,37
2248,"Apartament 1 camera, DECOMANDAT, ETAJ 1, BLOC NOU, Galata","Mircea cel Batran, Iasi, Iasi",50000,1351,1,37
2833,"Aparatment cu 1 camera, Pacurari","Pacurari, Iasi, Iasi",50000,1389,1,36
240,"Apartament 1 camera Nicolina , 35 metri, etaj 10 Cod:151092","Soseaua Nicolina, CUG, Iasi, Iasi",50000,1429,1,35
1171,"Apartament o camera, bloc nou, etaj 1","Strada Pacurari, Pacurari, Iasi, Iasi",50000,1515,1,33
1629,Apartament 1 camera Bucium,"Bucium, Iasi, Iasi",50000,1563,1,32
1002,Centru Gara langa UMF si Univ.Cuza apartament 1 camera,"Podu Ros, Iasi, Iasi",50000,2083,1,24
2157,"Frumoasa, la 100 m de bulevard, apartament la bloc nou, 1 camera","Frumoasa, Iasi, Iasi",50040,1390,1,36
2394,"Apartament nou cu 2 camere , zona Capat Cug","CUG, Iasi, Iasi",50500,1148,2,44
4847,"Cartierul Visoianu/Ap 2C, Nicolina/Intrare Lunca Cetatuii","Soseaua Nicolina, CUG, Iasi, Iasi",50500,1148,2,44
981,"Super oferta 2 camere open, 43 mp, CUG-Lunca Cetatuii","Fundatura Otelariei, CUG, Iasi, Iasi",50500,1174,2,43
1414,"Apartament 2 camere open, 43 mp, CUG-Lunca Cetatuii","Fundatura Otelariei, CUG, Iasi, Iasi",50500,1174,2,43
1991,"Apartament cu 2 camere, modelul OPEN-SPACE, zona Capat Cug","Soseaua Nicolina, CUG, Iasi, Iasi",50500,1174,2,43
3683,"Apartament 2 camere, geam la baie, bloc NOU, langa LIDL","CUG, Iasi, Iasi",50500,1174,2,43
3836,"De vanzare :2 camere, BLOC NOU, SD,zona Capat Cug,43 MP, 50.500 Euro","CUG, Iasi, Iasi",50500,1174,2,43
4649,"Apartamente noi, 2 camere Cartierul Visoianu, Pret Promotional","Soseaua Nicolina, CUG, Iasi, Iasi",50500,1174,2,43
4850,Cartierul Visoianu/Apartament 2 camere nicolina/CUG,"Nicolina 1, Iasi, Iasi",50500,1174,2,43
34,"Apartament 2 camere Nicolina , 42 metri, etaj 1 Cod:145486","Strada Petre Tutea, Nicolina 1, Iasi, Iasi",50500,1202,2,42
4825,"Cartierul Vișoianu- apartament 2 camere, 43 mp","Podu Ros, Iasi, Iasi",50500,1263,2,40
4851,Cartierul Visoianu-Apartament 2 camere 50500 euro,"Nicolina 1, Iasi, Iasi",50500,1263,2,40
4852,Cartierul Visoianu-Apartament 2 camere-50 500 euro,"Nicolina 1, Iasi, Iasi",50500,1263,2,40
4854,Cartierul Visoianu-Apartament 2 camere-50500 euro,"Nicolina 1, Iasi, Iasi",50500,1263,2,40
4169,"Apartament spatios,1 cam 46Mp, Bloc Nou - Bucium","Strada Visan, Bucium, Iasi, Iasi",50600,1100,1,46
2582,"Apartamente noi, zona Tatarasi - 2 Baieti, 1 camera decomandat","Strada Aurel Vlaicu, Aviatiei, Iasi, Iasi",50870,1241,1,41
3485,Proiect rezidential AUTORIZAT in DACIA ! Apartament nou cu 1 camera !,"Dacia, Iasi, Iasi",50900,1339,1,38
4840,Apartament 3 camere,"Tatarasi Sud, Iasi, Iasi",51000,836,3,61
1929,"Apartament nou cu 2 camere finalizat, zona Pacurari","Pacurari, Iasi, Iasi",51000,1020,2,50
1678,NOU MUTARE RAPIDA APARTAMENT 2 CAMERE OPEN SPACE 42MP,"Strada Atelierului, Tesatura, Iasi, Iasi",51000,1214,2,42
1439,Ap 2 camere SD Mircea cel Batran 1974,"Mircea cel Batran, Iasi, Iasi",51000,1244,2,41
2716,Parter. Apartament 2 SD. Alexandru 51.000,"Soseaua Nationala, Gara, Iasi, Iasi",51000,1275,2,40
2294,Apartament 1 camera Centru - Podu de Fier,"Centru, Iasi, Iasi",51000,1417,1,36
2807,Apartament 1 camera Decomandat - Nicolina 1,"Podu Ros, Iasi, Iasi",51000,1457,1,35
2356,"Apartament cu 1 camera, decomandat, 30mp, renovat, liber, Pacurari","Soseaua Pacurari, Pacurari, Iasi, Iasi",51000,1700,1,30
1292,"Ap. 2 camere open-space, etaj intermediar, 41 mp, la strada","Podu Ros, Iasi, Iasi",51250,1250,2,41
2663,"Ap 1 Camera,Dec, Bloc Nou,incalzire pardoseala,AC, Tudor Neculai, 41mp","CUG, Iasi, Iasi",51250,1250,1,41
4751,Cug - Ap 2 camere - ideal investitie,"CUG, Iasi, Iasi",51250,1250,2,41
3148,"Apartament 1 camera 37 mp, etaj intermediar, zona Bucium","Strada Visan, Bucium, Iasi, Iasi",51430,1390,1,37
1608,Apartament 2 camere decomandat - Bucium,"Soseaua Barnova, Bucium, Iasi, Iasi",51500,1030,2,50
780,"Apartament 2 camere Nicolina , 42 metri, etaj 1 Cod:144776","Strada Petre Tutea, Nicolina 1, Iasi, Iasi",51500,1226,2,42
3106,"Baza 3 - Carrefour Felicia, apartament 1 camera mobilat si utilat!","Strada Atelierului, Zona Industriala, Iasi, Iasi",51500,1226,1,42
4014,"PLATOU GALATA, 1 camera decomandat, 41mp, bloc nou","Soseaua Iasi-Voinesti, Galata, Iasi, Iasi",51500,1256,1,41
2626,"2 camere, Galata, 51.500 euro","Mircea cel Batran, Iasi, Iasi",51500,1288,2,40
3560,"Apartament 1 camera DECOMANDAT, 40 mp, parcare subterana, Bloc NOU","Galata, Iasi, Iasi",51500,1288,1,40
3561,"Galata - Platoul Insorit, apartament 2 camere, decomandat, 40 mp","Galata, Iasi, Iasi",51500,1288,2,40
4470,"Apartament 2 camere Alexandru cel Bun, 40mp, CT, izolat","Podu Ros, Iasi, Iasi",51500,1288,2,40
4539,"Apartament 1 camera, Podu de Fier - Centru, mobilat + utilat","Podu Ros, Iasi, Iasi",51500,1431,1,36
606,"Apartament 1 camera Podul de Fier , 34 metri, etaj 4 Cod:150532","Strada Eternitate, Podu de Fier, Iasi, Iasi",51500,1515,1,34
1882,Apartament 1 camera,"Centru, Iasi, Iasi",51500,1515,1,34
2930,"Apartament 1 cam. 42 mp, geam baie, bucatarie mare, Galata!","Nicolina 1, Iasi, Iasi",51545,1257,1,41
852,"Apartament 2 camere Bucium , 43 metri, etaj 1 Cod:148070","Soseaua Bucium, Bucium, Iasi, Iasi",51600,1200,2,43
3860,Pret Promotional The View Dacia - apartament 2 camere,"Strada Cazaban, Dacia, Iasi, Iasi",51600,1200,2,43
77,Apartament cu 2 camere finalizat ! Mutare imediata!,"Nicolina 2, Iasi, Iasi",51750,1150,2,45
3452,Apartamente noi cu 1 camera in ansamblu rezidential din zona Dacia,"Strada Rampei, Dacia, Iasi, Iasi",51814,1394,1,37.18
3621,"Apartament 1 camera 37.30 mp, etaj intermediar, zona Bucium","Strada Visan, Bucium, Iasi, Iasi",51847,1390,1,37.3
4425,"Apartament 2 camere, Podu Ros, 52mp","Podu Ros, Iasi, Iasi",51900,998,2,52
1911,"Podu Ros- Apartament 2 camere, bloc fara risc, 51.900 euro","Podu Ros, Iasi, Iasi",51900,1038,2,50
3181,"Apartament 2 camere Podu Ros, 50mp, CT, mobilat+utilat","Podu Ros, Iasi, Iasi",51900,1038,2,50
4541,"Ap 2 camere, 50mp, capat CUG, parcare","Podu Ros, Iasi, Iasi",51900,1038,2,50
2631,"Apartament 1 camera Pacurari, 45mp, intermediar, izolat, mobilat","Podu Ros, Iasi, Iasi",51900,1153,1,45
2116,Apartament 2 SD. Zimbru. 3din4. 51900 Euro,"Aleea Stefan Procopiu, Dacia, Iasi, Iasi",51900,1236,2,42
357,Apartament 2 Camere Semidecomandat Alexandru - Zimbru,"Aleea Sucidava, Dacia, Iasi, Iasi",51900,1266,2,41
4814,"Apartament 2 camere, mobilat, BLOC NOU, ETAJ 1, Cug - Pepinierii","CUG, Iasi, Iasi",51900,1298,2,40
96,"OCAZIE! Ideal Investitie! Apartament 1 camera, Pacurari, etaj 3","Pacurari, Iasi, Iasi",51900,1331,1,39
263,"Exclusivitate! Pacurari - Kaufland, Apartament cu 1 camera, etaj 3","Canta, Iasi, Iasi",51900,1331,1,39
2846,Apartament 1 camera de vanzare Bucium,"Bucium, Iasi, Iasi",51900,1483,1,35
4799,2 camere semicentral - predare decembrie 2022 - amenajari premium,"Nicolina 2, Iasi, Iasi",51975,1350,2,38.5
4836,Apartament 2 camere zona Bucium-Visan! Constructie 2022 !!,"Centru, Iasi, Iasi",51999,1040,2,50
4582,Apartament cu doua camere decomandat,"Podu Ros, Iasi, Iasi",52000,1040,2,50
1472,"Dacia la bulevard, apartament cu 2 camere, dec.","Dacia, Iasi, Iasi",52000,1083,2,48
4332,2 Camere Decomandat Ateneu,"Tatarasi Nord, Iasi, Iasi",52000,1083,2,48
1530,Apartament 2 camere Alexandru cel Bun,"Alexandru Cel Bun, Iasi, Iasi",52000,1130,2,46
2435,"Apartament 2 camere, semidecomandat, zona Dacia","Strada Tabacului, Dacia, Iasi, Iasi",52000,1156,2,45
1337,"Apartament 2 camere Frumoasa , 44 metri, etaj 1 Cod:148842","Bulevardul Poitiers, Frumoasa, Iasi, Iasi",52000,1182,2,44
3270,Apartament 1 camera - CUG,"Podu Ros, Iasi, Iasi",52000,1182,1,44
3274,Apartament 1 camera tip Studio - CUG,"Podu Ros, Iasi, Iasi",52000,1182,1,44
3729,"Apartament 1 cam, decomandat de vanzare in zona Bucium Lidl","Strada Vancea Petre, Bucium, Iasi, Iasi",52000,1182,1,44
341,Apartament cu 2 camere,"Strada Sucidava, Dacia, Iasi, Iasi",52000,1238,2,42
1884,"NOU! INTABULAT! Bucium,2 camere, Ideal pentru Chirie (300E)","Strada Visan, Bucium, Iasi, Iasi",52000,1238,2,42
155,Aparent 2 camere.,"Alexandru Cel Bun, Iasi, Iasi",52000,1368,2,38
1567,Apartament 2 camere decomandat in zona Mircea cel Batran - Iasi,"Mircea cel Batran, Iasi, Iasi",52000,1368,2,38
1798,"Apartament 2 camere lac Rediu, Parcare inclusa","Pacurari, Iasi, Iasi",52000,1405,2,37
2047,Apartament 2 Camere-Complet mobilat și utilat - Loc de parcare inclus,"CUG, Iasi, Iasi",52000,1515,2,34.32
499,"Apartament 2 camere Bucium , 46 metri, etaj 1 Cod:148072","Soseaua Bucium, Bucium, Iasi, Iasi",52200,1135,2,46
2585,"Proiect nou, apartamente clasice - Tatarasi, Direct Dezvoltator!","Strada Aurel Vlaicu, Aviatiei, Iasi, Iasi",52300,1162,1,45
2945,Apartament cu doua camere Posta Pacurari,"Canta, Iasi, Iasi",52300,1376,2,38
2614,Apartament 2 camere SD. Alexandru. balcon extins,"Strada Basarabi, Alexandru Cel Bun, Iasi, Iasi",52400,919,2,57
1203,Apartament 1 camera 45mp - Pacurari - str Soarelui,"Soseaua Pacurari, Canta, Iasi, Iasi",52500,1167,1,45
14,"Raport calitate-pret foarte bun, ap 2 camere, cu loc de parcare inclus","Pacurari, Iasi, Iasi",52500,1193,2,44
20,"Apartament 2 camere, pret avantajos, loc de parcare inclus","Pacurari, Iasi, Iasi",52500,1193,2,44
30,"Apartament 2 cam, cu loc de parcare inclus, incalzire in pardoseala","Pacurari, Iasi, Iasi",52500,1193,2,44
728,"Apartament 2 camere, incalzire in pardoseala, loc de parcare inclus","Pacurari, Iasi, Iasi",52500,1193,1,44
1145,"Apartament 2 camere, cu loc de parcare inclus, incalzire in pardoseala","Pacurari, Iasi, Iasi",52500,1193,2,44
4671,"Apartament 2 camere, DECOMANDAT, INTABULAT, BLOC NOU, pod Bucium","Frumoasa, Iasi, Iasi",52500,1193,2,44
2064,Apartament 1 camera decomandat - Valea Lupului,"Podu Ros, Iasi, Iasi",52500,1221,1,43
1796,"Apartament 2 camere, SD - zona Mircea cel Batran","Mircea cel Batran, Iasi, Iasi",52500,1313,2,40
1843,"Apartament 1 camera, DECOMANDAT, et 3/9, bloc 1986, Nicolina BULEVARD","Nicolina 1, Iasi, Iasi",52500,1382,1,38
3175,"1 CAMERA decomandat, Nicolina 1 - Lidl - mobilat utilat nou","Nicolina 1, Iasi, Iasi",52500,1500,1,35
186,"Apartament 1 Cam , D , Bucsinescu - Podu de Fier","Podu Ros, Iasi, Iasi",52500,1544,1,34
3192,"Apartament 1 camera, DECOMANDAT, RENOVAT, Nicolina ( prima statie )","Nicolina 1, Iasi, Iasi",52500,1591,1,33
4802,Apartament 1 camera decomandat de vanzare Moara de Vant,"Iasi, Iasi",52520,1313,1,40
1164,"Oferta 2 camere open space , 41mp, Tatarasi , boc nou","Strada Ciric, Aviatiei, Iasi, Iasi",52650,1316,2,40
1373,2 CAM OPEN SPACE TATARASI,"Strada Fantanelor, Tatarasi Nord, Iasi, Iasi",52650,1316,2,40
2581,"Proiect Nou -Tatarasi, apartamente deosebite, Pret Promotional!","Strada Sapte Oameni, Aviatiei, Iasi, Iasi",52700,1198,1,44
2712,"Loc de parcare inclus, apartament 1 camera, D","Pacurari, Iasi, Iasi",52800,1200,1,44
4486,"Apartament 2 camere decomandat, intabulat, 100 m de bulevard, Bucium","Zona Industriala, Iasi, Iasi",52800,1200,2,44
3016,"Apartament 2 camere, renovat, MOBILAT si utilat, Alexandru cel Bun","Alexandru Cel Bun, Iasi, Iasi",52900,1230,2,43
1853,2 camere Dacia 52.900 euro,"Dacia, Iasi, Iasi",52900,1323,2,40
3542,"Apartament nou, 1 camera, 36.5 mp, COMISION 0","Stradela Manta Rosie, Frumoasa, Iasi, Iasi",52925,1450,1,36.5
3610,"Apartament 3 camere, 58 mp, zona Tatarasi","Bulevardul Tudor Vladimirescu, Tudor Vladimirescu, Iasi, Iasi",53000,914,3,58
2898,"960€/mp! Apartament 2 camere Tatarasi 55mp, fara risc, intermediar, CT","Podu Ros, Iasi, Iasi",53000,964,2,55
2209,"Apartament modern cu 2 camere de vanzare in zona Visan, 0 Comision","Strada Visan, Bucium, Iasi, Iasi",53000,1000,2,53
3642,Excentric Apartments - 53 mp - 2 camere- Rate la Dezvoltator,"Centru, Iasi, Iasi",53000,1000,2,53
4341,Apartament cu doua camere SemiDecomandat in Podu Ros,"Podu Ros, Iasi, Iasi",53000,1019,2,52
945,Apartament 2 camere 49mp - Valea Lupului - Mutare imediata,"Strada Prof. I. P. Culianu, Pacurari, Iasi, Iasi",53000,1082,2,49
2063,"Apartament 2 camere,Tudor Vladimirescu la bulevard","Tudor Vladimirescu, Iasi, Iasi",53000,1128,2,47
1303,BUCIUM APARTAMENT 2 CAMERE 46MP,"Bulevardul Tudor Vladimirescu, Tudor Vladimirescu, Iasi, Iasi",53000,1152,2,46
926,"Apartament 1 camera Cug , 44 metri, etaj 3 Cod:150616","Soseaua Nicolina, CUG, Iasi, Iasi",53000,1205,1,44
1618,"Apartament 1 camera decomandat, rond PACURARI, Bizantique","Soseaua Rediu, Pacurari, Iasi, Iasi",53000,1205,1,44
2784,"APARTAMENT 1 CAMERA, BLOC NOU CU LIFT, DECOMANDAT","Pacurari, Iasi, Iasi",53000,1262,1,42
2814,Apartament cu doua camere .Pacurari,"Podu Ros, Iasi, Iasi",53000,1262,2,42
2968,"Apartament, 42 m²,","Agronomie, Iasi, Iasi",53000,1262,2,42
3414,"Apartament 1 camera Nicolina 42mp, CT, izolat","Podu Ros, Iasi, Iasi",53000,1262,1,42
1359,"Apartament 1 camera Pacurari , 41 metri, etaj 1 Cod:130112","Soseaua Pacurari, Pacurari, Iasi, Iasi",53000,1293,1,41
1621,"Apartament 1 camera decomandat, etaj 1, rezidential Popas Pacurari","Soseaua Pacurari, Pacurari, Iasi, Iasi",53000,1293,1,41
1808,"Apartament 1 camera decomandat , 41 mp- Pacurari!","Pacurari, Iasi, Iasi",53000,1293,1,41
2744,Finalizat!Ap o camera 41mp Parcare inclusa Capat Pacurari,"Podu Ros, Iasi, Iasi",53000,1293,1,41
2802,"Podu Ros - Nicolae Iorga, apartament 2 camere, la bulevard!","Bulevardul Tutora, Tesatura, Iasi, Iasi",53000,1293,2,41
2954,"2 camere , Zona Bucium Visan, 45 mp, et intermediar, finisaje Premium","Bucium, Iasi, Iasi",53000,1293,2,41
3056,Apartament cu 1 camera decomandat Nicolina Rond Vechi Cug,"Nicolina 2, Iasi, Iasi",53000,1293,1,41
4220,INTABULAT!Pacare inclusa!Apart 1 camera Popas Pacurari - Valea Lupului,"Pacurari, Iasi, Iasi",53000,1293,1,41
3627,"Apartament de 2 camere, 40 mp, zona Dacia","Strada Drobeta, Dacia, Iasi, Iasi",53000,1325,2,40
3913,Apartament 1 camera Decomandat! Nicolina-Rond Vechi!,"CUG, Iasi, Iasi",53000,1325,1,40
176,"Apartament cu 2 camere, semidecomandat, 42mp, Mircea cel Batran","Strada Mircea cel Batran, Mircea cel Batran, Iasi, Iasi",53000,1395,2,38
2463,Apartament 1 camera Decomandat - CUG,"Podu Ros, Iasi, Iasi",53000,1395,1,38
2039,MUTARE IMEDIATA 2 CAMERE + GRADINA BLOC NOU,"Nicolina 1, Iasi, Iasi",53000,1452,2,36.5
3327,"Apartament 1 camera, mobilat, BLOC NOU, Etaj 1, Centru - Palas","Centru, Iasi, Iasi",53000,2120,1,25
2630,Apartament 2 camere Visani-Lagom,"Bucium, Iasi, Iasi",53235,1170,2,45.5
191,"Apartament 2 camere, Open Space, 45 mp,Visan, statie, Finisaje Premium","Bucium, Iasi, Iasi",53490,1189,2,45
1098,Apartament cu 1 cameră decomandat Pacurari Rediu Bizantiq,"Pacurari, Iasi, Iasi",53500,1189,1,45
1673,APARTAMENT 1 CAMERA CUG ALEEA TUDOR NECULAI 44MP,"Aleea Tudor Neculai, CUG, Iasi, Iasi",53500,1216,1,44
2032,"Apartament cu o camera, zona Nicolina- Cug","CUG, Iasi, Iasi",53500,1216,1,44
4328,Apartament cu doua camere,"Podu Ros, Iasi, Iasi",53500,1244,2,43
2786,"APARTAMENT 1 CAMERA, DECOMANDAT, BLOC NOU, INTABULAT, MUTARE IMEDIATA","Pacurari, Iasi, Iasi",53500,1274,1,42
65,2 camere decomandat Pacurari Moara de foc 40 mp Cod:151080,"Soseaua Pacurari, Pacurari, Iasi, Iasi",53500,1338,2,40
142,2 camere decomandat Pacurari Moara de foc 40 mp la strada Cod:151080,"Soseaua Pacurari, Pacurari, Iasi, Iasi",53500,1338,2,40
235,2 camere decomandat Pacurari Moara de foc 40 mp liber Cod:151080,"Soseaua Pacurari, Pacurari, Iasi, Iasi",53500,1338,2,40
449,2 camere decomandat Pacurari Moara de foc 40 mp la strada od:151080,"Soseaua Pacurari, Pacurari, Iasi, Iasi",53500,1338,2,40
611,2 camere decomandat Pacurari Moara de foc 40 mp et. 5 Cod:151080,"Soseaua Pacurari, Pacurari, Iasi, Iasi",53500,1338,2,40
644,"Locuinta noua! Decomandata 42mp etaj 2/3 orientare est, Carrefour Era","Podu Ros, Iasi, Iasi",53500,1338,1,40
3530,"Apartament Garsoniera, 39.63 mp, Dacia","Strada Luca Arbore, Dacia, Iasi, Iasi",53500,1350,1,39.63
1679,"CAM DEC, TATARASI, TUDOR, IULIUS MALL, ETAJ 1, 42 MP,","Strada Aurel Vlaicu, Aviatiei, Iasi, Iasi",53650,1277,1,42
2070,"Apartament spatios, pret promotional, Frumoasa","Iasi, Iasi",53668,1342,1,40
15,"Apartament 2 camere, potrivit pentru investitie, loc de parcare inclus","Pacurari, Iasi, Iasi",53800,1196,2,45
19,"Ideal pentru investitie. Apartament 2 camere, loc de parcare inclus","Pacurari, Iasi, Iasi",53800,1196,2,45
29,"Pret avantajos, apartament 2 camere, loc de parcare inclus","Pacurari, Iasi, Iasi",53800,1196,2,45
566,"Apartament 2 camere, loc de parcare inclus, incalzire in pardoseala","Pacurari, Iasi, Iasi",53800,1196,2,45
1146,"Apartament 2 camere, cu incalzire in pardoseala si loc de parcare","Pacurari, Iasi, Iasi",53800,1196,2,45
3362,"Apartament 2 camere, Podu Ros, 50mp","Podu Ros, Iasi, Iasi",53900,1078,2,50
4771,"Apartament 2 camere, MOBILAT, ETAJ 3/4, fara risc, Podu Ros","Podu Ros, Iasi, Iasi",53900,1348,2,40
1802,"Apartament 2 camere, GEAM LA BAIE - Mircea cel Batran","Mircea cel Batran, Iasi, Iasi",53990,1317,2,41
3505,Podu Ros- apartament 3 camere,"Podu Ros, Iasi, Iasi",54000,871,3,62
2364,Apartament 3 Camere Semidecomandat - Tatarasi,"Podu Ros, Iasi, Iasi",54000,885,3,61
4076,Apartament decomandat cu 2 cam. Bucium Family Market,"Bucium, Iasi, Iasi",54000,1065,2,50.7
1524,"Apartament 2 camere decomandat, finalizat, Bucium","Strada Visan, Bucium, Iasi, Iasi",54000,1080,2,50
1703,"Apartament 2 camere 50mp, Mutare imediata","Stradela Petre Culianu, Pacurari, Iasi, Iasi",54000,1080,2,50
3582,Rate! Ap 2 camere D 50mp bloc nou Bucium - Family Market,"Podu Ros, Iasi, Iasi",54000,1080,2,50
4398,"2 CAM bloc nou, finalizat, parcare inclusa, mutare imediata, Bucium","Bucium, Iasi, Iasi",54000,1080,2,50
301,"Apartament nou, intabulat, in Visan, Bucium!","Bucium, Iasi, Iasi",54000,1102,2,49
1885,"NOU! INTABULAT! 2 camere, Bucium , Family Market Mall","Strada Visan, Bucium, Iasi, Iasi",54000,1174,2,46
637,"Apartament 2 camere 54000,la 5 minute de Podu Ros","Strada Visan, Bucium, Iasi, Iasi",54000,1200,2,45
1723,Apartament 1 camera 45mp - Pacurari - str Soarelui,"Soseaua Pacurari, Canta, Iasi, Iasi",54000,1200,1,45
3272,"Ap 2 cam, etaj int, mutare imediata, zona Bucium","Soseaua Bucium, Bucium, Iasi, Iasi",54000,1200,2,45
3343,"De vanzare : 2 camere, Bloc Nou, mobilat si utilat, 54 MP , 54000 euro","CUG, Iasi, Iasi",54000,1200,2,45
4859,"Apartament decomandat, intabulat, mutare imediata, Bucium Visan","Centru, Iasi, Iasi",54000,1200,2,45
3919,"De vanzare: 2 camere BLOC NOU, SD,zona Bucium Visan,44 MP, 54.000 euro","Bucium, Iasi, Iasi",54000,1227,2,44
286,"Apartament 2 camere Dacia , 42 metri, etaj 4 Cod:150734","Bulevardul Dacia, Dacia, Iasi, Iasi",54000,1286,2,42
695,Dacia - Bicaz - Apartament 2 camere - mobilat - liber,"Dacia, Iasi, Iasi",54000,1286,2,42
1563,1CD 42mp Alexandru,"Alexandru Cel Bun, Iasi, Iasi",54000,1286,1,42
1818,"Apartament 2 camere SD, 42mp - Dacia","Dacia, Iasi, Iasi",54000,1286,2,42
1862,Apartament 2 camere -zona Dacia,"Podu Ros, Iasi, Iasi",54000,1286,2,42
1865,2 Camere semidecomandate Dacia Bicaz,"Tudor Vladimirescu, Iasi, Iasi",54000,1286,2,42
1950,"Apartament 1 camera, 40 mp, DECOMANDAT, bloc 1990, Pacurari","Pacurari, Iasi, Iasi",54000,1317,1,41
2101,"Apartament 2 camere, 41mp, CUG","Aleea Tudor Neculai, CUG, Iasi, Iasi",54000,1317,2,41
1952,Vanzare apartament 1 camera decomandat - Pacurari - bloc din 1990 -,"Podu Ros, Iasi, Iasi",54000,1350,1,40
4112,"Apartament 1 camera, 40 mp, mobilat, bloc 1990, Etaj intermediar, Cug","CUG, Iasi, Iasi",54000,1350,2,40
2530,"INTABULAT,apartament nou,1 camera, decomandat,POD BUCIUM,3 km de PALAS","Bucium, Iasi, Iasi",54000,1421,1,38
4227,"Apartament 1 camera FINALIZAT, INTABULAT, accept CREDIT, Bucium","Zona Industriala, Iasi, Iasi",54000,1421,1,38
2937,"Apartament 1 camera, decomandat,finalizat, bloc nou, Tatarasi","Tatarasi Sud, Iasi, Iasi",54000,1500,1,36
1494,"Ap 2 camere, 47 mp , Open Space, et 1, Bucium Visan, Finisaje Premium","Bucium, Iasi, Iasi",54200,1153,2,47
3131,"Apartament Garsoniera, 40.15 mp, Dacia","Strada Luca Arbore, Dacia, Iasi, Iasi",54200,1350,1,40.15
788,"Apartament nou cu 2 camere , zona Bucium","Bucium, Iasi, Iasi",54280,1155,2,47
3814,"Apartament nou, 2 camere, etaj intermediar, FINALIZAT, Bucium-Visan","Bucium, Iasi, Iasi",54280,1292,2,42
1881,"Persoana fizica, ap 2 cam D, mutare imediata, zona Bucium","Soseaua Bucium, Bucium, Iasi, Iasi",54300,1155,2,47
4088,"Apartament 2 camere, Podu Ros - Cantemir, 52mp","Podu Ros, Iasi, Iasi",54500,1048,2,52
1182,"Apartament 2 camere Bucium , 50 metri, etaj 1 Cod:150838","Soseaua Bucium, Bucium, Iasi, Iasi",54500,1090,2,50
3518,"Apartament 2 camere decomandat, Bucium - Family Market","Podu Ros, Iasi, Iasi",54500,1090,2,50
1611,Apartament 2 camere,"Centru, Iasi, Iasi",54500,1112,2,49
3562,"Apartament 2 camere decomandat, 43 mp, parcare subterana URBAN GALATA","Galata, Iasi, Iasi",54500,1267,2,43
3571,"ESQ VILLAGE 3 zona Galata, model Tokyo, etajul 1 si 2, 43,5 mp utili","Podu Ros, Iasi, Iasi",54500,1267,2,43
4694,"Apartament cu 2 camere, decomandat, Alexandru cel Bun","Strada Roman Voda, Alexandru Cel Bun, Iasi, Iasi",54500,1298,2,42
252,Apartament 2 camere Tudor-Metalurgie,"Bulevardul Chimiei, Tatarasi Sud, Iasi, Iasi",54500,1363,2,40
3019,"Etaj 2! Apartament 3 camere Tatarasi, CT, fara risc","Podu Ros, Iasi, Iasi",54500,1363,3,40
4342,"Apartament 1 camera, 40mp, mobilat MODERN, bloc 1992, Dacia","Dacia, Iasi, Iasi",54500,1363,1,40
4027,"Etaj 2! Apartament 1 camera Pacurari, 38mp, imobil 2021","Podu Ros, Iasi, Iasi",54500,1434,1,38
2276,"Apartament de 2 camere, 43mp, zona Nicolina","Aleea Nicolina, Podu Ros, Iasi, Iasi",54500,1473,2,37
2714,"Ap 2 cam,Bloc Nou,Intabulat, Decomandat, et intermediar,statie , 46 mp","Bucium, Iasi, Iasi",54600,1187,2,46
3971,"Apartament nou cu 2 camere, Bucium aproape de Palas Family Market","Bucium, Iasi, Iasi",54700,1073,2,51
3813,"Apartament nou, 2 camere, etaj intermediar, 54 700 euro, Bucium-Visan","Bucium, Iasi, Iasi",54700,1216,2,45
3167,Apartament cu o camera / Tatarasi - Ciurchi,"Tatarasi Sud, Iasi, Iasi",54800,1442,1,38
4070,"Etaj 3 - Apartament 2 camere Tatarasi 55mp, CT, AC, mobilat + utilat","Podu Ros, Iasi, Iasi",54900,998,2,55
3378,"Apartament 2 camere Podu Ros, 50mp, etaj 3, fara risc","Podu Ros, Iasi, Iasi",54900,1098,2,50
4544,"Etaj 1 - Apartament 2 camere Podu Ros, 50mp, CT, fara risc","Podu Ros, Iasi, Iasi",54900,1098,2,50
4132,"Apartament 2 camere, Central, str. Masinii","Nicolina 2, Iasi, Iasi",54900,1307,2,42
4588,"Apartament 2 camere Alexandru cel Bun, intermediar","Podu Ros, Iasi, Iasi",54900,1307,2,42
3735,"Apartament 1 camera Tatarasi, CT, AC, mobilat + utilat","Podu Ros, Iasi, Iasi",54900,1408,1,39
54,"Apartament 1 camera Dacia , 38 metri, etaj 3 Cod:147167","Bulevardul Dacia, Dacia, Iasi, Iasi",54900,1445,1,38
2521,Apartament 2 camere decomandat-Tatarasi-Flora,"Tatarasi Nord, Iasi, Iasi",54900,1445,2,38
421,"Dezvoltator: Comat Towers, Ap. 1 Cam, TIP 8, 37mp, Păcurari – Dacia","Strada Sergent Grigore Ioan, Dacia, Iasi, Iasi",54900,1484,1,37
1511,"Ideal investite 1 camera,37mp, Canta -Dacia, bloc nou","Stradela Canta, Canta, Iasi, Iasi",54900,1484,1,37
1636,"Ap. 1 Cam - Dezvoltator: Comat Towers, Ap. 1 Cam, TIP 8, 37mp","Strada Sergent Grigore Ioan, Dacia, Iasi, Iasi",54900,1484,1,37
2072,"Ap. 1 Cam - Dezvoltator: Comat Towers, TIP 8, 37mp, Păcurari","Strada Sergent Grigore Ioan, Dacia, Iasi, Iasi",54900,1484,1,37
2146,"Ap. 1 Cam-Dezvoltator: Comat Towers, Ap. 1 Cam, TIP 8, 37mp, Păcurari","Strada Tabacului, Dacia, Iasi, Iasi",54900,1484,1,37
2562,"COMAT TOWERS Apartament 1 camera, bucatarie separata, Dacia Pacurari","Dacia, Iasi, Iasi",54900,1484,1,37
2686,Apartament 1 camera Bloc Nou - Comision 0 - Dacia,"Podu Ros, Iasi, Iasi",54900,1484,1,37
3376,"Cel mai nou si inovativ proiect imobiliar, in zona Dacia","Strada Luca Arbore, Canta, Iasi, Iasi",54900,1484,1,37
4147,"Proiect Deosebit, zona Dacia- Pacurari, aparament 1 camera","Strada Vitejilor, Dacia, Iasi, Iasi",54900,1484,1,37
4376,"Ap. 1 Cam - Dezvoltator: Comat Towers, TIP 8, 37mp, Păcurari – Dacia","Strada Sergent Grigore Ioan, Dacia, Iasi, Iasi",54900,1484,1,37
3739,"Apartament 1 camera, Carrefour Felicia, 35mp","Podu Ros, Iasi, Iasi",54900,1569,1,35
3513,"Etaj 2! Apartament 1 camera, Carrefour Felicia - Baza 3, 32mp","Podu Ros, Iasi, Iasi",54900,1716,1,32
1693,"Apartament 2camere, 47mp,cu gradina ,CUG Lunca Cetatuii bl nou","Fundatura Otelariei, CUG, Iasi, Iasi",54990,1170,2,47
1707,"2 camere open cu gradina 35mp, CUG L Cetatuii","Strada Otelariei, CUG, Iasi, Iasi",54990,1375,2,40
402,"Apartament nou mobilat si utilat, 1 camera decomandat, bucatarie inchi","Pacurari, Iasi, Iasi",55000,917,1,60
711,"Liber! Ap. 3 camere,60 mp,zona Tatarasi,bloc fara risc.","Tatarasi Sud, Iasi, Iasi",55000,917,3,60
3732,"2 CAM 58mp, decomandat, finisaje premium, mutare imediata, capat CUG","CUG, Iasi, Iasi",55000,948,2,58
4739,"2 cam 58mp decomandat, et 2, capat CUG","CUG, Iasi, Iasi",55000,948,2,58
3914,"2 CAM etaj 1, zona Podu Ros - Primaverii , peste drum de pasapoarte","Podu Ros, Iasi, Iasi",55000,1000,2,55
2785,"APARTAMENT 2 CAMERE, BLOC NOU, ETAJ INTERMEDIAR","Pacurari, Iasi, Iasi",55000,1038,2,53
2939,"Apartament 2 camere renovat, Podu Ros - Palas!","Bulevardul Tutora, Podu Ros, Iasi, Iasi",55000,1058,2,52
4367,Apartament cu 2 camere SemiDecomandat in Podu Ros,"Podu Ros, Iasi, Iasi",55000,1058,2,52
4409,"Apartament 2 camere decomandate Tatarasi Doi Baieti, bloc nou","Podu Ros, Iasi, Iasi",55000,1058,2,52
723,Apartament finalizat nou - 2 camere 51mp - loc de parcare inclus,"Pacurari, Iasi, Iasi",55000,1078,2,51
772,"Nicolina 2, apartament 2 camere decomandat, geam la baie!","Nicolina 2, Iasi, Iasi",55000,1078,2,51
2331,"Etaj 1! Apartament 2 camere, Podu Ros, 50mp","Podu Ros, Iasi, Iasi",55000,1100,2,50
2485,"Imobil 2 camere 50mp, Centru - Stefan cel Mare","Podu Ros, Iasi, Iasi",55000,1100,2,50
3282,"Ap 2 cam, 50 mp, ideal investitie, zona Bucium","Bucium, Iasi, Iasi",55000,1100,2,50
3658,"Apartament nou, 2 camere, decomandat, mutare imediata, Bucium-Visan","Bucium, Iasi, Iasi",55000,1100,2,50
3994,"Apartament 2 camere, Alexandru cel Bun, 50mp, CT, AC, termoizolat","Podu Ros, Iasi, Iasi",55000,1100,2,50
4172,"Apartament 2 camere, 50Mp Bucium - Visani","Strada Visan, Bucium, Iasi, Iasi",55000,1100,1,50
4229,"Apartament 2 camere, Podu Ros, 50mp, fara risc!","Podu Ros, Iasi, Iasi",55000,1100,2,50
2385,OCAZIE !! TUDOR VLADIMIRESCU la bulevard Ap 2C-49 mp- ET 1/4 55000 €,"Podu Ros, Iasi, Iasi",55000,1122,2,49
4589,"Apartament 2 cam, decomandat de vanzare in zona Bucium Bellaria, comis","Soseaua Bucium, Zona Industriala, Iasi, Iasi",55000,1122,2,49
21,Doua minute de Moara de foc - 3 camere mobilat si utilat complet,"Pacurari, Iasi, Iasi",55000,1146,3,48
48,"Rediu - 2 camere , imobil cu doar 3 vecini aproape de Pacurari","Pacurari, Iasi, Iasi",55000,1146,2,48
1445,"Apartament 2 camere Cug , 48 metri, etaj 1 Cod:147149","Soseaua Nicolina, CUG, Iasi, Iasi",55000,1146,2,48
1689,"Apartament 2 camere decomandat, CUG - L Cetatuii","Fundatura Otelariei, CUG, Iasi, Iasi",55000,1146,2,48
2569,"Apartament nou cu 2 camere , zona Capat Cug","CUG, Iasi, Iasi",55000,1146,2,48
8,"Persoana fizica , vând apartament 2 camere la vila","Tatarasi Nord, Iasi, Iasi",55000,1170,2,47
1692,"Liber 2 camere decomandat ,parcare ,CUG bl nou","Fundatura Otelariei, CUG, Iasi, Iasi",55000,1170,2,47
2318,Finalizat!Ap 2 camere D Loc parcare zona CUG- Lunca Cetatuii,"Podu Ros, Iasi, Iasi",55000,1170,2,47
2449,Persoana fizica vând apartamente 2 camere D,"Centru, Iasi, Iasi",55000,1196,2,46
2568,"Apartament nou cu 2 camere plus gradina , zona Capat Cug","CUG, Iasi, Iasi",55000,1196,2,46
3100,Apartament 2 Camere Decomandat 46mp,"Podu Ros, Iasi, Iasi",55000,1196,2,46
4447,"Apartament 2 camere, 45mp, etaj intermediar, parcare, Bucium-Visan","Bucium, Iasi, Iasi",55000,1222,2,45
4594,"Bucium, Soseaua Principala, 2 camere, Bloc Nou","Soseaua Bucium, Bucium, Iasi, Iasi",55000,1222,2,45
930,"Apartament 2 camere Bularga , 44 metri, etaj 4 Cod:150765","Strada Bularga, Tesatura, Iasi, Iasi",55000,1250,2,44
3832,"De vanzare: 2 camere ,bloc nou,SD, zona Capat Cug, 43 MP, 55.000 euro","CUG, Iasi, Iasi",55000,1279,2,43
614,"Apartament 1 camera Pacurari , 42 metri, etaj parter Cod:147078","Soseaua Pacurari, Pacurari, Iasi, Iasi",55000,1310,1,42
949,"1 cam Pacurari- Eos,42 mp,parter cu balcon,parcare intabulata :147078","Soseaua Pacurari, Pacurari, Iasi, Iasi",55000,1310,1,42
1559,"Apartament 1 camera decomandat, bloc nou rezidential PACURARI","Soseaua Rediu, Pacurari, Iasi, Iasi",55000,1310,1,42
1711,Apartament 1 camera - Pacurari (spate Kaufland),"Soseaua Rediu, Pacurari, Iasi, Iasi",55000,1310,1,42
1898,"Apartament 2 camere, semidecomandat, de vânzare, zona Dacia","Bulevardul Dacia, Dacia, Iasi, Iasi",55000,1310,2,42
2978,"Apartament cu 1 camera de vanzare, Bulevard - zona CUG, etaj intermedi","Soseaua Nicolina, CUG, Iasi, Iasi",55000,1310,1,42
3265,"Ap 1 cam D, mutare imediata, acte la zi, Pacurari","Soseaua Pacurari, Pacurari, Iasi, Iasi",55000,1310,1,42
4006,"Apartament 1 camera capat Pacurari - intrare Rediu, decomandat,parcare","Pacurari, Iasi, Iasi",55000,1310,1,42
4238,"Apartament 1 camera capat Pacurari - intrare Rediu, 42mp! Comision 0%!","Pacurari, Iasi, Iasi",55000,1310,1,42
4309,"Comision 0%! Apartament 1 camera capat Pacurari - intrare Rediu, 42mp!","Pacurari, Iasi, Iasi",55000,1310,1,42
4480,Comision 0%! Apartament 1 camera intabulat Pacurari - intrare Rediu!,"Pacurari, Iasi, Iasi",55000,1310,1,42
4627,Finalizat! Ap 1 camera D 42mp Parcare inclusa zona Pacurari Capat,"Podu Ros, Iasi, Iasi",55000,1310,1,42
307,Apartament 2 camere Bularga -Baza 3,"Centru, Iasi, Iasi",55000,1341,2,41
1117,APARTAMENT COPOU SARARIE VIZAVI DE FACULTATEA DE ARTE 0% COMISION,"Strada Sararie, Copou, Iasi, Iasi",55000,1341,1,41
2803,"Podu Ros - Nicolae Iorga, apartament 2 camere, bloc fara risc!","Bulevardul Tutora, Tesatura, Iasi, Iasi",55000,1341,2,41
3780,"Apartament 1 cam, decomandat de vanzare in zona Copou Sararie","Strada Sararie, Copou, Iasi, Iasi",55000,1341,1,41
651,Podu Ros- 2 camere decomandat- fara risc seismic,"Podu Ros, Iasi, Iasi",55000,1375,2,40
724,Tatarasi-Dispecer-2 Camere bloc fara risc-la bulevard,"Strada Tatarasi, Tatarasi Sud, Iasi, Iasi",55000,1375,2,40
2451,"Etaj 2! Apartament 1 camera, Nicolina, 40mp, CT","Podu Ros, Iasi, Iasi",55000,1375,1,40
2480,Apartament 1Cam Decomandat CUG Etaj Intermediar 40MP Liber,"CUG, Iasi, Iasi",55000,1375,1,40
2755,"Apartament 1 cam, decomandat de vanzare in zona Bucium - Hanul Trei Sa","Soseaua Bucium, Bucium, Iasi, Iasi",55000,1375,1,40
2765,Apartament 2 SD. Lidl Dacia. parter. 55000 neg,"Strada Amurgului, Dacia, Iasi, Iasi",55000,1375,2,40
3522,"Apartament 2 camere semidecomandat , Podu Ros - Podu de Piatra","Podu Ros, Iasi, Iasi",55000,1375,2,40
197,"Apartament 1 camera, CUG, etaj 2/8, 39mp!","CUG, Iasi, Iasi",55000,1410,1,39
221,"Apartament 1 camera decomandat, etaj 2, CUG, liber","CUG, Iasi, Iasi",55000,1410,1,39
948,"Apartament 1 camera Tatarasi , 39 metri, etaj 4 Cod:149959","Strada Tatarasi, Tatarasi Nord, Iasi, Iasi",55000,1410,1,39
2544,Apartament 1 Camera Decomandat Nicolina - Cug,"Soseaua Nicolina, CUG, Iasi, Iasi",55000,1410,1,39
3746,"Investitie garantata, ideeal pt inchiriere","Podu Ros, Iasi, Iasi",55000,1410,1,39
698,Alexandru - Biserica Sf.Nectarie - 2 camere - etaj intermediar-mobilat,"Alexandru Cel Bun, Iasi, Iasi",55000,1447,2,38
3219,Apartament 2 camere Alexandru cel bun. 8 din 10. Orientare superba.,"Piata Voievozilor, Alexandru Cel Bun, Iasi, Iasi",55000,1447,2,38
4557,"Apartament 2 camere, renovat, mobilat si utilat, Tatarasi Dispecer","Tatarasi Nord, Iasi, Iasi",55000,1447,2,38
370,"Apartament cu 2 camere, decomandat, zona Tatarasi, proiect nou","Strada Aurel Vlaicu, Aviatiei, Iasi, Iasi",55000,1486,2,37
1363,Apartament 2 camere Tatarasi Ciric (Propietar),"Centru, Iasi, Iasi",55000,1486,2,37
3740,"Apartament cu o camera, zona Gara, Pasaj Octav Bancila","Gara, Iasi, Iasi",55000,1486,1,37
211,Pf . Ap 1 camera bucium complex cataleya rezidence,"Bucium, Iasi, Iasi",55000,1528,1,36
4154,"Apartament 1 camera Centru - Podu de Fier, 36mp","Podu Ros, Iasi, Iasi",55000,1528,1,36
2876,Apartament 1 camera Podul de Fier,"Podu de Fier, Iasi, Iasi",55000,1571,1,35
1760,"Garsoniera de 43.4 mp, etaj intermediar, zona Bucium","Strada Constantin Pop, Bucium, Iasi, Iasi",55000,1618,1,34
709,Apartament nou - 1 camera+loc de parcare inclus in pret,"Galata, Iasi, Iasi",55045,1311,1,42
851,"Apartament cu o camera , zona Galata","Mircea cel Batran, Iasi, Iasi",55045,1311,1,42
1288,Apartament 1CD Belvedere-Nicolina-Platoul Insorit inspre Miroslava,"Centru, Iasi, Iasi",55045,1311,2,42
3676,"Pret Promotional, Proiect NOU - Tatarasi 2 camere","Tatarasi Sud, Iasi, Iasi",55350,1350,2,41
4205,"Proiect imobiliar, locuinte inteligente, la 2.8km fata de Palas","Soseaua Bucium, Manta Rosie, Iasi, Iasi",55350,1350,1,41
4207,"Pret PROMOTIONAL, Ap 2Cam openspace, Bld. Poitiers","Soseaua Bucium, Bularga, Iasi, Iasi",55350,1350,2,41
1936,Apartament. Str. Cerna. Parter-Inalt. balcon extins,"Strada Anton Crihan, Mircea cel Batran, Iasi, Iasi",55400,1179,2,47
4113,"Apartament 1 camera, 41 mp, DECOMANDAT, etaj 6/9, bloc 86, Nicolina","Nicolina 1, Iasi, Iasi",55500,1354,1,41
2366,Apartament 2 camere cu scara interioara,"Bucium, Iasi, Iasi",55500,1388,2,40
4829,OFERTA! INVESTITIE apt. mobilat o camera bloc NOU,"Centru, Iasi, Iasi",55500,1423,1,39
3716,"Apartament cu o camera Bularga Baza III, complet mobilat și utilat","Bularga, Iasi, Iasi",55500,1586,1,35
4784,"Apartament 1 camera, Billa - Gara, 35mp, CT, model decomandat","Podu Ros, Iasi, Iasi",55500,1586,1,35
512,RATE DEZVOLTATOR-50% avans- rate pe 5 ani! Apartament 2 camere CUG,"CUG, Iasi, Iasi",55620,1159,2,48
798,RATE DEZVOLTATOR-50% avans- rate pe 5 ani! Apartament 2 camere 55620Eu,"CUG, Iasi, Iasi",55620,1159,2,48
2264,"Tatarasi, apartament potrivit pentru investitii","Tatarasi Sud, Iasi, Iasi",55714,1359,1,41
2595,"Apartament in cartier inedit, 1 camera, Frumoasa, Iasi","Frumoasa, Iasi, Iasi",55809,1431,1,39
2948,"Apartament, 1 camere, decomandat, ideal investitie, Frumoasa","Bularga, Iasi, Iasi",55825,1450,1,38.5
4498,"Apartament premium cu sistem smart home, 1 camera, 38.5 mp intr-un...","Bulevardul Poitiers, Frumoasa, Iasi, Iasi",55825,1450,1,38.5
3492,"Etaj 1! Apartament 3 camere, Mircea Cel Batran, 52mp","Podu Ros, Iasi, Iasi",55900,1075,3,52
213,Apartament cu 2 camere decomandat - Canta - Pacurari,"Pacurari, Iasi, Iasi",55900,1165,2,48
2411,"Apartament 1 camera, 44mp, DECOMANDAT, mobilat, BLOC NOU,Tudor Neculai","CUG, Iasi, Iasi",55900,1270,1,44
57,"Apartament 2 camere, rond Zimbru, Alexandru cel Bun","Centru, Iasi, Iasi",55900,1331,2,42
764,"Apartament 2 camere, intersectie Zimbru, Alexandru cel Bun","Centru, Iasi, Iasi",55900,1331,2,42
927,"Apartament 2 camere, 42 mp, intersectie Zimbru, Alexandru cel Bun","Centru, Iasi, Iasi",55900,1331,2,42
2270,"1 CAMERA, decomandat, 45mp, incalzirea pardoseala, parcare proprie","CUG, Iasi, Iasi",55950,1243,1,45
2349,"1 CAM decomandat, 45mp, incalzire pardoseala, AC, parcare, cartier CUG","CUG, Iasi, Iasi",55950,1243,1,45
3136,"Apartament 2 camere, 38.61 mp, zona exclusivista Tatarasi Sud","Strada Ciurchi, Tatarasi Sud, Iasi, Iasi",55985,1450,2,38.61
2824,"Tatarasi-v.a.v de Oancea,ap.3 camere decomandat,mobilat si utilat.","Tatarasi Sud, Iasi, Iasi",56000,933,3,60
4605,"Tatarasi Doi Baieti, apartament 3 camere decomandat!","Strada Ciurchi, Tatarasi Sud, Iasi, Iasi",56000,966,3,58
2927,Etaj 1. 3 camere SD. Mircea cel Batran. 56000 Euro neg,"Strada Mircea cel Batran, Mircea cel Batran, Iasi, Iasi",56000,1018,3,55
116,"PRET PROMOTIONAL!!! apartament nou, 2 camere, decomandat, Bucium","Bucium, Iasi, Iasi",56000,1057,2,53
3589,Comision 0%! FINALIZAT! Apartament 2 camere 53mp Valea Lupului+PARCARE,"Pacurari, Iasi, Iasi",56000,1057,2,53
4460,2 camere Tudor Center,"Podu Ros, Iasi, Iasi",56000,1057,2,53
4719,Comision 0%! FINALIZAT!Apartament 2 camere 53mp Valea Lupului Pacurari,"Pacurari, Iasi, Iasi",56000,1057,2,53
1248,APARTAMENT 2 CAMERE SD TATARASI TUDOR CENTER 56000 EURO,"Strada Ciurchi, Tatarasi Sud, Iasi, Iasi",56000,1077,2,52
4484,"Apartament 2 camere Open Space, 52,5mp, Platou Galata","Strada Strugurilor, Nicolina 1, Iasi, Iasi",56000,1077,2,52
1558,"Apartament 2 camere - etaj 1 intermediar, rezidential Valea Lupului","Soseaua Pacurari, Pacurari, Iasi, Iasi",56000,1120,2,50
2844,"Apartament cu 3 camere, semidecomandat, et 1\/4, Mircea cel Batran","Mircea cel Batran, Iasi, Iasi",56000,1120,3,50
3333,"Apartament 2 camere, Tudor Vladimirescu, 50mp, CT, AC","Podu Ros, Iasi, Iasi",56000,1120,2,50
383,2 camere decomandat conf.1 Canta Profi bloc 1980 Cod:149901,"Strada Canta, Canta, Iasi, Iasi",56000,1167,2,48
878,2 camere decomandat conf.1 Canta bloc 1980 Cod:149901,"Strada Canta, Canta, Iasi, Iasi",56000,1167,2,48
938,Apartament 2 Camere - Etaj 4 - Canta,"Centru, Iasi, Iasi",56000,1167,2,48
1433,"Apartament 2 camere Canta , 48 metri, etaj 4 Cod:149901","Strada Canta, Canta, Iasi, Iasi",56000,1167,2,48
1488,Apartament Canta. 2 camere Decomandat. 56 000 Euro,"Strada Sergent Grigore Ioan, Dacia, Iasi, Iasi",56000,1167,2,48
2434,"Apartament 2 camere Canta, 48mp, CT, mobilat + utilat","Podu Ros, Iasi, Iasi",56000,1167,2,48
143,"2 cam. SD,46 mp,Baza 3 la o statie de Podu Ros si Tudor,renovat 150743","Strada Bularga, Tesatura, Iasi, Iasi",56000,1217,2,46
686,"Apartament 2 camere Bularga , 46 metri, etaj 4 Cod:150743","Strada Bularga, Tesatura, Iasi, Iasi",56000,1217,2,46
1274,"2 camere renovat Liceul Energetic,46 mp, etaj 4,accepta P.C Cod:150743","Strada Bularga, Tesatura, Iasi, Iasi",56000,1217,2,46
2373,Apartament cu 2 camere de vanzare in Tudor Vladimirescu,"Tudor Vladimirescu, Iasi, Iasi",56000,1217,2,46
1056,"Ap.2 cam SD,45 mp,Mircea Cel Batran","Mircea cel Batran, Iasi, Iasi",56000,1244,2,45
1833,"Apartament 45mp, Moara de Vant, Iasi","Strada Mironescu, Moara de Vant, Iasi, Iasi",56000,1244,1,45
4878,"OCAZIE!APART 2cam,45 mp in Iasi-Plopii Fara Sot-Bucium,la strada princ","Podu Ros, Iasi, Iasi",56000,1244,2,45
85,"Apartament 2 camere Baza 3 , 43 metri, etaj 4 Cod:150731","Strada Islaz, Baza 3, Iasi, Iasi",56000,1302,2,43
226,"Apartament 2 camere Bularga , 43 metri, etaj 4 Cod:150736","Podu Ros, Iasi, Iasi",56000,1302,2,43
640,"Apartament 2 camere Podu Ros , 43 metri, etaj 4 Cod:150736","Podu Ros, Iasi, Iasi",56000,1302,2,43
344,"Apartament cu 2 camere, etajul 1\/4, 42mp, semidecomandat, Pacurari-C","Soseaua Pacurari, Canta, Iasi, Iasi",56000,1333,2,42
2272,Apartament 2 camere zona bularga,"Centru, Iasi, Iasi",56000,1333,2,42
2347,Comision 0% Apartament 2 camere open-space,"Bucium, Iasi, Iasi",56000,1333,2,42
2722,"Apartament 2 camere, INTABULAT, Open Space Bloc Nou, zona Bucium, 42mp","Bucium, Iasi, Iasi",56000,1333,2,42
4343,"Apartament nou de vanzare in Iasi, zona Canta","Strada Rampei, Dacia, Iasi, Iasi",56000,1366,1,41
4069,Bloc NOU- Apartament 1 camera- finalizat- Popas Pacurari,"Podu Ros, Iasi, Iasi",56000,1390,1,40.3
172,Apartament 2 camere de vanzare C.U.G - Valea Adanca,"Podu Ros, Iasi, Iasi",56000,1400,2,40
727,Alexandru - Miron Costin - 2 camere - mobilat - etaj intermediar,"Alexandru Cel Bun, Iasi, Iasi",56000,1474,2,38
3653,"Apartament 1 camera, decomandat, de vanzare, Dacia, bloc nou","Strada Tabacului, Dacia, Iasi, Iasi",56000,1514,1,37
4652,"Tatarasi Oancea Apartament 1 camera , BLOC NOU","Tatarasi Sud, Iasi, Iasi",56000,1556,1,36
705,Apartament cu o camera decomandat -- ETAJ 1 -- NICOLINA 1,"Nicolina 1, Iasi, Iasi",56000,1600,1,35
1889,Vând apartament 2 camere sd,"Podu Ros, Iasi, Iasi",56000,1647,2,34
1042,Apartament 1 camera de vanzare Podu Ros - Gara Internationala!,"Bulevardul Nicolae Iorga, Galata, Iasi, Iasi",56000,1806,1,31
3446,"Apartament 2 camere,53 mp,decomandat,INTABULAT,finalizat, Bucium-Visan","Bucium, Iasi, Iasi",56200,1060,2,53
2057,Veneția Residence - dezvoltator - Start Vânzări blocul 2 - Tatarasi,"Tatarasi Nord, Iasi, Iasi",56350,1281,1,44
2403,Veneția Residence 2 dezvoltator - prețuri > 56350 euro 2 c open-space,"Tatarasi Nord, Iasi, Iasi",56355,1281,2,44
2583,"Tatarasi - 2 Baieti, apartamente clasice 1 camera, Proiect Nou!","Strada Aurel Vlaicu, Aviatiei, Iasi, Iasi",56380,1226,1,46
1788,Apartament 1 camera Decomandat - C.U.G - 1990,"Podu Ros, Iasi, Iasi",56400,1446,1,39
2540,Apartament 1 camere -CUG,"Podu Ros, Iasi, Iasi",56400,1446,1,39
223,"Apartament 1 camera Cug , 37 metri, etaj 2 Cod:149961","Soseaua Nicolina, CUG, Iasi, Iasi",56400,1524,1,37
847,"Apartament 2 camere, etaj 2 Podu ros","Centru, Iasi, Iasi",56500,1130,2,50
1838,Vanzare apartament 3 camere -Mircea cel Batran,"Podu Ros, Iasi, Iasi",56500,1130,3,50
1962,"Iulius Mall Gradinari, apartament 2 camere decomandat 1980","Podu Ros, Iasi, Iasi",56500,1130,2,50
1963,"Iulius Mall-Gradinari, 2 camere decomandat, la strada","Podu Ros, Iasi, Iasi",56500,1130,2,50
2156,"Iulius Mall-Gradinari, 2 camere decomandat, 50mp","Podu Ros, Iasi, Iasi",56500,1130,2,50
4079,"FINALIZAT! INTABULAT! Apart 2 camere, 47 mp,decomandat, Bucium - Visan","Bucium, Iasi, Iasi",56500,1202,2,47
4453,"FINALIZAT! INTABULAT! Apartament 2 camere, 47 mp, decomandat, Bucium","Bucium, Iasi, Iasi",56500,1202,2,47
381,"Apartament 2 camere Tatarasi , 46 metri, etaj 6 Cod:151114","Strada Tatarasi, Tatarasi Nord, Iasi, Iasi",56500,1228,2,46
891,Apartament 2 camere Baza 3 vis a vis de Silk District Cod:150788,"Strada Islaz, Baza 3, Iasi, Iasi",56500,1228,2,46
1298,"Ap 2 camere decomandat, etaj 1, loc de parcare inclus","Podu Ros, Iasi, Iasi",56500,1228,2,46
1340,"Apartament 2 camere liber , zona Baza 3 Cod:150788","Strada Islaz, Baza 3, Iasi, Iasi",56500,1228,2,46
1236,"Apartament 2 camere Baza 3 , 43 metri, etaj 4 Cod:150731","Strada Islaz, Baza 3, Iasi, Iasi",56500,1314,2,43
679,1 camera decomandat -- etaj 2 -- PROVIDENTA/CUG,"CUG, Iasi, Iasi",56500,1345,1,42
1904,Apartament 2 camere. Modern. Parter. .Zona olimp,"Strada Basarabi, Alexandru Cel Bun, Iasi, Iasi",56500,1345,2,42
2702,"Apartament 1 camera, 40 mp, BLOC NOU, ETAJ 2, Nicolina - Cug","CUG, Iasi, Iasi",56500,1413,1,40
3384,"Apartament 1 camera, DECOMANDAT, 40 mp, BLOC NOU, Tatarasi","Tatarasi Nord, Iasi, Iasi",56500,1413,1,40
123,AP. 1 CAMERA+GRADINA POPAS PACURARI,"Uzinei, Iasi, Iasi",56500,1499,1,37.7
371,"Proiect nou direct de la dezvoltator, apartament cu o camera, decomand","Strada Aurel Vlaicu, Aviatiei, Iasi, Iasi",56500,1527,1,37
2507,"Nicolina CUG - apartament cu 1 camera, ready to move!","Soseaua Nicolina, CUG, Iasi, Iasi",56500,1569,1,36
4466,"COPOU! Apartament 2 camere, mobilat, fara risc, Copou Universitate","Copou, Iasi, Iasi",56500,1712,2,33
1430,"Ap. 2 cam renovat Liceul Energetic-Baza 3,ideal pt. Prima Casa:150840","Strada Vasile Lupu, Tatarasi Sud, Iasi, Iasi",56800,1235,2,46
813,"Apartament 2 camere, 50 mp, fara risc, Podu Ros","Podu Ros, Iasi, Iasi",56900,1138,2,50
2445,"Etaj 1! Apartament 2 camere, Tudor Vladimirescu, 49mp, CT","Podu Ros, Iasi, Iasi",56900,1161,2,49
1586,"Unic în Iași - apartament nou cu 2 camere la preț de una, Veneția","Tatarasi Nord, Iasi, Iasi",56900,1323,2,43
2044,Apartament 2 camere modern Pta voievozilor,"Strada Musatini, Alexandru Cel Bun, Iasi, Iasi",56900,1323,2,43
167,Ap 1 camera D Mobilat/Utilat Parcare+Terasa zona Capat Pacurari,"Podu Ros, Iasi, Iasi",56900,1388,1,41
2172,"Garsoniera, 39.80mp , etaj intermediar, zona Frumoasa","Strada Diminetii, Frumoasa, Iasi, Iasi",56982,1432,1,39.8
2284,Apartament 3 Camere Decomandat - Tatarasi,"Podu Ros, Iasi, Iasi",57000,950,3,60
3080,Apartament 3 camere decomandat Tatarasi,"Tatarasi Sud, Iasi, Iasi",57000,950,3,60
1282,Apartament cu 2 camere decomandat Nicolina prima stație din Podul Ros,"Tatarasi Sud, Iasi, Iasi",57000,983,2,58
3372,"Apartament 2 camere, DECOMANDAT, 57 mp, etaj 5/10, Alexandru","Alexandru Cel Bun, Iasi, Iasi",57000,1000,2,57
1834,Apartament 2 camere - Tatarasi - Bloc nou,"Aviatiei, Iasi, Iasi",57000,1018,2,56
4390,"Apartament 2 camere Tatarasi, 56mp, CT, mobilat+utilat","Podu Ros, Iasi, Iasi",57000,1018,2,56
4837,"Apartament cu 2 camere, 56mp, bloc din 2012, Tatarasi","Strada Aeroportului, Aviatiei, Iasi, Iasi",57000,1018,2,56
2835,Apartament 2 camere Decomandat - Cug - Nicolina - Bloc Nou - Mutare,"Podu Ros, Iasi, Iasi",57000,1036,2,55
3630,"Apartament de 2 camere, 55,74 mp utili, zona Tătărași","Podu Ros, Iasi, Iasi",57000,1036,2,55
3759,"Etaj 3! Apartament 2 camere, Podu Ros, 55mp, CT","Podu Ros, Iasi, Iasi",57000,1036,2,55
195,"Apartament 2 camere Bucium , 54 metri, etaj 1 Cod:140598","Soseaua Bucium, Bucium, Iasi, Iasi",57000,1056,2,54
604,"Apartament 2 camere Podu Ros , 50 metri, etaj 2 Cod:151065","Podu Ros, Iasi, Iasi",57000,1140,2,50
1502,Apartament 2 camere - Tudor Vladimirescu - Iulius Mall,"Podu Ros, Iasi, Iasi",57000,1140,2,50
1799,"Apartament 2 camere, 50 mp - zona Dacia - Zimbru","Dacia, Iasi, Iasi",57000,1140,2,50
3614,"Apartament de 2 camere, 50 mp, zona Zimbru","Strada Plaiesilor, Alexandru Cel Bun, Iasi, Iasi",57000,1140,2,50
4416,Apartament cu 2 camere SemiDecomandat la bulevard,"Podu Ros, Iasi, Iasi",57000,1140,2,50
779,"Apartament 2 camere Bucium , 48 metri, etaj 1 Cod:140598","Soseaua Bucium, Bucium, Iasi, Iasi",57000,1188,2,48
2859,partament 2 camere de vanzare Cantemir,"Podu Ros, Iasi, Iasi",57000,1188,2,48
2920,Apartament decomandat Nicolina-Cug parter,"Podu Ros, Iasi, Iasi",57000,1188,2,48
2961,"2 camere decomandat, Nicolina-Cug","CUG, Iasi, Iasi",57000,1188,2,48
3029,"Apartament 2 camere, model decomandat, mutare imediata/ 52.000 euro","CUG, Iasi, Iasi",57000,1188,2,48
3039,Bloc nou intabulat! Model decomandat cu 2 camere,"Podu Ros, Iasi, Iasi",57000,1188,2,48
2062,"Apartament 3 camere,etajul 1,Mircea cel Batran ,fara risc","Mircea cel Batran, Iasi, Iasi",57000,1213,3,47
132,"Apartament 1 camera Pacurari , 46 metri, etaj 1 Cod:147185","Soseaua Pacurari, Pacurari, Iasi, Iasi",57000,1239,1,46
459,Vand Apartament Moara de Vant,"Copou, Iasi, Iasi",57000,1239,2,46
1722,"Apartament 2 camere, etaj1, B-dul Tudor Vladimirescu, 57.000 euro","Bulevardul Tudor Vladimirescu, Tudor Vladimirescu, Iasi, Iasi",57000,1239,2,46
1908,"Ap 2 camere, BLOC NOU , zona Bucium , 46 mp, statie, et 1, PREMIUM","Bucium, Iasi, Iasi",57000,1239,2,46
2158,Podu Ros-apartament cu 2 camere,"Podu Ros, Iasi, Iasi",57000,1239,2,46
623,Apartament 2 camere mobilate de vanzare Iasi zona Pd Ros,"Podu Ros, Iasi, Iasi",57000,1295,2,44
4234,Apartament premium cu 1 camera pentru familii fericite!,"Pacurari, Iasi, Iasi",57000,1306,1,43.65
1058,"Apartament 2 camere Baza 3 , 43 metri, etaj 4 Cod:150840","Strada Islaz, Baza 3, Iasi, Iasi",57000,1326,2,43
1064,"Apartament 2 camere Baza 3 , 43 metri, etaj 4 Cod:150736","Podu Ros, Iasi, Iasi",57000,1326,2,43
1852,"Apartament 2 camere, Tatarasi","Centru, Iasi, Iasi",57000,1326,2,43
1787,"Apartament 2 camere, SD, GEAM LA BAIE - zona Alexandru cel Bun","Alexandru Cel Bun, Iasi, Iasi",57000,1357,2,42
2460,"Apartament cu 2 camere, semidecomandat, 45mp, Canta","Strada Canta, Canta, Iasi, Iasi",57000,1357,2,42
1232,Apartament 1 camera decomandat Moara de foc Pacurari Lidl,"Centru, Iasi, Iasi",57000,1425,1,40
1965,"Apartament cu 2 camere, nedecomandat, Renovat, Alexandru cel Bun","Aleea Basarabi, Alexandru Cel Bun, Iasi, Iasi",57000,1425,2,40
2059,"Apartament cu o camera, 40mp, situat in Complexul Atrium Garden","Pacurari, Iasi, Iasi",57000,1425,1,40
594,INVESTITIE!!! Mobilat+chiriasi bloc nou apt. 1 camera,"Centru, Iasi, Iasi",57000,1462,1,39
1827,"Oportunitate de investitie Apartament cu o camera, Atrium Garden","Pacurari, Iasi, Iasi",57000,1462,1,39
4074,Apartament cu 1 camera finalizat Pacurari Alpha Bank Munca Invalizilor,"Centru, Iasi, Iasi",57000,1541,1,37
1877,"Apartament nou, 1 camera, FINALIZAT, etaj 3, 57 000 euro, Tatarasi","Tatarasi Sud, Iasi, Iasi",57000,1583,1,36
1985,"Proiect nou, apartamente 1 camera decomandat, Plata si in RATE!","Bulevardul Poitiers, Frumoasa, Iasi, Iasi",57050,1426,1,40
492,"Apartament cu 1 cameră, 48.10 mp","Strada Diminetii, Frumoasa, Iasi, Iasi",57053,1432,1,39.85
1070,"Apartament 1 camera Nicolina , 40 metri, etaj 1 Cod:149903","Bulevardul Poitiers, Frumoasa, Iasi, Iasi",57125,1428,1,40
1446,"La cheie! Statie Ctp la 200m! Intermediar, mobilat si utilat+parcare","Podu Ros, Iasi, Iasi",57200,1217,2,47
1858,"Persoana fizica, ap 1 cam D, ideal investitie, capat Pacurari","Pacurari, Iasi, Iasi",57200,1300,1,44
3134,"Apartament 2 camere, 42.41 mp, Dacia","Strada Luca Arbore, Dacia, Iasi, Iasi",57250,1350,2,42.41
360,"Proiect Nou Tatarasi, 1 camera 41 Mp, model decomandat direct de la de","Strada Aurel Vlaicu, Aviatiei, Iasi, Iasi",57400,1400,1,41
1269,"Apartament 1 camera Pacurari , 37 metri, etaj 2 Cod:145008","Soseaua Pacurari, Pacurari, Iasi, Iasi",57400,1551,1,37
719,Etaj 1- Podu Ros- 3 camere Decomandat,"Podu Ros, Iasi, Iasi",57500,1009,1,57
645,Apartament 2 camere Decomandat - Cug - Nicolina - Bloc Nou - Mutare,"Podu Ros, Iasi, Iasi",57500,1045,2,55
4397,"Apartament 2 camere, Podu Ros, 52mp, CT, termoizolat, fara risc","Podu Ros, Iasi, Iasi",57500,1106,2,52
3752,"Apartament 2 camere,Bloc Nou,Dec, zona Bucium Visan, Intabulat, 55 mp","Bucium, Iasi, Iasi",57500,1173,2,49
2572,Finalizat! Apartament 2 camere D Bloc nou zona Bucium- Family Market,"Podu Ros, Iasi, Iasi",57500,1198,2,48
3511,"Apartament cu 2 camere,decomandat,Expo Mobila","CUG, Iasi, Iasi",57500,1241,2,46.35
1953,"Tatarasi , bloc nou , apartament cu o camera mobilat/nemobilat","Tatarasi Sud, Iasi, Iasi",57500,1369,1,42
1961,"Apartament cu o camera , mobilat complet , Tatarasi bloc nou","Tatarasi Nord, Iasi, Iasi",57500,1402,1,41
2254,"Tatarasi - Ap 1 camera mobilat , bloc nou - 0 comision","Tatarasi Sud, Iasi, Iasi",57500,1474,1,39
2143,Oferta promotionala! Investitie ! Apartament cu 1 camera Tatarasi,"Tatarasi Nord, Iasi, Iasi",57500,1643,1,35
870,"ADAMANT ECLYPSE, 1 camera, TIP 1A, 44.3mp","Strada Hlincea, CUG, Iasi, Iasi",57590,1528,1,37.7
1747,"ADAMANT ECLYPSE, 1 camera decomandat, TIP 1A, 44.3mp","Strada Hlincea, CUG, Iasi, Iasi",57590,1528,1,37.7
3761,"FINALIZAT, apartament nou, 2 camere, dec. POD BUCIUM, 3 km de PALAS","Bucium, Iasi, Iasi",57600,1200,2,48
4119,"FINALIZAT, 2 camere, decomandat, 57 600 euro, Pepinierii","CUG, Iasi, Iasi",57600,1200,2,48
4505,INTABULAT - accept CREDIT Apartament 2 camere decomandat,"Bularga, Iasi, Iasi",57600,1200,2,48
2303,"Ap 1 Camera,Bloc Nou,Finisaje Premium,Tudor Neculai,Decomandat, 42 mp","Podu Ros, Iasi, Iasi",57800,1584,1,36.5
2826,"Apartament de 42 mp, decomandat, la etajul 2 in zona CUG, fara comisio","Aleea Tudor Neculai, CUG, Iasi, Iasi",57888,1608,1,36
2418,"Apartament 2 Camere SD, et 1, 49 m² ** TATARASI - Tudor Center 57900","Podu Ros, Iasi, Iasi",57900,1182,2,49
3711,"OFERTA - Apartament 2 camere, decomandat, Podul de Piatra","Uzinei, Iasi, Iasi",57900,1232,2,47
500,"Apartament 2 camere Bucium , 44 metri, etaj parter Cod:147872","Soseaua Bucium, Bucium, Iasi, Iasi",57900,1316,2,44
467,"persoana fizica vand ap. 1 camera bloc 1990, Nicolina- prima statie","Centru, Iasi, Iasi",57900,1347,1,43
1254,Apartament 1Cam Decomandat Nicolina Parc/Esplanada Etaj Int Renovat,"Nicolina 1, Iasi, Iasi",57900,1379,1,42
1291,Apartament 1 camera Decomandat - Nicolina,"Podu Ros, Iasi, Iasi",57900,1379,1,42
1590,Apartament 2 camere Tatarasi /Ateneu,"Tatarasi Nord, Iasi, Iasi",57900,1448,2,40
1330,"Ap. 2 camere decomandat in Nicolina - CUG, 55 mp, mutare imediata!","Centru, Iasi, Iasi",58000,1055,2,55
1624,"Apartament 2 camere finalizat, parcare, rezidential Valea Lupului","Soseaua Pacurari, Pacurari, Iasi, Iasi",58000,1055,2,55
4463,"Apartament 2 camere, 53 mp, etaj INTERMEDIAR, fara risc, Podu Ros","Podu Ros, Iasi, Iasi",58000,1094,2,53
4551,"Apartament 2 camere, 53 mp, mobilat, etaj INTERMEDIAR, Mircea","Mircea cel Batran, Iasi, Iasi",58000,1094,2,53
287,"Apartament 2 camere Podu Ros , 52 metri, etaj 4 Cod:150335","Podu Ros, Iasi, Iasi",58000,1115,2,52
1690,"Liber,intabulat 2 camere, 2 balcoane, parcare ,CUG Astoria","Strada Otelariei, CUG, Iasi, Iasi",58000,1115,2,52
276,"Apartament 2 camere Bucium , 50 metri, etaj parter Cod:150470","Soseaua Bucium, Bucium, Iasi, Iasi",58000,1160,2,50
768,"Podul Ros, apartament de vanzare","Centru, Iasi, Iasi",58000,1160,2,50
1669,"Persoana fizica 2 apartamente 2 cam D, mutare imediata, zona Bucium","Bucium, Iasi, Iasi",58000,1160,2,50
2518,Apartament 2 Camere Decomandat - Alexandru - Zimbru,"Podu Ros, Iasi, Iasi",58000,1160,2,50
2671,"Rate dezvoltator, Apartament 2 camere, Bloc Nou, 50 mp, zona Galata","Mircea cel Batran, Iasi, Iasi",58000,1160,2,50
3576,"Etaj 2! Apartament 2 camere, Dacia, 50mp, CT, decomandat, termoizolat!","Podu Ros, Iasi, Iasi",58000,1160,2,50
122,"Apartament 2 camere, Intabulat, Bloc Nou, Et 1 , 50 mp , Bucium Visan","Bucium, Iasi, Iasi",58000,1184,2,49
674,"Bucium, bloc nou, 2 camere decomandat, finalizat, intabulat, 48mp","Bucium, Iasi, Iasi",58000,1208,2,48
1348,NOU MUTARE IMEDIATA APARTAMENT 2 CAMERE 48MP,"Bulevardul Tudor Vladimirescu, Tudor Vladimirescu, Iasi, Iasi",58000,1208,2,48
2838,Apartament 2 camere de vanzare Podu Ros,"Podu Ros, Iasi, Iasi",58000,1208,2,48
4827,"Investie ideala, Bucium Visan, intabulat, mutare imediata","Centru, Iasi, Iasi",58000,1208,2,48
964,"Ap.2 cam,D,47 mp,etajul3/4,Dacia,zona Prof I.Simionescu","Dacia, Iasi, Iasi",58000,1234,2,47
3183,"Strada Columnei, Apartament cu 2 camere decomandate - 47 mp","Dacia, Iasi, Iasi",58000,1234,2,47
1310,Ap 2 camere decomandat + gradina 50 mp + loc de parcare inclus,"Podu Ros, Iasi, Iasi",58000,1289,2,45
1775,"APT 2 camere Decomandat, 45 mp, GEAM LA BAIE - zona Galata","Mircea cel Batran, Iasi, Iasi",58000,1289,2,45
881,Apartament nou bloc 2016- acces securizat-Cug-Aleea Tudor Neculai,"CUG, Iasi, Iasi",58000,1349,1,43
3099,Apartament 2 camere Alexandru cel Bun Iasi,"Alexandru Cel Bun, Iasi, Iasi",58000,1349,2,43
2672,Apartament cu 2 camere nedecomandat-Alexandru cel Bun,"Podu Ros, Iasi, Iasi",58000,1381,2,42
4609,"Apartament 2 camere Alexandru cel Bun, CT, AC, renovat","Podu Ros, Iasi, Iasi",58000,1381,2,42
368,"Proiect nou, apartament 1 camera, decomandat, 46 mp2, zona Tatarasi","Strada Aurel Vlaicu, Aviatiei, Iasi, Iasi",58000,1450,1,40
1275,"Apartament 1 cam. 1/3,Popas Pacurari,mobilat,utilat,parcare cod:150551","Soseaua Pacurari, Pacurari, Iasi, Iasi",58000,1450,1,40
3634,Pacurari Posta Apartament 2 Camere De Vanzare Cu Centrala,"Podu Ros, Iasi, Iasi",58000,1450,2,40
4661,"Apartament cu 2 camere, nedecomandat, Alexandru cel Bun, Piata Voievoz","Piata Voievozilor, Alexandru Cel Bun, Iasi, Iasi",58000,1487,2,39
1347,Vând apartament cu 2 camere Cartier Visoianu,"Centru, Iasi, Iasi",58000,1526,2,38
3103,"Apartament cu 1 camera, decomandat, 42mp, la Family Market, 10min pa","Soseaua Bucium, Bucium, Iasi, Iasi",58000,1526,1,38
859,"AP 1 CAM NICOLINA CUG, NOU, PREDARE IMEDIATA, INTABULAT","Aleea Strugurilor, Nicolina 1, Iasi, Iasi",58000,1568,1,37
3093,"Apartament 1 Camera,Decomandat Bl Nou,Pacurari Dacia, Etaj Intermediar","Dacia, Iasi, Iasi",58000,1568,1,37
1266,"Apartament 2 camere Tatarasi , 36 metri, etaj parter Cod:150626","Strada Tatarasi, Tatarasi Nord, Iasi, Iasi",58000,1611,2,36
1875,"Apartament 2 camere semidecomandat , Podu Ros","Podu Ros, Iasi, Iasi",58000,1706,2,34
4788,"Apartament de vanzare,1 camera model dec, bloc nou, terasa,Pacurari -","Strada Pacureti, Pacurari, Iasi, Iasi",58100,1383,1,42
2369,"Apartament nou o camera , zona Pacurari","Pacurari, Iasi, Iasi",58100,1453,1,40
4604,"Apartament de vanzare,1 camera cu terasa, bloc nou, Pacurari Kaufland","Soseaua Rediu, Pacurari, Iasi, Iasi",58100,1453,1,40
959,Apartament 1 camera Pacurari,"Pacurari, Iasi, Iasi",58100,1471,1,39.5
387,"Apartament 1 camera Pacurari , 39 metri, etaj 2 Cod:136431","Soseaua Pacurari, Pacurari, Iasi, Iasi",58100,1490,1,39
2153,"Frumoasa, spatios, decomandat, o camera de 42 mp","Iasi, Iasi",58129,1384,2,42
3457,"Apartament 1 camera decomandata, Bloc nou - Continental","Soseaua Manta Rosie, Manta Rosie, Iasi, Iasi",58129,1384,1,42
2947,"Apartament 1 camera, nou, langa padure","Manta Rosie, Iasi, Iasi",58129,1390,1,41.82
4745,Apartament nou 1 camera Manta Rosie Residence,"Strada Manta Rosie, Frumoasa, Iasi, Iasi",58129,1390,1,41.82
4748,Pret Promo Ap 1 camera Manta Rosie Residence,"Strada Manta Rosie, Frumoasa, Iasi, Iasi",58129,1390,1,41.82
1727,"Apartament 2 camere, decomandat, 38 mp, Tatarasi, 58.480 euro","Strada Vasile Lupu, Tatarasi Sud, Iasi, Iasi",58480,1539,2,38
1896,"Apartament 1 camera, CUG, et. 3, Lift, pe mijloc","CUG, Iasi, Iasi",58490,1462,1,40
3249,Apartament 2 camere - Rediu- EOS,"Podu Ros, Iasi, Iasi",58500,1083,2,54
653,Podu Ros- 3 camere- etaj 1- liber,"Podu Ros, Iasi, Iasi",58500,1125,3,52
1617,"Apartament renovat si utilat - TATARASI FLUX, ETAJ 1","Strada Vasile Lupu, Tatarasi Sud, Iasi, Iasi",58500,1170,2,50
1920,"Apartament nou cu 2 camere + gradina finalizat , zona Capat Cug","CUG, Iasi, Iasi",58500,1245,2,47
3008,Apartament 2 camere decomandat- CUG,"Podu Ros, Iasi, Iasi",58500,1245,2,47
1417,Apartament 2 camere Gradinari,"Tatarasi Sud, Iasi, Iasi",58500,1300,2,45
4330,Apartament cu doua camere,"Podu Ros, Iasi, Iasi",58500,1360,2,43
1972,Apartament cu o camera decomandat - 40 m.p. - Complex Moon Reflexes Re,"Strada Mironescu, Moara de Vant, Iasi, Iasi",58500,1463,1,40
2641,Apartament 2 Camere Decomandat - Tatarasi - Flora,"Podu Ros, Iasi, Iasi",58500,1539,2,38
4504,Apartament 1 camera decomandat - Dacia Bloc nou,"Dacia, Iasi, Iasi",58647,1430,1,41
1659,Apartament 1 camere Bloc Nou 2024 - Nicolina,"Podu Ros, Iasi, Iasi",58716,1800,1,32.62
4506,"Bucium, finalizat, INTABULAT - Apartament 2 camere, mutare oricand","Zona Industriala, Iasi, Iasi",58800,1200,2,49
4607,"IASI, PODU ROS, Aleea Decebal, Apartament cu 2 camere - 48 mp - parter","Podu Ros, Iasi, Iasi",58800,1225,2,48
3478,"Nicolina, Selgros, 1 camera NOU , COMISION 0","Soseaua Nicolina, CUG, Iasi, Iasi",58800,1547,1,38
4096,"Apartament 1 camera, priveliste spre Lac, Moara de Vant","Moara de Vant, Iasi, Iasi",58800,1714,1,34.3
1469,Apartament 2 camere Etaj 1 Mobilat Bloc nou Capat Pacurari,"Podu Ros, Iasi, Iasi",58900,1202,2,49
1475,"Ap 2 cam, ideal investitie, mob utilat, capat Pacurari","Pacurari, Iasi, Iasi",58900,1227,2,48
3555,Apartament 2 camere - Baza 3,"Bularga, Iasi, Iasi",58900,1309,2,45
3669,"Apartament 2 camere decomandat, bloc nou GALATA, 58.900 euro","Galata, Iasi, Iasi",58900,1309,2,45
4013,"PLATOU GALATA, 2 camere decomandat, 45mp, bloc nou","Soseaua Iasi-Voinesti, Nicolina 1, Iasi, Iasi",58900,1309,2,45
3583,"Apartament nou, 2 camere, decomandat, mutare imediata, Galata","Mircea cel Batran, Iasi, Iasi",58900,1370,2,43
3685,"Apartament nou, 2 camere, decomandat,mutare imediata, Galata","Mircea cel Batran, Iasi, Iasi",58900,1370,2,43
840,"Apartament 1 camera, decomandat, Nicolina-Prima Statie, bulevard, 42mp","Nicolina 1, Iasi, Iasi",58900,1402,1,42
3795,"Apartament 2 camere, 42 mp, Bularga","Strada Atelierului, Baza 3, Iasi, Iasi",58900,1402,2,42
4672,"Apartament 1 camera, BLOC NOU, ETAJ 1, 42 mp, Tudor Neculai-Cug","CUG, Iasi, Iasi",58900,1402,1,42
450,"Apartament 2 camere Nicolina , 40 metri, etaj 6 Cod:151081","Soseaua Nicolina, CUG, Iasi, Iasi",58900,1473,2,40
612,"Apartament 2 camere Cug , 40 metri, etaj 6 Cod:151081","Soseaua Nicolina, CUG, Iasi, Iasi",58900,1473,2,40
406,"Dezvoltator: Comat Towers, Ap. 1 Cam, TIP 9, 38mp, Păcurari – Dacia","Strada Sergent Grigore Ioan, Dacia, Iasi, Iasi",58900,1550,1,38
414,"Dezvoltator: Comat Towers, Ap. 1 Cam, TIP 7, 38mp, Păcurari – Dacia","Strada Sergent Grigore Ioan, Dacia, Iasi, Iasi",58900,1550,1,38
3163,"Ap. 1 Cam - Dezvoltator: Comat Towers, TIP 9, 38mp, Păcurari – Dacia","Dacia, Iasi, Iasi",58900,1550,1,38
3171,"Ap. 1 Cameră - Dezvoltator: Comat Towers, TIP 7, 38mp, Păcurari","Dacia, Iasi, Iasi",58900,1550,1,38
4148,"Apartament 1 camera, Proiect Nou zona Dacia - Pacurari","Strada Tabacului, Dacia, Iasi, Iasi",58900,1550,1,38
4303,"Ap. 1 Cameră - Dezvoltator: Comat Towers, TIP 7, 38mp, Păcurari","Strada Sergent Grigore Ioan, Dacia, Iasi, Iasi",58900,1550,1,38
4346,"Ap. 1 Cam - Dezvoltator: Comat Towers, TIP 9, 38mp, Păcurari – Dacia","Strada Sergent Grigore Ioan, Dacia, Iasi, Iasi",58900,1550,1,38
4365,"Ap. 1 Cam - Dezvoltator: Comat Towers, TIP 7, 38mp, Păcurari","Strada Sergent Grigore Ioan, Dacia, Iasi, Iasi",58900,1550,1,38
693,BLOC NOU! 1 camera decomandat-mutare imediata - Nicolina Rond Vechi,"Nicolina 1, Iasi, Iasi",58940,1403,1,42
3037,"Ap 1 cam D, mutare imediata, ideal investitie, zona CUG","Soseaua Nicolina, CUG, Iasi, Iasi",58940,1403,1,42
4019,"Apartament 2 camere, open space, de vanzare, Valea Lupului","Soseaua Pacurari, Iasi, Iasi",59000,983,2,60
984,Apartament 2 camere Nicolina stradal Podu Roș,"Centru, Iasi, Iasi",59000,1093,2,54
3003,"Apartament 2 camere Tatarasi, 54mp, intermediar, CT","Podu Ros, Iasi, Iasi",59000,1093,2,54
3664,"Apartament 2 camere, 54 mp, zona Podu Ros","Bulevardul Tutora, Tesatura, Iasi, Iasi",59000,1093,2,54
4038,OCAZIE!! 59000 €- NICOLINA- CUG-2C_53mp-et3+Loc parcare,"Podu Ros, Iasi, Iasi",59000,1113,2,53
2432,"MOBILAT si UTILAT! BOXA! Apartament 2 camere, Podu Ros - Palas","Podu Ros, Iasi, Iasi",59000,1180,2,50
3760,"Apartament 2 camere Alexandru cel Bun, 50mp, CT, AC, izolat","Podu Ros, Iasi, Iasi",59000,1180,2,50
3165,Apartament 2 camere Liceul Cantemir 59.000 euro,"Strada Nicolina, Podu Ros, Iasi, Iasi",59000,1229,2,48
931,"Apartament 2 camere Galata , 47 metri, etaj 4 Cod:148734","Soseaua Galata, Galata, Iasi, Iasi",59000,1255,2,47
903,"Apartament 2 camere tip decomandat, bloc nou, Platou Galata","Soseaua Iasi-Voinesti, Galata, Iasi, Iasi",59000,1311,2,45
1036,"APARTAMENT 2 camere ,bloc nou 2022","Centru, Iasi, Iasi",59000,1311,2,45
1294,Pers fizica vând apart 1 cam Nicolina Lidl,"Centru, Iasi, Iasi",59000,1372,1,43
3076,Apartament 1 Camera Decomandat - Iasi CUG,"Podu Ros, Iasi, Iasi",59000,1401,1,42.1
697,NICOLINA ESPLANADA - apartament 1 camera decomandat -et intermediar,"Strada Petre Tutea, Nicolina 1, Iasi, Iasi",59000,1405,1,42
909,Persoana fizica apart 1 cam Nicolina-Lidl,"Centru, Iasi, Iasi",59000,1405,1,42
2628,Vanzare apartament 2 camere decomandat - Podu Ros - etaj 1,"Podu Ros, Iasi, Iasi",59000,1405,2,42
4858,Ap. 2 cam. - Moara de Vânt - Roua Residence,"Centru, Iasi, Iasi",59000,1405,2,42
426,"Apartament 2 camere, 40mp, Cug, 59.000 euro","Aleea Tudor Neculai, CUG, Iasi, Iasi",59000,1475,2,40
2025,"Apartament 2 camere, 40 mp, DECOMANDAT, etaj 2, fara risc, Tatarasi","Tatarasi Nord, Iasi, Iasi",59000,1475,2,40
652,Apartament 2 camere - CUG,"Podu Ros, Iasi, Iasi",59000,1513,2,39
2283,"Apartament 1 cam dec,finalizat,vedere lac,Moara de Vant","Iasi, Iasi",59000,1513,1,39
3062,Apartament 2 camere de vanzare Bularga,"Bularga, Iasi, Iasi",59000,1553,2,38
4066,INTABULAT-Apartament 1 camera D-42 mp-Nicolina-ROND VECHI,"CUG, Iasi, Iasi",59000,1616,1,36.5
4151,"Apartament 1 camera Centru - Podu Fier / 36mp, izolat, etaj 1","Podu Ros, Iasi, Iasi",59000,1639,1,36
2390,Apartament ideal pentru investitie!,"Tatarasi Nord, Iasi, Iasi",59000,1686,1,35
4259,"Apartamente Clasice Decomandate, 1 cam 42mp, Rond Vechi - Nicolina","Soseaua Nicolina, CUG, Iasi, Iasi",59010,1405,1,42
2584,"Apartamente noi, 1 camera decomandat, Tatarasi - pret Promotional!","Strada Aurel Vlaicu, Aviatiei, Iasi, Iasi",59120,1182,1,50
3264,"Apartament 1 camera, decomandat, nou, Tatarasi","Aviatiei, Iasi, Iasi",59136,1643,1,36
1035,"ADAMANT ECLYPSE, 1 camera decomandat, TIP 1B, 45,5 mp","Strada Hlincea, CUG, Iasi, Iasi",59150,1569,1,37.7
3022,"Apartament, 1 camere, decomandat, ideal investitie, Frumoasa","Bularga, Iasi, Iasi",59450,1450,1,41
285,"Apartament 3 camere Dacia , 55 metri, etaj 3 Cod:151126","Bulevardul Dacia, Dacia, Iasi, Iasi",59500,1082,3,55
4263,"2 CAM , bloc nou, mutare imediata, parcare proprie, zona BUCIUM","Bucium, Iasi, Iasi",59500,1190,2,50
1195,Apartament 2 camere bloc nou - cug - zona de vile,"Soseaua Nicolina, CUG, Iasi, Iasi",59500,1266,2,47
2034,"Apartament 2 cam. 2013, mobilat-utilat, CUG-Tudor Neculai","CUG, Iasi, Iasi",59500,1266,2,47
1968,"Apartament 2 camere, open space, de vanzare, zona Galata - Sos. Voines","Soseaua Iasi-Voinesti, Galata, Iasi, Iasi",59500,1417,2,42
511,Etaj 2-Tatarasi- 2 camere Decomandat-bloc fara risc,"Tatarasi Nord, Iasi, Iasi",59500,1488,2,40
2017,Apartament 1Cam Decomandat CUG Etaj Intermediar Mobilat 40MP,"CUG, Iasi, Iasi",59500,1488,1,40
4320,"Apartament 1 camera, bloc NOU, Nicolina","Nicolina 2, Iasi, Iasi",59630,1416,1,42.1
3544,"Garsoniera noua de 42 mp, bloc nou, zona Nicolina","Soseaua Nicolina, CUG, Iasi, Iasi",59630,1420,1,42
3827,Start Vanzari! Bloc Nou - Nicolina 1 cam 42Mp Comision 0%,"Soseaua Nicolina, Nicolina 1, Iasi, Iasi",59630,1420,1,42
3765,Nicolina - cele mai noi apartamente cu 1 camera,"Soseaua Nicolina, CUG, Iasi, Iasi",59630,1625,1,36.7
196,"1 camera 45mp, parcare, incalzire pardoseala, Aleea T. Neculai","CUG, Iasi, Iasi",59750,1328,1,45
1880,"NOU* Apartament 2 Cam.SD, Conf.1, Et.1,Tatarasi","Tatarasi Sud, Iasi, Iasi",59800,1196,2,50
4742,"Apartamente de vanzare, 2 camere, bloc nou Iasi - Bucium COMISION 0%","Strada Visan, Bucium, Iasi, Iasi",59800,1300,2,46
1355,"Apartament 2 camere Ciric , 40 metri, etaj 2 Cod:150875","Strada Tatarasi, Tatarasi Nord, Iasi, Iasi",59800,1495,2,40
1520,Apartament 3camere - Popas Pacurari - Mutare imediata,"Fundatura Pacureti, Pacurari, Iasi, Iasi",59900,894,3,67
3426,"Apartament 2 camere, Mircea cel Batran, 54 mp, CT, intermediar","Podu Ros, Iasi, Iasi",59900,1109,2,54
4585,"Etaj 3! Apartament 3 camere Mircea Cel Batran, 54mp, CT","Podu Ros, Iasi, Iasi",59900,1109,3,54
3896,"Etaj 3! Apartament 2 camere Podu Ros, 53mp, CT, fara risc","Podu Ros, Iasi, Iasi",59900,1130,3,53
4097,2 camere decomandat- Tatarasi- parter cu balcon,"Tatarasi Sud, Iasi, Iasi",59900,1152,2,52
112,CUG EXPO MOBILA APARTAMENT 2 CAMERE 50MP,"Aleea Tudor Neculai, CUG, Iasi, Iasi",59900,1198,2,50
3141,"Apartament 2 camere, Podu Ros, 50mp, CT, fara risc","Podu Ros, Iasi, Iasi",59900,1198,2,50
3168,Apartament cu 2 camere / Tatarasi - Ateneu,"Tatarasi Nord, Iasi, Iasi",59900,1198,2,50
4676,"Apartament 2 camere Tatarasi 50mp, etaj intermediar, izolat","Podu Ros, Iasi, Iasi",59900,1198,2,50
2012,Apartament 2 camere de vanzare Alexandru cel Bun,"Alexandru Cel Bun, Iasi, Iasi",59900,1222,2,49
1391,"Apartament 2 camere decomandat, loc parcare , Cug LCetatuii","Soseaua Tudor Neculai, Nicolina 1, Iasi, Iasi",59900,1248,2,48
3787,"Apartament cu 2 camere, decomandat, 50mp, Centrala, Galata","Calea Galata, Galata, Iasi, Iasi",59900,1274,2,47
1453,"Apartament 1 camera Pacurari , 46 metri, etaj 1 Cod:147185","Soseaua Pacurari, Pacurari, Iasi, Iasi",59900,1302,1,46
333,"Apartament 1 camera, 45mp, DECOMANDAT, mobilat, BLOC NOU,Tudor Neculai","CUG, Iasi, Iasi",59900,1331,1,45
1006,Apartament de vanzare 2 camere Alexandru - Zimbru,"Strada Sarmisegetuza, Alexandru Cel Bun, Iasi, Iasi",59900,1393,2,43
1277,Apartament de vânzare 1 camera decomandat Brown Luxury,"Centru, Iasi, Iasi",59900,1426,1,42
4055,"Etaj 1! Apartament 2 camere Podu Ros, 42mp, CT, decomandat","Podu Ros, Iasi, Iasi",59900,1426,2,42
3135,"Apartament 2 camere, 41.31 mp, zona exclusivista Tatarasi Sud","Strada Ciurchi, Tatarasi Sud, Iasi, Iasi",59900,1450,2,41.31
125,"Apartament 1 camera decomandat, etaj intermediar, BUCIUM","Strada Visan, Bucium, Iasi, Iasi",59900,1498,1,40
543,Apartament 2 Camere Decomandat - Fara Risc - Tatarasi,"Podu Ros, Iasi, Iasi",59900,1498,2,40
4138,"Apartament 2 camere, Mircea cel Batran, CT, AC, pret negociabil","Podu Ros, Iasi, Iasi",59900,1498,2,40
1754,Apartament de vanzare in Tudor Vladimirescu,"Tudor Vladimirescu, Iasi, Iasi",59900,1619,1,37
272,Apartament de vânzare Cris Estate Iasi,"Centru, Iasi, Iasi",59990,1500,1,40
1497,Apartament 2 Camere Decomandat Tatarasi Etaj Intermediar,"Strada Ciric, Tatarasi Nord, Iasi, Iasi",59990,1500,2,40
1873,Apartament cu doua camere,"Podu Ros, Iasi, Iasi",59999,1176,2,51
1247,APARTAMENT 2 CAM TUDOR VLADIMIRESCU LANGA IULIUS MALL,"Bulevardul Tudor Vladimirescu, Tudor Vladimirescu, Iasi, Iasi",59999,1200,2,50
3839,"Apartament 2 camera, Visan,Bloc Nou","Bucium, Iasi, Iasi",60000,968,2,62
504,"Apartament cu doua camere decomandat, suprafata de 60mp, Bucium Visani","Bucium, Iasi, Iasi",60000,1000,2,60
3573,"Apartament nou, 2 camere, decomandat, etaj intermediar, Bucium - Visan","Bucium, Iasi, Iasi",60000,1000,2,60
4885,"Apartament 2 camere, Visan,etj 3/7","Bucium, Iasi, Iasi",60000,1000,2,60
3090,OCAZIE!LUX -2 C - 58mp-TATARASI- 2013-ANSAMBLU Rezidential - 60000 €,"Podu Ros, Iasi, Iasi",60000,1034,2,58
2779,"Apartament 2 cam, decomandat, de vanzare in zona Tatarasi - Piata Chir","Strada Tatarasi, Tatarasi Nord, Iasi, Iasi",60000,1111,2,54
2837,Apartament 3 camere de vanzare Tatarasi,"Podu Ros, Iasi, Iasi",60000,1154,2,52
1809,"Apartament 2 camere, 51 mp, GEAM LA BAIE - zona Mircea cel Batran","Mircea cel Batran, Iasi, Iasi",60000,1176,2,51
4637,"Apartament 2 camere, DECOMANDAT, INTABULAT, RATE, Capat CUG","CUG, Iasi, Iasi",60000,1176,2,51
148,Apartament 2 camere decomandat Capat Cug Cod:147074,"Soseaua Nicolina, CUG, Iasi, Iasi",60000,1200,2,50
282,"Apartament 2 camere Bucium , 50 metri, etaj 1 Cod:148073","Soseaua Bucium, Bucium, Iasi, Iasi",60000,1200,2,50
351,"2 camere, vedere dubla","Centru, Iasi, Iasi",60000,1200,2,50
522,"Apartament 2 camere Cug , 50 metri, etaj 2 Cod:147074","Soseaua Nicolina, CUG, Iasi, Iasi",60000,1200,2,50
954,Apartament 2 camere decomandat bloc nou Capat CugCod:147074,"Soseaua Nicolina, CUG, Iasi, Iasi",60000,1200,2,50
1071,"Apartament 2 camere Cug , 50 metri, etaj 1 Cod:140831","Soseaua Nicolina, CUG, Iasi, Iasi",60000,1200,2,50
1272,Apartament cu 2 camere decomandat Capat CUG Cod:140831,"Soseaua Nicolina, CUG, Iasi, Iasi",60000,1200,2,50
1603,Apartament 2 camere decomandat 50 mp 60000 euro,"Strada Nicolina, Podu Ros, Iasi, Iasi",60000,1200,2,50
1662,APARTAMENT 2 CAMERE DECOMANDAT BLOC NOU INTABULAT FINALIZAT,"Fundatura Otelariei, CUG, Iasi, Iasi",60000,1200,2,50
2078,Tudor Vladimirescu-Iulius Mall-2 camere-etaj 2,"Tudor Vladimirescu, Iasi, Iasi",60000,1200,2,50
2164,Apartament 2 camere Podu Ros fara risc seismic,"Centru, Iasi, Iasi",60000,1200,2,50
2372,"Apartament nou cu 2 camere , zona Capat Cug","CUG, Iasi, Iasi",60000,1200,2,50
3964,"Apartament 3 camere Alexandru cel Bun, 50mp, CT, termoizolat fara risc","Podu Ros, Iasi, Iasi",60000,1200,3,50
3791,"Podu Ros, apartament cu 3 camere, ideal investitie","Bulevardul Primaverii, Tesatura, Iasi, Iasi",60000,1230,3,48.78
46,"Apartament 2 camere Lunca Cetatuii , 48 metri, etaj parter Cod:143253","Soseaua Nicolina, CUG, Iasi, Iasi",60000,1250,2,48
3783,"Tatarasi - apartament cu 2 camere, decomandat","Strada Ciurchi, Tatarasi Sud, Iasi, Iasi",60000,1284,2,46.72
2795,"Apartament 2 camere , D , Galata - LIDL - Oxygen","Galata, Iasi, Iasi",60000,1304,2,46
2285,"Apartament 2 camere, Open Space, 50 mp,Visan, statie, Finisaje Premium","Bucium, Iasi, Iasi",60000,1333,2,45
663,"Apartament 2 camere Galata , 44 metri, etaj parter Cod:148152","Soseaua Galata, Galata, Iasi, Iasi",60000,1364,2,44
1605,Apartament 2 camere Visan - plata in rate,"Soseaua Bucium, Zona Industriala, Iasi, Iasi",60000,1364,2,44
3314,"Semicentral - Podu Ros, 2 camere, ideal investitie","Aleea Rozelor, Podu Ros, Iasi, Iasi",60000,1390,2,43.17
655,Comision 0%! GRADINA! PARCARE! Apartament 2 camere Pacurari - Rediu,"Pacurari, Iasi, Iasi",60000,1395,2,43
4855,"Nicolina, Apartament 2 camere decom., et. 4, zona linistita","Nicolina 1, Iasi, Iasi",60000,1395,2,43
385,"Vând apartament 2 camere, SD, rond Zimbru","Alexandru Cel Bun, Iasi, Iasi",60000,1429,2,42
1305,"Apartament 1 camera decomandat, Nicolina","Podu Ros, Iasi, Iasi",60000,1429,1,42
1584,"Apartament 1 camera, DECOMANDAT, ETAJ 2, bloc 1986, Nicolina BULEVARD","Nicolina 1, Iasi, Iasi",60000,1429,1,42
1589,Apartament 1 Camera Decomandat Etaj 2/8 Nicolina - Rond Vechi,"Strada Razoarelor, Nicolina 2, Iasi, Iasi",60000,1429,1,42
1625,Apartament 1Cam Decomandat Nicolina Posta/Pizza Nico 42MP Et Int,"Nicolina 2, Iasi, Iasi",60000,1429,1,42
1944,Investitie! Apt mobilat inchiriat 1 camera,"Centru, Iasi, Iasi",60000,1463,1,41
1122,APARTAMENT 1 CAMERA BLOC NOU SARARIE COPOU,"Soseaua Stefan cel Mare si Sfant, Copou, Iasi, Iasi",60000,1500,1,40
2315,"Continental, Poitiers, apartament cu 1 camera, la et 1","Frumoasa, Iasi, Iasi",60000,1500,1,40
80,"Apartament 1 camera Frumoasa , 39 metri, etaj 4 Cod:147151","Bulevardul Poitiers, Frumoasa, Iasi, Iasi",60000,1538,1,39
618,"Apartament 1 camera Podu Ros , 39 metri, etaj 4 Cod:149056","Podu Ros, Iasi, Iasi",60000,1538,1,39
955,Apartament 1 camera bloc nou Podu Ros Cod:149056,"Podu Ros, Iasi, Iasi",60000,1538,1,39
1136,Apartament 1 camera bloc nou finalizat Cod:149056,"Podu Ros, Iasi, Iasi",60000,1538,1,39
1421,Apartament finalizat proiect Potiers Towers Cod:149056,"Podu Ros, Iasi, Iasi",60000,1538,1,39
2314,"Poitiers,Frumoasa, apartament spatios, 1 camera decomandat","Frumoasa, Iasi, Iasi",60000,1558,1,38.5
2131,"Apartament cu 2 camere, etaj 1, renovat 2023, Tatarasi, Str. Stejar","Strada Doctor Savini, Tatarasi Nord, Iasi, Iasi",60000,1579,2,38
2847,"Dacia, Canta, apartament cu 1 camera","Dacia, Iasi, Iasi",60000,1579,1,38
56,"Apartament 2 camere Bucsinescu , 37 metri, etaj 1 Cod:151152","Strada Tatarasi, Tatarasi Nord, Iasi, Iasi",60000,1622,2,37
66,1 camera Pacurari Concept Residence bloc 2018 mobilat Cod:150557,"Soseaua Pacurari, Pacurari, Iasi, Iasi",60000,1875,1,32
141,1 camera Pacurari Petru Poni bloc 2018 mobilat liber Cod:150557,"Soseaua Pacurari, Pacurari, Iasi, Iasi",60000,1875,1,32
236,1 camera Pacurari Petru Poni bloc 2018 mobilat Cod:150557,"Soseaua Pacurari, Pacurari, Iasi, Iasi",60000,1875,1,32
382,1 camera Pacurari Petru Poni bloc 2018 mobilat complet Cod:150557,"Soseaua Pacurari, Pacurari, Iasi, Iasi",60000,1875,1,32
448,1 camera Pacurari Concept Residencebloc 2018 mobilat Cod:150557,"Soseaua Pacurari, Pacurari, Iasi, Iasi",60000,1875,1,32
525,1 camera Pacurari Petru Poni ( Concept Residence) bloc 2018 Cod:150557,"Soseaua Pacurari, Pacurari, Iasi, Iasi",60000,1875,1,32
734,1 camera Pacurari Petru Poni blco 2018 mobilat Cod:150557,"Soseaua Pacurari, Pacurari, Iasi, Iasi",60000,1875,1,32
880,1 camera Pacurari Petru Poni mobilat si utilat bloc 2018 Cod:150557,"Soseaua Pacurari, Pacurari, Iasi, Iasi",60000,1875,1,32
951,1 camera Pacurari Petru Poni mobilat bloc 2018 Cod:150557,"Soseaua Pacurari, Pacurari, Iasi, Iasi",60000,1875,1,32
1215,1 camera Pacurari Petru Poni bloc 2018 mobilat si utilat Cod:150557,"Soseaua Pacurari, Pacurari, Iasi, Iasi",60000,1875,1,32
1436,1 camera Pacurari Petru Poni bloc 2017 mobilat si utilat Cod:150557,"Soseaua Pacurari, Pacurari, Iasi, Iasi",60000,1875,1,32
2952,"Apartament 1 camera, nou, langa padure","Manta Rosie, Iasi, Iasi",60145,1390,1,43.27
515,"Apartament 2 camere Bucium , 50 metri, etaj 1 Cod:149402","Soseaua Bucium, Bucium, Iasi, Iasi",60200,1204,2,50
2048,"Frumoasa, apartament cu rate la dezvoltator, 1 camera de 40 mp","Iasi, Iasi",60240,1506,1,40
3050,Apartament 1 camera,"Centru, Iasi, Iasi",60362.17,2012.07,1,30
4135,"FINALIZAT, 2 camere, decomandat, etaj 1, 60 500 euro, Pepinierii","CUG, Iasi, Iasi",60500,1080,2,56
4355,"Apartament nou cu 2 camere, model decomandat Cug/Nicolina","CUG, Iasi, Iasi",60500,1090,2,55.5
2934,"Nicolina-Cug, Model decomandat cu mutare imediata, etaj 1","Nicolina 1, Iasi, Iasi",60500,1092,2,55.4
2963,"Apartament nou cu 2 camere decomandat, Nicolina-Cug","CUG, Iasi, Iasi",60500,1092,2,55.4
3040,Bloc nou intabulat! Model decomandat 56 mp etaj 1,"CUG, Iasi, Iasi",60500,1092,2,55.4
3144,"Apartament nou cu 2 camere, model decomandat Cug/Nicolina","CUG, Iasi, Iasi",60500,1092,2,55.4
3379,"Apartament 2 camere model decomandat, poze reale!","CUG, Iasi, Iasi",60500,1092,2,55.4
3462,"Apartament 2 camere decomandat, Nicolina-Cug, etajul 1","CUG, Iasi, Iasi",60500,1092,2,55.4
3730,"Apartament nou, doua camere model decomandat, etajul 2","CUG, Iasi, Iasi",60500,1092,2,55.4
3731,"Apartament nou, mutare imediata zona Cug","CUG, Iasi, Iasi",60500,1092,2,55.4
3781,"Apartament nou, doua camere model decomandat, etajul 1","CUG, Iasi, Iasi",60500,1092,2,55.4
3786,"Apartament nou finalizat 2 camere, zona Nicolina-Cug","CUG, Iasi, Iasi",60500,1092,2,55.4
3835,"Apartament 2 camere decomandat, Nicolina-Cug, etajul 2","CUG, Iasi, Iasi",60500,1092,2,55.4
3869,"Apartament nou finalizat, doua camere decomandat, Nicolina-Cug","CUG, Iasi, Iasi",60500,1092,2,55.4
3976,"Apartament nou cu 2 camere, model decomandat Cug/Nicolina etaj 2","CUG, Iasi, Iasi",60500,1092,2,55.4
4048,"Apartament 2 camere decomandat Nicolina-Cug, etajul 1","CUG, Iasi, Iasi",60500,1092,2,55.4
4164,"Revanzare, apartament nou 2 camere model decomandat, etajul 1","CUG, Iasi, Iasi",60500,1092,2,55.4
4189,"Nicolina-Cug, apartament nou decomandat, mutare imediata","CUG, Iasi, Iasi",60500,1092,2,55.4
4257,"2 camere decomandat, mutare imediata etajul 1 din 3","Soseaua Nicolina, CUG, Iasi, Iasi",60500,1092,2,55.4
4269,"Bloc nou intabulat, model cu 2 camere decomandat","CUG, Iasi, Iasi",60500,1092,2,55.4
4401,"Apartament nou, doua camere model decomandat, etaj 1","CUG, Iasi, Iasi",60500,1092,2,55.4
4723,Apartament revanzare cu 2 camere model decomandat,"CUG, Iasi, Iasi",60500,1092,2,55.4
4729,"Direct dezvoltator, model decomandat 2 camere etajul 2","CUG, Iasi, Iasi",60500,1092,2,55.4
4856,"Nicolina-Cug, 2 camere model decomandat, mutare imediata","CUG, Iasi, Iasi",60500,1092,2,55.4
4874,Apartament nou 2 camere model decomandat/revanzare etajul 1,"CUG, Iasi, Iasi",60500,1092,2,55.4
1602,Apartament 2 camere strada Pepinieres zona Nicolina,"Soseaua Nicolina, Nicolina 2, Iasi, Iasi",60500,1100,2,55
2849,"Mutare imediata, Apartament nou model decomandat, etaj 1","CUG, Iasi, Iasi",60500,1100,2,55
3924,Apartament 2 camere - Dacia Bloc nou,"Dacia, Iasi, Iasi",60500,1100,2,55
1314,"Cel mai bun pret! Ap. 2 camere decomandat, etaj 2/3 55.5 mp","Podu Ros, Iasi, Iasi",60500,1260,2,48
3417,"Ferit de traficul si zgomotul urban, apart o camera, Popas- Pacurari","Pacurari, Iasi, Iasi",60500,1513,1,40
2950,"Apartament 1 camera, nou, langa padure","Manta Rosie, Iasi, Iasi",60562,1390,1,43.57
3359,"Apartament 2 camere,51 mp,decomandat,FINALIZAT,intabulat, Bucium-Visan","Bucium, Iasi, Iasi",60600,1188,2,51
4456,"Apartament 2 camere, 51 mp, decomandat, finalizat si intabulat, Bucium","Bucium, Iasi, Iasi",60600,1188,2,51
4552,"Apartament 2 camere,51 mp,decomandat,intabulat,finalizat,Bucium-Visan","Bucium, Iasi, Iasi",60600,1188,2,51
4658,"Apartament 2 camere,51 mp,decomandat,finalizat,intabulat,Bucium -Visan","Bucium, Iasi, Iasi",60600,1188,3,51
4787,"Apartament 2 camere,51 mp,decomandat,INTABULAT,finalizat,Bucium-Visan","Bucium, Iasi, Iasi",60600,1188,2,51
18,"Ideal pentru investitie! Apartament 2 camere, loc de parcare inclus","Pacurari, Iasi, Iasi",60800,1192,2,51
28,"Ap 2 camere, cu 2 balcoane, loc de parcare, incalzire in pardoseala","Pacurari, Iasi, Iasi",60800,1192,2,51
319,"Apartament 2 camere in bloc nou, loc de parcare inclus, comision 0%","Pacurari, Iasi, Iasi",60800,1192,2,51
557,"Apartament 2 camere, 2 balcoane, loc de parcare inclus","Pacurari, Iasi, Iasi",60800,1192,1,51
729,"Apartament 2 cam, loc de parcare, incalzire in pardoseala, 2 balcoane","Pacurari, Iasi, Iasi",60800,1192,2,51
894,"Ap.1 camera Nicolina la bld,in constructie 38mp etaj 5 Cod:150260","Strada Petre Tutea, Nicolina 1, Iasi, Iasi",60800,1600,1,38
1138,Promotie: 1 cam. Nicolina la bld-2 statii de Palas e.5/7 Cod:150260,"Strada Petre Tutea, Nicolina 1, Iasi, Iasi",60800,1600,1,38
1448,"Ap.1 cam Nicolina prima statie la bld,38 mp,et 5/7,mutare","Strada Petre Tutea, Nicolina 1, Iasi, Iasi",60800,1689,1,36
1688,APARTAMENT 2 CAMERE MUTARE RAPIDA 58MP,"Strada Fermei, Bucium, Iasi, Iasi",60900,1050,2,58
2621,Apartament 2 camere Bucium-Visani GATA,"Bucium, Iasi, Iasi",60900,1149,2,53
1474,"Ap 2 camere, Open Space, 45 mp, Intabulat, Utilat si Mobilat, et 1","CUG, Iasi, Iasi",60900,1353,2,45
622,Apartament 2 camere Providența Bloc Nou/CUG,"CUG, Iasi, Iasi",60900,1603,2,38
879,Apartament nou 2 camere-decomandat-geam la baie-Cug-Pepinierei,"CUG, Iasi, Iasi",61000,1130,2,54
1257,Apartament nou 2 camere-decomandat complet-Cug-Al.T.Neculai-Pepinierei,"CUG, Iasi, Iasi",61000,1130,2,54
1169,Apartament 2 camere decomandat - Nicolina,"Podu Ros, Iasi, Iasi",61000,1173,2,52
1228,"Apartament 2 camere Podu Ros , 52 metri, etaj 1 Cod:149960","Podu Ros, Iasi, Iasi",61000,1173,2,52
1823,"Nicolina Str. Egalitatii, doua camere model decomandat","Nicolina 1, Iasi, Iasi",61000,1173,2,52
1828,"Apartament cu 2 camere, model decomandat , zona Nicolina","Nicolina 2, Iasi, Iasi",61000,1173,2,52
2735,Apartament 2 Camere D- Tudor Neculai- Pepinierii -Parcare-Finalizat !,"Podu Ros, Iasi, Iasi",61000,1196,2,51
4668,"Apartament 3 camere, Mircea cel Batran, 51mp, CT, decomandat","Podu Ros, Iasi, Iasi",61000,1196,3,51
647,Apartament nou 2 camere - FINALIZAT - Model decomandat - CUG,"CUG, Iasi, Iasi",61000,1220,2,50
890,"Apartament 2 camere Tudor Vladimirescu , 50 metri, etaj 3 Cod:150407","Bulevardul Tudor Vladimirescu, Tudor Vladimirescu, Iasi, Iasi",61000,1220,2,50
4102,"AP 2 cam PODU ROS, etaj intermediar, fara risc, centrala, termopan","Podu Ros, Iasi, Iasi",61000,1220,2,50
4674,"Apartament cu 3 camere, decomandat, Centrala, Mircea cel Batran","Strada Cerna, Mircea cel Batran, Iasi, Iasi",61000,1220,3,50
1011,"Investitie, 2C, Bloc nou in zona de blocuri vechi, Mobilat si Utilat","Soseaua Nicolina, CUG, Iasi, Iasi",61000,1386,2,44
1086,Apartament 2 Camere - Bloc 1978 - Gradinari,"Podu Ros, Iasi, Iasi",61000,1452,2,42
1089,PERSOANA FIZICA - Vand apartament 2 camere,"Centru, Iasi, Iasi",61000,1452,2,42
1312,Nicolina-Belvedere apartament cu 1 camera mobilat si utilat la Bvd !,"Centru, Iasi, Iasi",61000,1452,1,42
1572,Apartament 2 camere semidecomandat parter Galata (Profi City),"Strada Anton Crihan, Mircea cel Batran, Iasi, Iasi",61000,1452,2,42
3675,"Parcul amenajat deosebit, cu suprafata de 1400mp","Pacurari, Iasi, Iasi",61000,1452,1,42
327,"Apartament 2 camere Galata , 41 metri, etaj parter Cod:150859","Soseaua Galata, Galata, Iasi, Iasi",61000,1488,2,41
3489,Proiectat cu scopul de a redefini standardele locative din Iasi,"Pacurari, Iasi, Iasi",61000,1488,1,41
1092,"2 camere, Tudor Neculai, Bloc 2019, Mobilat si Utilat","CUG, Iasi, Iasi",61000,1605,2,38
2093,"Apartament 1 camera, decomandat, PF, Poitiers Towers","Centru, Iasi, Iasi",61000,1649,1,37
69,"Apartament 1 camera, mutare imediata, Tatarasi, tramvai, Kaufland","Aviatiei, Iasi, Iasi",61000,1968,1,31
3506,"Un alt stil de viata, ap 2 camere Bld. Rosetti","Strada Simion Barnutiu, Ticau, Iasi, Iasi",61100,1300,2,47
3532,"Garsoniera noua decomandata, 43 mp, Nicolina","Soseaua Nicolina, CUG, Iasi, Iasi",61150,1422,1,43
1721,"Apartament cu 1 camera, bloc nou, Tatarasi, 61.200 euro","Strada Aurel Vlaicu, Aviatiei, Iasi, Iasi",61200,1200,1,51
4537,"Bucium, 1 camera in cel mai nou complex rezidential","Soseaua Bucium, Bucium, Iasi, Iasi",61276,1656,1,37
2010,Apartament 2 camere Decomandat - Frumoasa - 1985,"Podu Ros, Iasi, Iasi",61500,1042,2,59
1682,APARTAMENT 3 CAM DEC TATARASI LIBER 61500 EURO,"Strada Ciurchi, Tatarasi Sud, Iasi, Iasi",61500,1060,3,58
3615,"Apartament 2 camere, 58 mp, Cartier CUG","Fundatura Otelariei, CUG, Iasi, Iasi",61500,1060,2,58
980,TATARASI CIURCHI APARTAMENT 3 CAMERE 57MP,"Strada Ciurchi, Tatarasi Sud, Iasi, Iasi",61500,1079,3,57
4335,2 camere decomandat Tatarasi Posta,"Podu Ros, Iasi, Iasi",61500,1118,2,55
2354,"3 camere bld. Primăverii, fără risc, liber","Tesatura, Iasi, Iasi",61500,1183,3,52
3188,"Ap 1 D, incalz pard, loc parcare, parcare, Pacurari","Soseaua Pacurari, Pacurari, Iasi, Iasi",61500,1206,1,51
3199,"Apartament 2 camere 50 mp, mobilat si utilat, Cartierul Iris","Pacurari, Iasi, Iasi",61500,1230,2,50
2764,Apartament 2 camere - Alexandru cel Bun - Piata Voievozilor,"Podu Ros, Iasi, Iasi",61500,1538,2,40
2311,"Apart amenajat pt birou, impecabil, bloc nou, dotari deosebite","Podu Ros, Iasi, Iasi",61500,1757,1,35
3172,"Apartament 1 camera, nou, decomandat, ideal investitie, Tatarasi","Aviatiei, Iasi, Iasi",61600,1711,1,36
243,"2 camere, 60 mp, Bloc Nou, bucatarie mobilata","Podu Ros, Iasi, Iasi",61900,1032,2,60
971,"Apartament 2 camere, DECOMANDAT, bloc 1985, Frumoasa","Iasi, Iasi",61900,1032,2,60
4491,"Apartament 2 camere, DECOMANDAT, mobilat, BLOC NOU, Galata","Mircea cel Batran, Iasi, Iasi",61900,1168,2,53
2693,"Podu de Piatra - complex comercial, apartament 2 camere fara risc seis","Strada Decebal, Cantemir, Iasi, Iasi",61900,1190,2,52
4025,"Etaj 1! Apartament 3 camere SD, Alexandru cel Bun, CT","Podu Ros, Iasi, Iasi",61900,1190,3,52
4395,"Etaj 2! Apartament 2 camere Tatarasi, 52mp, fără risc","Podu Ros, Iasi, Iasi",61900,1190,2,52
4653,"Etaj 1! Apartament 3 camere, Alexandru cel Bun, 52mp, CT","Podu Ros, Iasi, Iasi",61900,1190,3,52
72,Apartament 2 camere zona Alexandru cel Bun,"Alexandru Cel Bun, Iasi, Iasi",61900,1510,2,41
1795,"APT 2 camere, SD, Renovat - Zona Dacia","Dacia, Iasi, Iasi",61900,1548,2,40
4796,3 camere finalizat - mobilat si utilat - Pacurari - Posta,"Pacurari, Iasi, Iasi",61950,1191,3,52
1639,"Apartament 2 camere, open space cu terasa, Valea Lupului 62000 euro","Strada Canta, Canta, Iasi, Iasi",62000,838,2,74
1175,"Apartament de 2 camere, semidecomandat, 63mp, Bucium","Strada Nicolae Titulescu, Bucium, Iasi, Iasi",62000,984,2,63
4508,"Apartament 3 camere, Podu Ros, 62mp, etaj 1, CT","Podu Ros, Iasi, Iasi",62000,1000,3,62
3318,"2 camere,INTABULAT,cu bucataria mobilata si utilata,60 mp,Bucium-Visan","Bucium, Iasi, Iasi",62000,1033,2,60
4168,"2 cam decomandat, 60mp, etaj 2, mutare imediata, GALATA - lg statie","Mircea cel Batran, Iasi, Iasi",62000,1033,2,60
3025,Apartament cu 3 camere sd,"Podu Ros, Iasi, Iasi",62000,1088,3,57
103,"Apartament 2 camere Bucium , 55 metri, etaj 4 Cod:150179","Soseaua Bucium, Bucium, Iasi, Iasi",62000,1127,2,55
389,Podu Ros 3 camere,"Strada Nicolina, Podu Ros, Iasi, Iasi",62000,1127,3,55
2361,Apartament 2 camere - Visani - Bucium - Intabulat,"Podu Ros, Iasi, Iasi",62000,1127,2,55
3262,3/4. Apartament 3 camere SD. Pta Dacia,"Strada Vitejilor, Dacia, Iasi, Iasi",62000,1127,3,55
4596,"Bucium, Soseaua Principala, 2 camere, 55mp, Bloc NOU","Soseaua Bucium, Bucium, Iasi, Iasi",62000,1127,2,55
1751,Apartament 2 camere Tatarasi,"Tatarasi Nord, Iasi, Iasi",62000,1148,2,54
3326,"Apartament 2 camere renovat, Podu Ros - Palas!","Bulevardul Tutora, Podu Ros, Iasi, Iasi",62000,1148,2,54
1879,"Apartament 2 camere,Valea Lupului-Popas Pacurari, 53mp","Pacurari, Iasi, Iasi",62000,1170,2,53
160,"Apartament 2 camere Pacurari, 52mp, BOXA + PARCARE","Podu Ros, Iasi, Iasi",62000,1192,2,52
425,"Apartament 2 camere semidecomandat , Podu Ros - Podu de Piatra","Podu Ros, Iasi, Iasi",62000,1192,2,52
433,Apartament 2 camere Podu Ros - Fara Risc Seismic - Podu De Piatra,"Podu Ros, Iasi, Iasi",62000,1192,2,52
1127,"Apartament 3 camere Mircea cel Batran , 52 metri, etaj 9 Cod:150776","Strada Mircea cel Batran, Mircea cel Batran, Iasi, Iasi",62000,1192,3,52
1392,Apartament 2 camere decomandat - Nicolina,"Podu Ros, Iasi, Iasi",62000,1192,2,52
3191,"Apartament 3 camere , Bulevardul Primaverii - Podu Ros - Pasapoarte","Tesatura, Iasi, Iasi",62000,1192,3,52
1008,"Apartament 2 camere Tudor Vladimirescu , 50 metri, etaj 3 Cod:150408","Bulevardul Tudor Vladimirescu, Tudor Vladimirescu, Iasi, Iasi",62000,1240,2,50
2929,"Tatarasi, apartament 2 camere, etaj intermediar","Strada Ion Creanga, Tatarasi Nord, Iasi, Iasi",62000,1240,2,50
3110,Apartament 3 camere de vanzare Bularga Baza III,"Bularga, Iasi, Iasi",62000,1240,3,50
3691,"Apartament 2 camere Tatarasi - Dispecer, 50mp, CT, izolat","Podu Ros, Iasi, Iasi",62000,1240,2,50
1412,"La cheie! Statie CTP 200m! Incalzire in pardoseala, boxa+parcare","Podu Ros, Iasi, Iasi",62000,1292,2,48
2570,"Apartament 2 camere de vanzare Galata, loc de parcare inclus","Galata, Iasi, Iasi",62000,1319,2,47
2083,"Apartament nou cu 2 camere , zona Capat Cug","CUG, Iasi, Iasi",62000,1409,2,44
2412,"Apartament cu 2 camere, Mobilat, Bloc nou, Tatarasi – Stadion Tepro","Tatarasi Nord, Iasi, Iasi",62000,1409,2,44
3441,"Apartament nou de vanzare, cu o camera, situat in zona Popas Pacurari","Pacurari, Iasi, Iasi",62000,1442,1,43
128,"Apartament cu 2 camere, etajul 1, mobilat si utilat, 42mp, Alexandru c","Strada Musatini, Alexandru Cel Bun, Iasi, Iasi",62000,1476,2,42
806,Apartament 1 camera - CUG,"Podu Ros, Iasi, Iasi",62000,1476,1,42
283,"Apartament 2 camere Bucium , 53 metri, etaj parter Cod:147873","Soseaua Bucium, Bucium, Iasi, Iasi",62400,1177,2,53
1538,Apartament 2 camere Pacurari - Profi,"Strada Movila Pacureti, Iasi, Iasi",62400,1200,2,52
4507,"INTABULAT, apartament 2 camere decomandat, 52 mp, accept credit,Bucium","Zona Industriala, Iasi, Iasi",62400,1200,2,52
3742,"Etaj 1 ! Apartament 3 camere, Podu Ros, 60mp, CT","Podu Ros, Iasi, Iasi",62500,1042,3,60
3322,"Apartament 2 camere Podu Ros, 55mp, CT, etaj 3, renovat","Podu Ros, Iasi, Iasi",62500,1136,2,55
4725,"Podu Ros - Podu de Piatra, apartament 2 camere confort I, bloc fara ri","Bulevardul Tutora, Tesatura, Iasi, Iasi",62500,1136,2,55
1238,"Apartament 2 camere Nicolina , 54 metri, etaj 2 Cod:148439","Strada Petre Tutea, Nicolina 1, Iasi, Iasi",62500,1157,2,54
1349,MUTARE IMEDIATA BUCIUM APARTAMENT 2 CAMERE 54MP,"Strada Atelierului, Zona Industriala, Iasi, Iasi",62500,1157,2,54
1297,RATE LA DEZVOLTATOR APARTAMENT 2 CAMERE 50MP,"Soseaua Nicolina, Nicolina 1, Iasi, Iasi",62500,1250,2,50
1657,APARTAMENT 2 CAMERE DECOMANDAT CUG 61500 EURO,"Fundatura Otelariei, CUG, Iasi, Iasi",62500,1250,2,50
1661,APARTAMENT 2 CAMERE BLOC NOU FINALIZAT CAPAT CUG 61500 EURO,"Fundatura Otelariei, CUG, Iasi, Iasi",62500,1250,2,50
1705,MUTARE IMEDIATA APARTAMENT 2 CAMERE 50MP BLOC NOU FINALIZAT,"Fundatura Otelariei, CUG, Iasi, Iasi",62500,1250,2,50
1992,Apartament de vânzare,"Centru, Iasi, Iasi",62500,1563,2,40
44,Direct Dezvoltator Apartament 2 Camere Comision 0%,"Soseaua Nationala, Podu Ros, Iasi, Iasi",62700,1140,2,55
1326,Direct Dezvoltator Apartament 2 Camere Comision 0%,"Strada Palat, Podu Ros, Iasi, Iasi",62700,1140,2,55
1670,Apartament 1 camere Bloc Nou 2024 - Nicolina,"Podu Ros, Iasi, Iasi",62784,1794,1,35
682,"PRET PROMO-decomandat 2 camere cu parcare inclusa,5 minute de Pacurari","Pacurari, Iasi, Iasi",62800,1142,2,55
2262,"Aparatment la bloc nou, Tatarasi, 1 camera decomandat","Tatarasi Sud, Iasi, Iasi",62802,1336,1,47
2573,"Apartament 1 camera generos, decomandat, Frumoasa.","Frumoasa, Iasi, Iasi",62820,1431,1,43.9
1503,"Apartament cu 3 camere, la 5 minute de de Carrefour Felicicia","Baza 3, Iasi, Iasi",62900,968,3,65
1504,"Apartament cu 3 camere, la 5 minute de Carrefour Felicia","Baza 3, Iasi, Iasi",62900,968,3,65
4697,"Apartament 2 camere, RENOVAT COMPLET, 55 mp, FARA RISC, Podu Ros","Podu Ros, Iasi, Iasi",62900,1144,2,55
4142,"Apartament 2 camere Canta, 52mp, CT, termoizolatie","Podu Ros, Iasi, Iasi",62900,1210,2,52
509,Tatarasi Flora-2 Camere 52mp-bloc fara risc,"Tatarasi Nord, Iasi, Iasi",62900,1258,2,50
2788,"Apartament 45 mp, DECOMANDAT, RENOVAT complet, mobilat, Nicolina","Nicolina 1, Iasi, Iasi",62900,1398,1,45
4841,"Persoana fizica, Apartament intabulat ,mutare imediata, Bucium Visan","Centru, Iasi, Iasi",62990,1188,2,53
37,"Apartament cu 2 camere - Tudor Vladimirescu/Iulius Mall, etaj 2","Tudor Vladimirescu, Iasi, Iasi",62999,1340,2,47
466,Apartament 3 camere Tudor Vladimirescu,"Tudor Vladimirescu, Iasi, Iasi",63000,900,3,70
661,"Apartament 2 camere Bucium , 65 metri, etaj 1 Cod:140865","Soseaua Bucium, Bucium, Iasi, Iasi",63000,969,2,65
439,Semicentral Ap 3 cam Bucsinescu/Bvd.Tudor Vladimirecu -Fara Risc,"Tudor Vladimirescu, Iasi, Iasi",63000,984,3,64
1279,"Apartament cu 3 camere in Bucsinescu, Iasi","Centru, Iasi, Iasi",63000,1016,3,62
443,Apartament 3 camere-Tudor Vladimirescu-bloc fara risc,"Tudor Vladimirescu, Iasi, Iasi",63000,1050,3,60
1691,MUTARE RAPIDA APARTAMENT 2 VAMERE 60MP,"Strada Boiangiu, Bularga, Iasi, Iasi",63000,1050,2,60
1974,"Tatarasi - Vasile Lupu, apartament 3 camere decomandat, mobilat si uti","Strada Vasile Lupu, Tatarasi Sud, Iasi, Iasi",63000,1050,3,60
2798,"Ap 2 cam, bloc nou, etaj int, pret promo, Bucium","Soseaua Bucium, Bucium, Iasi, Iasi",63000,1050,2,60
1096,"Apartament 2 camere decomandat, finalizat, Valea Lupului","Soseaua Pacurari, Pacurari, Iasi, Iasi",63000,1145,2,55
3001,2cD,"Podu Ros, Iasi, Iasi",63000,1145,2,55
3082,Apartament 2 camere,"Podu Ros, Iasi, Iasi",63000,1145,2,55
3551,BAZA 3 apartament - 2 camere decomandat,"Bularga, Iasi, Iasi",63000,1145,2,55
4656,Apartament cu doua camere decomandat Canta,"Podu Ros, Iasi, Iasi",63000,1167,2,54
1549,Apartament 2 camere Pacurari - Profi,"Strada Crizantemelor, Pacurari, Iasi, Iasi",63000,1189,2,53
346,Apartament cu 2 camere decomandat - Frumoasa,"Frumoasa, Iasi, Iasi",63000,1212,2,52
1197,Apartament 2D - Canta,"Strada Luca Arbore, Canta, Iasi, Iasi",63000,1212,2,52
1786,Apartament 3 Camere Decomandat - Alexandru Cel Bun,"Podu Ros, Iasi, Iasi",63000,1212,3,52
2467,Apartament 2 camere Podu Ros-Tesco 63.000 euro!,"Aleea Decebal, Podu Ros, Iasi, Iasi",63000,1212,2,52
2552,Apartament 3 camere 63000 eur,"Centru, Iasi, Iasi",63000,1212,3,52
2791,"Apartament 2 camere, Cantemir, 52mp, etaj 1!","Cantemir, Iasi, Iasi",63000,1212,2,52
3424,"Etaj 3! Apartament 2 camere, Galata, 52 mp","Podu Ros, Iasi, Iasi",63000,1212,2,52
3648,"Apartament 2 camere, Podu Ros, 52mp","Podu Ros, Iasi, Iasi",63000,1212,2,52
1514,"Apartament cu 2 camere, decomandat, 51mp, parter, Galata","Strada Crisului, Mircea cel Batran, Iasi, Iasi",63000,1235,2,51
1770,Apartament 2 camere-Tatarasi Flora-bloc fara risc,"Tatarasi Sud, Iasi, Iasi",63000,1260,2,50
3756,"Etaj 3! Apartament 2 camere Podu Ros, 50mp, CT, fara risc","Podu Ros, Iasi, Iasi",63000,1260,2,50
3846,"Ap 2 camere, bloc nou, acte finalizate, mutare imediata, parcare","Galata, Iasi, Iasi",63000,1260,2,50
4182,"Etaj 3! Apartament 2 camere, Podu Ros, 50mp","Podu Ros, Iasi, Iasi",63000,1260,2,50
4492,"2 CAM Podu ROS, 50 mp , Etaj 1, centrala, aer cond, fara risc, mobilat","Podu Ros, Iasi, Iasi",63000,1260,2,50
104,Apartament 2 camere CUG - 1985,"Podu Ros, Iasi, Iasi",63000,1313,2,48
2660,"Apartament cu 2 camere, decomandat, 52mp, Piata Voievozilor, Alexandru","Piata Voievozilor, Alexandru Cel Bun, Iasi, Iasi",63000,1313,2,48
3323,"Podu Ros - Primaverii, apartament 2 camere confort I, 48 mp fara risc","Bulevardul Tutora, Tesatura, Iasi, Iasi",63000,1313,2,48
170,Apartament nou 2 camere - FINALIZAT -Compartimentare eficienta - CUG,"CUG, Iasi, Iasi",63000,1340,2,47
4843,Apartament 2 camere Canta/Pacurari,"Centru, Iasi, Iasi",63000,1340,2,47
4873,"Apartament 2 camere DECOMANDAT, NICOLINA-Prima Statie!","Nicolina 1, Iasi, Iasi",63000,1370,2,46
3035,"Apartament 2 camere, DECOMANDAT, mobilat, ETAJ 2/4, Capat Cug","CUG, Iasi, Iasi",63000,1400,2,45
2359,"Apartament cu 2 camere, semidecomandat, et 2, Mircea cel Batran","Strada Mircea cel Batran, Mircea cel Batran, Iasi, Iasi",63000,1500,2,42
2339,"Ap 2 camere, Open Space,45 mp, Bloc Nou, Parcare, et 2 , Platou Galata","Mircea cel Batran, Iasi, Iasi",63000,1537,2,41
3368,Locatia confera o panorama magnifica asupra orasului.,"Pacurari, Iasi, Iasi",63000,1537,1,41
1712,Apartament 1 camera Bloc Nou 2024 - Nicolina,"Podu Ros, Iasi, Iasi",63000,1800,1,35
2073,"Nicolina 1, apartament 1 camera bloc nou","Bulevardul Socola, Podu Ros, Iasi, Iasi",63000,1800,1,35
4639,"Garsoniera, 35,5mp, Etaj 2, Bloc Nou, Tatarasi-Oancea","Tatarasi Sud, Iasi, Iasi",63000,1800,1,35
2102,"Apartament de 1 camera, parter zona Frumoasa","Bulevardul Poitiers, Frumoasa, Iasi, Iasi",63000,2032,1,31
2049,"Frumoasa, apartament de 47 mp, pret promotional","Iasi, Iasi",63059,1342,1,47
219,"Apartament 1 camera, la bloc nou, finalizat, Canta/Dacia","Canta, Iasi, Iasi",63186,1580,1,40
336,"Intabulat! Topul zonei! 2 camere, rate/credit, parcare+AC Pacurari","Podu Ros, Iasi, Iasi",63350,1131,2,56
3256,"Apartament 1 camera cu balcon, disponibil, Valea Lupului, Iasi","Pacurari, Iasi, Iasi",63350,1624,1,39
3677,"Proiect NOU Tatarasi langa parc, 2 camere, Pret Promotional!","Strada Ciurchi, Tatarasi Sud, Iasi, Iasi",63450,1350,2,47
3092,"2 camere decomandat, 54 mp zona Visani- Family Market","Podu Ros, Iasi, Iasi",63500,1176,2,54
484,"Apartament 2 camere 63500 euro,la 5 minute de Podu Ros","Strada Visan, Bucium, Iasi, Iasi",63500,1198,2,53
864,"Intabulat , Mutare Imediata , 2 camere , 54mp , Bucium","Strada Visan, Bucium, Iasi, Iasi",63500,1198,2,53
2317,Finalizat! Apartament 2 camere D Bloc nou zona Bucium- Family Market,"Podu Ros, Iasi, Iasi",63500,1198,2,53
3957,"De vanzare : 2 camere nou,D, zona Bucium Visan, 53MP, 63.500 euro","Bucium, Iasi, Iasi",63500,1198,2,53
3800,"Apartament cu 3 camere, 52 mp, semidecomandat, Bularga","Strada Arapului, Bularga, Iasi, Iasi",63500,1221,3,52
379,"Apartament 2 camere Podu Ros , 50 metri, etaj 4 Cod:151094","Podu Ros, Iasi, Iasi",63500,1270,2,50
3569,"ESQ VILLAGE 3 zona Galata, model RIO, etajul 1 si 2, suprafata 50,8 mp","Podu Ros, Iasi, Iasi",63500,1296,2,49
3570,"ESQ VILLAGE 3 zona Galata, model RIO, etajul 1 si 2, suprafata 70,8 mp","Podu Ros, Iasi, Iasi",63500,1296,2,49
3105,"Baza 3 - Carrefour Felicia, apartament 2 camere, mobilat si utilat!","Strada Atelierului, Zona Industriala, Iasi, Iasi",63500,1323,2,48
3574,"Apartament nou, 2 camere,decomandat, FINALIZAT-INTABULAT, Bucium","Bucium, Iasi, Iasi",63500,1323,2,48
4366,"Apartament cu 2 camere Decomandat in bloc nou, finalizat","Podu Ros, Iasi, Iasi",63500,1323,2,48
1334,"Apartament 1 camera, 46 mp, IDEAL INVESTITIE, zona Gara-Billa!","Gara, Iasi, Iasi",63500,1380,1,46
1123,Apartament 2 camere SD etaj 2/4 - Alexandru,"Alexandru Cel Bun, Iasi, Iasi",63500,1477,2,43
1151,Apartament 2 camere - Alexandru cel Bun,"Podu Ros, Iasi, Iasi",63500,1477,2,43
356,"Etaj 2! Apartament 2 camere, Alexandru cel Bun, 42mp, CT","Podu Ros, Iasi, Iasi",63500,1512,2,42
810,"Apartament 2 camere Alexandru cel Bun , 42 metri, etaj 2 Cod:150265","Bulevardul Alexandru cel Bun, Alexandru Cel Bun, Iasi, Iasi",63500,1512,2,42
1079,"63.500 euro Ap 1CD Alexandru-Tigarete 42 mp, bloc cadre 1990 etaj 3/8","Dacia, Iasi, Iasi",63500,1512,1,42
473,"Apartament cu 2 camere, semidecomandat, etaj 2\/4, Alexandru cel bun","Strada Strapungerea Silvestru, Canta, Iasi, Iasi",63500,1671,2,38
3104,"Apartament cu 1 camera, decomandat, 46mp, la Family Market, 10min pa","Soseaua Bucium, Bucium, Iasi, Iasi",63500,1716,1,37
4621,Oferta Promotionala Ap 1 camera decomandat Poitiers Towers,"Bulevardul Poitiers, Manta Rosie, Iasi, Iasi",63525,1650,1,38.5
1454,"Apartament cu o camera, bloc nou, Tatarasi, 63.580 euro","Strada Aurel Vlaicu, Aviatiei, Iasi, Iasi",63580,1272,1,50
1014,"Apartament 2 camere Bucium , 54 metri, etaj 3 Cod:149978","Soseaua Bucium, Bucium, Iasi, Iasi",63600,1178,2,54
1550,"Apartament 2 camere, Pacurari - Profi","Soseaua Pacurari, Canta, Iasi, Iasi",63600,1200,2,53
3280,"Ap 2 cam D, mutare imediata, acte la zi, Bucium","Soseaua Bucium, Bucium, Iasi, Iasi",63600,1200,2,53
4157,"Apartament cu 2 camere,53 mp, Tudor Neculai-CUG","CUG, Iasi, Iasi",63600,1200,2,53
4510,"BUCIUM, Finalizat, INTABULAT, ap. de bulevard, Apartament 2 camere Dec","Bularga, Iasi, Iasi",63600,1200,2,53
3670,"Apartament 2 camere, Se accepta credit noua casa / ipotecar","Pacurari, Iasi, Iasi",63660,1201,2,53
361,"Proiect nou, 1 camera, in Tatarasi, model decomandat, 50 mp2","Strada Aurel Vlaicu, Aviatiei, Iasi, Iasi",63700,1554,1,41
2154,"FINALIZAT Galata, apartament 2 camere DECOMANDAT + parcare, statie","Galata, Iasi, Iasi",63800,1204,2,53
3046,Finalizat!Apartament 2 camere D Bloc nou Galata statie autobuz,"Podu Ros, Iasi, Iasi",63800,1204,2,53
2319,Apartament 2 camere Decomandat Mobilat si utilat,"Dacia, Iasi, Iasi",63800,1276,2,50
2611,Apartament 1 camera Bloc Nou - Comision 0,"Podu Ros, Iasi, Iasi",63839,1557,1,41
3498,"Apartament 2 camere Alexandru cel Bun, 56mp! Mobilat si Utilat!","Alexandru Cel Bun, Iasi, Iasi",63900,1141,2,56
4414,"2 CAM decomandat, etaj 1, mobilat utilat, bloc nou, parcare, Galata","Mircea cel Batran, Iasi, Iasi",63900,1183,2,54
2586,"Ap 3 camere SD, 51 mp, et 3\/4, curat, Tudor - Gradinari","Strada Gradinari, Tatarasi Sud, Iasi, Iasi",63900,1253,3,51
2192,De vanzare apartament 2 camere 50 mp Podu Ros,"Podu Ros, Iasi, Iasi",63900,1278,2,50
2777,"Exclusivitate!! Mobilat+Utilat, Ideal Chirie, 2 camere Decomandat!","Dacia, Iasi, Iasi",63900,1278,2,50
3651,"AP 2 CAM Galata - Nicolina - mobilat utilat, etaj 1, parcare proprie","Mircea cel Batran, Iasi, Iasi",63900,1278,2,50
4036,"Apartament 3 camere, Dacia, 50mp, CT, izolat","Podu Ros, Iasi, Iasi",63900,1278,3,50
2502,Apartament 3 camere zona Alexandru cel Bun - Rond Zimbru Iasi,"Alexandru Cel Bun, Iasi, Iasi",63900,1304,3,49
2921,Apartament cu doua camere in zona Spliai Bahlui mal drept,"Tesatura, Iasi, Iasi",63900,1360,2,47
2962,"Apartament renovat, doua camere langa Universitatea Gheorghe Asachi","Tesatura, Iasi, Iasi",63900,1360,2,47
3012,"Apartament renovat 2 camere, Podu Ros/Splai Bahlui","Tesatura, Iasi, Iasi",63900,1360,2,47
3242,Apartament cu doua camere in Podu Ros,"Podu Ros, Iasi, Iasi",63900,1360,2,47
4449,"Apartament 2 camere, Alexandru cel Bun, 42mp, CT, AC","Podu Ros, Iasi, Iasi",63900,1521,2,42
1864,"Apartament 1 camera, 40 mp, renovat, bloc 1990, Oancea","Centru, Iasi, Iasi",63900,1598,1,40
2883,Apartament cu 3 camere de vanzare / Tatarasi,"Tatarasi Nord, Iasi, Iasi",64000,970,3,66
2617,"1.000€/mp !! Apartament 3 camere, Tatarasi, 64mp","Podu Ros, Iasi, Iasi",64000,1000,3,64
2194,Podu Ros 3 camere,"Centru, Iasi, Iasi",64000,1032,2,62
681,"Apartament 2 camere Lunca Cetatuii , 58 metri, etaj 1 Cod:143249","Soseaua Nicolina, CUG, Iasi, Iasi",64000,1103,2,58
1129,"Apartament 2 camere Podu Ros , 54 metri, etaj 4 Cod:150312","Podu Ros, Iasi, Iasi",64000,1185,2,54
1429,APARTAMENT 2 CAM ETAJ 2 DIN 4 ZONA PASAPOARTE BLD PRIMAVERII,"Bulevardul Primaverii, Tesatura, Iasi, Iasi",64000,1231,2,52
2731,"Ap 2 cam decomandat, Canta, liber","Podu Ros, Iasi, Iasi",64000,1231,2,52
2888,Vand apartament 2 camere zona Canta,"Centru, Iasi, Iasi",64000,1231,2,52
4403,"Apartament 2 camere, RENOVAT, parter, FARA RISC, Podu Ros","Podu Ros, Iasi, Iasi",64000,1231,2,52
17,Apartament 2 camere Tudor Vladimirescu,"Tudor Vladimirescu, Iasi, Iasi",64000,1255,2,51
182,Apartament 2 Camere Bulevardul Tudor Vladimirescu,"Bulevardul Tudor Vladimirescu, Tudor Vladimirescu, Iasi, Iasi",64000,1255,2,51
567,Apartament 2 camere in zona T. Vladimirescu,"Tudor Vladimirescu, Iasi, Iasi",64000,1255,2,51
1010,"Apartament 2 camere Lunca Cetatuii , 50 metri, etaj 1 Cod:150857","Soseaua Nicolina, CUG, Iasi, Iasi",64000,1280,2,50
2395,Apartament 2 Camere Podu Ros - Cantemir Fara Risc Seismic,"Aleea Rozelor, Podu Ros, Iasi, Iasi",64000,1280,2,50
1495,"Apartament 2 camere, SD, 48 mp, Tatarasi","Strada Vasile Lupu, Tatarasi Sud, Iasi, Iasi",64000,1333,2,48
4266,"Apartament 2 camere, Podu de Fier - Tg. Cucu, 48mp","Podu Ros, Iasi, Iasi",64000,1333,2,48
4412,Apartament 2 camere mobilat si utilat Pacurari Alpha Bank,"Centru, Iasi, Iasi",64000,1362,2,47
1327,"Podu Ros- apartament 2cam, renovat","Tesatura, Iasi, Iasi",64000,1422,2,45
222,"Apartament cu 2 camere, decomandat, 48mp, et 2\/4, Galata","Strada Urechia Vasile A., Galata, Iasi, Iasi",64000,1455,2,44
2851,Etaj 2din4. Apartament 2SD Alexandru-Chimicale.,"Soseaua Nationala, Gara, Iasi, Iasi",64000,1488,2,43
1153,Persoana fizica vând apartament 2 camere,"Alexandru Cel Bun, Iasi, Iasi",64000,1600,2,40
3320,"Apartament nou, FINALIZAT, cu loc de parcare inclus, Tatarasi","Tatarasi Sud, Iasi, Iasi",64000,1641,1,39
3501,"EXCLUSIVITATE, apartament nou, FINALIZAT, cu 1 camera, Tatarasi","Tatarasi Sud, Iasi, Iasi",64000,1641,1,39
3808,"Apartament nou, 1 camera, FINALIZAT, 64 000 euro, cu parcare inclusa","Tatarasi Sud, Iasi, Iasi",64000,1641,1,39
3818,"Apartament nou, 1 camera, 64 000 euro, cu parcare inclusa, Tatarasi","Tatarasi Sud, Iasi, Iasi",64000,1641,1,39
2378,"Apartament 1 camera, Tatarasi Venetia, bloc nou finalizat, loc de parc","Strada Ion Creanga, Tatarasi Nord, Iasi, Iasi",64000,1684,1,38
4065,"Apartament 1 camera, mobilat LUX, BLOC NOU, Kaufland Tatarasi","Tatarasi Sud, Iasi, Iasi",64000,1684,1,38
869,"ADAMANT ECLYPSE, 1 camera decomandat, TIP 1C, 49,3mp","Strada Hlincea, CUG, Iasi, Iasi",64090,1508,1,42.5
4382,"Apartament 1 cam de vanzare,41 mp,Dacia","Strada Sucidava, Dacia, Iasi, Iasi",64235,1567,1,41
2752,Apartament 1 camera Dacia-Canta/ IDEAL PTR INVESTITIE-FINALIZATE,"Dacia, Iasi, Iasi",64235,1647,1,39
3947,PROIECT NOU | apartament 1 camera LA CHEIE | Pacurari - Alpha Bank,"Soseaua Pacurari, Pacurari, Iasi, Iasi",64332,1800,1,35.74
508,Tatarasi-Ateneu-3 Camere Decomandat 72mp-etaj intermediar,"Tatarasi Nord, Iasi, Iasi",64500,896,3,72
4286,"Etaj 3! Apartament 3 camere Alexandru cel Bun, 53mp, CT","Podu Ros, Iasi, Iasi",64500,1217,3,53
4708,"Apartament 2 camere, decomandat, de vanzare, Galata - Voinesti","Soseaua Voinesti, Nicolina 1, Iasi, Iasi",64500,1217,2,53
4103,"Etaj 2! Apartament 2 camere Podu Ros, 52mp, fara risc","Podu Ros, Iasi, Iasi",64500,1240,2,52
669,Podu Ros- 3 camere- etaj intermediar- fara risc,"Podu Ros, Iasi, Iasi",64500,1265,3,51
2335,Exclusivitate. Apartament 2 camere SD. 2din4. P.Ros,"Splai Bahlui Mal Drept, Cantemir, Iasi, Iasi",64500,1290,2,50
505,"Apartament 2 camere Podu Ros , 49 metri, etaj 2 Cod:151058","Podu Ros, Iasi, Iasi",64500,1316,2,49
268,"Apartament 2 camere decomandat, Galata","Podu Ros, Iasi, Iasi",64500,1344,2,48
667,Apartament cu 2 camere decomandat - Galata,"Mircea cel Batran, Iasi, Iasi",64500,1344,2,48
1193,"Etaj 2! Apartament 2 camere Galata, 48mp, CT, AC","Podu Ros, Iasi, Iasi",64500,1344,2,48
1402,Apartament 2 camere Galata decomandat Pers.Fizica,"Centru, Iasi, Iasi",64500,1344,2,48
493,"Apartament 2 camere Galata , 46 metri, etaj 2 Cod:151031","Soseaua Galata, Galata, Iasi, Iasi",64500,1402,2,46
3267,OCAZIE - VAND Apartament 1 camera - zona Statia Padurii,"Strada Profesor Paul Ion, Tatarasi Nord, Iasi, Iasi",64500,1792,1,36
4438,2 CAMERE - COPOU - centrala - langa Facultatea Al. I. CUZA,"Copou, Iasi, Iasi",64500,1843,2,35
3218,"Apartament 1 camera, decomandat, nou, Tatarasi","Aviatiei, Iasi, Iasi",64512,1654,1,39
4338,"Apartamente noi in stil romanesc, 1 camera, Tatarasi Comision 0%","Strada Vasile Lupu, Tatarasi Sud, Iasi, Iasi",64512,1698,1,38
1487,"ADAMANT ECLYPSE, 1 camera decomandat, TIP 1D, 49,7mp","Strada Hlincea, CUG, Iasi, Iasi",64610,1520,1,42.5
242,Investeste in cea ma buna locatie cu autorizatie-1 cam Nicolina:150376,"Strada Petre Tutea, Nicolina 1, Iasi, Iasi",64800,1800,1,36
1184,"Apartament 1 camera, bloc nou NICOLINA Lidl, NU e obligatorie parcarea","Nicolina 2, Iasi, Iasi",64854,1802,1,36
2208,"Apartament nou, 1 camera, decomandat, 64 890 euro, NICOLINA","Nicolina 1, Iasi, Iasi",64890,1803,1,36
3496,"Galata, etaj 3, 2 camere decomandat, bucatarie mare","Mircea cel Batran, Iasi, Iasi",64900,1202,2,54
4321,"Apartament 2 camere, Nicolina, 54mp, CT, pret negociabil","Podu Ros, Iasi, Iasi",64900,1202,2,54
4140,"Etaj 1! Apartament 2 camere, Podu Ros, 53mp, CT","Podu Ros, Iasi, Iasi",64900,1225,2,53
4813,Apartament cu plata in RATE,"Podu Ros, Iasi, Iasi",64900,1248,2,52
2065,"AP. 2 camere, decomandat, etaj 3, 54 mp, bloc 1980","Podu Ros, Iasi, Iasi",64900,1273,2,51
4838,"Apartament 2 camere modern, mobilat, ETAJ 1, BLOC NOU, Visoianu","CUG, Iasi, Iasi",64900,1273,2,51
855,Apartament 3 camere Decomandat. Alexandru Familial. 3din4,"Bulevardul Alexandru cel Bun, Alexandru Cel Bun, Iasi, Iasi",64900,1381,3,47
3588,"Etaj 1! Apartament 2 camere, Gara - Billa, CT, izolat","Podu Ros, Iasi, Iasi",64900,1545,1,42
408,"Ap 2 camere, gradina amenajata, mobilat+utilat, bloc nou","Podu Ros, Iasi, Iasi",64900,1754,2,37
2456,"NOU! Nicolina, OMV, 1 camera, 36mp, SEMICENTRAL","Nicolina 1, Iasi, Iasi",64900,1803,1,36
2484,"Proiect nou, Nicolina bulevard, 1 camera la pret Promotional!","Strada Carpati, Nicolina 2, Iasi, Iasi",64900,1803,1,36
3620,"Apartament 2 camere 46.70 mp, etaj intermediar, zona Bucium","Strada Visan, Bucium, Iasi, Iasi",64913,1390,2,46.7
2320,"Apartament 1 camera 45 mp FINALIZAT, bloc nou Poitiers Towers","Manta Rosie, Iasi, Iasi",64990,1444,1,45
3559,Apartament 3 camre Alexandru,"Centru, Iasi, Iasi",64991,1274,3,51
2967,"Apartament 1 camera, nou, langa padure","Manta Rosie, Iasi, Iasi",64996,1390,1,46.76
4750,Direct Dezvoltator Ap 1 camera Manta Rosie Residence,"Strada Manta Rosie, Frumoasa, Iasi, Iasi",64996,1390,1,46.76
184,"Apartament 2 camere! Etaj 3 din 4, Tatarasi Dispecer","Tatarasi Nord, Iasi, Iasi",64999,1300,2,50
2594,"Apartament 3 camere, Alexandru Cel Bun!","Alexandru Cel Bun, Iasi, Iasi",64999,1300,3,50
1988,Apartament 3 camere Podu Ros,"Podu Ros, Iasi, Iasi",65000,970,3,67
292,2 camere decomandat Nicolina Valea Adanca 60 mp.et.1 Cod:151133,"Strada Petre Tutea, Nicolina 1, Iasi, Iasi",65000,1083,2,60
4115,"2 camere, decomandat, RATE DEZVOLTATOR, mutare imediata, Bucium Visan","Bucium, Iasi, Iasi",65000,1083,2,60
3961,"2 CAMERE decomandat, boxa, parcare, mutare imediata, RATE DEZVOLTATOR","Bucium, Iasi, Iasi",65000,1102,2,59
2219,Bloc Nou Finalizat – Apartament 2 camere – Visan – Bucium,"Bucium, Iasi, Iasi",65000,1115,2,58.3
1840,Tatarasi-Dispecer-3 camere decomandat-etaj 1,"Tatarasi Sud, Iasi, Iasi",65000,1121,3,58
2489,Tatarasi-Dispecer-3 cam. decomandat-etaj 1,"Tatarasi Sud, Iasi, Iasi",65000,1121,3,58
2725,3 camere decomandat-Tatarasi-Dispecer-etaj 1,"Tatarasi Sud, Iasi, Iasi",65000,1121,3,58
3382,"Tudor Vladimirescu, apartament 3 camere, investitie sigura!!!","Bulevardul Tudor Vladimirescu, Tatarasi Nord, Iasi, Iasi",65000,1121,3,58
4617,Podu Ros - Aleea Rozelor apartament 3 camere ideal pentru locuit sau i,"Aleea Rozelor, Podu Ros, Iasi, Iasi",65000,1121,3,58
680,"Apartament 2 camere Cug , 56 metri, etaj parter Cod:143310","Soseaua Nicolina, CUG, Iasi, Iasi",65000,1161,2,56
135,"Apartament 3 camere Dacia , 55 metri, etaj 2 Cod:148624","Bulevardul Dacia, Dacia, Iasi, Iasi",65000,1182,3,55
1009,"Apartament 2 camere etaj intermediar, bloc nou, CUG","Soseaua Nicolina, CUG, Iasi, Iasi",65000,1182,2,55
1077,Apartament 2 camere bloc nou de vanzare zona Nicolina-Providenta,"Podu Ros, Iasi, Iasi",65000,1182,2,55
2873,Apartament 2 camere decomandat - Mircea cel Batran,"Podu Ros, Iasi, Iasi",65000,1182,2,55
3316,"Apartament 3 camere Alexandru cel Bun, 55mp, CT, izolat","Podu Ros, Iasi, Iasi",65000,1182,3,55
4529,Apartament cu doua camere 55mp,"Podu Ros, Iasi, Iasi",65000,1182,2,55
1241,Apartament 2 camere decomandate de vanzare zona Nicolina-Prima Statie,"Nicolina 2, Iasi, Iasi",65000,1204,2,54
2223,Apartament cu 3 camere Decomandate situat in zona Mircea,"Podu Ros, Iasi, Iasi",65000,1204,3,54
2226,Apartament cu 3 camere Decomandate in zona Minerva,"Podu Ros, Iasi, Iasi",65000,1204,3,54
4161,"Podu Ros- ap 2cam, parter cu balcon","Podu Ros, Iasi, Iasi",65000,1204,2,54
39,Apartament cu 3 camere Mircea cel Batran,"Podu Ros, Iasi, Iasi",65000,1226,3,53
1987,Apartament 2 camere de vanzare Podu Ros,"Podu Ros, Iasi, Iasi",65000,1226,2,53
2288,Apartament 2 camere – Decomandat – Bloc Nou Finalizat – Visan – Bucium,"Bucium, Iasi, Iasi",65000,1226,2,53
1126,"Nicolina - Belvedere, 52 mp, Bloc 2016, AC","Soseaua Nicolina, Nicolina 1, Iasi, Iasi",65000,1250,2,52
2624,"2 camere, Galata, Bloc nou","Nicolina 1, Iasi, Iasi",65000,1250,2,52
3662,"Apartament 2 camere decomandat, 52 mp Urban Galata, parcare subterana","Nicolina 1, Iasi, Iasi",65000,1250,2,52
4308,"Podu Ros- Palas- apartament 2 camere, etajul 1","Podu Ros, Iasi, Iasi",65000,1250,2,52
4363,Ap 2 camera D 52mp Bloc nou Parcare inclusa zona Pacurari,"Podu Ros, Iasi, Iasi",65000,1250,2,52
4693,"Apartament cu 2 camere, decomandat, etajul 3\/4, 56mp, Galata","Strada Cerna, Mircea cel Batran, Iasi, Iasi",65000,1250,2,52
2087,Apartament 3 Camere - Alexandru - Dacia,"Podu Ros, Iasi, Iasi",65000,1275,3,51
649,Apartament cu 3 camere,"Centru, Iasi, Iasi",65000,1300,3,50
973,APARTAMENT 2 CAM DEC INTABULAT LIBER 65000 EURO,"Fundatura Otelariei, CUG, Iasi, Iasi",65000,1300,2,50
1075,Apartament 2 camere bloc nou finalizat - Bucium Visan,"Podu Ros, Iasi, Iasi",65000,1300,2,50
1104,"Apartament 2 camere, 50 mp - Alexandru cel Bun","Alexandru Cel Bun, Iasi, Iasi",65000,1300,2,50
1109,"Podu Ros - Centru, apartament 2 camere SD fara risc seismic!","Bulevardul Socola, Podu Ros, Iasi, Iasi",65000,1300,2,50
1167,Apartament 2 camere bloc nou - Bucium Visan,"Podu Ros, Iasi, Iasi",65000,1300,2,50
1201,Apartament 2 camere Cantemir-Podu Ros 65.000 euro,"Bulevardul Nicolae Iorga, Podu Ros, Iasi, Iasi",65000,1300,2,50
1646,Apartament 2 camere decomandat Tatarasi Flora,"Strada Vasile Lupu, Tatarasi Sud, Iasi, Iasi",65000,1300,2,50
1995,"Etaj 1! Apartament 2 camere, Tatarasi, 50mp, CT, fara risc","Podu Ros, Iasi, Iasi",65000,1300,2,50
1999,"Apartament 2 camere, 50 mp, Pacurari-Kaufland! Mobilat,utilat!","Pacurari, Iasi, Iasi",65000,1300,2,50
2215,"Apartament cu 3 camere, decomandat, 52mp, Alexandru cel Bun","Soseaua Nationala, Alexandru Cel Bun, Iasi, Iasi",65000,1300,3,50
2295,"Apartament 2 camere , Fara Risc - Tatarasi - Flora","Podu Ros, Iasi, Iasi",65000,1300,2,50
2989,"Ap. 2 camere, 50 mp, etaj intermediar, Tatarasi","Podu Ros, Iasi, Iasi",65000,1300,2,50
3782,"Apartament 2 camere, decomandat, 50mp, Pacurari - Staer","Soseaua Pacurari, Pacurari, Iasi, Iasi",65000,1300,2,50
3987,"Apartament 2 camere, DECOMANDAT, mobilat ,etajul 2, Galata Lidl","Mircea cel Batran, Iasi, Iasi",65000,1300,2,50
4372,"Etaj 3! Apartament 2 camere Podu Ros, 50mp, CT","Podu Ros, Iasi, Iasi",65000,1300,2,50
4509,"Apartament 2 camere Pacurari, 50mp, CT, AC, izolat, BOXA","Podu Ros, Iasi, Iasi",65000,1300,2,50
922,Apartament 2 camere Podu Ros-Cantemir 65.000 euro,"Centru, Iasi, Iasi",65000,1327,2,49
2698,Apartament 2 camere Cantemir 65.000 euro!,"Aleea Rozelor, Podu Ros, Iasi, Iasi",65000,1327,2,49
53,"Apartament 2 camere Podu Ros , 48 metri, etaj parter Cod:151157","Podu Ros, Iasi, Iasi",65000,1354,2,48
238,"2 camere Pepinierei,48 mp,parter cu balcon,boxa si parcare Cod:147630","Strada Petre Tutea, Nicolina 1, Iasi, Iasi",65000,1354,2,48
818,"2 cam open space finalizat si intabulat 48 mp,Pepinierei Cod:147630","Strada Petre Tutea, Nicolina 1, Iasi, Iasi",65000,1354,2,48
1221,"Ap. 2 camere open space,str. Pepinierei,cu boxa si parcare Cod:147630","Strada Petre Tutea, Nicolina 1, Iasi, Iasi",65000,1354,2,48
1803,"Apartament in Tatarasi Flora, 2 camere, 51mp, fara risc seismic","Strada Vasile Lupu, Tatarasi Sud, Iasi, Iasi",65000,1354,2,48
3477,"Apartament 2 cam, decomandat, de vanzare in zona Tatarasi - Dispecer","Strada Vasile Lupu, Tatarasi Sud, Iasi, Iasi",65000,1354,2,48
2252,"Etaj 3! Apartament 2 camere Galata, 47mp, CT","Podu Ros, Iasi, Iasi",65000,1383,2,47
1012,"Apartament 2 camere Galata , 46 metri, etaj 2 Cod:151031","Soseaua Galata, Galata, Iasi, Iasi",65000,1413,2,46
800,"FINALIZAT, Apartament 1 camera 45 mp, etaj 6, bloc nou Poitiers Towers","Bulevardul Poitiers, Manta Rosie, Iasi, Iasi",65000,1444,1,45
2290,"Apartament 2 camere decomandat, Galata","Podu Ros, Iasi, Iasi",65000,1444,2,45
2348,Apartament 2 camere Modern Mircea cel Batran,"Strada Petru Schiopu, Galata, Iasi, Iasi",65000,1444,2,45
2974,"Apartament 2 camere, mobilat, ETAJ 1, bloc 2004, Tudor Vladimirescu","Tudor Vladimirescu, Iasi, Iasi",65000,1477,2,44
648,Apartament nou 2 camere - FINALIZAT - Mutare imediata - CUG,"CUG, Iasi, Iasi",65000,1548,2,42
1668,APARTAMENT 2 CAMERE DEC ALEXANDRU PIATA,"Piata Voievozilor, Alexandru Cel Bun, Iasi, Iasi",65000,1548,2,42
3475,Ultimele apartamente! Ap1Cam Decomandat Poitiers - Continental,"Strada Mihail Sturdza, Manta Rosie, Iasi, Iasi",65000,1548,1,42
4174,"Apartament 1 camera, Mutare 2023 Bloc Nou!","Bulevardul Poitiers, Manta Rosie, Iasi, Iasi",65000,1548,1,42
2100,"Apartament 2 camere 41 mp, semidecomandat, Pacurari","Soseaua Pacurari, Pacurari, Iasi, Iasi",65000,1585,2,41
2114,Schimb apartament 2cam=>3cam,"Alexandru Cel Bun, Iasi, Iasi",65000,1585,2,41
609,1 camera decomandat Gara 40 mp et.3 mobilat bloc 1988 Cod:150556,"Strada Garii, Gara, Iasi, Iasi",65000,1625,1,40
1794,"APT 2 camere, decomandat - Zona Alexandru cel Bun","Alexandru Cel Bun, Iasi, Iasi",65000,1625,2,40
3231,"Pacurari - apartament cu 2 camere, bloc nou, loc de parcare","Soseaua Pacurari, Pacurari, Iasi, Iasi",65000,1625,2,40
3843,"Apartament 2 camere open-space, mobilat, BLOC NOU, Nicolina","Nicolina 1, Iasi, Iasi",65000,1757,2,37
3925,"Dezvoltator: Ap. 1 Cameră TIP 1, 41,42 m2, Păcurari, Ideal investiții","Podu Ros, Iasi, Iasi",65237,1575,1,41.42
88,"Apartament cu 3 camere in bloc fara risc seismic, in Bucsinescu-Tudor","Centru, Iasi, Iasi",65500,1056,3,62
1616,"Apartament 2 camere mobilat si utilat, etaj 1 intermediar","Soseaua Iasi-Voinesti, Galata, Iasi, Iasi",65500,1092,2,60
4706,"Podu Ros - Palas, apartament 2 camere renovat, bloc fara risc!","Bulevardul Tutora, Tesatura, Iasi, Iasi",65500,1260,2,52
2027,"Apartament 2 camere, Podu Ros - Tutora","Podu Ros, Iasi, Iasi",65500,1310,2,50
2033,Vanzare apartament 2 camere - Podu Ros,"Podu Ros, Iasi, Iasi",65500,1310,2,50
4540,Podu Ros - Palas Mall,"Podu Ros, Iasi, Iasi",65500,1310,2,50
4700,Podu Ros- Palas- Facultati -apartament 2camere,"Podu Ros, Iasi, Iasi",65500,1310,2,50
3432,Apartament Studio Pacurari- Canta,"Strada Canta, Canta, Iasi, Iasi",65500,1638,1,40
2477,"Etaj 1! Apartament 1 camera Moara de Vant-Podu de Fier, loc parcare","Podu Ros, Iasi, Iasi",65500,1770,1,37
1601,"Apartament 1 camera Moara de Vant mobilat, utilat","Strada Mironescu, Moara de Vant, Iasi, Iasi",65500,1819,1,36
3298,"Garsoniera 33 mp, Moara de Vant","Stradela Moara de Vant, Moara de Vant, Iasi, Iasi",65500,1985,1,33
4441,"Apartament cu 2 camere,decomandat, Aleea Tudor Neculai-CUG","CUG, Iasi, Iasi",65521,1325,2,49.45
4612,Apartament 1 camera bloc nou Pacurari - concept inovativ high-end!!,"Pacurari, Iasi, Iasi",65573,1772,1,37
1695,NOU PLATOU GALATA APARTAMENT 2 CAMERE 57MP,"Strada Podisului, Galata, Iasi, Iasi",65600,1151,2,57
3663,"Apartament 2 camere decomandat, bloc nou GALATA, statie autobuz 23","Nicolina 1, Iasi, Iasi",65600,1238,2,53
4202,"Apartament 2 camere , Pacurari, Kaufland","Pacurari, Iasi, Iasi",65700,1528,2,43
3538,"Garsoniera noua de 46 mp, balcon, zona Nicolina","Aleea Tudor Neculai, CUG, Iasi, Iasi",65780,1430,1,46
3826,"Start Vanzari! Bloc Nou Nicolina, Ap. 1cam 46Mp Comision 0%","Strada Razoarelor, Nicolina 2, Iasi, Iasi",65780,1430,1,46
1382,"Ap 2 camere decomandat, 50 mp et 2/3, bloc nou - zona Expo Mobila","Podu Ros, Iasi, Iasi",65800,1316,2,50
1919,Apartament 2 camere Nicolina Prima statie 54 mp,"Podu Ros, Iasi, Iasi",65900,1220,2,54
2427,Apartament 2 camere Decomandat - Nicolina,"Podu Ros, Iasi, Iasi",65900,1220,2,54
2942,"Apartament 2 camere, DECOMANDAT, 52 mp, bloc 1980, Canta","Canta, Iasi, Iasi",65900,1267,2,52
1480,"Apartament 2 camere, Podu Ros - Splai Bahlui - vis-a-vis de Facultatea","Podu Ros, Iasi, Iasi",65900,1318,2,50
4041,"Etaj 3! Apartament 2 camere Podu Ros, 50mp, CT, fara risc","Podu Ros, Iasi, Iasi",65900,1318,2,50
671,Podu Ros- 2 camere- renovat- etaj intermediar- fara risc,"Podu Ros, Iasi, Iasi",65900,1402,2,47
1212,Apartament 2 camere Valea Lupului,"Centru, Iasi, Iasi",65900,1433,2,46
2862,"Apartament 1 camera, Billa - Gara, 40mp","Podu Ros, Iasi, Iasi",65900,1648,1,40
3437,Cel mai mic PRET DIN COPOU! Apartament cu 2 camere pentru investitori,"Copou, Iasi, Iasi",65985,1571,2,42
3285,"Apartament 1 camera cu gradina proprie, Valea Lupului, Iasi","Pacurari, Iasi, Iasi",65998,1692,1,39
2174,"Apartament 2 camere, 52 mp, PODU ROS","Bulevardul Tutora, Tesatura, Iasi, Iasi",65999,1269,2,52
40,BUCIUM APARTAMENT 2 CAMERE 60MP,"Bulevardul Tudor Vladimirescu, Tudor Vladimirescu, Iasi, Iasi",66000,1100,2,60
3640,Apartament 2 cam. -60 mp- Excentric Apartments - Rate la Dezvoltator,"Centru, Iasi, Iasi",66000,1100,2,60
3788,"Apartament nou, 2 camere, 66 000 euro,etaj intermediar, Bucium - Visan","Bucium, Iasi, Iasi",66000,1100,2,60
3921,"Apartament nou, 2 camere, etaj 1, 60 mp, 66 000 euro, Bucium - Visan","Bucium, Iasi, Iasi",66000,1100,2,60
4092,"Apartament nou, 2 camere, 60 mp, 66 000 euro, etaj 1, Bucium - Visan","Bucium, Iasi, Iasi",66000,1100,2,60
4136,"Apartament 2 camere Tatarasi, 60mp, CT, AC, izolat","Podu Ros, Iasi, Iasi",66000,1100,2,60
3096,"Apartament cu 3 camere, decomandat, 62mp, Galata","Strada Petru Schiopu, Galata, Iasi, Iasi",66000,1119,3,59
1482,"Apartament decomandat, 3 camere, Tătărași","Centru, Iasi, Iasi",66000,1158,3,57
3232,"Galata - Oxygen, apartament cu 3 camere renovat","Calea Galata, Galata, Iasi, Iasi",66000,1158,3,57
396,"Apartament 3 camere SD, Mircea cel batran de Vanzare","Centru, Iasi, Iasi",66000,1200,3,55
3572,"Apartament 2 cam, decomandat de vanzare in zona Tatarasi - Ateneu","Strada Dudescu, Tatarasi Nord, Iasi, Iasi",66000,1200,2,55
3859,"The View, pret Promotional 2 camere Bloc NOU","Strada Tabacului, Dacia, Iasi, Iasi",66000,1200,2,55
929,"Apartament 2 camere Mircea cel Batran , 54 metri, etaj 6 Cod:149872","Strada Mircea cel Batran, Mircea cel Batran, Iasi, Iasi",66000,1222,2,54
2004,"Apartament 2 camere decomandat , zona Canta 52 mp!","Canta, Iasi, Iasi",66000,1269,2,52
2155,APARTAMENT 2 CAMERE -PODU ROS-ETAJUL 2,"Tesatura, Iasi, Iasi",66000,1320,2,50
231,"Apartament 2 camere Dacia , 48 metri, etaj parter Cod:151140","Bulevardul Dacia, Dacia, Iasi, Iasi",66000,1375,2,48
1189,"Apartament 2 camere Galata , 48 metri, etaj 2 Cod:150949","Soseaua Galata, Galata, Iasi, Iasi",66000,1375,2,48
1556,Apartament 2 camere Granit,"Tudor Vladimirescu, Iasi, Iasi",66000,1404,2,47
3201,"Apartament cu 2 camere, decomandat, et 3\/4, Galata","Strada Cerna, Mircea cel Batran, Iasi, Iasi",66000,1467,2,45
1743,Apartament 2 Camere 2 Balcoane - Bloc Nou - Tatarasi - Spitalul,"Podu Ros, Iasi, Iasi",66000,1610,2,41
4415,Apartament cu 2 camere in Copou,"Podu Ros, Iasi, Iasi",66000,1650,2,40
826,Apartament 1 camera de vanzare Pacurari,"Pacurari, Iasi, Iasi",66000,1784,1,37
2875,Apartament 2 camere de vanzare Canta,"Canta, Iasi, Iasi",66000,1941,2,34
2151,"Aparatment cu 2 camere, bloc finalizat, Frumasa","Iasi, Iasi",66094,1377,2,48
3456,"Apartamente noi, 2 camere decomandat, Fromoasa - Poitiers","Strada Graniceri, Frumoasa, Iasi, Iasi",66094,1377,2,48
3054,"Apartament 2 camere, bloc nou, langa padure","Manta Rosie, Iasi, Iasi",66094,1390,2,47.55
4749,Ap2 camere Manta Rosie Residence,"Strada Manta Rosie, Frumoasa, Iasi, Iasi",66094,1390,1,47.55
3680,"Proiect NOU, Tatarasi langa parc, 2 camere","Strada Parcului, Tatarasi Sud, Iasi, Iasi",66150,1350,2,49
199,"Finisaje premium: 1 Cameră TIP 3, 42 m2, Grădinița Paradis","Pacurari, Iasi, Iasi",66166,1575,1,42
3937,"Dezvoltator: Ap. 1 Cameră TIP 3, 42 m2, Păcurari, Grădinița Paradis","Podu Ros, Iasi, Iasi",66166,1575,1,42
4806,"Dezvoltator Apartament Deosebit 1 Cameră TIP 1, 42 m2, Păcurari","Podu Ros, Iasi, Iasi",66166,1575,1,42
3288,"Apartament 1 camera, decomandat, cartier Pacurari","Pacurari, Iasi, Iasi",66166,1780,1,37.17
4131,Apartament 2 Camere Panoramic Residence Valea Adâncă PROPRIETAR,"Centru, Iasi, Iasi",66200,1324,2,50
2664,"Ap 2 Camere,Dec, Bloc Nou,incalzire pardoseala,AC, Tudor Neculai, 53mp","CUG, Iasi, Iasi",66250,1250,2,53
3507,"Proiect Nou Deosebit, ap2 cam Bld. Rosetti","Strada Movilei, Ticau, Iasi, Iasi",66300,1300,2,51
4114,"Comision 0%!Apart 2 camere,50 mp,Pacurari Rediu cu gradina si parcare!","Pacurari, Iasi, Iasi",66400,1355,2,49
850,Tudor Center-apartament 3 camere-etaj 2-renovat,"Tatarasi Sud, Iasi, Iasi",66500,1108,3,60
3315,"Apartament 2 camere, DECOMANDAT, 58mp, mobilat, BLOC NOU, Galata","Mircea cel Batran, Iasi, Iasi",66500,1147,2,58
925,Tatarasi-Tudor Center-apartament 3 camere-etaj 2-renovat,"Tatarasi Sud, Iasi, Iasi",66500,1167,3,57
1666,"AP 2 CAM DEC ETAJ 1 PLATOU GALATA , MUTARE IMEDTATA 67","Soseaua Iasi-Voinesti, Galata, Iasi, Iasi",66500,1255,2,53
4797,"Apartament cu 2 camere, decomandat, 55mp, Alexandru cel bun","Bulevardul Alexandru cel Bun, Alexandru Cel Bun, Iasi, Iasi",66500,1304,2,51
3377,"Apartament 2 camere, Podu Ros, 50mp, etaj 2, CT, fara risc","Podu Ros, Iasi, Iasi",66500,1330,2,50
3797,"Apartament 2 camere, 50 mp, Pacurari","Soseaua Pacurari, Pacurari, Iasi, Iasi",66500,1330,2,50
4231,"Apartament 2 camere, Podu Ros, 50mp, izolat, fara risc, CT","Podu Ros, Iasi, Iasi",66500,1330,2,50
4677,"Apartament cu 3 camere, decomandat, et 3\/4, Centrala, Alexandru cel","Strada Musatini, Alexandru Cel Bun, Iasi, Iasi",66500,1415,3,47
2289,Apartament 2 camere - Galata Biserica Galbena,"Podu Ros, Iasi, Iasi",66500,1478,2,45
1716,"Apartament cu o camera, 40 mp, Pacurari, 66.500 euro","Strada Strapungerea Silvestru, Gara, Iasi, Iasi",66500,1663,1,40
2675,Apartament 1 camera Centru - Profesor Paul,"Centru, Iasi, Iasi",66500,1750,1,38
863,"Ap 1 camera decomandat, 36.5 mp, et 1, mobilat si utilat-Little Texas","Podu Ros, Iasi, Iasi",66500,2015,1,33
875,Apartament 1 camera Decomandat - Moara de Vant,"Podu Ros, Iasi, Iasi",66500,2015,1,33
4756,PROPRIETAR - garsoniera - complet mobilata / utilata,"Centru, Iasi, Iasi",66500,2015,1,33
785,"Apartament nou cu 2 camere, model decomandat, finalizat , zona Bucium","Bucium, Iasi, Iasi",66700,1150,2,58
1211,Apartament 2 camere -decomandat - Bucium,"Strada Petre Buzatov, Bucium, Iasi, Iasi",66700,1150,2,58
1493,"Ap 2 camere, 58 mp , Decomandat, et 1, Bucium Visan, Finisaje Premium","Bucium, Iasi, Iasi",66700,1150,2,58
239,"Apartament 2 camere Bucium finalizat, 53 mp, etaj 1 Cod:149257","Soseaua Bucium, Bucium, Iasi, Iasi",66750,1259,2,53
615,"Apartament 2 camere Bucium , 53 metri, etaj 1 Cod:149257","Soseaua Bucium, Bucium, Iasi, Iasi",66750,1259,2,53
2839,Apartament cu doua camere,"Podu Ros, Iasi, Iasi",66800,982,2,68
328,"Apartament 2 camere Mircea cel Batran , 54 metri, etaj 6 Cod:151132","Strada Mircea cel Batran, Mircea cel Batran, Iasi, Iasi",66800,1237,2,54
2881,2 camere / Tatarasi,"Tatarasi Nord, Iasi, Iasi",66800,1336,2,50
4442,"Apartament cu 2 camere,decomandat, Aleea Tudor Neculai-CUG","CUG, Iasi, Iasi",66846,1325,2,50.45
3898,"Proiect Nou, Apartament 2 camere - Galata","Soseaua Voinesti, Nicolina 1, Iasi, Iasi",66847,1096,2,61
3897,"Ap 2 camere Valea Adanca , bloc nou intabulat","CUG, Iasi, Iasi",66875,1238,2,54
2353,"Vânzare - Apartament 3 camere, cartier Alexandru cel Bun","Piata Voievozilor, Alexandru Cel Bun, Iasi, Iasi",66900,1006,3,66.52
3078,"Apartament 2 camere, 63 mp, MODERN, mobilat, BLOC NOU, Visoianu","CUG, Iasi, Iasi",66900,1097,2,61
3906,"Apartament 2 camere, DECOMANDAT, BLOC NOU, ETAJ 2, Galata","Mircea cel Batran, Iasi, Iasi",66900,1262,2,53
2235,"Apart 3 camere, amenajat, partial mobilat","Podu Ros, Iasi, Iasi",66900,1287,3,52
2504,"3 camere, Gradinari Metalurgie Iulius Mall Tudor","Tatarasi Sud, Iasi, Iasi",66900,1287,3,52
3945,"Apartament 2 camere Podu Ros, 52mp, CT, izolat, mobilat+utilat","Podu Ros, Iasi, Iasi",66900,1287,2,52
3872,"Apartament NOU 2 camere, DECOMANDAT, ETAJ 1, BLOC NOU, Capat Cug","CUG, Iasi, Iasi",66900,1312,2,51
3698,"Apartament 2 camere Alexandru cel Bun, 48mp, CT, decomandat","Podu Ros, Iasi, Iasi",66900,1394,2,48
1684,"Apartament 1 camera decomandat ,46mp Tatarasi Sud","Strada Vasile Lupu, Tatarasi Sud, Iasi, Iasi",66900,1454,1,46
111,"AP 2 CAM TATARASI, NOU, LUX","Strada Aurel Vlaicu, Aviatiei, Iasi, Iasi",66900,1487,2,45
1655,"AP 1 CAM TATARASI, NOU, LUX","Strada Aurel Vlaicu, Aviatiei, Iasi, Iasi",66900,1487,1,45
2815,"Garsoniera spatioada noua de 41 mp, zona Canta","Strada Luca Arbore, Canta, Iasi, Iasi",66908,1632,1,41
3433,Podu Ros - Palas Mall- Facultati-apartament 2 camere,"Podu Ros, Iasi, Iasi",66950,1339,2,50
4497,"Ap 2cam-44,8mp-NOU -Nicolina-Frumoasa Poitiers Towers","Bulevardul Poitiers, Manta Rosie, Iasi, Iasi",66960,1495,2,44.8
4835,"OCAZIE AP 2CAM OPEN SPACE BLOC NOU FINALIZAT 44,8 MP - POITIERS TOWERS","Bulevardul Poitiers, Manta Rosie, Iasi, Iasi",66960,1495,1,44.8
2082,"Apartament nou cu 2 camere , zona Galata","Mircea cel Batran, Iasi, Iasi",66990,1264,2,53
2532,"Ap 2 cam, Bloc Nou, Decomandat,et 3, 53 mp, statie, zona Platou Galata","Mircea cel Batran, Iasi, Iasi",66990,1425,2,47
1573,Apartament Iasi Primaverii-Podul Rosu,"Centru, Iasi, Iasi",66990,1489,2,45
1917,OCAZIE Pacurari Ap 2 cam 64 mp -67000 Eur,"Pacurari, Iasi, Iasi",67000,1047,2,64
2126,Apartament 3 Camere - Etaj Intermediar - Tatarasi - Tudor Center,"Podu Ros, Iasi, Iasi",67000,1047,3,64
740,Apartament 3 camere Tatarasi,"Tatarasi Sud, Iasi, Iasi",67000,1117,3,60
1622,"Apartament 2 camere decomandat, ETAJ 1 , rezidential Valea Lupului","Soseaua Pacurari, Pacurari, Iasi, Iasi",67000,1136,2,59
712,Etaj 2-Tatarasi-Tudor Center-3 Camere Confort 1-Renovat,"Tatarasi Sud, Iasi, Iasi",67000,1155,3,58
117,Apartament 2 camere Decomandat. parter inalt 55 mp,"Bulevardul Dacia, Dacia, Iasi, Iasi",67000,1218,2,55
1112,Apartament Cug Providența,"Centru, Iasi, Iasi",67000,1218,2,55
4528,"Apartament 2 camere, Galata, 54mp, CT, izolat","Podu Ros, Iasi, Iasi",67000,1241,2,54
666,Etaj 1- Baza 3- 3 camere - bloc fara risc seismic,"Baza 3, Iasi, Iasi",67000,1264,3,53
1854,"Ap 2 camere, BLOC NOU , zona Bucium , 53 mp, statie, et 1, PREMIUM","Bucium, Iasi, Iasi",67000,1288,2,52
2633,Apartament 2 camere Splai Bahlui 67.000 euro!,"Splaiul Bahlui Mal Drept, Tesatura, Iasi, Iasi",67000,1288,2,52
3014,"Apartament 2 camere, decomandat, 52mp, bloc nou, intabulat, PACURARI","Soseaua Pacurari, Pacurari, Iasi, Iasi",67000,1288,2,52
853,"Apartament 2 camere Cug , 50 metri, etaj 2 Cod:149547","Soseaua Nicolina, CUG, Iasi, Iasi",67000,1340,2,50
2239,Apartament cu doua camere dec,"Podu Ros, Iasi, Iasi",67000,1340,2,50
3120,"Podu Ros - Aleea Rozelor, apartament 3 camere renovat!","Strada Nicolina, Podu Ros, Iasi, Iasi",67000,1340,3,50
3243,"De vanzare :2 camere ,BLOC NOU, zona Bucium Visan, 50MP+130 Gradina MP","Bucium, Iasi, Iasi",67000,1340,2,50
4349,"Apartament 2 camere, DECOMANDAT, ETAJ 2, bloc 1980, Iulius Mall","Tudor Vladimirescu, Iasi, Iasi",67000,1340,2,50
4861,Apartament 2 camere Podu Ros! Etaj 3/4 semi-mobilat !,"Tesatura, Iasi, Iasi",67000,1340,2,50
230,"Apartament 2 camere Galata , 48 metri, etaj 3 Cod:150447","Soseaua Galata, Galata, Iasi, Iasi",67000,1396,2,48
1341,"Oferta! Ap. 2 camere decomandat, 53 mp, bloc nou, Platou Galata","Podu Ros, Iasi, Iasi",67000,1396,2,48
2503,"Ap 2 camere decomandat, etaj 3, Galata, liber","Mircea cel Batran, Iasi, Iasi",67000,1396,2,48
3097,"Apartament cu 2 camere, decomandat, mobilat, Galata","Strada Petru Schiopu, Galata, Iasi, Iasi",67000,1396,2,48
4221,"Etaj 3! Apartament 3 camere, Alexandru cel Bun, CT","Podu Ros, Iasi, Iasi",67000,1396,3,48
24,Galata - 2 camere decomandat - in apropierea Spitalului de Recuperare,"Galata, Iasi, Iasi",67000,1426,2,47
410,"Apart 2 cam decomandat, Galata, la strada, etaj 3","Galata, Iasi, Iasi",67000,1426,2,47
2637,Apartament 2 camere decomandat - Galata,"Podu Ros, Iasi, Iasi",67000,1426,2,47
4260,"Apartament 2 camere Nicolina, decomandat, renovat 2022","Nicolina 1, Iasi, Iasi",67000,1426,2,47
4703,"Apartamente noi in stil romanesc, 1 camera, Tatarasi Comision 0%","Strada Vasile Lupu, Tatarasi Sud, Iasi, Iasi",67000,1457,1,46
2691,"Apartament 2 camere, Etaj 1, Bloc nou, Tatarasi - Gata de mutare !","Tatarasi Nord, Iasi, Iasi",67000,1523,2,44
63,Apartament 1 camera,"Centru, Iasi, Iasi",67000,1558,1,43
3383,"Etaj 1! Apartament 2 camere SD Tatarasi, bloc 2004, CT","Podu Ros, Iasi, Iasi",67000,1558,2,43
1455,"Apartament 1 camera, decomandat ,41 mp, POITIERS","Bulevardul Poitiers, Manta Rosie, Iasi, Iasi",67000,1634,1,41
2817,"Apartament 1 camera, LUX, 60 mp, Platou Galata, Intabulat, Statie","Mircea cel Batran, Iasi, Iasi",67000,1675,1,40
2818,"Mini-Penthouse de LUX, 60mp, BLOC NOU 2023, Galata-Nicolina Belvedere","Mircea cel Batran, Iasi, Iasi",67000,1675,2,40
1570,Studio de vanzare in zona Podul de Fier - Moara de Vant,"Strada Spital Pascanu, Moara de Vant, Iasi, Iasi",67000,2161,1,31
845,"PF Vand apartament tip studio, bloc nou, loc de parcare inclus","Moara de Vant, Iasi, Iasi",67000,2233,1,30
1627,"PF Vand apartament tip studio, bloc nou, loc parcare, Moara de Vant","Centru, Iasi, Iasi",67000,2233,1,30
3982,"Apartament 2 camere, priveliste spre Lac, Moara de Vant","Moara de Vant, Iasi, Iasi",67050,1500,2,44.7
1598,"AP NOU 2 CAM, LOC DE PARCARE, PLATOU GALATA","Soseaua Galata, Galata, Iasi, Iasi",67100,1398,2,48
2548,"Apartament in cartier inedit, 1 camera, Frumoasa, Iasi","Frumoasa, Iasi, Iasi",67185,1431,1,46.95
3086,Apartament 3 Camere - Curte 120mp - Parcare,"Podu Ros, Iasi, Iasi",67200,1139,3,59
629,Apartament FINALIZAT 46mp Complex Rezidential zona Tatarasi - Kaufland,"Tatarasi Sud, Iasi, Iasi",67200,1461,1,46
3401,Ultimele disponibilitati! Ap 1 cam 46Mp Evergreen Towers,"Strada Aviatiei, Aviatiei, Iasi, Iasi",67200,1461,1,46
3211,"Apartament 1 camera, decomandat, nou, ideal investitie, Tatarasi","Aviatiei, Iasi, Iasi",67200,1723,1,39
490,"Apartament cu 1 cameră, 56.70 mp","Strada Diminetii, Frumoasa, Iasi, Iasi",67218,1432,2,46.95
2182,"Garsoniera, 46.95mp , etaj intermediar, zona Frumoasa","Strada Diminetii, Frumoasa, Iasi, Iasi",67219,1461,1,46
1984,"Ansamblu Diminetii, Apartamente 1 camera, Pret Promotional!","Bulevardul Poitiers, Frumoasa, Iasi, Iasi",67220,1430,1,47
3592,"Garsoniera spatioasa noua de 41 mp, zona Canta","Strada Luca Arbore, Canta, Iasi, Iasi",67287,1641,1,41
2261,"Tatarasi, apartament spatios, decomandat, bloc nou","Tatarasi Sud, Iasi, Iasi",67459,1349,1,50
2816,"Apartament 2 camere, 49.97 mp, zona Tatarasi Sud","Strada Ciurchi, Tatarasi Sud, Iasi, Iasi",67460,1350,2,49.97
4631,"Apartament 2 cam, open space de vanzare in zona Bucium - Bellaria","Strada Visan, Bucium, Iasi, Iasi",67500,900,2,75
4413,"Apartament 2 camere Dancu - Tatarasi, 67mp, CT, AC","Podu Ros, Iasi, Iasi",67500,1007,2,67
1837,"2 cam 65mp, parter + gradina, bloc nou, mutare imediata - capat CUG","CUG, Iasi, Iasi",67500,1038,2,65
2592,"Etaj 1! Apartament 3 camere Tatarasi, 60mp, mobilat + utilat","Podu Ros, Iasi, Iasi",67500,1125,3,60
3895,"Apartament 3 camere, Podu Ros, 60mp, CT, izolat, pret neg","Podu Ros, Iasi, Iasi",67500,1125,3,60
1039,Apartament 2 camere - Model spatios - Mobilat/Utilat - Bucium,"Bucium, Iasi, Iasi",67500,1144,2,59
2455,"67500euro! Apartament cu 3 camere la pret de 2, et1/4, Tatarasi!","Strada Mosu, Tatarasi Sud, Iasi, Iasi",67500,1227,3,55
1508,"2 CAM 54mp, etaj 2, mobilat utilat, parcare, boxa, zona Poitiers","Frumoasa, Iasi, Iasi",67500,1250,2,54
843,"Oferta 2 camere decomadat , 52mp, Tatarasi , boc nou","Strada Ciric, Aviatiei, Iasi, Iasi",67500,1298,2,52
551,Apartament 2 camere - Visoianu,"Podu Ros, Iasi, Iasi",67500,1324,2,51
2005,"Apartament 2 camere, Pacurari 50 mp! Mobilat,utilat!","Pacurari, Iasi, Iasi",67500,1350,2,50
3679,"Proiect NOU, 2 camere Decomandat, Tatarasi","Strada Ciurchi, Tatarasi Sud, Iasi, Iasi",67500,1350,2,50
4253,"Apartamente de vanzare, 2 camere, bloc nou, zona CUG COMISION 0%","Aleea Tudor Neculai, CUG, Iasi, Iasi",67500,1350,2,50
228,"Apartament 3 camere Tatarasi , 47 metri, etaj 3 Cod:150027","Strada Tatarasi, Tatarasi Nord, Iasi, Iasi",67500,1436,3,47
2730,Apartament de vanzare 2 camere Copou - Universitate,"Strada Titu Maiorescu, Copou, Iasi, Iasi",67500,1776,2,38
1473,"Apartament 2 Cam., Finalizat, Mobilat, Arcadia- Bucium. Comision 0%","Strada Ioan Ganju, Bucium, Iasi, Iasi",67550,1077,2,62.7
585,"Apartament o camera decomandat,Podu Ros,la 5 minute de Palas","Tesatura, Iasi, Iasi",67725,1693,1,40
2953,"Apartament 2 camere, bloc nou, langa padure","Manta Rosie, Iasi, Iasi",67734,1390,2,48.73
3065,"Proiect nou Tatarasi - Kaufland, ap.2 camere parcare inclusa!!","Strada Aurel Vlaicu, Aviatiei, Iasi, Iasi",67860,1444,2,47
4665,"Apartament 3 camere, Open-space, 65 mp, BLOC NOU, Pepinierii","CUG, Iasi, Iasi",67900,1045,3,65
4090,"Etaj 2! Apartament 2 camere, Pacurari, 62mp, imobil 2021","Podu Ros, Iasi, Iasi",67900,1095,2,62
99,"Tudor Vladimirescu, apartament 2 camere circular, etaj intermediar","Tudor Vladimirescu, Iasi, Iasi",67900,1306,2,52
3886,"Apartament 2 camere, mobilat si utilat, fara risc, Tudor Vladimirescu","Tudor Vladimirescu, Iasi, Iasi",67900,1306,2,52
3811,"Apartament 2 camere, Dacia, 51mp, CT, izolat","Podu Ros, Iasi, Iasi",67900,1331,2,51
4226,Apartament 2 camere DECOMANDAT ! FRUMOASA 50mp parter ELIBERARE RAPIDA,"Iasi, Iasi",67900,1358,2,50
131,"Apartament 2 camere open-space, mobilat, BLOC NOU, Tatarasi","Tatarasi Sud, Iasi, Iasi",67900,1579,2,43
2487,"Apartament 1 camera, DECOMANDAT, PROIECT NOU, Nicolina Lidl","Nicolina 1, Iasi, Iasi",67900,1787,1,38
3566,"POZE REALE! FINALIZAT Apartament 2 camere, 57 mp, parcare, autobuz","Galata, Iasi, Iasi",67960,1192,2,57
2931,"Apartament 2 camere dec, geam baie, statie autobuz, langa Kaufland!","Galata, Iasi, Iasi",67990,1236,2,55
4081,OCAZIE LUX ! 68000 € - CAPAT CUG - BL1 991 - 3 C D - Total renovat,"Podu Ros, Iasi, Iasi",68000,773,3,88
1289,"Apartament cu 3 camere, etaj 2, Valea Lupului","Podu Ros, Iasi, Iasi",68000,872,3,78
3940,"Apartament 3 camere Alexandru cel Bun, 78mp, CT, mobilat + utilat","Podu Ros, Iasi, Iasi",68000,872,3,78
4325,"Etaj 2! Apartament 3 camere 2 băi, Valea Lupului, 77mp","Podu Ros, Iasi, Iasi",68000,883,3,77
934,Apartament 3 camere Decomandat - Valea Lupului,"Podu Ros, Iasi, Iasi",68000,1000,3,68
2471,Apartament 3 camere decomandat - Valea Lupului - bloc 1989,"Podu Ros, Iasi, Iasi",68000,1000,3,68
3458,PRET IMBATABIL!!!Apartament 2 camere de vanzare Bucium,"Bucium, Iasi, Iasi",68000,1046,2,65
3686,Apartament 2 camere de vanzare pozitionat in zona Bucium,"Bucium, Iasi, Iasi",68000,1046,2,65
3857,Apartament 2 camere de vanzare Bucium+2 locuri de parcare,"Bucium, Iasi, Iasi",68000,1046,2,65
400,"Apartament 3 camere Cug , 60 metri, etaj 3 Cod:147375","Soseaua Nicolina, CUG, Iasi, Iasi",68000,1133,3,60
884,"Apartament 3 camere Podu Ros , 60 metri, etaj 4 Cod:148875","Podu Ros, Iasi, Iasi",68000,1133,3,60
1131,"Apartament 3 camere Tudor Vladimirescu , 60 metri, etaj 4 Cod:148875","Podu Ros, Iasi, Iasi",68000,1133,3,60
4790,"Apartamente noi, 3 camere, Cartierul Visoianu","Aleea Tudor Neculai, CUG, Iasi, Iasi",68000,1133,3,60
2566,"Apartament nou 3 camere, Capat Cug","CUG, Iasi, Iasi",68000,1153,3,59
3810,"De vanzare : 3 camere,bloc nou,SD, zona Capat Cug, 59MP, 68.000 euro","CUG, Iasi, Iasi",68000,1153,3,59
4560,Apartament cu 3 camere Cartierul Visoianu,"Podu Ros, Iasi, Iasi",68000,1153,3,59
4561,Apartamente cu 3 camere in Cartierul Visoianu,"Podu Ros, Iasi, Iasi",68000,1153,3,59
82,Apartament cu 2 camere decomandat si terasa !,"Nicolina 2, Iasi, Iasi",68000,1172,2,58
979,"Apartament 3 camere open 58mp, CUG Lunca Cetatuii","Soseaua Nicolina, CUG, Iasi, Iasi",68000,1172,3,58
2780,"Apartament cu 3 camere, bloc nou, zona Capat Cug","Aleea Tudor Neculai, CUG, Iasi, Iasi",68000,1172,3,58
4848,"Apartament 3 camere, Visoianu","CUG, Iasi, Iasi",68000,1204,3,56.5
4853,Cartierul Visoianu-Apartament 3 camere-68000 euro,"Nicolina 1, Iasi, Iasi",68000,1204,3,56.5
1133,"Apartament 3 camere Tatarasi , 56 metri, etaj 2 Cod:150555","Strada Tatarasi, Tatarasi Nord, Iasi, Iasi",68000,1214,3,56
660,"Bucium, bloc nou, 2 camere decomandat, etaj 1, finalizat, intabulat","Bucium, Iasi, Iasi",68000,1236,2,55
799,Apartament 2 Camere Renovat - Bulevardul Tudor Vladimirescu,"Podu Ros, Iasi, Iasi",68000,1259,2,54
3216,"Apartament 2 Camere, Bloc Nou,Finisaje Premium, Nicolina, 68000 euro","Nicolina 1, Iasi, Iasi",68000,1259,2,54
4778,"Podu Ros - Cantemir, apartament 2 camere renovat!","Strada Decebal, Cantemir, Iasi, Iasi",68000,1259,2,54
936,Vând apartament 2 camere,"Centru, Iasi, Iasi",68000,1283,2,53
163,Apartament 2 camere de vanzare Dacia,"Dacia, Iasi, Iasi",68000,1333,2,51
1649,"Apartament 2C D parter 51 mp 1980 fara risc, beci, spatiu comercial","Bulevardul Dacia, Dacia, Iasi, Iasi",68000,1333,2,51
4373,"Apartament 2 camere, 51 mp, decomandat, zona manastirea Frumoasa","Strada Diminetii, Frumoasa, Iasi, Iasi",68000,1333,2,51
342,Apartament 2 camere 50mp renovat Moara de Foc-Lidl,"Pacurari, Iasi, Iasi",68000,1360,2,50
1776,Apartament 2 Camere Decomandat - Bloc 1980 - Dacia,"Podu Ros, Iasi, Iasi",68000,1360,2,50
2111,"Apartament 2 camere, 50 mp, parter, Dacia","Strada Stramosilor, Dacia, Iasi, Iasi",68000,1360,2,50
3336,Comision 0%! Apartament 2 camere + gradina + parcare Pacurari Rediu,"Pacurari, Iasi, Iasi",68000,1360,2,50
3413,Comision 0%! Apartament 2 camere cu gradina si parcare Pacurari- Rediu,"Pacurari, Iasi, Iasi",68000,1360,2,50
639,Apartament cu 2 camere decomandat - Galata,"Mircea cel Batran, Iasi, Iasi",68000,1417,2,48
753,"Apartament 2 camere decomandat, Galata","Podu Ros, Iasi, Iasi",68000,1417,2,48
1753,Apartament 2 cam. Galata decomandat,"Centru, Iasi, Iasi",68000,1417,2,48
1816,"Apartament 2 camere, SD - zona Mircea cel Batran","Mircea cel Batran, Iasi, Iasi",68000,1447,2,47
4108,"Apartament 2 camere Zona Garii Nicolina, 47mp, renovat complet!","Nicolina 1, Iasi, Iasi",68000,1447,2,47
304,"Apartament 2 cam, Tatarasi, recent renovat.","Tatarasi Sud, Iasi, Iasi",68000,1478,2,46
4876,"Apartament 2 camere NICOLINA-ROND-VECHI! Etaj 2, ideal investitie!","Nicolina 1, Iasi, Iasi",68000,1478,2,46
262,Apartament 2 camere - Tătărasi - etaj 1 - mobilat și utilat,"Centru, Iasi, Iasi",68000,1511,2,45
3520,"Apartament 2 camere, mobilat modern, etaj 2, BLOC NOU, Tatarasi","Tatarasi Sud, Iasi, Iasi",68000,1511,2,45
3928,"Vand apartament spatios si luminos cu o camera, 42 mp, Pacurari","Centru, Iasi, Iasi",68000,1619,3,42
4686,"Apartament NOU 1 camera, DECOMANDAT, zona CENTRALA - Podu Ros","Podu Ros, Iasi, Iasi",68000,1659,1,41
298,"Bloc nou:1 cam. prima statie din Podu Ros,pret promotional Cod:150260","Strada Petre Tutea, Nicolina 1, Iasi, Iasi",68000,1789,1,38
952,2 camere Pacurari Alpha Bank et. 3 bloc 2018 mobilat Cod:150577,"Soseaua Pacurari, Pacurari, Iasi, Iasi",68000,1789,2,38
2789,Apartament 2 camere Copou Cuza,"Strada Vascauteanu, Pacurari, Iasi, Iasi",68000,1789,2,38
4619,"Apartament 1 camera decomandat 41 mp-PACURARI-complex nou, Concept","Pacurari, Iasi, Iasi",68003,1659,1,41
4187,"Apartament 1 camera, bloc nou, Podu Ros, predare 2023!","Bulevardul Socola, Podu Ros, Iasi, Iasi",68024,1837,1,37.02
3133,"Apartament 2 camere 46.93 mp, zona exclusivista Tatarasi Sud","Strada Ciurchi, Tatarasi Sud, Iasi, Iasi",68050,1450,2,46.93
4199,Apartament 1 camera - Podu Ros -Cotnari - Bloc Nou,"Podu Ros, Iasi, Iasi",68093,1838,1,37.05
1543,Apartament Nou 2 Camere 57mp - Pacurari - Basarabia,"Soseaua Pacurari, Pacurari, Iasi, Iasi",68100,1195,2,57
4230,"Apartament 2 camere, Decomandat clasic, Baie cu geam","Pacurari, Iasi, Iasi",68200,1337,2,51
1664,Apartament 1 camere Bloc Nou 2024 - Nicolina,"Podu Ros, Iasi, Iasi",68400,1800,1,38
2021,"Apartament de 1 camera, 38mp, etaj intermediar, zona Nicolina","Soseaua Nicolina, Nicolina 2, Iasi, Iasi",68400,1800,1,38
2207,"Apartament nou, 1 camera, etaj intermediar, 68 400 euro, NICOLINA","Nicolina 1, Iasi, Iasi",68400,1800,1,38
2773,"Apartament 1 camera D DACIA-CANTA/ 45 mp-FINALIZATE, se accepta credit","Dacia, Iasi, Iasi",68467,1521,1,45
977,TATARASI STEJAR APARTAMENT 3 CAMERE DEC 69MP,"Strada Stejar, Tatarasi Nord, Iasi, Iasi",68500,993,3,69
340,"Pers. fizica, ap. 2 camere decomandat, intabulat, Crystal Residence","Pacurari, Iasi, Iasi",68500,1087,2,63
777,Apartament 2 camere Hotel Capitol (intabulat),"CUG, Iasi, Iasi",68500,1181,2,58
299,"Promotie la cash: 1,2,3 cam la 1200E/mp, Popas Pacurari Cod:151009","Soseaua Pacurari, Pacurari, Iasi, Iasi",68500,1202,2,57
1024,"Promotie la cash:2 cam. decom Popas Pacurari, 57 mp, etaj 1 Cod:151009","Soseaua Pacurari, Pacurari, Iasi, Iasi",68500,1202,2,57
902,"Apartament 2 camere tip decomandat, bloc nou, Platou Galata","Soseaua Iasi-Voinesti, Galata, Iasi, Iasi",68500,1245,2,55
3667,"Urban Galata - Apartament 2 camere decomandat, 55 mp,parcare subterana","Galata, Iasi, Iasi",68500,1245,3,55
4015,"NOU, Comision 0, 2 camere decomandat, Platou Galata","Soseaua Iasi-Voinesti, Nicolina 1, Iasi, Iasi",68500,1245,2,55
2195,Apartament 2 Camere + Boxa - Fara Risc - Tatarasi,"Podu Ros, Iasi, Iasi",68500,1269,2,54
4368,"OCAZIE - VAND Apartament, 2 camere - NICOLINA (Lidl)","Nicolina 2, Iasi, Iasi",68500,1269,2,54
1614,"Apartament cu 2 camere loc de parcare inclus, rezidential PACURARI","Soseaua Pacurari, Pacurari, Iasi, Iasi",68500,1292,2,53
1615,"Apartament cu 2 camere decomandat, rezidential PACURARI","Soseaua Pacurari, Pacurari, Iasi, Iasi",68500,1292,2,53
1468,"Proiect nou, apartamente 2 camere decomandat, in complex rezidential","Podu Ros, Iasi, Iasi",68500,1317,2,52
185,Apartamemt 2 cam SD Podu Ros - blvd. Socola,"Centru, Iasi, Iasi",68500,1370,2,50
2186,"Apartament 2 camere CUG - Arcadia , etaj mic, bloc nou finalizat !","Soseaua Nicolina, CUG, Iasi, Iasi",68500,1370,2,50
3047,Apartament 2 camere - Gara Internationala,"Podu Ros, Iasi, Iasi",68500,1370,2,50
3367,"2 camere CUG - Clinica Arcadia - bloc nou finalizat , la bulevard","Soseaua Nicolina, CUG, Iasi, Iasi",68500,1370,2,50
4515,Apartament 2 camere - Nicolina,"Podu Ros, Iasi, Iasi",68500,1370,2,50
3734,"Apartament 2 camere, Nicolina, decomandat, pret negociabil","Podu Ros, Iasi, Iasi",68500,1457,2,47
3230,"Nicolina - apartament cu 2 camere, ready to move!","Strada Bradului, Nicolina 1, Iasi, Iasi",68500,1470,2,46.6
1179,"LA BULEVARD NICOLINA, apartament 1 camera, bloc nou, ideal investitie","Nicolina 2, Iasi, Iasi",68562,1804,1,38
713,Podu Ros- 2 camere renovat complet- fara risc seismic,"Podu Ros, Iasi, Iasi",68700,1374,2,50
3837,"Etaj 2! Apartament 3 camere, Podu Ros, 66mp","Podu Ros, Iasi, Iasi",68900,1044,3,66
2724,"Etaj 2! Apartament 2 camere, Pacurari, 57mp, loc parcare","Podu Ros, Iasi, Iasi",68900,1209,2,57
1389,"Apartament 2 camere decomandat,CUG bl nou","Fundatura Otelariei, CUG, Iasi, Iasi",68900,1230,2,56
3705,"Apartament 2 camere, decomandat, de vanzare, Galata-Voinesti","Soseaua Iasi-Voinesti, Galata, Iasi, Iasi",68900,1230,2,56
2669,Apartament 2 camere - Decomandat - Sun Residence,"Podu Ros, Iasi, Iasi",68900,1253,2,55
347,Apartament 2 camere zona Podu Ros - pozitionare excelenta!,"Tesatura, Iasi, Iasi",68900,1325,2,52
4002,"Apartament 2 camere, Alexandru cel Bun, 52mp, CT, etaj 3","Podu Ros, Iasi, Iasi",68900,1325,2,52
220,Apartament 2 camere Decomandat Galata/Oxigen,"Mircea cel Batran, Iasi, Iasi",68900,1378,2,50
75,Apartament 2 camere in zona Mircea cel Batran Iasi,"Mircea cel Batran, Iasi, Iasi",68900,1640,2,42
4721,Apartament doua camere recent renovat Nicolina Iasi,"Centru, Iasi, Iasi",68950,1379,2,50
4712,Apartament cu 1 Camera,"Alexandru Cel Bun, Iasi, Iasi",69000,1030,1,67
2523,"Apartament 3 camere Nicolina, 66mp, decomandat","Podu Ros, Iasi, Iasi",69000,1045,3,66
2860,"2 camere , decomandat, Zona Bucium Visan, 66 mp, et intermediar","Bucium, Iasi, Iasi",69000,1045,2,66
546,Apartament 2 camere Dancu - Tatarasi,"Tatarasi Nord, Iasi, Iasi",69000,1062,2,65
3853,"Ap 2 cam 62mp, et1 dec, finisaje top, mut imediata, Bucium la strada","Bucium, Iasi, Iasi",69000,1113,2,62
446,"Apartament 3 camere Tudor Vladimirescu , 60 metri, etaj 3 Cod:150977","Bulevardul Tudor Vladimirescu, Tudor Vladimirescu, Iasi, Iasi",69000,1150,3,60
1206,Apartament 2 camere -decomandat - Bucium - mutare imediata,"Strada Petre Buzatov, Bucium, Iasi, Iasi",69000,1150,2,60
2858,Apartament 3 camere de vanzare Podu Ros,"Podu Ros, Iasi, Iasi",69000,1150,3,60
4071,"De vanzare : 2 camere intr-un BLOC NOU, decomandat, zona Bucium Visan","Bucium, Iasi, Iasi",69000,1150,2,60
1196,Apartament 2 camere - decomandat - mutare imediata !! Comision 0!,"Strada Prof. I. P. Culianu, Pacurari, Iasi, Iasi",69000,1211,2,57
767,De vazut Apartament 2 camere,"Centru, Iasi, Iasi",69000,1232,2,56
1319,"Ap. 2 camere semidecomandat, 54 mp, incalzire in pardoseala","Podu Ros, Iasi, Iasi",69000,1278,2,54
1352,"Apartament 2 camere Dacia , 54 metri, etaj 10 Cod:150760","Bulevardul Dacia, Dacia, Iasi, Iasi",69000,1278,2,54
2998,Apartament 2 camere decomandat - Galata,"Podu Ros, Iasi, Iasi",69000,1278,2,54
3213,"Apartament 2 camere decomandat, Galata! 54mp!","Mircea cel Batran, Iasi, Iasi",69000,1278,2,54
4768,"Apartament 2 camere, DECOMANDAT, 54mp, ETAJ 1, Nicolina Lidl","Nicolina 1, Iasi, Iasi",69000,1278,2,54
257,Apartament 3 Camere - Etaj Intermediar - Dacia,"Podu Ros, Iasi, Iasi",69000,1302,3,53
1130,"Apartament 3 camere Podu Ros , 53 metri, etaj 6 Cod:150128","Podu Ros, Iasi, Iasi",69000,1302,3,53
1358,"Apartament 2 camere Pacurari , 53 metri, etaj 1 Cod:141326","Soseaua Pacurari, Pacurari, Iasi, Iasi",69000,1302,2,53
1620,"Apartament 2 camere decomandat, rezidential Popas Pacurari","Soseaua Pacurari, Pacurari, Iasi, Iasi",69000,1302,2,53
2597,"Apartament 3 camere, fara risc, etaj 6, in Podu Ros la 1 km de Palas","Podu Ros, Iasi, Iasi",69000,1302,3,53
2743,Finalizat!Apartament 2 camere D 53mp Parcare inclusa Capat Pacurari,"Podu Ros, Iasi, Iasi",69000,1302,1,53
472,Apartament 2 camere-Tudor Vladimirescu-Iulius Mall,"Tudor Vladimirescu, Iasi, Iasi",69000,1380,2,50
906,2 camere Tudor Vladimirescu. la bulevard principal,"Centru, Iasi, Iasi",69000,1380,2,50
2142,"Podu Ros- sensul giratoriu, apartament 2 camere","Podu Ros, Iasi, Iasi",69000,1380,2,50
2187,LIBER! 69000€-NICOLINA prima statie -2CD_RENOVAT total,"Podu Ros, Iasi, Iasi",69000,1380,2,50
3189,Apartament 2 camere-zona Nicolina 1,"Podu Ros, Iasi, Iasi",69000,1380,2,50
4535,Vanzare apartament 2 camere - Podu Ros,"Podu Ros, Iasi, Iasi",69000,1380,2,50
1190,"Apartament 2 camere Galata , 48 metri, etaj 2 Cod:150868","Soseaua Galata, Galata, Iasi, Iasi",69000,1438,2,48
1447,"Pozitie top + etaj 1! Executie riguroasa, bucatarie separata+parcare","Podu Ros, Iasi, Iasi",69000,1438,2,48
1582,Apartament 2 camere Galata,"Strada Urechia Vasile A., Galata, Iasi, Iasi",69000,1438,2,48
3771,"Apartament 2 camere, RENOVAT complet, parter, Nicolina","Nicolina 1, Iasi, Iasi",69000,1438,2,48
635,"Ap.2 cam,47 mp,Nicolina 1","Mircea cel Batran, Iasi, Iasi",69000,1468,2,47
999,Apartament 2 camer e. 2din 4. Canta-Str. Brates,"Strada Sergent Grigore Ioan, Canta, Iasi, Iasi",69000,1468,2,47
2166,"Nicolina 1! Liber! Apartament 2 camere, decomandat,renovat,69000euro!","Strada Bradului, Nicolina 1, Iasi, Iasi",69000,1468,2,47
2850,Apartament 2 camere de vanzare Podu Ros,"Podu Ros, Iasi, Iasi",69000,1468,2,47
3147,"Apartament 2 camere DECOMANDAT, Nicolina ! Renovat!","Nicolina 1, Iasi, Iasi",69000,1468,2,47
1046,"Apartament cu 2 camere, decomandat, 48mp, et 2\/4, Galata","Strada Hatman Sendrea, Galata, Iasi, Iasi",69000,1500,2,46
632,Apartament 2 camere mobilat si utilat modern-mutare rapida,"CUG, Iasi, Iasi",69000,1533,2,45
1116,"Apartament 2 camere Bloc Nou - CUG, Valea Adanca","Podu Ros, Iasi, Iasi",69000,1533,2,45
1994,Apartament 2 camere PF,"Centru, Iasi, Iasi",69000,1533,2,45
3229,"Apartament 2 camere open space, 42 mp,bloc nou,Tatarasi Metalurgie,Com","Strada Aurel Vlaicu, Aviatiei, Iasi, Iasi",69000,1643,2,42
4329,"Apartament 2 cam OS,42 mp,bloc nou,mutare imediata!","Strada Costache Negri, Centru, Iasi, Iasi",69000,1643,1,42
736,Apartament 1 camera decomandat - Tudor Vladimirescu - Bld. Chimiei,"Tudor Vladimirescu, Iasi, Iasi",69000,1683,1,41
998,Apartament intabulat Bloc nou Tatarasi -Metalurgie,"Strada Aurel Vlaicu, Aviatiei, Iasi, Iasi",69000,1971,1,35
786,"Apartament nou cu 2 camere, model decomandat, finalizat , zona Bucium","Bucium, Iasi, Iasi",69115,1152,2,60
1672,NICOLINA 1 APARTAMENT 2 CAMERE 47 MP,"Strada Halipa Pantelimon, Nicolina 1, Iasi, Iasi",69200,1384,2,50
3912,Proiect Deosebit - Pacurari Apartament 1 camera Pret PROMO Loc de parc,"Soseaua Pacurari, Pacurari, Iasi, Iasi",69320,1824,1,38
4469,"Apartament cu 2 camere de vanzare, 70 mp , bloc nou 2011, zona CUG","Soseaua Nicolina, CUG, Iasi, Iasi",69500,993,2,70
770,"Apartament 3 camere, doua bai, doua balcoane, bloc din 1990, Valea Lup","Soseaua Pacurari, Iasi, Iasi",69500,1022,3,68
4327,"Apartament 3 camere, Tatarasi, 65mp, CT, decomandat, izolat","Podu Ros, Iasi, Iasi",69500,1069,3,65
2900,"Rate la dezvoltator! Apartament 2 camere, decomandat, de vanzare, Gala","Soseaua Voinesti, Nicolina 1, Iasi, Iasi",69500,1121,2,62
22,"Apartament 3 camere SD, Mircea cel Batran, bloc fara risc","Aleea Mircea cel Batran, Mircea cel Batran, Iasi, Iasi",69500,1241,3,56
474,"Apartament cu 3 camere, semidecomandat, etaj 3\/4, Mircea cel Batran","Strada Mircea cel Batran, Mircea cel Batran, Iasi, Iasi",69500,1264,3,55
3311,"De vanzare: 2 camere,Bloc Nou,Decomandat, zona Gala, 55MP, 69.500 Euro","Mircea cel Batran, Iasi, Iasi",69500,1264,2,55
3717,"2 CAM, decomandat, bloc nou,mutare imediata, langa statie, zona GALATA","Mircea cel Batran, Iasi, Iasi",69500,1264,2,55
139,"Apartament 3 camere Tatarasi , 54 metri, etaj 1 Cod:150854","Strada Vasile Lupu, Tatarasi Sud, Iasi, Iasi",69500,1287,3,54
1057,"Apartament 3 camere Metalurgie , 54 metri, etaj 3 Cod:150694","Strada Vasile Lupu, Tatarasi Sud, Iasi, Iasi",69500,1287,3,54
1757,"Vand ap 3 camera in Iasi etaj 3, Mircea","Centru, Iasi, Iasi",69500,1287,3,54
3643,"Apartament nou, 2 camere, mutare imediata, Galata-Soseaua Voinesti","Mircea cel Batran, Iasi, Iasi",69500,1311,2,53
3645,"Apartament nou, 2 camere, decomandat, Galata-Soseaua Voinesti","Mircea cel Batran, Iasi, Iasi",69500,1311,2,53
4028,Apartament 2 camere decomandat Bucium - Hotel Pleiada Boutique,"Bucium, Iasi, Iasi",69500,1311,2,53
1132,"Apartament 3 camere Tatarasi , 52 metri, etaj 3 Cod:150693","Strada Vasile Lupu, Tatarasi Sud, Iasi, Iasi",69500,1337,3,52
1951,Apartament 3 Camere Tatarasi - Metalurgie,"Strada Ciurchi, Tatarasi Sud, Iasi, Iasi",69500,1337,3,52
306,"Apartament 2 camere, decomandat","Centru, Iasi, Iasi",69500,1363,2,51
968,Apartament 2 camere Decomandat - Galata,"Podu Ros, Iasi, Iasi",69500,1363,2,51
2872,Oferta noua! Apartament cu 3 camere de vanzare in Tatarasi,"Tatarasi Sud, Iasi, Iasi",69500,1363,3,51
175,Apartament 2 camere Podu Ros - Sensul Giratoriu - Renovat - Fara Risc,"Podu Ros, Iasi, Iasi",69500,1390,2,50
654,Podu Ros- 2 camere renovat- fara risc seismic,"Podu Ros, Iasi, Iasi",69500,1390,2,50
2144,"Apartament 2 camere semidecomandat , Podu Ros - Renovat complet - Fara","Podu Ros, Iasi, Iasi",69500,1390,2,50
2428,Apartament 2 camere Podu Ros - Renovat Complet - Fara Risc Seismic,"Podu Ros, Iasi, Iasi",69500,1390,2,50
4818,"Apartament cu 2 camere, de vanzare in Iasi zona Nicolina Prima Statie","Strada Carpati, Nicolina 1, Iasi, Iasi",69500,1390,2,50
4420,"Apartament 2 camere, decomandat, suprafata 51mp, zona Moara de Foc","Soseaua Moara de Foc, Canta, Iasi, Iasi",69500,1418,2,49
1375,"2 camere open space, ETAJ 3, complex Himson","Tatarasi Sud, Iasi, Iasi",69500,1544,2,45
1720,"Apartament 1 camera, 42 mp, Pacurari, 69.500 euro","Strada Rampei, Canta, Iasi, Iasi",69500,1655,1,42
4423,"Apartament cu 2 camere, complet amenajat, Bloc Nou, zona CUG - Aleea T","Aleea Tudor Neculai, CUG, Iasi, Iasi",69500,1738,2,40
3889,"Apartamente Clasice, 2 camere, Bloc Nou - 2km Nicolina-Belvedere","Strada Strugurilor, Nicolina 1, Iasi, Iasi",69553,1104,2,63
4215,"Complex Grandios, 2cam THE VIEW","Strada Cazaban, Dacia, Iasi, Iasi",69600,1200,2,58
4177,Apartament 2 camere finalizat Nicolina 1 - Tudor Neculai decomandat!,"Nicolina 1, Iasi, Iasi",69600,1338,2,52
4393,Comision 0%! Apartament 2 camere finalizat Nicolina decomandat!,"Nicolina 1, Iasi, Iasi",69600,1338,2,52
4640,Comision 0%! Apartament 2 camere decomandat finalizat Nicolina 52 mp!,"Nicolina 1, Iasi, Iasi",69600,1338,2,52
338,"Direct PROPRIETAR - ap 2 camere, decomandat, Nicolina-Selgros","Strada Gheorghe Ivanescu, Nicolina 1, Iasi, Iasi",69624,1339,2,52
1606,Apartament 2 camere + Teren 70mp zona Rediu,"Soseaua Pacurari, Pacurari, Iasi, Iasi",69700,1245,2,56
3247,Ap 2 camere D 57mp +Gradina 80mp Parcare Capat Pacurari,"Podu Ros, Iasi, Iasi",69703,1223,2,57
2587,"Rate dezvoltator, ap 1 cam,31.5 mp + 36.4 mp TERASA, Nicolina - Cug","CUG, Iasi, Iasi",69720,2213,1,31.5
2067,"Frumoasa, apartament cu 2 camere, pret promotional la plata cash","Iasi, Iasi",69732,1341,2,52
827,Apartament 2 camere de vanzare Nicolina,"Nicolina 1, Iasi, Iasi",69800,1485,2,47
4849,"Apartament 2 camere decomandat, Cug, lângă mijloace de transport","CUG, Iasi, Iasi",69810,1425,2,49
179,APARTAMENT DOUA CAMERE DECOMANDAT IN SPATE LA BELLARIA,"Strada Visan, Bucium, Iasi, Iasi",69900,1185,2,59
3958,"Apart 2 cam, DECOMANDAT, 59mp, etaj intermediar, BLOC NOU, capat CUG","CUG, Iasi, Iasi",69900,1185,2,59
320,"Tatarasi bloc 2015 3 camere la pret de 2, fara comision, mobilat","Podu Ros, Iasi, Iasi",69900,1205,3,58
3349,"Apartamente noi cu mutare imediata, in zona CUG","Strada Fortus, CUG, Iasi, Iasi",69900,1205,3,58
2030,"2 D, Capat Cug, AC, mijloace de transport","CUG, Iasi, Iasi",69900,1216,2,57.5
215,"Apartament 2 cam. decomandat, et. 2, CUG - Selgros","CUG, Iasi, Iasi",69900,1248,2,56
3806,"Apartament 2 camere DECOMANDAT, 56mp, Frumoasa, ETAJ 2!","Iasi, Iasi",69900,1248,1,56
3347,Apartament 2 camere Tatarasi,"Tatarasi Sud, Iasi, Iasi",69900,1271,2,55
3416,"Apartament 2 camere, DECOMANDAT, 53mp, ETAJ 1, mobilat LUX, Galata","Mircea cel Batran, Iasi, Iasi",69900,1294,2,54
3918,"Apartament 2 camere, decomandat, de vanzare, Galata - Platoul Insorit","Soseaua Iasi-Voinesti, Nicolina 1, Iasi, Iasi",69900,1294,2,54
4845,"Apartament 2 cam. decomandat, etaj 1 , Frumoasa","Frumoasa, Iasi, Iasi",69900,1294,2,54
1148,Apartament 3 camere Semidecomandat. MCB. Etaj 1/4,"Aleea Mircea cel Batran, Mircea cel Batran, Iasi, Iasi",69900,1344,3,52
2279,"Apartament de 3 camere, semidecomandat, 52 mp, Mircea cel Batran","Strada Vamasoaia, Mircea cel Batran, Iasi, Iasi",69900,1344,3,52
4816,"Apartament 2 camere, DECOMANDAT, etaj INTERMEDIAR, bloc 1982, Dacia","Dacia, Iasi, Iasi",69900,1371,2,51
1847,"Apartament 2 camere, RENOVAT complet, FARA RISC, Podu Ros","Podu Ros, Iasi, Iasi",69900,1398,2,50
3659,"Apartament 2 camere Galata, 48mp, CT, mobilat + utilat","Podu Ros, Iasi, Iasi",69900,1456,2,48
3010,Apartament 2 camere de vanzare Podu Ros,"Podu Ros, Iasi, Iasi",69900,1487,2,47
115,"1 CAM NOU TATARASI, MUTARE IMEDIATA, ET 1, EVERGREEN","Strada Sfantul Ioan, Aviatiei, Iasi, Iasi",69900,1520,1,46
3490,Apartament 2 Camere - 46mp + Gradina 37 mp - predare imediată - CUG,"Strada Fortus, CUG, Iasi, Iasi",69900,1520,2,46
97,"Apartament 1 camera, renovat LUX, mobilat MODERN, Rond Vechi Nicolina","Nicolina 1, Iasi, Iasi",69900,1748,1,40
2162,Centru -Pod de fier apartament cu 2 camere mobilat si utilat !,"Centru, Iasi, Iasi",69900,1792,2,39
3466,"Comision 0%! Apartament 2 camere cu mutare imediata, 63 mp, Pacurari","Pacurari, Iasi, Iasi",69990,1111,2,63
1034,"Apartament 2 camere, D, 52 mp - Mircea cel Batran","Mircea cel Batran, Iasi, Iasi",69990,1346,2,52
1785,"APT 3 camere, etaj 3/4, SD, GEAM LA BAIE - zona Alexandru","Alexandru Cel Bun, Iasi, Iasi",69990,1489,3,47
3949,Apartament 2 camere Bloc 2016 + Loc de Parcare - Lidl Bucium,"Podu Ros, Iasi, Iasi",69990,1628,2,43
2001,"Apartament 3 camere, SD, Mircea cel Batran, renovat, GEAM LA BAIE","Mircea cel Batran, Iasi, Iasi",69999,1111,3,63
4275,"Apartament cu 2 camere Decomandat, in bloc din 1988 in zona Zimbru","Podu Ros, Iasi, Iasi",69999,1207,2,58
2772,"Apartament 2 camere D Pacurari-Alpha Bank, 55 mp, bloc nou + terasa!","Pacurari, Iasi, Iasi",69999,1273,2,55
1544,"Apartament 2 camere, 43 mp","Aleea Mircea cel Batran, Mircea cel Batran, Iasi, Iasi",69999,1628,2,43
1658,"AP 2 CAM OPENSPACE, TERASA 30 mp, PLATOU GALATA, INTABULAT","Soseaua Iasi-Voinesti, Galata, Iasi, Iasi",69999,1750,2,40
2500,OCAZIE!LUX-2C-82 mp bloc 2018 in Iasi 70000 €,"Bucium, Iasi, Iasi",70000,854,2,82
3631,"Apartament de 2 camere, 73 mp, balcon, Visani","Podu Ros, Iasi, Iasi",70000,959,2,73
1871,Apartament 4 camere Alexandru cel Bun,"Podu Ros, Iasi, Iasi",70000,1029,4,68
4322,"Alexandru cel Bun, bloc cadre, apartament cu 3 camere","Piata Voievozilor, Alexandru Cel Bun, Iasi, Iasi",70000,1045,3,67
1966,"Podu Ros - la strada, apartament 3 camere mobilat si utilat!","Podu Ros, Iasi, Iasi",70000,1077,3,65
4478,"Ap 4 camere, etaj 3, liber, Mircea cel Batran","Mircea cel Batran, Iasi, Iasi",70000,1077,4,65
4419,"Apartament cu 2 camere,decomandat,Mega Image, Valea Adanca","CUG, Iasi, Iasi",70000,1094,2,64
288,"Apartament 3 camere Podu Ros , 62 metri, etaj 2 Cod:150673","Podu Ros, Iasi, Iasi",70000,1129,3,62
3108,Apartament 2 camere decomandat de vanzare Visani,"Bucium, Iasi, Iasi",70000,1186,2,59
2922,"Apartament nou cu 3 camere, Nicolina 1","Nicolina 1, Iasi, Iasi",70000,1207,3,58
2964,"Apartament nou, 3 camere in Nicolina nu in Cug","Nicolina 1, Iasi, Iasi",70000,1207,3,58
1408,"Ap 2 camere decomandat, 57 mp, partial mobilat, loc de parcare inclus","Podu Ros, Iasi, Iasi",70000,1228,2,57
278,Apartament 2 camere Decomandat - C.U.G,"Podu Ros, Iasi, Iasi",70000,1250,2,56
3900,Apartament 2 camere - bloc nou intabulat - se accepta credit 15% avans,"CUG, Iasi, Iasi",70000,1250,2,56
216,"Apartament 2 camere decomandat, CUG, etaj 2/4 !","CUG, Iasi, Iasi",70000,1273,2,55
607,"Apartament 2 camere Tatarasi , 55 metri, etaj 7 Cod:150099","Strada Tatarasi, Tatarasi Nord, Iasi, Iasi",70000,1273,2,55
776,"Apartament 2 camere Frumoasa , 55 metri, etaj 2 Cod:149141","Bulevardul Poitiers, Frumoasa, Iasi, Iasi",70000,1273,2,55
2298,"Apartament cu 2 camere , zona Frumoasa etaj 1","Iasi, Iasi",70000,1273,2,55
774,"Apartament 2 camere Frumoasa , 54 metri, etaj 1 Cod:148505","Bulevardul Poitiers, Frumoasa, Iasi, Iasi",70000,1296,2,54
4110,"Apartament 2 camere, DECOMANDAT, 54 mp, BLOC NOU, Galata","Mircea cel Batran, Iasi, Iasi",70000,1296,2,54
4186,"Apartament 2 camere DECOMANDAT Frumoasa, ETAJ 1!","Iasi, Iasi",70000,1296,2,54
865,Proprietar apart 2 cam mobilat si utilat,"Centru, Iasi, Iasi",70000,1321,2,53
1548,"Apartament 2 cam Decomandat, Bloc nou in Pacurari la Kufland","Pacurari, Iasi, Iasi",70000,1321,2,53
2625,"Finalizat ! 2 camere, decomandat, 53mp, Bucium","Bucium, Iasi, Iasi",70000,1321,2,53
3259,"Apartament 2 camere, DECOMANDAT, MODERN, ETAJ 1, BLOC NOU, Cug","CUG, Iasi, Iasi",70000,1321,2,53
3345,Apartament 2 camere Tatarasi-Ciurchi,"Tatarasi Sud, Iasi, Iasi",70000,1321,2,53
3847,"Complex Ciurchi, 2 camere. mobilat+utilat complet, liber","Tatarasi Sud, Iasi, Iasi",70000,1321,2,53
4464,Tudor Mall Gradinari Bloc Nou Apartament 56mp de vanzare liber,"Podu Ros, Iasi, Iasi",70000,1321,2,53
52,"Apartament 2 camere Nicolina , 52 metri, etaj 4 Cod:151154","Podu Ros, Iasi, Iasi",70000,1346,2,52
134,"Apartament 2 camere Podu Ros , 52 metri, etaj 4 Cod:151154","Podu Ros, Iasi, Iasi",70000,1346,2,52
721,Etaj 3 - Alexandru - Parcul Voievozilor - Apartament 3 camere - mobila,"Alexandru Cel Bun, Iasi, Iasi",70000,1346,3,52
1068,"Apartament 3 camere Alexandru cel Bun , 52 metri, etaj 3 Cod:150617","Bulevardul Alexandru cel Bun, Alexandru Cel Bun, Iasi, Iasi",70000,1346,3,52
2228,"Apartament cu 2 cam SemiDecomandat , 52 mp situat in Podu Ros","Podu Ros, Iasi, Iasi",70000,1346,2,52
2692,"Apartament 2 cam, semi - decomandat, de vanzare in zona Tatarasi - Ci","Strada Ciurchi, Tatarasi Sud, Iasi, Iasi",70000,1346,2,52
4018,"Etaj 1! Apartament 2 camere, Podu Ros, 52mp, CT, mobilat+utilat","Podu Ros, Iasi, Iasi",70000,1346,2,52
4389,"Apartament 2 camere, 51,41 mp,bloc nou,70000 euro","Strada Gheorghiu Miluta, Actor, Tatarasi Nord, Iasi, Iasi",70000,1373,2,51
224,"Apartament 2 camere Bucium , 50 metri, etaj 6 Cod:147571","Soseaua Bucium, Bucium, Iasi, Iasi",70000,1400,2,50
314,"Apartament 2 camere, ideal pentru investitie, Copou","Copou, Iasi, Iasi",70000,1400,2,50
441,"Apartament 2 camere decomandat, bloc din 1981, Tatarasi","Centru, Iasi, Iasi",70000,1400,2,50
603,"Locatie excelenta, ideal pentru investitie! Apartament 2 camere, Copou","Copou, Iasi, Iasi",70000,1400,2,50
741,"0 Comision, Apartament cu 2 camere, decomandat, Tatarasi","Strada Ignat, Tatarasi Sud, Iasi, Iasi",70000,1400,2,50
1124,"Ideal pt investitie! Apartament 2 cam, acces facil catre USV, UAIC,UMF","Copou, Iasi, Iasi",70000,1400,2,50
1313,"Ap. 2 camere decomandat, incalzire in pardoseala, statie CTP la 200 m!","Podu Ros, Iasi, Iasi",70000,1400,2,50
1329,Apartament 2 Camere Nicolina Frumoasa Etaj 1,"Strada Radu Voda, Frumoasa, Iasi, Iasi",70000,1400,2,50
1526,Apartament cu trei camere,"Alexandru Cel Bun, Iasi, Iasi",70000,1400,2,50
1969,Comision 0% bloc nou Nicolina bulevard vis-a-vis OMV,"Strada Clopotari, Nicolina 2, Iasi, Iasi",70000,1400,2,50
2307,"Apartament 2 camere Copou , ideal investitie","Copou, Iasi, Iasi",70000,1400,2,50
2690,"Apartament nou, 3 camere, 70 000 euro cu loc de parcare inclus, Visan","Bucium, Iasi, Iasi",70000,1400,3,50
4474,"Apartament NOU 2 camere, DECOMANDAT, INTABULAT, BLOC NOU, pod Bucium","Frumoasa, Iasi, Iasi",70000,1400,2,50
2531,"INTABULAT, apartament nou, 2 camere, POD BUCIUM, 3 km de PALAS","Bucium, Iasi, Iasi",70000,1429,2,49
4809,"Bucium, apartament de 50 mp, bloc nou FINALIZAT","Frumoasa, Iasi, Iasi",70000,1429,2,49
475,"Apartament cu 3 camere, nedecomandat, etaj 3\/4, Alexandru cel bun, P","Piata Voievozilor, Alexandru Cel Bun, Iasi, Iasi",70000,1458,3,48
1539,"Apartament 2 camere decomandat, Alexandru cel Bun","Podu Ros, Iasi, Iasi",70000,1458,2,48
2493,"INTABULAT, apartament nou, 2 camere, POD BUCIUM, 3 km de PALAS","Bucium, Iasi, Iasi",70000,1458,2,48
4455,"Apartamente de vanzare, 2 camere, bloc nou Iasi - Bucium COMISION 0%","Strada Costache Negri, Centru, Iasi, Iasi",70000,1458,2,48
4534,Apartament cu doua camere sd in zona Podu Ros - Palas,"Podu Ros, Iasi, Iasi",70000,1458,2,48
38,Podu Ros-Socola apartament 2 C SD etaj 1,"Tesatura, Iasi, Iasi",70000,1489,2,47
2308,Canta-Apartament 2 camere decomandat,"Canta, Iasi, Iasi",70000,1489,2,47
2309,Apartament cu 2 camere decomandat - Canta - bloc nou,"Podu Ros, Iasi, Iasi",70000,1489,2,47
2721,"Ap 2 Camere, Bloc Nou,Finisaje Premium, Decomandat, 53 Mp, Bucium OMV","Bucium, Iasi, Iasi",70000,1489,2,47
162,Apartament 1 Camera + Loc de parcare - Conest Evolution Dacia,"Podu Ros, Iasi, Iasi",70000,1556,1,45
1496,"Apartament 2 camere, SD, circular, 45mp utili+4mp balcon Tatarasi","Strada Vasile Lupu, Tatarasi Sud, Iasi, Iasi",70000,1556,2,45
2113,"Apartament 2 camere, loc de parcare + boxa Tatarasi","Tatarasi Nord, Iasi, Iasi",70000,1556,2,45
4033,"Apartament cu 1 camera decomandat, Dacia - CONEST + loc de parcare","Podu Ros, Iasi, Iasi",70000,1556,1,45
4134,"Apartament 2 camere Podu de Fier - Tg. Cucu, CT, mobilat+utilat","Podu Ros, Iasi, Iasi",70000,1556,2,45
1224,Vanzare apartament 1 camera,"Centru, Iasi, Iasi",70000,1628,1,43
1021,Apartament 2 camere Tatarasi -Piata Chirila -bloc nou,"Strada Rojnita, Tatarasi Nord, Iasi, Iasi",70000,1667,2,42
2391,Apartament 1 camere decomandat Tatarasi - Evergreen,"Podu Ros, Iasi, Iasi",70000,1667,1,42
2650,Apartament de lux 50 mp etaj 5 Copou Garden,"Carol I, Iasi, Iasi",70000,1667,2,42
1564,Apartament 1 camera decomandat de vanzare Bloc Nou zona Copou,"Podu Ros, Iasi, Iasi",70000,1795,1,39
2384,Apartament 1 Camera Intabulat - Evergreen Towers,"Podu Ros, Iasi, Iasi",70000,1944,1,36
4647,Apartament 2 camere Copou - Muzeul Universitatii Alexandru Ioan Cuza.,"Podu Ros, Iasi, Iasi",70000,2000,2,35
412,"Apartament 2 camere 50mp, pret 70130 Euro Copou-Aleea Mihail Sadoveanu","Copou, Iasi, Iasi",70130,1403,2,50
814,Apartament 2 camere open space pret 70130 Euro Copou Mihail Sadoveanu,"Copou, Iasi, Iasi",70130,1403,2,50
821,Apartament cu 2 camere open space Copou Cod:147310,"Bulevardul Carol I, Copou, Iasi, Iasi",70135,1403,2,50
1406,APARTAMENT 2 CAMERE COMPLEX NOU COPOU 0% comision,"Strada George Calinescu, Agronomie, Iasi, Iasi",70135,1403,2,50
4214,"Apartamente noi, 1 - 2 camere, Copou - Aleea Sadoveanu","Aleea Mihail Sadoveanu, Agronomie, Iasi, Iasi",70135,1403,2,50
4370,"Apartamente noi, 2 camere, Copou Aleea Sadoveanu","Strada George Calinescu, Carol I, Iasi, Iasi",70135,1403,2,50
4284,"Copou - Mihail Sadoveanu, 1 camera open-space, suprafata generoasa","Strada Baltagului, Agronomie, Iasi, Iasi",70135,1408,1,49.8
2960,"Apartament 1 camera, Copou, vedere superba","Carol I, Iasi, Iasi",70135,1690,1,41.5
4058,"Apartament cu 1 camera decomandat, Central","Podu Ros, Iasi, Iasi",70192,1750,1,40.11
4603,"Apartament de vanzare,2 camere decomandat, bloc nou, Pacurari Kaufland","Soseaua Rediu, Pacurari, Iasi, Iasi",70200,1404,2,50
688,"2 CAM NICOLINA CUG ,INTABULAT, MUTARE IMEDIATA, BLOC NOU","Strada Profesor Emil Honoriu, Nicolina 1, Iasi, Iasi",70500,1382,2,51
2982,"Apartament 2 camere 48.67 mp, zona exclusivista Tatarasi Sud","Strada Ciurchi, Tatarasi Sud, Iasi, Iasi",70570,1450,2,48.67
722,Apartament 2 camere decomandat - Rond Vechi Nicolina,"CUG, Iasi, Iasi",70630,1385,2,51
4258,"Apartamente Clasice Decomandate, 2 cam 56Mp Rond Vechi - Nicolina","Soseaua Nicolina, CUG, Iasi, Iasi",70630,1385,2,51
4064,Apartament 2 camere D-Nicolina-ROND VECHI,"CUG, Iasi, Iasi",70630,1400,2,50.45
4429,"Apartament 2 camere ,decomandat, Nicolina, Selgros","Centru, Iasi, Iasi",70630,1413,2,50
2050,"Apartament cu rate la dezvoltator, avans 30%, Frumoasa","Iasi, Iasi",70782,1506,1,47
4054,"Apartament 2 camere, MODERN, etaj INTERMEDIAR, Tatarasi","Tatarasi Nord, Iasi, Iasi",70900,1289,2,55
3646,"Apartament 3 camere, complet mobilat si utilat, ETAJ 3/4, Alexandru","Alexandru Cel Bun, Iasi, Iasi",70900,1418,3,50
2683,Apartament cu 2 camere semidecomandat- FORTUS RESIDENCE,"Podu Ros, Iasi, Iasi",70900,1773,2,40
3443,"3 cam 71mp, incalzire pardoseala, finalizat, langa statia de autobuz","CUG, Iasi, Iasi",71000,1000,3,71
4728,Apartament cu doua camere et unu,"Podu Ros, Iasi, Iasi",71000,1291,2,55
158,Apartament 2 camere decomandat Contemporan-Kaufland Pacurari,"Pacurari, Iasi, Iasi",71000,1303,2,54.5
332,Vand apartament 3 camera Iasi,"Aleea Mircea cel Batran, Mircea cel Batran, Iasi, Iasi",71000,1365,3,52
1491,"Apartament cu 3 camere, semidecomandat, et 2\/4, Mircea cel Batran","Strada Anton Crihan, Mircea cel Batran, Iasi, Iasi",71000,1365,3,52
1331,Apartament 2 Camere Nicolina Frumoasa Etaj 2/4,"Strada Radu Voda, Frumoasa, Iasi, Iasi",71000,1420,2,50
2551,Apartament 2 camere Bulevardul canta-71000euro,"Canta, Iasi, Iasi",71000,1511,2,47
2553,Apartament 2 Camere - Copou,"Podu Ros, Iasi, Iasi",71000,1543,2,46
2345,"Apartament 2 camere bulevardul canta, 71000 euro","Canta, Iasi, Iasi",71000,1578,2,45
2701,"Copou - apartament 2 camere, ideal investitie","Fundatura Codrescu, Copou, Iasi, Iasi",71000,1678,2,42.3
1718,PODU ROS NOU APRTAMENT 1 CAMERA 42 MP,"Bulevardul Socola, Nicolina 2, Iasi, Iasi",71000,1690,1,42
120,"Apartament Premium, 1 camera, Central, 41 mp, 71.000 euro","Strada Cercel, Podu Ros, Iasi, Iasi",71000,1732,1,41
1054,"Apartament PREMIUM cu o camera, Central, decomandat, et. 3, 71.000euro","Bulevardul Socola, Podu Ros, Iasi, Iasi",71000,1732,1,41
2981,"Apartament 2 camere, 48.97 mp, zona exclusivista Tatarasi Sud","Strada Ciurchi, Tatarasi Sud, Iasi, Iasi",71010,1450,2,48.97
613,"Apartament cu o camera decomandat, zona Podu Ros, proiect nou!","Podu Ros, Iasi, Iasi",71111,1922,1,37
2707,Apartament 1 camera decomandat - Podu Ros - Bloc Nou,"Podu Ros, Iasi, Iasi",71111,1922,1,37
2128,"Ap 2 cam, Bloc Nou, Decomandat,et 1, 57 mp, statie, zona Platou Galata","Mircea cel Batran, Iasi, Iasi",71300,1251,2,57
2440,"Direct PROPRIETAR, ap 3 camere, open space, zona Nicolina-Selgros","Strada Gheorghe Ivanescu, Nicolina 1, Iasi, Iasi",71346,1346,3,53
4007,IASI-Apartament 2 camere D Nicolina-ROND VECHI,"Nicolina 1, Iasi, Iasi",71346,1346,2,53
4176,"Apartament nou 3 camere, finalizat, Nicolina - Tudor Neculai, 53 mp","Nicolina 1, Iasi, Iasi",71350,1346,3,53
4289,Apartament nou 3 camere finalizat Nicolina - Tudor Neculai!Comision 0%,"Nicolina 1, Iasi, Iasi",71350,1346,3,53
4391,Comision 0%!Apartament nou 3 camere finalizat Nicolina - Tudor Neculai,"Nicolina 1, Iasi, Iasi",71350,1346,3,53
4598,Comision 0%! Apartament nou 3 camere finalizat Nicolina!,"Nicolina 1, Iasi, Iasi",71350,1346,3,53
1335,"Ap 2 camere decomandat, etaj 1, 53 mp - Aleea Tudor Neculai","Podu Ros, Iasi, Iasi",71400,1457,2,49
2453,Apartament 2 camere Bloc NOU - Complex SIVCO CONFORT Zona Galata,"Centru, Iasi, Iasi",71490,1324,2,54
2848,"Apartament 1 camera, 40.77 mp, etaj intermediar, zona Nicolina","Strada Mitropolit Varlaam, Nicolina 2, Iasi, Iasi",71497,1930,1,37.05
3387,"Apartament 3 camere, 105 mp, parcare, Miroslava","Strada Constantin Langa, Galata, Iasi, Iasi",71500,681,3,105
1609,"Apartament 3 camere, decomandat, etaj intermediar, Dacia","Strada Buridava, Dacia, Iasi, Iasi",71500,1021,3,70
2727,Apartament 2 Camere - Gradina 48mp - Mobilat si utilat,"Podu Ros, Iasi, Iasi",71500,1153,2,62
2924,Apartament Premium cu 2 camere decomandat - Manta Rosie,"Podu Ros, Iasi, Iasi",71500,1192,2,60
790,Vind apartament 2 camere Tomesti,"Podu Ros, Iasi, Iasi",71500,1254,2,57
3422,"2 CAM 55mp mobilat utilat, bloc nou, parcare inclusa, CUG - Pepinierei","CUG, Iasi, Iasi",71500,1300,2,55
3509,Un nou mod de a locui! ap2cam Bld. Rosetti,"Strada Simion Barnutiu, Ticau, Iasi, Iasi",71500,1300,2,55
4523,"Apartament 2 camere, DECOMANDAT, 55 mp, mobilat, Nicolina","Nicolina 2, Iasi, Iasi",71500,1300,2,55
3337,"Apartament 3 camere Tatarasi, CT, AC, termoizolat","Podu Ros, Iasi, Iasi",71500,1324,3,54
1055,Apartament 2 camere - Aleea Tudor Neculai,"Podu Ros, Iasi, Iasi",71500,1375,2,52
1060,Apartament 2 Camere Bloc Nou Etaj 1/3 Aleea Tudor Neculai - Nicolina,"Aleea Valea Adanca, CUG, Iasi, Iasi",71500,1375,2,52
1643,Apartament 3 camere Gradinari SD,"Strada Titu Maiorescu, Copou, Iasi, Iasi",71500,1375,3,52
2598,Apartament 2 camere Pacurari Alpha Bank Piata Pacurari,"Centru, Iasi, Iasi",71500,1554,2,46
1708,Apartament 1 camere Bloc Nou 2024 - Nicolina,"Podu Ros, Iasi, Iasi",71568,1800,1,39.76
3824,Start Vanzari! Bloc Nou 2cam49Mp - Nicolina Comision 0%,"Strada Razoarelor, Nicolina 1, Iasi, Iasi",71600,1461,2,49
3764,Nicolina - cele mai noi apartamente cu 2 camere,"Soseaua Nicolina, CUG, Iasi, Iasi",71600,1476,2,48.5
4465,"Apartament 2 camere, bloc NOU, Nicolina","Nicolina 2, Iasi, Iasi",71600,1476,2,48.5
3543,"Apartament nou de 2 camere, 48.5 mp, zona Nicolina","Soseaua Nicolina, CUG, Iasi, Iasi",71600,1523,2,47
1170,"AP1 CAM NOU PALAS, PODU ROS, IULIUS, DECOMANDAT","Strada Nicolina, Podu Ros, Iasi, Iasi",71700,1707,2,42
3726,"Apartamente Clasice, 1 camera, Pret Promo - Central","Bulevardul Socola, Podu Ros, Iasi, Iasi",71750,1750,1,41
4681,"Apartament 1 camera 45 mp- terasa 10 mp, bucatarie separata Pacurari","Pacurari, Iasi, Iasi",71755,1595,1,45
4324,"Apartament 2 camere D,finalizat , Bloc Nou, Pacurari- sos Rediu","Soseaua Rediu, Pacurari, Iasi, Iasi",71760,1157,2,62
313,"Apartament 1 camera Complex Himson, etaj intermediar","Bulevardul Chimiei, Aviatiei, Iasi, Iasi",71765,1550,1,46.3
1890,"DE VÂNZARE: Apartament 46.3 mp - 71.765euro, predare imediata !","Bulevardul Chimiei, Aviatiei, Iasi, Iasi",71765,1550,1,46.3
601,"Alt tip de apartament in bloc nou, finalizare 2023, zona Podu Ros!","Podu Ros, Iasi, Iasi",71773,1940,1,37
2763,"Ap 1 camera, BLOC NOU, decomandat, Pacurari,incalzire pardoseala, 45mp","Podu Ros, Iasi, Iasi",71800,1596,1,45
3289,"Apartament decomandat, central, cu locatie excelenta, Iasi","Copou, Iasi, Iasi",71837,1746,1,41.14
591,"Alt tip de apartam cu 1 camera, in Complex rezidential nou, Podu Ros!","Podu Ros, Iasi, Iasi",71837,1942,1,37
3137,"Apartament 2 camere 49.58 mp, zona exclusivista Tatarasi Sud","Strada Ciurchi, Tatarasi Sud, Iasi, Iasi",71890,1447,2,49.67
1910,"Apartament 4 camere, 79 mp, 2 nivele, mobilat, zona Gara","Gara, Iasi, Iasi",71900,910,4,79
4243,"Apartament cu 2 camere,decomandat, SU 60 mp, zona CUG","CUG, Iasi, Iasi",71900,1198,2,60
1371,"Podu ROS! 3 camere DECOMANDAT, 2 balcoane, Aleea Rozelor, nu rata","Podu Ros, Iasi, Iasi",71900,1307,3,55
3688,"Etaj 2! Apartament 2 camere, Frumoasa - Nicolina, 55mp","Podu Ros, Iasi, Iasi",71900,1307,2,55
424,"Apartament nou, 2 camere decomandat, mutare imediata","Podu Ros, Iasi, Iasi",71900,1331,2,54
2407,"Gara, apartament 2 camere, ideal investitie","Strada Strapungerea Silvestru, Gara, Iasi, Iasi",71900,1331,2,54
650,Tatarasi-kaufland-2 Camere 50mp-bloc 2010,"Tatarasi Nord, Iasi, Iasi",71900,1438,2,50
2564,"Apartament 1 camera, decomandat, Frumoasa.","Frumoasa, Iasi, Iasi",71907,1431,1,50.25
552,"INTABULAT! Apartament 2 camere decomandat, geam baie, Galata, autobuz","Galata, Iasi, Iasi",71990,1358,2,53
110,MUTARE IMEDIATA FINALIZAT INTABULAT NICOLINA -GALATA 2 CAMERE 54MP,"Strada Codrului, Galata, Iasi, Iasi",71999,1333,2,54
1820,"Apartament 4 camere, SD, ETAJ 3/4 - Alexandru cel Bun","Alexandru Cel Bun, Iasi, Iasi",72000,1075,4,67
3695,"Apartament 2 camere 67 mp , Pacurari","Pacurari, Iasi, Iasi",72000,1084,2,66.4
1209,Apartament 2 camere -decomandat - Bucium - Pret Promotional plata cash,"Strada Petre Buzatov, Bucium, Iasi, Iasi",72000,1143,2,63
3986,"De vanzare : 2 camere intr-un bloc nou,D,zona Galata,61 MP,72.000 euro","Mircea cel Batran, Iasi, Iasi",72000,1180,2,61
1242,"Apartament 3 camere DECOMANDAT, Nicolina ! Oferta ideala!","Nicolina 1, Iasi, Iasi",72000,1200,3,60
3366,"FINALIZAT! INTABULAT! 2 BAI! Apart 3 camere,decomandat, Bucium - Visan","Bucium, Iasi, Iasi",72000,1200,3,60
3444,"FINALIZAT! INTABULAT! 2 BAI! Apart 3 camere, 60 mp, decomandat, Bucium","Bucium, Iasi, Iasi",72000,1200,3,60
4657,"FINALIZAT! INTABULAT! 2 BAI! Apart. 3 camere,decomandat,Bucium - Visan","Bucium, Iasi, Iasi",72000,1200,3,60
1172,"OCAZIE, CANTA INVESTIȚIE!!! Vând apartament 2 camere dec. 72000 € neg","Podu Ros, Iasi, Iasi",72000,1220,2,59
4290,"Piata Dacia 2 camere, decomandat, et 2, 1220 eur /mp","Dacia, Iasi, Iasi",72000,1220,2,59
987,APARTAMENT 2 CAMERE 58MP,"Baza 3, Iasi, Iasi",72000,1241,2,58
4129,"Apartament 2 camere, semidecomandat, Moara de Vant","Strada Brandusa, Moara de Vant, Iasi, Iasi",72000,1286,2,56
2831,"Apartament cu 2 camere decomandat, Pacurari, bloc nou","Pacurari, Iasi, Iasi",72000,1309,2,55
3829,"Apartament 2 camere, Galata, 55mp, CT, etaj intermediar","Podu Ros, Iasi, Iasi",72000,1309,2,55
4767,"Apartamente noi, 2 camere, Proiect deosebit, Pacurari","Soseaua Pacurari, Canta, Iasi, Iasi",72000,1309,2,55
2654,"Apartament 2 camere Pacurari intabulat, se accepta credit","Pacurari, Iasi, Iasi",72000,1324,2,54.4
67,"Apartament 2 camere Gara , 54 metri, etaj 4 Cod:149902","Strada Garii, Gara, Iasi, Iasi",72000,1333,2,54
731,"Apartament 2 camere Canta , 54 metri, etaj 4 Cod:149902","Strada Garii, Gara, Iasi, Iasi",72000,1333,2,54
812,APARTAMENT 2 CAM DEC GARA BLOC EURO,"Strada Profesor Petru Cujba, Uzinei, Iasi, Iasi",72000,1333,2,54
817,2 camere decomandat Gara Carrefour Market 54 mp bloc 1985 Cod:149902,"Strada Garii, Gara, Iasi, Iasi",72000,1333,2,54
834,Tatarasi-apartament 2 camere decomandat-bloc fara risc,"Tatarasi Nord, Iasi, Iasi",72000,1333,2,54
841,Vând apartament decomandat,"Centru, Iasi, Iasi",72000,1333,2,54
1191,"Apartament 3 camere Dacia , 54 metri, etaj 3 Cod:150968","Bulevardul Dacia, Dacia, Iasi, Iasi",72000,1333,3,54
2291,Descoperă Contemporan Residence- Complexul rezidențial de top Pacurari,"Pacurari, Iasi, Iasi",72000,1333,2,54
2840,"Apartament 2 camere, DECOMANDAT, INTABULAT, BLOC NOU, Galata","Mircea cel Batran, Iasi, Iasi",72000,1333,2,54
2958,Apartament 2 camere D-bloc nou/PACURARI 54 MP - finalizare iunie 2023!,"Pacurari, Iasi, Iasi",72000,1333,2,54
146,Apartament 2 camere intabulat Galata Cod:148559,"Soseaua Galata, Galata, Iasi, Iasi",72000,1358,2,53
455,"Apartament 2 camere Galata , 53 metri, etaj 3 Cod:148559","Soseaua Galata, Galata, Iasi, Iasi",72000,1358,2,53
1216,Apartament 2 camere Galata finalizat si intabulat Cod:148559,"Soseaua Galata, Galata, Iasi, Iasi",72000,1358,2,53
3002,"Rate dezvoltator, 2 camere, Nou, Dobinda 0, 58 mp, zona Bucium Visan","Bucium, Iasi, Iasi",72000,1358,2,53
677,"Apartament 2 camere Tatarasi , 52 metri, etaj 9 Cod:151076","Strada Tatarasi, Tatarasi Nord, Iasi, Iasi",72000,1385,2,52
752,Apartament 2 Camere Decomandat - Etaj Imtermediar - Tatarasi,"Podu Ros, Iasi, Iasi",72000,1385,2,52
2866,"Apartament 2 camere , Galata - Complex Panoramic Residence Galata","Galata, Iasi, Iasi",72000,1385,2,52
1888,2 camere de vanzare - Nicolina Cug - an 1986,"Soseaua Nicolina, CUG, Iasi, Iasi",72000,1412,2,51
4846,Centru Billa 2 camere et 4 cu pod,"Strada Strapungerea Silvestru, Gara, Iasi, Iasi",72000,1412,2,51
4538,Podu Ros - apartament 2 camere,"Podu Ros, Iasi, Iasi",72000,1440,2,50
4782,Apartament cu 2 camere SemiDecomandat in Podu Ros la bulevard,"Podu Ros, Iasi, Iasi",72000,1440,2,50
113,APARTAMENT 2 CAM DEC DACIA ETAJ 2 DIN 4 MOBILAT 72000 EURO,"Strada Profesor Simionescu I., Dacia, Iasi, Iasi",72000,1500,2,48
2757,"Apartament 2 camere, semidecomandat. de vanzare, zona Galata - Sos. Vo","Soseaua Voinesti, Nicolina 1, Iasi, Iasi",72000,1500,2,48
536,Apartament 2 camere decomandat Canta-Lidl,"Canta, Iasi, Iasi",72000,1532,2,47
248,Apartament cu 2 camere bloc nou mobilat Pacurari Alpha Bank Lukoil,"Podu Ros, Iasi, Iasi",72000,1565,2,46
4232,"Apartament 2 cam, open space de vanzare in zona Tatarasi 2 Baieti","Strada Aurel Vlaicu, Aviatiei, Iasi, Iasi",72000,1600,2,45
1515,"Apartament cu 2 camere, decomandat, et 2\/4, Canta","Strada Canta, Canta, Iasi, Iasi",72000,1636,2,44
2658,"Apartament cu 2 camere, bloc nou 2019, Boxa, intabulat, mobilat si uti","Aleea Cimitirul Evreiesc, Pacurari, Iasi, Iasi",72000,1636,2,44
1824,"Apartament in Podul de Fier, 2 camere decomandat, 1981, 46mp","Strada Eternitate, Podu de Fier, Iasi, Iasi",72000,1674,2,43
518,"Apartament 2 camere Podul de Fier , 42 metri, etaj 4 Cod:150370","Strada Eternitate, Podu de Fier, Iasi, Iasi",72000,1714,2,42
3911,Persoana fizica ofer spre vânzare ap 2 cam decomandat Podul de Fier,"Centru, Iasi, Iasi",72000,1714,2,42
4125,"Apartament 1 camera, finalizat, Royal Town, Copou","Podu Ros, Iasi, Iasi",72000,1756,2,41
4549,"Finalizat! Apartament 1 camera, bucătărie inclusă, Royal Town","Podu Ros, Iasi, Iasi",72000,1756,1,41
4031,"Comision ZERO! Apartament 2 camere, Galata, 55mp, bloc 2022","Podu Ros, Iasi, Iasi",72067,1310,2,55
957,"Apartament 2 camere Pacurari , 57 metri, etaj 4 Cod:138955","Soseaua Pacurari, Pacurari, Iasi, Iasi",72200,1267,2,57
958,Pacurari-Apartament 2 camere decomandat,"Pacurari, Iasi, Iasi",72200,1267,2,57
2652,IASI – PACURARI (zona Kaufland) Apartament NOU cu 2 camere decomandat,"Pacurari, Iasi, Iasi",72200,1267,2,57
2811,Apartament 2 camere Pacurari Kaufland,"Pacurari, Iasi, Iasi",72200,1267,2,57
3769,Pacurari-Apartament 2 camere 57mp,"Pacurari, Iasi, Iasi",72200,1267,2,57
1560,"Apartament cu 2 camere decomandat, bloc nou, rezidential Pacurari","Soseaua Rediu, Pacurari, Iasi, Iasi",72200,1313,2,55
2703,"APARTAMENT 2 CAMERE DECOMANDAT, BLOC NOU, INTABULAT, MUTARE IMEDIATA","Pacurari, Iasi, Iasi",72200,1313,2,55
4005,"Apartament 2 camere capat Pacurari - intrare Rediu,decomandat,parcare!","Pacurari, Iasi, Iasi",72200,1313,2,55
4237,"Apartament 2 camere capat Pacurari - intrare Rediu, 55 mp! Comision 0%","Pacurari, Iasi, Iasi",72200,1313,2,55
4310,"Comision 0%! Apartament 2 camere capat Pacurari - intrare Rediu, 55 mp","Pacurari, Iasi, Iasi",72200,1313,2,55
4481,Comision 0%! Apartament 2 camere finalizat Pacurari - intrare Rediu!,"Pacurari, Iasi, Iasi",72200,1313,2,55
4629,Finalizat! Ap 2 camera D 55mp Parcare inclusa zona Pacurari Capat,"Podu Ros, Iasi, Iasi",72200,1313,2,55
4233,"Apartament 2 camere, decomandat, Etaj intermediar, Finisaje la alegere","Pacurari, Iasi, Iasi",72200,1416,2,51
2932,"Apartament 2 camere decomandat 58 mp, geam baie, NOU, langa Kaufland","Galata, Iasi, Iasi",72215,1245,2,58
1207,"Stil, confort și priveliște interesanta! 2 cam. Veneția-Dezvoltator","Tatarasi Nord, Iasi, Iasi",72216,1313,2,55
2042,2 Camere Decomandat apartament nou - Venetia Residence - dezvoltator,"Tatarasi Nord, Iasi, Iasi",72249,1314,2,55
3115,"Ap 3 cam, 2 bai, acte la zi, accept credit, zona Bucium","Soseaua Bucium, Bucium, Iasi, Iasi",72250,1165,3,62
2056,Veneția Residence - Dezvoltator - BLOC 2 - Prețuri PROMOTIONALE,"Aviatiei, Iasi, Iasi",72280,1291,2,56
4098,"Apartament 3 camere, 2 bai, Pacurari bloc nou","Soseaua Pacurari, Pacurari, Iasi, Iasi",72300,1205,3,60
1188,"Lac, Pădure, acces facil, 2 camere decomandat, Tatarasi-Venetia dezv.","Tatarasi Nord, Iasi, Iasi",72340,1315,2,55
2351,"Apartament 3 camere, Gara - Billa, 60mp","Podu Ros, Iasi, Iasi",72500,1208,3,60
3635,"Apartament 2 camere, 60 mp, MOBILAT, BLOC NOU, Cug-Tudor Neculai","CUG, Iasi, Iasi",72500,1208,2,60
2665,"Ap 2 Camere,Dec, Bloc Nou,incalzire pardoseala,AC, Tudor Neculai, 58mp","CUG, Iasi, Iasi",72500,1250,2,58
4622,"Apartamente de vanzare, 2 camere, bloc nou, zona CUG COMISION 0%","Aleea Tudor Neculai, CUG, Iasi, Iasi",72500,1272,2,57
2891,"Apartament 2 camere DECOMANDAT, Nicolina-Belvedere! MOBILAT, UTILAT!","Nicolina 1, Iasi, Iasi",72500,1343,2,54
4267,"2 CAM dec, mobilat utilat, GRADINA, parcare, incalzire pard, AC, NOU","CUG, Iasi, Iasi",72500,1368,2,53
2653,"Apartament 2 camere, MOBILAT, ETAJ 3/4, fara risc, Podu Ros, BULEVARD","Podu Ros, Iasi, Iasi",72500,1394,2,52
4820,Apartament 2 camere Moara de Vant,"Strada Strapungerea Silvestru, Gara, Iasi, Iasi",72500,1394,1,52
643,"Apartament 2 camere Palat , 51 metri, etaj 3 Cod:150172","Podu Ros, Iasi, Iasi",72500,1422,2,51
302,Vand apartament Alexandru cel Bun,"Alexandru Cel Bun, Iasi, Iasi",72500,1450,3,50
883,"Apartament 2 camere Tudor Vladimirescu , 50 metri, etaj 4 Cod:145602","Podu Ros, Iasi, Iasi",72500,1450,2,50
1065,"Apartament 2 camere Podu Ros , 50 metri, etaj 4 Cod:145602","Podu Ros, Iasi, Iasi",72500,1450,2,50
1671,CANTA APARTAMENT 2 CAMERE ETAJ INTERMEDIAR,"Stradela Canta, Canta, Iasi, Iasi",72500,1510,2,48
100,Apartament 2 camere Canta,"Strada Luca Arbore, Dacia, Iasi, Iasi",72500,1543,2,47
3371,"Palas Mall, ideal pentru investitii","Podu Ros, Iasi, Iasi",72500,2266,1,32
3777,Apartament 1 camera Copou - Exclusive Residence,"Iasi, Iasi",72500,2417,1,30
2596,Apartament 2 camere decomandat Sos Nicolina-Cug,"CUG, Iasi, Iasi",72540,1300,2,55.8
2019,"Apartament de 1 camera, 40.33mp, decomandat, zona Nicolina","Soseaua Nicolina, Nicolina 2, Iasi, Iasi",72594,1800,1,40.33
4864,Apartament 2 cam. -66 mp- Excentric Apartments - Rate la Dezvoltator,"Centru, Iasi, Iasi",72600,1100,1,66
1903,"Vanzare cu 0 COMISION, apartament decomandat cu 2 camere","Soseaua Bucium, Zona Industriala, Iasi, Iasi",72600,1296,2,56
2508,"Bloc nou cu lift, apartament cu 2 camere, 2 balcoane, 0 Comision","Soseaua Bucium, Bucium, Iasi, Iasi",72600,1296,2,56
819,"Apartament 2 camere Pacurari , 55 metri, etaj 1 Cod:147139","Soseaua Pacurari, Pacurari, Iasi, Iasi",72600,1320,2,55
2462,"Apartamente noi, 1 camera, Nicolina la bulevard, pret Promotional!","Strada Carpati, Nicolina 2, Iasi, Iasi",72600,1815,1,40
1165,"Langa Lidl Nicolina - apartament 1 camera NOU, geam la baie, BLOC NOU","Nicolina 1, Iasi, Iasi",72630,1816,1,40
3495,"Apartament 2 camere, DECOMANDAT, ETAJ 2/3, BLOC NOU, Cug","CUG, Iasi, Iasi",72800,1324,2,55
2368,"Apartament nou cu 2 camere , zona Pacurari","Pacurari, Iasi, Iasi",72800,1400,2,52
2244,"Apartament 2 camere decomandat, Pacurari Kaufland, Comision 0","Pacurari, Iasi, Iasi",72800,1427,2,51
2376,Direct la Dezvoltator 2 cam D COMISION 0%,"Pacurari, Iasi, Iasi",72800,1427,2,51
2542,2 camere Bucium 80 mp,"Bucium, Iasi, Iasi",72900,911,2,80
13,"Liber! Apartament 3 camere, mobilat si utilat, loc de parcare privat","CUG, Iasi, Iasi",72900,1072,3,68
317,"Comision 0%. Apartament 3 camere, mobilat si utilat, cu loc de parcare","CUG, Iasi, Iasi",72900,1072,3,68
3678,"Apartamente noi, 2 camere decomandate, Tatarasi Pret Promotional!","Strada Ciurchi, Tatarasi Sud, Iasi, Iasi",72900,1350,2,54
3052,"Apartament 2 camere, DECOMANDAT, mobilat, BLOC NOU, Galata","Mircea cel Batran, Iasi, Iasi",72900,1375,2,53
2607,"Apartament 2 cam, MOBILAT, UTILAT ETAJ 3/4, Podu Ros, BULEVARD, 52 mp","Podu Ros, Iasi, Iasi",72900,1402,2,52
1260,"Podu Ros - Bulevardul Socola, apartament 2 camere, bloc fara risc seis","Podu Ros, Iasi, Iasi",72900,1458,2,50
1600,"2 CAM PODU ROS, PALAS, CANTEMIR, FARA RISC, ETAJ INTERMEDIAR","Soseaua Nationala, Podu Ros, Iasi, Iasi",72999,1460,2,50
210,"Ap 2 camere, NOU, Decomandat, Intabulat, et 3/5, Bucium Visan, 69 mp","Bucium, Iasi, Iasi",73000,1058,2,69
1732,Apartament 3 cam - Tatarasi,"Strada Ion Creanga, Tatarasi Nord, Iasi, Iasi",73000,1058,3,69
662,"Apartament 3 camere Pacurari , 63 metri, etaj 1 Cod:140127","Soseaua Pacurari, Pacurari, Iasi, Iasi",73000,1159,3,63
2031,"Apartament nou cu 2 camere , zona Capat Cug","CUG, Iasi, Iasi",73000,1159,2,63
2829,"Ap 2 cam, mutare imediata, direct dezvoltator, Bucium","Soseaua Bucium, Bucium, Iasi, Iasi",73000,1197,2,61
707,Zimbru - Bulevard - 3 camere decomandat - liber - 1982,"Dacia, Iasi, Iasi",73000,1217,3,60
1033,"Apartament 2 camere Pacurari , 60 metri, etaj 3 Cod:150917","Soseaua Pacurari, Pacurari, Iasi, Iasi",73000,1217,2,60
1765,"Ap 2 camere, Decomandat, Mobilat si Utilat, 60 mp + Boxa 10 mp, Visan","Bucium, Iasi, Iasi",73000,1217,2,60
2227,Apartament cu 3 camere Decomandate in zona Bicaz,"Podu Ros, Iasi, Iasi",73000,1217,3,60
4592,Apartament 3 camere Bloc nou Parcare zona Pacurari -Rond ERA,"Podu Ros, Iasi, Iasi",73000,1217,3,60
1031,Apartament 3 camere Gara 73000 euro neg,"Gara, Iasi, Iasi",73000,1237,3,59
2740,LUX_Apartament cu 2 camere D-IASI- capăt CUG- FORTUS,"Strada Fortus, CUG, Iasi, Iasi",73000,1237,2,59
1245,COMISION 0 AP 2 CAM DEC BLOC NOU MOBILAT SI UTILAT,"Bulevardul Chimiei, Zona Industriala, Iasi, Iasi",73000,1259,2,58
203,Apartament 2 camere în zona Dacia-Bicaz -Negociabil.,"Podu Ros, Iasi, Iasi",73000,1281,2,57
1351,"Apartament 3 camere Tatarasi , 56 metri, etaj 4 Cod:150687","Strada Tatarasi, Tatarasi Nord, Iasi, Iasi",73000,1304,3,56
4183,Ap 2 camere Cug - Bloc nou intabulat! etaj 2 si 3,"CUG, Iasi, Iasi",73000,1304,2,56
1321,"Apartament 2 camere, et. 1, decomandat, 55 mp, Pacurari, 73.000 euro","Soseaua Pacurari, Pacurari, Iasi, Iasi",73000,1327,2,55
4450,2 camere 2020 Tudor Vladimirecu,"Podu Ros, Iasi, Iasi",73000,1327,2,55
754,"Ap.2 camere, decomandat, zona CUG, an 2013","CUG, Iasi, Iasi",73000,1352,2,54
899,"Apartament cu 2 camere decomandat, rezidential PACURARI","Soseaua Pacurari, Pacurari, Iasi, Iasi",73000,1352,2,54
2346,"Apartament 2 camere, decomandat, Tudor Neculai, 2013, parcare","CUG, Iasi, Iasi",73000,1352,2,54
2415,"Apartament cu 2 camere de vanzare, bloc nou 2014, zona Nicolina Rond V","Aleea Tudor Neculai, Nicolina 1, Iasi, Iasi",73000,1352,2,54
2422,"Apartament 2 camere, decomandat, Aleea Tudor Neculai, CUG","Centru, Iasi, Iasi",73000,1352,2,54
1377,"Persoana fizica ! Vând apartament ,2 camere ,decomandat","Centru, Iasi, Iasi",73000,1377,2,53
3036,"2 CAMERE decomandat, mobilat si utilat, bloc nou, Galata -langa statie","Mircea cel Batran, Iasi, Iasi",73000,1377,2,53
1403,"Ap 2 camere decomandat, 60 mp, et 1, bloc nou-Hlincea, parcare inclusa","Podu Ros, Iasi, Iasi",73000,1404,2,52
4301,"Apartament de vanzare, 2 camere,BLOC NOU - BUCIUM","Soseaua Bucium, Manta Rosie, Iasi, Iasi",73000,1404,2,52
130,"Ap.3 cam. Podu Ros, et.3, renovat, mobilat si utilat complet!","Tesatura, Iasi, Iasi",73000,1460,3,50
181,Vanzare apartament 3 camere - Podu Ros,"Podu Ros, Iasi, Iasi",73000,1460,3,50
2843,Apartament 2 camere Podu Ros- bulevardul Cantemir,"Bulevardul Dimitrie Cantemir, Cantemir, Iasi, Iasi",73000,1460,2,50
2170,"Apartament 2 camere decomandat, Copou - Gaudeamus","Podu Ros, Iasi, Iasi",73000,1490,2,49
1632,"Apartament cochet, etaj intermediar, complex rezidential","Strada Fantanelor, Aviatiei, Iasi, Iasi",73000,1521,2,48
1817,"Apartament 2 camere, etaj intermediar, 47 mp, zona Canta-Pacurari!","Canta, Iasi, Iasi",73000,1553,2,47
1918,"Apartament cu 2 camere, bloc nou 2019, Boxa, loc parcare, intabulat, P","Strada Ion Nistor, Pacurari, Iasi, Iasi",73000,1587,2,46
1478,"Apartament Dispecer, 2 camere, 50 mp","Strada Ion Creanga, Tatarasi Nord, Iasi, Iasi",73000,1659,2,44
1916,"2 camere 43 mp Mobilat/ Utilat, zona Bucsinescu","Podu Ros, Iasi, Iasi",73000,1698,2,43
4235,Apartamente 2 camere de la 43 mp bloc nou Centru - PALAS,"Strada Zimbrului, Tudor Vladimirescu, Iasi, Iasi",73000,1698,2,43
4620,"Apartament 1 camera decomandat-45 mp *PACURARI-complex nou, finisaje","Pacurari, Iasi, Iasi",73150,1626,1,45
3785,"De vanzare : 2 camere, bloc nou,SD, zona Galata, 52.8MP, 73.360 euro","Mircea cel Batran, Iasi, Iasi",73360,1400,2,52.4
4568,"Moara de Vant - lac Aroneanu, 2 camere la cheie, etaj 2","Stradela Moara de Vant, Moara de Vant, Iasi, Iasi",73370,1500,2,48.9
1384,"AP 2 CAM NOU CUG DECOMANDAT, MURARE IMEDIATA","Soseaua Nicolina, CUG, Iasi, Iasi",73380,1468,2,50
1101,"Comision 0%! Apartament 2 camere 66 mp,capat Pacurari,decomandat,liber","Pacurari, Iasi, Iasi",73500,1114,2,66
2539,Apartament 3 camere Podu Ros- Restaurmat Odeon 73.500 euro,"Strada Nicolina, Podu Ros, Iasi, Iasi",73500,1131,3,65
1048,"Ap 2 camere, Intabulat, Bloc Nou, 60 mp, Mobiltat si Utilat Complet","Frumoasa, Iasi, Iasi",73500,1387,2,53
4467,"Apartament 2 camere, mobilat si utilat, BLOC NOU, Tatarasi","Tatarasi Sud, Iasi, Iasi",73500,1470,2,50
1465,"Apartament 2 camere, DECOMANDAT, ETAJ 2, Nicolina Lidl","Nicolina 1, Iasi, Iasi",73500,1500,2,49
4426,"Apartament 2 camere, BLOC NOU, etaj 2, mobilat LUX, Carrefour Felicia","Tesatura, Iasi, Iasi",73500,1793,2,41
3591,"Garsoniera decomandata de 45 mp, zona Canta","Strada Luca Arbore, Canta, Iasi, Iasi",73805,1640,1,45
3714,"Apartament 3 camere, mobilat si utilat, Iulius Mall - Gradinari","Tudor Vladimirescu, Iasi, Iasi",73900,1137,3,65
3140,"Bucium, Family Mall, 2 camere, 63mp, Mutare Imediata","Strada Plopii Fara Sot, Bucium, Iasi, Iasi",73900,1173,2,63
270,Decomandat - Apartament NOU cu 2 camere 60 mp - predare imediata - CUG,"CUG, Iasi, Iasi",73900,1232,2,60
2098,Apartament 2 camere de vanzare CUG,"CUG, Iasi, Iasi",73900,1344,2,55
2604,"Apartament 2 camere, 55 mp, DECOMANDAT, mobilat, BLOC NOU, Cug","CUG, Iasi, Iasi",73900,1344,2,55
2608,"2 camere,Bloc nou,Dec, Cug, 55 mp, mobliat si utilat, et intermediar","CUG, Iasi, Iasi",73900,1344,2,55
73,Apartament 3 camere zona Alexandru cel Bun - Rond Zimbru Iasi,"Dacia, Iasi, Iasi",73900,1394,3,53
2052,Proprietar//Ap 2 camere Dec//zona Tudor Salvare Primaverii//liber.,"Centru, Iasi, Iasi",73900,1508,2,49
3644,"Gara, apartament 2 camere, etaj intermediar","Strada Garii, Uzinei, Iasi, Iasi",73900,1585,2,46.63
1163,"Apartament 1 camera 41 mp, bloc NOU langa LIDL Nicolina, la bulevard","Nicolina 1, Iasi, Iasi",73998,1805,1,41
3712,"Apartament nou, 2 camere, decomandat, Popas Pacurari","Pacurari, Iasi, Iasi",74000,1138,2,65
440,"Apartament 3 camere Dacia , 62 metri, etaj 3 Cod:149869","Bulevardul Dacia, Dacia, Iasi, Iasi",74000,1194,3,62
2367,"Ap 2 Camere,Decomandat, Bl Nou,et 3, statie, 67 mp , Bucium - Visan","Bucium, Iasi, Iasi",74000,1194,2,62
2800,"Dacia, apartament cu 3 camere decomandat, etaj 3","Strada Grigore Tufescu, Tatarasi Nord, Iasi, Iasi",74000,1213,3,61
900,"Apartament 2 camere decomandat, comision 0%, loc de parcare inclus","Soseaua Pacurari, Pacurari, Iasi, Iasi",74000,1276,2,58
2246,"Ap 2 cam, Bloc Nou, Decomandat,et 1, 69 mp, statie, zona Bucium Visan","Bucium, Iasi, Iasi",74000,1276,2,58
2715,"Ap 3 cam,decomandat, etaj 1,mobilat, Bloc Nou, Bucium ,statie, 62 mp","Bucium, Iasi, Iasi",74000,1276,3,58
1612,"Apartament cu 2 camere decomandat, ideal compartimentat, PACURARI","Soseaua Pacurari, Pacurari, Iasi, Iasi",74000,1298,2,57
4766,"Apartamente noi, 2 camere decomandate, parcare subterana, Pacurari","Soseaua Pacurari, Pacurari, Iasi, Iasi",74000,1370,2,54
3317,"Podu Ros - Palas, apartament 2 camere renovat, mobilat si utilat!","Bulevardul Tutora, Tesatura, Iasi, Iasi",74000,1423,2,52
485,2 Camere Decomandat Nicolina Biserica Catolica,"Nicolina 1, Iasi, Iasi",74000,1480,2,50
2682,Apartament nou 2 camere model decomandat,"Bulevardul Poitiers, Manta Rosie, Iasi, Iasi",74000,1480,2,50
4691,"Apartament 2 camere D PACURARI-bloc nou, in curs de finalizare","Pacurari, Iasi, Iasi",74000,1510,2,49
4692,"Apartament 2 camere D PACURARI-bloc nou,IDEAL INVESTITIE-comision 0%!","Pacurari, Iasi, Iasi",74000,1510,2,49
3176,"Ap 2 cam D, et intermediar, renovat complet-Canta","Canta, Iasi, Iasi",74000,1574,2,47
1935,"Apartament 2 camere 46 mp, Rasarit de Soare, Pacurari","Strada Ion Nistor, Pacurari, Iasi, Iasi",74000,1609,2,46
4424,"Apartament cu 3 camere, fara risc, parter, geam la baie, Podu Ros","Aleea Decebal, Podu Ros, Iasi, Iasi",74000,1609,3,46
4439,"Apartament 2 camere Studio, 46.3 mp,bloc nou,comsion 0%","Strada Costache Negri, Centru, Iasi, Iasi",74000,1609,2,46
2980,Apartament 2 camere Bloc Nou - Copou,"Podu Ros, Iasi, Iasi",74000,1850,2,40
438,Centru Palas Mall,"Centru, Iasi, Iasi",74000,2242,1,33
918,Centru Palas Mall,"Podu Ros, Iasi, Iasi",74000,2242,1,33
1420,Apartament Exclusive Residence Copou Cod:150732,"Bulevardul Carol I, Copou, Iasi, Iasi",74000,2552,1,29
2421,"Apartament 2 camere in cartier inedit, Frumoasa, Iasi.","Frumoasa, Iasi, Iasi",74019,1418,2,52.2
2679,"Apartamente 2 camere, complex rezidential nou in Copou, COMISION ZERO!","Agronomie, Iasi, Iasi",74050,1543,2,48
3830,"Apartamente 2 camere de vanzare, BLOC NOU, Royal Town Copou!","Carol I, Iasi, Iasi",74050,1543,2,48
4021,"Apartament 1 camera, Decomandat, Etaj intermediar,Incalzire pardoseala","Agronomie, Iasi, Iasi",74050,1543,1,48
2579,"Proiect deosebit, 2 camere model clasic, Tatarasi - 2 Baieti","Strada Aurel Vlaicu, Aviatiei, Iasi, Iasi",74180,1177,2,63
2578,"Apartamente noi zona Tatarasi 2 Baieti, 2 camere Clasic!","Strada Aurel Vlaicu, Tatarasi Sud, Iasi, Iasi",74180,1216,2,61
3778,"De vanzare : 2 camere, bloc nou,SD, zona Galata, 52.8MP, 74.200 euro","Mircea cel Batran, Iasi, Iasi",74200,1400,2,53
924,"Apartament cu o camera, decomandat, etaj 2, 44mp, Central, 74.380 euro","Bulevardul Socola, Podu Ros, Iasi, Iasi",74380,1690,1,44
3153,"Apartament 1 camera, 43.97mp, etaj intermediar, zona Nicolina","Strada Mitropolit Varlaam, Nicolina 2, Iasi, Iasi",74391,2011,1,37
588,"Un tip de apartament nou, zona Podu Ros, perfect pt inchiriere!","Podu Ros, Iasi, Iasi",74428,2012,1,37
3792,"De vanzare : 2 camere, bloc nou,D, zona Galata, 53,2MP, 74.440 euro","Mircea cel Batran, Iasi, Iasi",74480,1405,2,53
923,Apartament 3 camere de vanzare Tatarasi,"Podu Ros, Iasi, Iasi",74500,1035,3,72
763,"Apartament 2 camere, 62 mp, BLOC NOU, ETAJ 2, parcare, Tudor Neculai","CUG, Iasi, Iasi",74500,1202,2,62
2352,"FINALIZAT! INTABULAT! Etaj 1! Apartament 3 camere, capat Pacurari","Pacurari, Iasi, Iasi",74500,1202,3,62
4740,"Apartament nou, 2 camere, Pacurari","Aleea Prof. I. P. Culianu, Pacurari, Iasi, Iasi",74500,1242,2,60
2337,"Apartament Nou, 2 camere Boheme Residence Bucium, loc parcare intabula","Soseaua Bucium, Bucium, Iasi, Iasi",74500,1461,2,51
4489,"Apartament 2 camere, semidecomandat, de vanzare, zona Dacia","Bulevardul Dacia, Dacia, Iasi, Iasi",74500,1620,2,46
1595,"Apartament 1 camera, etaj intermediar, CENTRU PALAS","Strada Zimbrului, Tudor Vladimirescu, Iasi, Iasi",74500,2483,1,30
2026,Apartament 1 cam Lazar Residence,"Centru, Iasi, Iasi",74500,2483,1,30
2145,Copou-Exclusive Residence apartament cu 1 camera mobilat si utilat !,"Centru, Iasi, Iasi",74500,2483,1,30
1976,Apartament 1 camera Lazar Residence,"Strada Zimbrului, Tudor Vladimirescu, Iasi, Iasi",74500,2569,1,29
532,Apartament 2 camere 64mp Pacurari,"Pacurari, Iasi, Iasi",74600,1166,2,64
956,"Apartament 2 camere Pacurari , 60 metri, etaj 4 Cod:146094","Soseaua Pacurari, Pacurari, Iasi, Iasi",74600,1243,2,60
3554,"De vanzare: Apartamente 2 si 3 camere, Bloc Nou, zona Pacurari","Pacurari, Iasi, Iasi",74600,1243,2,60
2732,Apartament 2 camere decomandat Pacurari-Kaufland finalizat,"Pacurari, Iasi, Iasi",74600,1356,2,55
3266,"Ap 2 cam, ideal investitie, etaj int, Pacurari","Soseaua Pacurari, Pacurari, Iasi, Iasi",74600,1356,2,55
3329,"Pacurari-Kaufland, Aprtament 2 camere 55mp","Pacurari, Iasi, Iasi",74600,1356,2,55
3434,"Apartament nou de vanzare, cu 2 camere, situat in zona Pacurari,","Pacurari, Iasi, Iasi",74600,1356,2,55
3747,"Apartament nou de vanzare, cu 2 camere, situat in zona Pacurari","Pacurari, Iasi, Iasi",74600,1356,2,55
3884,"Pacurari - Kaufland, locuinta noua cu 2 camere, dotari de top","Strada Popauti, Pacurari, Iasi, Iasi",74600,1356,2,55
4602,"Apartament de vanzare,2 camere decomandat, bloc nou, Pacurari Kaufland","Soseaua Rediu, Pacurari, Iasi, Iasi",74600,1356,2,55
372,"Apartamente noi, zona Tatarasi, 2 camere, decomandat","Strada Aurel Vlaicu, Aviatiei, Iasi, Iasi",74600,1408,2,53
1413,"Etaj 2! Proiect premium, 2 camere decomandat total, Pacurari","Podu Ros, Iasi, Iasi",74600,1435,2,52
1593,"AP 2 CAM NICOLINA CUG, DECOMANDAT, BLOC NOU","Soseaua Nicolina, CUG, Iasi, Iasi",74800,1496,2,50
2499,"Etaj 2! Apartament 3 camere 2 bai - Dacia, decomandat","Podu Ros, Iasi, Iasi",74900,1118,3,67
1637,Apartament NOU 3 Camere 65mp - predare imediată - Nicolina,"CUG, Iasi, Iasi",74900,1152,3,65
4546,"Apartament 3 camere, DECOMANDAT, ETAJ 3/4, Iulius Mall -Tudor","Tudor Vladimirescu, Iasi, Iasi",74900,1152,3,65
738,"2 CAM , decom, 61mp, et 2, incalz pardoseala parcare,Al. Tudor Neculai","CUG, Iasi, Iasi",74900,1228,2,61
3587,"Apartament 2 camere decomandat 58 mp, bloc nou cu finisaje de lux","Canta, Iasi, Iasi",74900,1291,2,58
2053,"Apartament 2 camere, decomandat, et. 2, Visoianu","CUG, Iasi, Iasi",74900,1314,2,57
4145,"Apartamente Noi, 2 camere, COMAT TOWERS zona Dacia -Pacurari","Strada Vitejilor, Dacia, Iasi, Iasi",74900,1314,2,57
1793,"APT 3 camere, Etaj 2/4, 55 mp - zona Dacia","Dacia, Iasi, Iasi",74900,1362,3,55
2919,"Etaj 3! Apartament 2 camere Galata, 55mp, decomandat","Podu Ros, Iasi, Iasi",74900,1362,2,55
4144,"Apartament 2 camere Tatarasi, 55mp, intermediar, fara risc","Podu Ros, Iasi, Iasi",74900,1362,2,55
4406,"Etaj 2! Apartament 2 camere Podu Ros 52mp, CT, renovat complet","Podu Ros, Iasi, Iasi",74900,1440,2,52
108,"Apartament decomandat cu 2 camere de 51mp, la 5 minute de Rond Zimbru","Dacia, Iasi, Iasi",74900,1469,2,51
1015,"Apartament 2 camere Podu Ros , 51 metri, etaj 3 Cod:150172","Podu Ros, Iasi, Iasi",74900,1469,2,51
561,"Langa Palas, apartament 2 camere, mobilat si utilat","Podu Ros, Iasi, Iasi",74900,1498,2,50
1568,"Podu Ros - Palas, la strada, apartament 2 camere renovat, fara risc!","Bulevardul Tutora, Podu Ros, Iasi, Iasi",74900,1498,2,50
3258,"Apartament 3 camere, ETAJ 2, bloc nou, incalzire in pardoseala, GALATA","Mircea cel Batran, Iasi, Iasi",74990,1500,3,50
1040,"Apartament 3 camere SD, etaj 3/4, GEAM LA BAIE - Mircea cel Batran","Mircea cel Batran, Iasi, Iasi",74999,1316,3,57
1416,Apartament 2 camere decomandat zona Podu de Fier-Tg.Cucu- 55 mp !,"Podu Ros, Iasi, Iasi",74999,1500,2,50
3997,"Apartament 3 camere, semidecomandat, de vanzare, Galata - Sos. Voinest","Soseaua Voinesti, Nicolina 1, Iasi, Iasi",75000,750,3,100
1752,Apartament 4 camere GARA,"Gara, Iasi, Iasi",75000,949,4,79
1915,"Gara in apropiere de spitalul Elytis Ap 4 C, SD","Uzinei, Iasi, Iasi",75000,949,4,79
808,"Apartament cu 3 camere 78mp , de tip duplex, situat in zona CUG-Valea","CUG, Iasi, Iasi",75000,962,3,78
1476,"Apartament cu 3 camere 78mp , de tip duplex, situat CUG-Valea Adanca","CUG, Iasi, Iasi",75000,962,3,78
2510,"Apartament nou, model decomandat, etaj intermediar","CUG, Iasi, Iasi",75000,1000,3,75
1338,"Apartament 3 camere Lunca Cetatuii , 72 metri, etaj 2 Cod:143247","Soseaua Nicolina, CUG, Iasi, Iasi",75000,1042,3,72
1444,Apartament 3 camere Alexandru cel Bun,"Alexandru Cel Bun, Iasi, Iasi",75000,1042,3,72
4037,"Aprtament 3 camere, Dacia la Bulevard","Dacia, Iasi, Iasi",75000,1071,3,70
4571,"Apartament 3 camere Tatarasi 70mp, CT, AC, mobilat + utilat","Podu Ros, Iasi, Iasi",75000,1071,3,70
4625,"Apartament 3 camere, 70 mp, zona Tatarasi Sud","Strada Gradinari, Tatarasi Sud, Iasi, Iasi",75000,1071,3,70
1709,Apartament 2camere decomandat - Pacurari - str Soarelui,"Soseaua Pacurari, Pacurari, Iasi, Iasi",75000,1119,2,67
4610,Tatarasi - Stejar - apartament 3 camere semidecomandat confort sporit!,"Strada Ion Creanga, Tatarasi Nord, Iasi, Iasi",75000,1119,3,67
1227,"Apartament 3 camere Podu Ros , 66 metri, etaj 1 Cod:147130","Podu Ros, Iasi, Iasi",75000,1136,3,66
1428,"Spatios si luminos! 3 camere, intermediar, bucatarie separata, parcare","Podu Ros, Iasi, Iasi",75000,1136,3,66
2327,Apartament 3 Camere Podu Ros Odeon,"Strada Nicolina, Podu Ros, Iasi, Iasi",75000,1154,3,65
2357,Apartament 3 Camere DACIA parter IDEAL locuit Birou sau Sediu de firma,"Dacia, Iasi, Iasi",75000,1154,3,65
3057,Apartament 3 camere Bulevard Podu Ros 75.000,"Aleea Rozelor, Podu Ros, Iasi, Iasi",75000,1154,3,65
3617,"Apartament de 3 camere, etaj intermediar, 65 mp, Podu Ros","Strada Nicolina, Podu Ros, Iasi, Iasi",75000,1154,3,65
4805,Apartament 3 camere Metalurgie - Tudor Vladimirescu,"Tudor Vladimirescu, Iasi, Iasi",75000,1154,3,65
3447,"Apartament 4 camere, 64 mp, zona Mircea cel Batran","Aleea Mircea cel Batran, Mircea cel Batran, Iasi, Iasi",75000,1172,4,64
4595,"Bucium, Soseaua Principala, 3 camere, 63mp, Bloc NOU","Soseaua Bucium, Bucium, Iasi, Iasi",75000,1172,3,64
144,"Apartament 2 camere Bucium D,finalizat , 62 mp, etaj 1 Cod:149681","Soseaua Bucium, Bucium, Iasi, Iasi",75000,1210,2,62
2230,"Apartament nou, 2 camere, decomandat, FINALIZAT, Bucium","Bucium, Iasi, Iasi",75000,1210,2,62
3484,"Apartament 2 cam, decomandat de vanzare in zona Bucium - Plopii fara S","Soseaua Bucium, Bucium, Iasi, Iasi",75000,1210,2,62
3741,"Apartament 2 camere, Zimbru, 62mp, etaj intermediar","Dacia, Iasi, Iasi",75000,1210,2,62
1301,"Apartament 2 camere Pacurari , 60 metri, etaj 3 Cod:150917","Soseaua Pacurari, Pacurari, Iasi, Iasi",75000,1250,2,60
4875,"Dacia - apartament cu 3 camere, ideal pentru o familie","Bulevardul Tudor Vladimirescu, Tudor Vladimirescu, Iasi, Iasi",75000,1250,3,60
1990,"Apartament 2 camere, 60 mp, ETAJ 2/4, BLOC NOU, Cug-Tudor Neculai","CUG, Iasi, Iasi",75000,1271,2,59
3833,"Moara de Vant, bloc nou, 2 camere mobilat si utilat","Strada Vantu, Moara de Vant, Iasi, Iasi",75000,1278,2,58.7
3210,"Ap 2 cam D, etaj int, bloc 2023, zona Pacurari","Soseaua Pacurari, Pacurari, Iasi, Iasi",75000,1316,2,57
2571,Apartament cu 2 camere decomandat-Zimbru,"Podu Ros, Iasi, Iasi",75000,1331,2,56.35
1386,"Apartament 2camere decomandat, 55mp,bloc nou CUG","Strada Profesor Ion Inculet, Nicolina 2, Iasi, Iasi",75000,1339,2,56
4807,"Apartament cu 3 camere, parter, cu balcon si gradina, La Familial, Ale","Strada Roman Voda, Alexandru Cel Bun, Iasi, Iasi",75000,1339,3,56
11,Apartament 2 camere decomandat+boxa-Tatarasi-bloc 1986,"Tatarasi Sud, Iasi, Iasi",75000,1389,2,54
92,"OCAZIE! TATARASI - 2 Baieti Apartament 2 Cam , D , etaj 3 , bl 1986","Podu Ros, Iasi, Iasi",75000,1389,2,54
95,Apartament 2 Camere Decomandat - Bloc 1986 - Tatarasi - 2 Baieti,"Podu Ros, Iasi, Iasi",75000,1389,2,54
153,Vând apartament 2 camere,"Centru, Iasi, Iasi",75000,1389,2,54
861,"Apartament 2 CD Pacurari, 54 mp, parter/ 2 - 75000€","Centru, Iasi, Iasi",75000,1389,2,54
866,Apartament doua camere- Nicolina,"Podu Ros, Iasi, Iasi",75000,1415,2,53
2666,"Apartament 2 camere, DECOMANDAT, 53 mp, ETAJ 1, Nicolina Lidl","Nicolina 1, Iasi, Iasi",75000,1415,2,53
3225,"Apartament 2 camere, DECOMANDAT, BLOC NOU, Nicolina Belvedere","Nicolina 1, Iasi, Iasi",75000,1415,2,53
3565,"Apartament 2 camere decomandat, Pacurari","Pacurari, Iasi, Iasi",75000,1415,2,53
91,Apartament cu 2 camere Decomandat Mircea cel Batran,"Podu Ros, Iasi, Iasi",75000,1442,2,52
326,"Apartament 2 camere, zona linistita, 62 mp","Strada Ioan Ganju, Bucium, Iasi, Iasi",75000,1442,2,52
544,Vanzare apartament 2 camere - bloc nou 2020 - intabulat,"Podu Ros, Iasi, Iasi",75000,1442,2,52
641,"Apartament 2 camere Podu Ros , 52 metri, etaj 3 Cod:149360","Podu Ros, Iasi, Iasi",75000,1442,2,52
1365,"Direct proprietar vand apartament 3 cam SD, etaj 3/4, Dacia-Bicaz","Centru, Iasi, Iasi",75000,1442,3,52
4339,"Etaj 1! Apartament 2 camere, Nicolina - LIDL, 52mp, CT","Podu Ros, Iasi, Iasi",75000,1442,2,52
403,"Etajul 1 - apartament 2 camere decomandat mobilat si utilat, Pacurari","Pacurari, Iasi, Iasi",75000,1471,2,51
249,"Apartament 2 camere, Dacia, bloc 1980, decomandat, etaj 2","Centru, Iasi, Iasi",75000,1500,2,50
675,Apartament cu 2 camere decomandat - Pacurari,"Pacurari, Iasi, Iasi",75000,1500,2,50
1259,Apartament 2 camere - Bloc nou - GALATA - In spatele cladirii Oxygen,"Mircea cel Batran, Iasi, Iasi",75000,1500,2,50
1263,"Apartament 2 camere Alexandru cel Bun , 50 metri, etaj 2 Cod:149514","Bulevardul Alexandru cel Bun, Alexandru Cel Bun, Iasi, Iasi",75000,1500,2,50
2657,"Apartament cu 2 camere, decomandat, etajul 5, Alexandru, Piata Voievoz","Piata Voievozilor, Alexandru Cel Bun, Iasi, Iasi",75000,1531,2,49
668,"Bloc nou, Bucium, 2 camere, 53mp, mobilat si utilat","Bucium, Iasi, Iasi",75000,1563,2,48
1457,Apartament cu 2 camere zona Dacia,"Centru, Iasi, Iasi",75000,1563,2,48
1996,"Ap 2 camere, Bloc Nou, Bucium,Statie,Intabulat, Mobilat, Utilat, 53 mp","Podu Ros, Iasi, Iasi",75000,1563,2,48
2674,"Ap 2 Camere, Bloc Nou,Decomandat, 48 Mp+ terasa 40 mp, Bucium OMV","Bucium, Iasi, Iasi",75000,1563,2,48
658,Apartament nou 2 camere - DECOMANDAT - Etaj intermediar - GALATA,"Mircea cel Batran, Iasi, Iasi",75000,1630,2,46
2425,PROPRIETAR-Apartament 2 camere 46 m²+boxa+parcare-Pacurari AlphaBank,"Centru, Iasi, Iasi",75000,1630,2,46
2110,"Apartament 2 camere, 44 mp, Poitiers Towers","Iasi, Iasi",75000,1705,2,44
3448,"Apartament Nou 2camere Bucium, modelul decomandat clasic","Bucium, Iasi, Iasi",75000,1705,2,44
61,"Apartament 1 camera Copou , 43 metri, etaj parter Cod:147963","Bulevardul Carol I, Copou, Iasi, Iasi",75000,1744,1,43
895,"Ap.1 camera Copou-Sadoveanu,finisat,43 mp,parter cu gradina Cod:147963","Bulevardul Carol I, Copou, Iasi, Iasi",75000,1744,1,43
1220,"Ap. 1 camera 43 mp+20mp gradina,Copou-Al.Sadoveanu,finalizatCod:147963","Bulevardul Carol I, Copou, Iasi, Iasi",75000,1744,1,43
1233,"Apartament 2 camere, semidecomandat, de vanzare, zona Dacia","Strada Vitejilor, Dacia, Iasi, Iasi",75000,1786,2,42
822,Apartament 2 camere bloc relativ nou Nicolina Cod:151051,"Strada Petre Tutea, Nicolina 1, Iasi, Iasi",75000,1829,2,41
1076,Vanzare apartament 2 camere - bloc nou - langa Silk District,"Podu Ros, Iasi, Iasi",75000,1829,2,41
825,"Nicolina - Ap. 2 camere, et. 5/9, Bloc Nou, Lift","Nicolina 2, Iasi, Iasi",75000,1856,2,40.4
876,"APARTAMENT 2 CAMERE DECOMANDAT, ETAJ INTERMEDIAR, BLOC NOU NICOLINA","Strada Clopotari, Nicolina 2, Iasi, Iasi",75000,1875,2,40
1246,TATARASI BLOC 2017 APARTAMENT 2 CAMERE 40MP,"Strada Ciurchi, Tatarasi Sud, Iasi, Iasi",75000,1875,2,40
4104,"Apartament 2 cam, DECOMANDAT, langa statie, Podu de Piatra","Uzinei, Iasi, Iasi",75000,1875,2,40
699,BLOC NOU -- 2 camere -- etaj INTERMEDIAR -- nicolina prima statie,"Nicolina 2, Iasi, Iasi",75000,2027,2,37
4035,"Apartament 1 camera decomandat, Zona Centrala - Sf. Andrei","Podu Ros, Iasi, Iasi",75000,2679,1,28
4274,"Apartamente noi cu 2 camere de vanzare in Iasi, zona Canta","Strada Rampei, Dacia, Iasi, Iasi",75123,1318,2,57
4170,"Apartament 2 camere, 68.5Mp, Bloc NOU - Bucium","Strada Visan, Bucium, Iasi, Iasi",75350,1108,2,68
2580,"Proiect Nou - Tatarasi, apartamente clasice, Pret Promotional","Strada Aurel Vlaicu, Aviatiei, Iasi, Iasi",75400,1197,2,63
367,"Apartament 2 camere, decomandat, complex rezidential, Tatarasi","Strada Aurel Vlaicu, Aviatiei, Iasi, Iasi",75400,1323,2,57
4300,"Apartament de vanzare, 2 camere, BLOC NOU - BUCIUM","Soseaua Bucium, Bularga, Iasi, Iasi",75500,1348,2,56
151,"Apartament 2 camere Pacurari , 55 metri, etaj 1 Cod:138950","Soseaua Pacurari, Pacurari, Iasi, Iasi",75500,1373,2,55
530,Pacurari-Apartament 2 camere etaj 1,"Pacurari, Iasi, Iasi",75500,1373,2,55
625,"Bloc nou, 5 minute de Moara de Foc, 2 camere decomandat","Pacurari, Iasi, Iasi",75500,1373,2,55
4473,Proprietar! Vând apartament cu 2 camere Panoramic Residence,"Centru, Iasi, Iasi",75500,1398,2,54
3649,"Apartament cu mutare imediata, 2 camere cu geam la baie","Frumoasa, Iasi, Iasi",75500,1452,2,52
1094,Apartament 2 camere cu parcare subterana,"Strada Fantanelor, Aviatiei, Iasi, Iasi",75500,1510,2,50
2636,"Apartament cu 2 camere, parcare subterana, Tatarasi-green Park","Strada Fantanilor, Aviatiei, Iasi, Iasi",75500,1510,2,50
3784,"INTABULAT, apartament nou, 2 camere, decomandat, POD BUCIUM/POITIERS","Bucium, Iasi, Iasi",75500,1510,2,50
4180,"INTABULAT, apartament nou, 2 camere, dec. POD BUCIUM, 3 km de PALAS","Bucium, Iasi, Iasi",75500,1510,2,50
1234,"Apartament 2 camere, decomandat, de vanzare, zona Dacia","Bulevardul Dacia, Dacia, Iasi, Iasi",75500,1573,2,48
2325,"Apartament cu 1 camera, decomandat, Bucium.","Bucium, Iasi, Iasi",75500,1936,1,39
2512,"Apartament 1 camera, in cartier inedit, Frumoasa.","Frumoasa, Iasi, Iasi",75556,1431,1,52.8
715,Apartament 2 camere decomandat- pret promotional cu parcare inclusa,"Galata, Iasi, Iasi",75700,1328,2,57
4273,"Apartamente noi de vanzare in Iasi, 59.31mp zona Canta","Strada Rampei, Dacia, Iasi, Iasi",75770,1284,2,59
2913,"Apartament 3 camere, mobilat si utilat, bloc fara risc, Podu Ros","Podu Ros, Iasi, Iasi",75900,1265,3,60
1427,"Ap. 2 camere, et. 2, CUG-Tudor N. bloc nou, parcare, boxa","CUG, Iasi, Iasi",75900,1309,2,58
1531,"Apartament 2 camere decomandat, CUG-BRD, 55mp!","CUG, Iasi, Iasi",75900,1380,2,55
1490,"Apartament 2 camere, 54 mp, etaj 4, in zona Pacurari-Kaufland!","Pacurari, Iasi, Iasi",75900,1406,2,54
3412,Apartament nou cu 2 camere ! Cartier privat in zona Dacia&Autorizatie,"Dacia, Iasi, Iasi",75900,1432,2,53
2075,"Ap.2 camere de vânzare în zona Copou, lângă G. View Hotel Comision 0%","Agronomie, Iasi, Iasi",75900,1793,2,42.33
3564,"Apartament 2 camere 63 mp FINALIZAT, sos. Voinesti - GALATA","Galata, Iasi, Iasi",75946,1205,2,63
690,2 camere decomandat - etaj 1- BULEVARD - ROND VECHI - BOXA LA SUBSOL,"CUG, Iasi, Iasi",75999,1382,2,55
1607,"Apartament 3 camere, 2 bai - Valea Lupului - 76mp","Strada Prof. I. P. Culianu, Pacurari, Iasi, Iasi",76000,1000,3,76
2970,Apartament 3 Camere 2 Bai - Bloc 1990 - Tatarasi Oancea,"Podu Ros, Iasi, Iasi",76000,1000,3,76
3373,Apartament 3 camere 76mp Valea Lupului Pacurari finalizat si intabulat,"Pacurari, Iasi, Iasi",76000,1000,3,76
4095,Dacia ● 3 camere decomandat ● 74mp,"Dacia, Iasi, Iasi",76000,1027,3,74
4545,"Apartament 3 camere Nicolina - LIDL, 70mp, 2 bai, CT, izolat","Podu Ros, Iasi, Iasi",76000,1086,3,70
2926,"Apartament 3 camere, decomandat, de vanzare, zona Dacia","Strada Buridava, Dacia, Iasi, Iasi",76000,1152,3,66
1208,Apartament 2 camere-Pacurari-OMV-ideal investitie si locuit,"Pacurari, Iasi, Iasi",76000,1169,2,65
2097,"Tudor Vladimirescu, 3 c decomandat, 64 mp, mobilat","Tudor Vladimirescu, Iasi, Iasi",76000,1188,3,64
169,Apartament nou 2 camere-decomandat -geam la baie-etajul 1-Frumoasa,"Iasi, Iasi",76000,1267,2,60
470,Apartament nou 2 camere-decomandat-geam la baie-Frumoasa,"Iasi, Iasi",76000,1267,2,60
334,Apartament 2 camere Tatarasi - Oancea,"Tatarasi Nord, Iasi, Iasi",76000,1333,2,57
1791,Apartament 2CDecomandat Nicolina Selgros Bulevard Etaj Intermediar,"CUG, Iasi, Iasi",76000,1357,2,56
1243,Schimb apartament,"Centru, Iasi, Iasi",76000,1382,2,55
4034,"Apartament 2 camere, DECOMANDAT, 55 mp + MANSARDA 45 mp, BLOC NOU, Cug","CUG, Iasi, Iasi",76000,1407,2,54
1832,"Apartament 52mp, zona Moara de Vant, Iasi","Strada Mironescu, Moara de Vant, Iasi, Iasi",76000,1462,2,52
912,Apartament 2 camere decomandat Pacurari-Kaufland-Contemporan,"Pacurari, Iasi, Iasi",76000,1490,2,51
1552,Apartament 2 camere Cantemir Podu Ros 76.000 euro! FARA RISC,"Strada Decebal, Cantemir, Iasi, Iasi",76000,1520,2,50
3334,"Apartament 2 camere DECOMANDAT, NICOLINA-BELVEDERE, parter, renovat!","Nicolina 1, Iasi, Iasi",76000,1520,2,50
256,"76000euro, apartament open space 2 camere, etaj 1, Podul de Fier","Strada Profesor Paul Ion, Tatarasi Nord, Iasi, Iasi",76000,1689,2,45
2402,"INTABULAT! Apartament 2 camere, zona Copou","Carol I, Iasi, Iasi",76000,1689,2,45
1381,"Apartament 2 cam, open space de vanzare in zona Copou Aleea Sadoveanu","Aleea Mihail Sadoveanu, Carol I, Iasi, Iasi",76000,1727,2,44
1466,Apartament 2 camere Copou,"Centru, Iasi, Iasi",76000,1727,2,44
2734,Apartament 1 camera decomandat cu dressing locuibil Gara-Arka Rezidenc,"Gara, Iasi, Iasi",76000,1810,1,42
189,"Tatarasi, apartament cu 1 camera si loc de paracre","Tatarasi Sud, Iasi, Iasi",76000,1900,1,40
4452,Apartament 1 camera de vanzare Lazar Residence,"Strada Zimbrului, Tudor Vladimirescu, Iasi, Iasi",76000,2375,1,32
1746,"ADAMANT ECLYPSE, 2 camere, TIP 2A, 58.7mp CUG-BRD","Strada Hlincea, CUG, Iasi, Iasi",76310,1465,2,52.1
2747,"Apartament 3 camere, decomandat, Nicolina-Prima statie!","Nicolina 2, Iasi, Iasi",76500,1142,3,67
1108,"Apartament 3 camere Cug , 64 metri, etaj 1 Cod:148664","Soseaua Nicolina, CUG, Iasi, Iasi",76500,1195,3,64
3224,"2 Camere Lux + gradina, NOU, incalzire pardoseala, zona Galata, 53 MP","Mircea cel Batran, Iasi, Iasi",76500,1443,2,53
3005,"Apartament 2 camere, semidecomandat, de vanzare, zona Dacia","Strada Sucidava, Dacia, Iasi, Iasi",76500,1739,2,44
404,AP 2 CAM SEMIDECOMANDAT ETAJ 1 ZONA LIDL DACIA,"Strada Sucidava, Dacia, Iasi, Iasi",76500,1821,2,42
1578,Apartament 2 camere,"Strada Canta, Canta, Iasi, Iasi",76500,1821,2,42
1804,"Apartament 2 camere, 42mp - zona Dacia","Dacia, Iasi, Iasi",76500,1821,2,42
2444,PASAJ BANCILA/2 CAMERE/ PARCARE/SEMIDECOMANDAT/ CENTRALA PROPRIE,"Strada Sucidava, Dacia, Iasi, Iasi",76500,1821,2,42
4211,ap 1 camera zona centrala/strapungere silvestru,"Centru, Iasi, Iasi",76500,1913,1,40
27,"Apartament spatios, 2 cam, priveliste deosebita, loc de parcare inclus","Pacurari, Iasi, Iasi",76800,1200,2,64
670,"Apartament 2 camere, D, incalzire in pardoseala, loc de parcare privat","Pacurari, Iasi, Iasi",76800,1200,2,64
1100,Apartament 2 cam D Pacurari Rediu Bizantiq,"Pacurari, Iasi, Iasi",76800,1200,2,64
1168,"Apartament 2 camere, D, cu loc de parcare privat inclus","Pacurari, Iasi, Iasi",76800,1200,2,64
2906,"Apartament 2 camere, 62mp, DECOMANDAT, BLOC NOU, pod Bucium","Bucium, Iasi, Iasi",76900,1240,2,62
1219,Apartament NOU 3 Camere 61 mp - predare imediată - Nicolina,"CUG, Iasi, Iasi",76900,1261,3,61
2685,Apartament 2 camere Decomandat - Bloc Nou - Dacia - Comision 0,"Podu Ros, Iasi, Iasi",76900,1326,2,58
3375,"Cel mai nou si inovativ proiect imobiliar, in zona Dacia","Strada Luca Arbore, Canta, Iasi, Iasi",76900,1326,2,58
1866,2 camere 54 mp Nicolina,"Nicolina 2, Iasi, Iasi",76900,1424,2,54
2915,"Apartament 2 camere + balcon, decomandat, Dacia","Dacia, Iasi, Iasi",76900,1424,2,54
1088,"Apartament 2 camere, 1 loc parcare, complet mobilat, Cug-Visoianu","Centru, Iasi, Iasi",76900,1508,2,51
837,"Apartament 2 camere modern, MOBILAT, ETAJ 2, langa Silk District","Tesatura, Iasi, Iasi",76900,1876,2,41
1250,Apartament 2 Camere Nou / Decomandat / Soseaua Voinesti Galata,"Soseaua Nationala, Podu Ros, Iasi, Iasi",76920,1282,2,60
2040,3 CAMERE MUTARE IMEDIATA POPAS PACURARI,"Pacurari, Iasi, Iasi",77000,1085,3,71
1177,Apartament 3 camere Ciurchi Tatarasi,"Strada Ciurchi, Tatarasi Sud, Iasi, Iasi",77000,1100,3,70
2103,"Apartament de 3 camere, decomandat, complex Ciurchi","Strada Ciurchi, Tatarasi Sud, Iasi, Iasi",77000,1100,3,70
2196,Apartament 3 Camere Decomandat - Fara Risc Seismic - Tatarasi,"Podu Ros, Iasi, Iasi",77000,1100,3,70
4171,"Apartamente spatioase! 2 cam 70MP, Bucium - Visani","Strada Visan, Bucium, Iasi, Iasi",77000,1100,2,70
3208,Vanzare apartament 3 camere decomandat - Nicolina,"Podu Ros, Iasi, Iasi",77000,1132,3,68
159,Apartament 2 camere Decomandat 67mp Pacurari-Alpha Bank,"Pacurari, Iasi, Iasi",77000,1149,2,67
858,"Apartament nou 2 Camere, suprafata de 67 mp, lift, 0 Comision","Strada Visan, Bucium, Iasi, Iasi",77000,1149,2,67
1043,"Apartamente noi, 2 camere, decomandat, 67 mp, lift, 0 Comision","Strada Visan, Bucium, Iasi, Iasi",77000,1149,2,67
1194,"Apartament nou cu 2 Camere, 67 mp, 0 comision in Visan","Strada Visan, Bucium, Iasi, Iasi",77000,1149,2,67
1737,"Apartament nou 2 Camere,67 mp, etaj 2 cu lift, 0 Comision","Strada Visan, Bucium, Iasi, Iasi",77000,1149,2,67
1842,Vanzare apartament 3 camere decomandat 2 bai- Nicolina,"Podu Ros, Iasi, Iasi",77000,1149,3,67
1921,"Apartament cu 2 camere, 67 mp, confort si eleganta, 0 comision","Strada Visan, Bucium, Iasi, Iasi",77000,1149,2,67
1922,"Apartament cu 2 Camere, 67 mp, etaj 3, Vanzare fara Comision","Strada Visan, Bucium, Iasi, Iasi",77000,1149,2,67
1978,"Apartament 3 cam, open space de vanzare in zona Bucium - Baroc","Soseaua Bucium, Manta Rosie, Iasi, Iasi",77000,1149,3,67
2054,"Apartament cu 2 camere, 67 mp, confort si eleganta in bloc nou din zon","Strada Visan, Bucium, Iasi, Iasi",77000,1149,2,67
2193,"Apartament Nou cu 2 Camere, Suprafata de 67 mp, 0 comision","Strada Visan, Bucium, Iasi, Iasi",77000,1149,2,67
1941,"Ap 3 camere, BLOC NOU , zona Bucium , 62 mp, statie, et 2, PREMIUM","Bucium, Iasi, Iasi",77000,1242,3,62
556,"Oferta!! 2 CAMERE DECOMANDAT, TUDOR VLADIMIRESCU, IULIUS MALL, LIBER","Bulevardul Chimiei, Tatarasi Sud, Iasi, Iasi",77000,1283,2,60
3657,"Apartament 2 camere dec, Parcare inclusa, dubla orientare, Finalizat!","Pacurari, Iasi, Iasi",77000,1283,2,60
1580,Apartament cu 3 camere Bucium,"Bucium, Iasi, Iasi",77000,1305,3,59
1284,Apartament cu 2 camere decomandat Tatarasi Oancea esplanada,"Tatarasi Sud, Iasi, Iasi",77000,1375,2,56
297,"Apartament 2 camere Cug , 55 metri, etaj 1 Cod:150715","Soseaua Nicolina, CUG, Iasi, Iasi",77000,1400,2,55
896,"Ap 2 CD 55 mp finalizat intabulat parcare boxa, etaj 1 Cod:15071","Soseaua Nicolina, CUG, Iasi, Iasi",77000,1400,2,55
1451,"Apartament 2 camere Nicolina , 55 metri, etaj 1 Cod:150715","Soseaua Nicolina, CUG, Iasi, Iasi",77000,1400,2,55
2188,Apartament 2 camere Kaufland Păcurari 2023,"Alexandru Cel Bun, Iasi, Iasi",77000,1400,2,55
2867,"Apartament 2 camere decomandat, 54mp, CUG !","CUG, Iasi, Iasi",77000,1426,2,54
702,2 camere decomandat -- etaj 2 -- nicolina 1 - GARA INTERNATIONALA,"Nicolina 1, Iasi, Iasi",77000,1481,2,52
1993,"Apartament 2 camere, DECOMANDAT, renovat, mobilat, Nicolina","Nicolina 1, Iasi, Iasi",77000,1481,2,52
2768,Apartament 2 camere de vanzare Strapungere Silvestru - Arcu,"Strada Strapungerea Silvestru, Gara, Iasi, Iasi",77000,1481,2,52
3625,"Apartament de 3 camere, 54 mp, zona Dacia","Strada Sucidava, Dacia, Iasi, Iasi",77000,1481,3,52
3768,"Apartament 2 camere, mobilat LUX, DECOMANDAT, BLOC NOU, Capat Cug","CUG, Iasi, Iasi",77000,1540,2,50
1878,"Apartament nou, 2 camere, FINALIZAT, etaj 3, 77 000 euro, Tatarasi","Tatarasi Sud, Iasi, Iasi",77000,1571,2,49
829,Apartament 2 camere de vanzare Nicolina,"Nicolina 1, Iasi, Iasi",77000,1604,1,48
3998,"Apartament 2 cam, decomandat, de vanzare in zona Tatarasi Ciurchi","Strada Ciurchi, Tatarasi Sud, Iasi, Iasi",77000,1604,2,48
3773,"Apartament 2 camere decomandat,Tatarasi,Tudor Vladimirescu,Oancea","Centru, Iasi, Iasi",77000,1674,2,46
2475,"Apartamente 2 camere Copou, bloc nou finalizat!","Agronomie, Iasi, Iasi",77000,1750,2,44
3725,"Apartamente 1 camere, 44Mp model clasic, Central - Pret Promo!","Bulevardul Socola, Tesatura, Iasi, Iasi",77000,1750,1,44
3696,"Apartament LUX, mobilat, BLOC NOU, ETAJ 1, Tatarasi","Tatarasi Sud, Iasi, Iasi",77000,1791,1,43
4356,Apartament 2 camere+loc de parcare intabulat / bloc nou Copou - USAMV,"Centru, Iasi, Iasi",77000,1925,2,40
3463,"Apartament 1 camera Tatarasi - Metalurgie, finalizat anul acesta","Tatarasi Sud, Iasi, Iasi",77000,2081,1,37
2498,Apartament cu 1 camera linga Palas finalizat!,"Centru, Iasi, Iasi",77000,2191,1,35.15
4679,"Apartament 1 camera + terasa 20 mp/Pacurari -IDEAL INVESTITIE,bloc nou","Pacurari, Iasi, Iasi",77123,1402,1,55
4197,"Apartamente de lux in Centru, zona PALAS, Comision 0%","Strada Zimbrului, Tudor Vladimirescu, Iasi, Iasi",77400,1800,2,43
3995,Apartament 3 camere zona Centru - Palas,"Centru, Iasi, Iasi",77500,1123,3,69
1304,"De vanzare! Ap 3 camere decomandat, 2 bai, bine compartimentat","Podu Ros, Iasi, Iasi",77500,1192,3,65
4082,"Etaj 3! Apartament 3 camere Tatarasi, 65 mp, CT, fără risc","Podu Ros, Iasi, Iasi",77500,1192,3,65
121,"Apartament 3 camere decomandat, bloc nou, VALEA LUPULUI","Soseaua Pacurari, Iasi, Iasi",77500,1292,3,60
4302,"Apartamente de vanzare, 2 camere, BLOC NOU - BUCIUM","Soseaua Bucium, Zona Industriala, Iasi, Iasi",77500,1336,2,58
4730,Apartament 2 camere decomandat Bucium - OMV mutare imediata,"Manta Rosie, Iasi, Iasi",77500,1409,2,55
1943,"2 CAM - 54mp, decomandat, Al Tudor Neculai - langa sos Nicolina","CUG, Iasi, Iasi",77500,1435,2,54
3179,Apartament 2 camere de vanzare Bucium,"Bucium, Iasi, Iasi",77500,1582,2,49
3075,Apartament 2 camere Bloc Nou - Galata,"Podu Ros, Iasi, Iasi",77500,1802,2,43
2350,Apartament cu 2 camere cu loc de parcare,"Bucium, Iasi, Iasi",77700,1619,2,48
617,"Apartament 2 camere Centru Civic , 43 metri, etaj 2 Cod:151023","Piata Unirii, Centru, Iasi, Iasi",77700,1807,2,43
893,Apartament 2 camere Centru vis a vis de Palas Mall Cod:151023,"Piata Unirii, Centru, Iasi, Iasi",77700,1807,2,43
3346,"Vând ap 1, 2, 3, 4 cam, bloc nou,zona CONTINENTAL POITIERS COMISION 0","Podu Ros, Iasi, Iasi",77725,1285,2,60.5
2091,"Ap 2 cam, Bloc Nou, 56 mp, Decomandat, Tudor Neculai, et 1 , Parcare","CUG, Iasi, Iasi",77800,1389,2,56
2301,"Ap 2 Camere,Bloc Nou,Finisaje Premium,Tudor Neculai,Decomandat, 57 mp","CUG, Iasi, Iasi",77800,1496,2,52
2812,"Apartament 2 camere, 57.66 mp, Dacia","Strada Lupitei, Dacia, Iasi, Iasi",77841,1350,2,57.66
1778,"ADAMANT ECLYPSE, 2 camere, TIP 2B, 59.9mp CUG-BRD","Strada Hlincea, CUG, Iasi, Iasi",77870,1495,2,52.1
2823,"Apartament modern cu 2 camere, decomandat, in CUG, fara comision","Strada Valea Adanca, CUG, Iasi, Iasi",77894,1367,2,57
3626,"Apartament 2 camere, 56 mp, terasa, Nicolina","Strada Profesor Nicolae Bucur, CUG, Iasi, Iasi",77894,1375,2,56.65
579,"Apartament 2 camere Aleea Tudor Neculai , 56 metri, etaj 2 Cod:149565","Soseaua Nicolina, CUG, Iasi, Iasi",77894,1391,2,56
1634,Apartament NOU 3 Camere 68 mp - predare imediată - Nicolina,"CUG, Iasi, Iasi",77900,1146,3,68
3301,Apartament NOU 3 Camere 67 mp - predare imediată - Nicolina,"CUG, Iasi, Iasi",77900,1163,3,67
420,"Dezvoltator: Comat Towers, Ap. 2 Camere, TIP 4, 58mp, Păcurari – Dacia","Strada Sergent Grigore Ioan, Dacia, Iasi, Iasi",77900,1343,2,58
1322,"Ap 2 cam D, finisaje lux, ideal investitie, zona Dacia","Dacia, Iasi, Iasi",77900,1343,2,58
1635,"Ap. 2 Camere - Dezvoltator: Comat Towers, TIP 4, 58mp","Strada Sergent Grigore Ioan, Dacia, Iasi, Iasi",77900,1343,2,58
2147,"Dezvoltator: Comat Towers, Ap. 2 Camere, TIP 4, 58 mp, Zona Păcurari","Dacia, Iasi, Iasi",77900,1343,2,58
2555,"Bloc Nou Lidl Dacia, apartament 2 camere 58 mp, 77.900 euro!","Dacia, Iasi, Iasi",77900,1343,2,58
4350,"Ap. 2 Camere - Dezvoltator: Comat Towers, TIP 3, 58mp, Păcurari","Strada Sergent Grigore Ioan, Dacia, Iasi, Iasi",77900,1343,2,58
1555,Apartament 2 camere decomandat zona Dacia-Canta,"Canta, Iasi, Iasi",77900,1367,2,57
1677,"AP 2 DECOMANDAT,PREDARE IMEDIATA, 56 MP, FINISAJE LUX","Soseaua Pacurari, Pacurari, Iasi, Iasi",77900,1558,2,50
1364,Apartament decomandat cu 2 camere in Tatarasi,"Tatarasi Nord, Iasi, Iasi",77900,1731,2,45
2801,"Apartament 1 camera, 40 mp, BLOC NOU, ETAJ 2, COPOU","Copou, Iasi, Iasi",77900,1948,1,40
3132,"Apartament 2 camere 53.73 mp, zona exclusivista Tatarasi Sud","Strada Ciurchi, Tatarasi Sud, Iasi, Iasi",77910,1450,2,53.73
4159,"915 Euro/mp! Apartament 4 camere Tatarasi, 85mp, fara risc","Podu Ros, Iasi, Iasi",78000,918,4,85
2358,Apartament 4 Camere Tatarasi - Metalurgie bl 1980 Fara Risc,"Bulevardul Chimiei, Tatarasi Sud, Iasi, Iasi",78000,987,4,79
1521,"Apartament 3 camere, 78 mp, Zimbru, 78.000 euro","Strada Plaiesilor, Alexandru Cel Bun, Iasi, Iasi",78000,1000,3,78
4305,78000 euro Apartament 3CD Nicolina-Tudor Neculai 78 mp liber bl 1986,"Aleea Tudor Neculai, CUG, Iasi, Iasi",78000,1000,3,78
2853,Apartament 2 camere Bloc Nou - Nicolina,"Podu Ros, Iasi, Iasi",78000,1054,2,74
3275,"Ap 3 cam D, 2 balcoane inchise, geam baie, zona CUG","Soseaua Nicolina, CUG, Iasi, Iasi",78000,1068,3,73
2245,"78000e,Ap 3 camere, 3 balcoane, 2 bai, 2boxe, vedere tripla Alexandru","Dacia, Iasi, Iasi",78000,1083,3,72
1283,"Apartament cu 3 camere decomandat Podul Ros, sensul giratoriu","Tatarasi Sud, Iasi, Iasi",78000,1130,3,69
2884,Apartament 3 camere,"Tatarasi Nord, Iasi, Iasi",78000,1164,3,67
1099,Apartament 2 camere Pacurari Rediu Bizantiq,"Pacurari, Iasi, Iasi",78000,1182,2,66
828,Apartament 2 camere de vanzare Pacurari,"Pacurari, Iasi, Iasi",78000,1200,2,65
3303,Apartament NOU 3 Camere 65 mp - predare imediată - Nicolina,"CUG, Iasi, Iasi",78000,1200,3,65
1350,"Apartament 3 camere Podu Ros , 60 metri, etaj 3 Cod:146229","Podu Ros, Iasi, Iasi",78000,1300,3,60
212,Apartament 2 camere - DECOMANDAT - 58mp - Loc de parcare inclus - CUG,"CUG, Iasi, Iasi",78000,1345,2,58
1719,"Alexandru cel Bun- Zimbru, Apartament 2 camere, decomandat, 70 mp.","Dacia, Iasi, Iasi",78000,1368,2,57
3790,"Etaj 1! Apartament 2 camere, Nicolina - CUG, 56mp","Podu Ros, Iasi, Iasi",78000,1393,2,56
1647,Apartament 2C SD Podu de Piatra 55 mp mobilat,"Soseaua Nationala, Cantemir, Iasi, Iasi",78000,1418,2,55
3802,"Apartament 2 camere, 55 mp, Podul de Piatra","Strada Pompei, Uzinei, Iasi, Iasi",78000,1418,2,55
2769,Contract direct de vanzare! Apt Pacurari-bloc nou 54 mp! FINALIZAT!,"Pacurari, Iasi, Iasi",78000,1444,2,54
3799,"Apartament cu 2 camere, 54 mp, decomandat, Pacurari","Soseaua Pacurari, Canta, Iasi, Iasi",78000,1444,2,54
2959,"2 camere D-BLOC NOU-Pacurari, etajul 8, 54 mp-FINALIZAT, COMISION 0%!","Pacurari, Iasi, Iasi",78000,1472,2,53
60,Apartament finalizat si intabulat Platou Galata Cod:147839,"Soseaua Galata, Galata, Iasi, Iasi",78000,1500,2,52
1270,"Apartament cu 2 camere decomandat, finalizat, Galata Cod:147839","Soseaua Galata, Galata, Iasi, Iasi",78000,1500,2,52
3690,Apartament 2 camere decomandat NICOLINA-Rond Vechi ! Etaj 3/4 !,"Nicolina 1, Iasi, Iasi",78000,1500,2,52
571,Apartament 3 camere SD 51 mp utili Zimbru,"Centru, Iasi, Iasi",78000,1529,3,51
32,2 CAMERE MOBILAT+UTILAT POPAS PACURARI,"Pacurari, Iasi, Iasi",78000,1551,2,50.3
58,Apartament mobilat si utilat Green Park Cod:151075,"Strada Tatarasi, Tatarasi Nord, Iasi, Iasi",78000,1560,2,50
233,"Apartament cu 2 camere Green Park, mobilat si utilat Cod:151075","Strada Tatarasi, Tatarasi Nord, Iasi, Iasi",78000,1560,2,50
293,Apartament 2 camere mobilat si utilat Tatarasi Cod:151075,"Strada Tatarasi, Tatarasi Nord, Iasi, Iasi",78000,1560,2,50
619,"Apartament 2 camere Tatarasi , 50 metri, etaj 1 Cod:151075","Strada Tatarasi, Tatarasi Nord, Iasi, Iasi",78000,1560,2,50
1575,Apartament 2 camere decomandat,"Centru, Iasi, Iasi",78000,1560,2,50
2613,"Ap 2 cam, Bloc Nou,Intabulat, et int, 53 mp, Ac, Incalzire Pardoseala","Pacurari, Iasi, Iasi",78000,1592,2,49
684,"Apartament 2 camere confort I, mobilat si utilat modern - Tatarasi Gre","Strada Costache Negri, Centru, Iasi, Iasi",78000,1625,2,48
3844,"Apartament modern 43 mp, Royal Town, Copou (comision 0)","Podu Ros, Iasi, Iasi",78000,1797,1,43.4
3867,"Predare August 2024! Apartament 2 camere, open space,Royal Town","Podu Ros, Iasi, Iasi",78000,1797,2,43.4
4009,"Apartament finisaje premium, 2 camere, Copou (direct dezvoltator)","Podu Ros, Iasi, Iasi",78000,1797,2,43.4
1316,"Apartament mobilat si utilat complet, 1 camere decomandat","Bulevardul Chimiei, Aviatiei, Iasi, Iasi",78000,1814,1,43
4062,"Apartament 1 cameră, 43 mp, complex Royal Town Copou (comision 0)","Podu Ros, Iasi, Iasi",78000,1814,2,43
4244,"Apartament 2 camere de vanzare, BLOC NOU, Royal Town Copou!","Agronomie, Iasi, Iasi",78000,1814,2,43
4525,Apartament 2 camere,"Centru, Iasi, Iasi",78000,1950,2,40
778,Apartament 1 camera Lazar Residence - etaj 4 - liber,"Strada Palat, Tudor Vladimirescu, Iasi, Iasi",78000,2167,1,36
4678,"Apartament 1 camera+ TERASA 20 mp, IDEAL INVESTITIE-Pacurari/bloc nou!","Pacurari, Iasi, Iasi",78283,1423,1,55
3471,"Apartamente noi, COPOU, 2 camere Comision 0% Discount pt plata CASH!","Aleea Mihail Sadoveanu, Agronomie, Iasi, Iasi",78300,1450,2,54
2068,"Rate la dezvoltator, apartament cu 2 camere, Frumoasa","Iasi, Iasi",78312,1506,2,52
3044,"Proiect Nou, Tatarasi - Kaufland, apartamente noi 2 camere parcare inc","Strada Sapte Oameni, Aviatiei, Iasi, Iasi",78375,1425,2,55
3737,"Apartament 4 camere, 2 nivele, mobilat, 95 mp, BLOC NOU, Visoianu","CUG, Iasi, Iasi",78500,826,4,95
165,Apartament 3 camere de vanzare Alexandru cel Bun-rond Zimbru,"Alexandru Cel Bun, Iasi, Iasi",78500,1006,3,78
2011,"Ap. 2 camere de vânzare în zona Ciric, Kaufland Tătărași Comision 0%","Strada Fantanelor, Aviatiei, Iasi, Iasi",78500,1341,2,58.53
4271,"Apartamente noi cu 2 camere de vanzare, 58.23 mp, in Iasi, zona Canta","Strada Rampei, Dacia, Iasi, Iasi",78500,1353,2,58
4517,"Apartament 2 camere, DECOMANDAT, 54mp, INTABULAT, Galata","Mircea cel Batran, Iasi, Iasi",78500,1454,2,54
1857,Apartament 2 camere de vanzare Copou,"Centru, Iasi, Iasi",78500,1570,2,50
4738,"Apartament 2 camere DECOMANDAT, Nicolina Prima Statie, RENOVAT !","Nicolina 1, Iasi, Iasi",78500,1570,2,50
174,"Apartament cu 2 camere, decomandat, 54mp, Pacurari, Petru Poni","Strada Pacurari, Pacurari, Iasi, Iasi",78500,1635,2,48
1113,APARTAMENT 1 CAMERA SARARIE COPOU,"Soseaua Stefan cel Mare si Sfant, Copou, Iasi, Iasi",78500,2013,1,39
1750,"Zona Palas Lazar Res, apartament open space, 2 camere, 78500euro","Strada Zimbrului, Tudor Vladimirescu, Iasi, Iasi",78500,2379,2,33
3204,"Apartament 38,5 MP - COPOU - Parcare - Predare Imediată","Copou, Iasi, Iasi",78500,2423,1,32.4
3766,"Apartament 3 camere, DECOMANDAT, BLOC NOU, Pepinierei Tudor Neculai","CUG, Iasi, Iasi",78600,1209,3,65
2680,"Apartamente 2 camere, complex rezidential nou in Copou, COMISION ZERO!","Agronomie, Iasi, Iasi",78600,1541,2,51
3578,"De vanzare: 3 camere, etaj 3, BLOC NOU, zona Tudor Neculai","CUG, Iasi, Iasi",78645,1210,3,65
1728,"Apartament 2 camere, decomandat, 60 mp, Rediu, 78.880 euro","Soseaua Rediu, Pacurari, Iasi, Iasi",78880,1315,2,60
3661,"Apartament 3 camere decomandat, 73 mp, bloc 1980, geam baie, Galata","Mircea cel Batran, Iasi, Iasi",78900,1081,3,73
2516,Rate!Finalizat!Ap 3 camere D 67mp Parcare inclusa Capat Pacurari,"Podu Ros, Iasi, Iasi",78900,1178,3,67
3283,Apartament NOU 3 Camere 65 mp - predare imediată - Nicolina,"CUG, Iasi, Iasi",78900,1214,3,65
1440,"Proiect premium! 2 camere decomandat, intermediar, AC+parcare, Popas","Podu Ros, Iasi, Iasi",78900,1293,2,61
974,"Ideal investitie 2camere,Canta -Dacia,bloc nou","Stradela Canta, Canta, Iasi, Iasi",78900,1360,2,58
2234,"Etaj 3! Apartament 3 camere, Alexandru cel Bun, 54mp, CT","Podu Ros, Iasi, Iasi",78900,1461,3,54
2878,"Apartament 2 camere + balcon, decomandat, Dacia","Dacia, Iasi, Iasi",78900,1489,2,53
2557,"Apartament de 2 camere, 88mp, Super Oferta!!!","Strada Visan, Bucium, Iasi, Iasi",79000,898,2,88
1393,Moara de foc-Apartament 3 camere decomandat,"Canta, Iasi, Iasi",79000,1026,3,77
3502,Apartament 2 camere + mansarda de vanzare - Cartier Visoianu,"CUG, Iasi, Iasi",79000,1053,2,75
1942,"Apartament nou cu 3 camere finalizat , zona Capat Cug","CUG, Iasi, Iasi",79000,1129,3,70
1345,"Ap. 3 camere decomandat etaj 1, 69 mp, loc de parcare + boxa","Podu Ros, Iasi, Iasi",79000,1145,3,69
1150,"Apartament 3 camere semidecomandat , Podu Ros","Podu Ros, Iasi, Iasi",79000,1162,3,68
1368,"Apartament cu 3 camere, decomandat, 76mp, Moara de Foc","Strada Canta, Canta, Iasi, Iasi",79000,1162,3,68
1180,"Apartament 3 camere, Podu Ros","Zona Industriala, Iasi, Iasi",79000,1215,3,65
4839,"3 camere, Decomandat, 62mp, Bloc nou Finalizat !","Nicolina 1, Iasi, Iasi",79000,1274,3,62
375,"Apartament 3 camere Nicolina , 60 metri, etaj 2 Cod:149357","Strada Petre Tutea, Nicolina 1, Iasi, Iasi",79000,1317,3,60
2986,Apartament 3 camere decomandat - Galata,"Podu Ros, Iasi, Iasi",79000,1317,3,60
1067,"Apartament 3 camere Nicolina , 58 metri, etaj 2 Cod:150657","Strada Petre Tutea, Nicolina 1, Iasi, Iasi",79000,1362,3,58
4405,"Apartament 2 camere, DECOMANDAT, Tatarasi-Oancea - FARA RISC","Tatarasi Sud, Iasi, Iasi",79000,1362,2,58
4713,"Apartament 2 camere, open space, de vanzare, zona Tatarasi - Aviatiei","Strada Ciric, Aviatiei, Iasi, Iasi",79000,1386,2,57
2771,Contract direct de vanzare! Pacurari-54 mp! FINALIZAT!MUTARE IMEDIATA!,"Pacurari, Iasi, Iasi",79000,1463,2,54
2966,Contract direct de vanzare! Apt Pacurari-bloc nou 54 mp! FINALIZAT!,"Pacurari, Iasi, Iasi",79000,1463,2,54
452,"Apartament 2 camere Copou , 50 metri, etaj 1 Cod:150973","Bulevardul Carol I, Copou, Iasi, Iasi",79000,1580,2,50
735,"Apartament de 2 camere, decomandat, orientare Est, zona Mircea cel...","Strada Mircea cel Batran, Mircea cel Batran, Iasi, Iasi",79000,1612,2,49
2465,"Centru - Podul de Fier , apartament 2 camere , etaj 1 , liber !","Strada Cucu, Podu de Fier, Iasi, Iasi",79000,1717,2,46
809,Etaj 2 - Apartament 1 camera decomandat - Conest,"Centru, Iasi, Iasi",79000,1756,2,45
784,TUDOR APARTAMENT 2 CAMERE 41MP BLOC NOU MOBILAT UTILAT,"Bulevardul Chimiei, Zona Industriala, Iasi, Iasi",79000,1927,1,41
1748,Ideal Investitie - Apartament 1 Camera Decomandat - Conest Vision,"Podu Ros, Iasi, Iasi",79000,1975,1,40
486,"Apartament cu 2 camere, 64.90 mp","Strada Diminetii, Frumoasa, Iasi, Iasi",79042,1418,2,55.75
2180,"Apartament 2 camere 55,75mp , etaj intermediar, Frumoasa","Strada Diminetii, Frumoasa, Iasi, Iasi",79043,1437,2,55
1983,"Apartamente noi, 2 camere decomandat, Plata si in Rate!","Bulevardul Poitiers, Frumoasa, Iasi, Iasi",79110,1413,2,56
105,"Apartament cu 2 camere, 65.35 mp","Strada Diminetii, Frumoasa, Iasi, Iasi",79113,1418,2,55.8
2450,"Apartament in cartier inedit, 2 camere, Frumoasa, Iasi","Frumoasa, Iasi, Iasi",79124,1418,2,55.8
1159,"Apartament NOU, geam baie, bulevard NICOLINA, parcare nu e obligatorie","Nicolina 1, Iasi, Iasi",79146,1799,1,44
1339,"INTABULAT! Proiect premium! 2 camere decomandate, zona Nicolina","Podu Ros, Iasi, Iasi",79300,1555,2,51
2482,"Proiect Nou - Nicolina Bulevard, Apartament 1 camera decomandat!","Strada Impacarii, Nicolina 2, Iasi, Iasi",79300,1802,1,44
634,Apartament 2 camere decomandat cu mutare imediata - Nicolina Selgros,"Nicolina 1, Iasi, Iasi",79310,1391,2,57
3031,"Ap 2 cam, mutare imediata, ideal investitie, zona CUG","Soseaua Nicolina, CUG, Iasi, Iasi",79310,1391,1,57
3776,Intabulat!Ap 2 camera D Finsiaje premium zona Nicolina,"Podu Ros, Iasi, Iasi",79310,1391,2,57
4256,"Apartamente Clasice, 2 camere 57Mp, Rond Vechi - NIcolina","Soseaua Nicolina, CUG, Iasi, Iasi",79310,1391,2,57
1325,Apartament 2 Camere Decomandat / Nou / Finalizat / CUG Nicolina,"Soseaua Nationala, Podu Ros, Iasi, Iasi",79310,1416,2,56
4059,Apartament 2 camere D -IASI- Nicolina -Rond Vechi,"CUG, Iasi, Iasi",79310,1416,2,56
1792,"ADAMANT ECLYPSE, 1 camera decomandat, TIP 1E, 61.1mp","Strada Hlincea, CUG, Iasi, Iasi",79430,1474,1,53.9
3519,"Apartament 3 camere, decomandat, Nicolina 1 - prima statie - LIDL","Nicolina 1, Iasi, Iasi",79500,1169,3,68
316,"Apartament 2 camere, 2 balcoane, loc de parcare privat inclus","Pacurari, Iasi, Iasi",79500,1195,2,66.5
563,"Apartament 2 camere, cu 2 balcoane si loc de parcare privat inclus","Pacurari, Iasi, Iasi",79500,1195,2,66.5
576,"Apartament 2 camere, loc de parcare privat, 2 balcoane, spatios,modern","Pacurari, Iasi, Iasi",79500,1195,2,66.5
1144,"Apartament 2 cam, 2 balcoane, loc de parcare, incalzire in pardoseala","Pacurari, Iasi, Iasi",79500,1195,2,66.5
1566,"Pacurari-Moara de Foc - apartament 2 camere, decomandat","Canta, Iasi, Iasi",79500,1223,2,65
3200,Apartament 2 camere decomandat cu parcare Bucium - Family Market,"Bucium, Iasi, Iasi",79500,1242,2,64
1318,Apartament cu doua camenere in Iasi pe Sos Iasi - Voinesti,"Soseaua Voinesti, Galata, Iasi, Iasi",79500,1262,2,63
1861,"Apartament de 3 camere, zona Cantemir","Strada Decebal, Cantemir, Iasi, Iasi",79500,1262,3,63
3112,"Apart 3 cam decomandat, bloc nou, mutare imediata","Nicolina 1, Iasi, Iasi",79500,1262,3,63
3654,"Apartament 2 camere, decomandat, de vanzare, Dacia, bloc nou","Strada Tabacului, Dacia, Iasi, Iasi",79500,1371,2,58
76,"Etaj 1! Apartament 2 camere, Nicolina - CUG, BOXA + Garaj","Podu Ros, Iasi, Iasi",79500,1420,2,56
1013,Apartament 2Cam Decomandat CUG Scoala 42 Etaj Intermediar,"CUG, Iasi, Iasi",79500,1420,2,56
3991,"Apartament 2 camere, decomandat, de vanzare, Dacia, bloc nou","Strada Tabacului, Dacia, Iasi, Iasi",79500,1420,2,56
3091,"Apartament 2 Camera,Decomandat Bl Nou,Pacurari Dacia, Etaj Intermediar","Dacia, Iasi, Iasi",79500,1500,2,53
4404,"INTABULAT! Apartament 2 camere decomandat, Profi Galata, accept CREDIT","Galata, Iasi, Iasi",79500,1500,2,53
2388,"Ideal investitie! Apartament 2 camere, Centru - PALAS, 50mp","Podu Ros, Iasi, Iasi",79500,1590,2,50
2419,Apartament 2 camere Palas Mall 79.500 euro!,"Strada Zimbrului, Podu Ros, Iasi, Iasi",79500,1590,2,50
716,Etaj 1-Podul de Fier-2 Camere Decomandat-liber,"Tatarasi Nord, Iasi, Iasi",79500,1728,2,46
1562,Apartament 1 camera mobilat si utilat - COPOU,"Strada Petre Andrei, Copou, Iasi, Iasi",79500,1988,1,40
2167,"Apartament 2 camere, open space, de vânzare, zona Moara de Vant","Strada Vantu, Podu de Fier, Iasi, Iasi",79500,2092,2,38
4496,Apartament 2 camere decomandate - Dacia Bloc nou,"Podu Ros, Iasi, Iasi",79546,1420,2,56
4087,Apartament 2 camere – FINALIZAT – Copou Garden Residence,"Copou, Iasi, Iasi",79565,1431,2,55.6
4093,Apartament 2 camere – Copou Garden – FINALIZAT – Panorama deosebita !,"Copou, Iasi, Iasi",79565,1431,2,55.6
628,Apartament 2 camere spatios si luminos decomandat - Platoul Insorit,"Nicolina 1, Iasi, Iasi",79800,1267,2,63
2999,Apartamente Valea Adanca,"Podu Ros, Iasi, Iasi",79800,1267,2,63
322,"Apartament 2 camere - Penta Rezidential, Tatarasi","Centru, Iasi, Iasi",79800,1425,2,56
3460,"Apartament 2 camere Tatarasi - Moara de vant, 50mp, bloc 2021","Podu Ros, Iasi, Iasi",79800,1596,2,50
70,"Apartament 2 camere 57mp, Parcare inclusa, Sos Nicolina-Cug","CUG, Iasi, Iasi",79900,824,2,97
1028,"Bucium - Family Market, 3C, 78 mp, etaj 1, Intabulat, Loc de parcare","Bucium, Iasi, Iasi",79900,1024,3,78
1084,"Bucium - Rompetrol, 78 mp, 3 camere, etaj 1, Liber, Loc de parcare","Bucium, Iasi, Iasi",79900,1024,3,78
2222,"Apartament cu 3 camere, Miroslava, etaj 1, bloc 2015","Galata, Iasi, Iasi",79900,1024,3,78
932,"Apartament 3 camere Galata , 74 metri, etaj 1 Cod:148553","Soseaua Galata, Galata, Iasi, Iasi",79900,1080,3,74
2365,"Ap 3 camere decomandat, spatios, 2 bai, Iulius Mall-Gradinari","Podu Ros, Iasi, Iasi",79900,1080,3,74
2478,"Apartament 3 camere, Mircea cel Batran, 72mp, CT","Podu Ros, Iasi, Iasi",79900,1110,3,72
3523,"Apartament 3 camere, decomandat, bloc 1982, Nicolina Lidl","Nicolina 1, Iasi, Iasi",79900,1141,3,70
4075,"Apartament 3 camere, DECOMANDAT, PANORAMIC, Podu Ros (Sens giratoriu)","Podu Ros, Iasi, Iasi",79900,1141,3,70
4520,"Etaj 1! Apartament 3 camere, Dacia, 70mp, CT, 2 bai, izolat","Podu Ros, Iasi, Iasi",79900,1141,3,70
1967,"Apartament cu 3 camere, decomandat, 72mp, Mircea cel Batran","Strada Mircea cel Batran, Mircea cel Batran, Iasi, Iasi",79900,1175,3,68
2263,3 camere Cug Comision 0%,"CUG, Iasi, Iasi",79900,1175,3,68
2401,3 camere Cug,"CUG, Iasi, Iasi",79900,1175,3,68
2627,3 camere Cug Valea Adanca Comision %,"Podu Ros, Iasi, Iasi",79900,1175,3,68
962,Podu Ros-Apartament 3 camere,"Podu Ros, Iasi, Iasi",79900,1193,3,67
1583,"Ap 2 Camere, Dec, Mobilat si Utilat, Parcare, 67 mp, Statie, Visan","Bucium, Iasi, Iasi",79900,1193,2,67
4023,"Apartament 2 camere, 67 mp, mobilat MODERN, BLOC NOU, ETAJ 1, Bucium","Bucium, Iasi, Iasi",79900,1193,2,67
1437,"Acasa cartier select!3 camere pozitie top, AC+parcare, Popas Pacurari","Podu Ros, Iasi, Iasi",79900,1211,3,66
1106,"Podu Ros - Cantemir, apartament 3 camere semidecomandat fara risc!","Bulevardul Dimitrie Cantemir, Podu Ros, Iasi, Iasi",79900,1229,3,65
4564,"Apartament 2 camere, DECOMANDAT, 64 mp, mobilat, bloc 1997, Oancea","Tatarasi Sud, Iasi, Iasi",79900,1248,2,64
3174,"Apartament 2 camere, mobilat si utilat, CUG - Str. Tudor Neculai","Centru, Iasi, Iasi",79900,1332,2,60
413,"Dezvoltator: Comat Towers, Ap. 2 Camere, TIP 3, 58mp, Păcurari – Dacia","Strada Sergent Grigore Ioan, Dacia, Iasi, Iasi",79900,1378,2,58
416,"Dezvoltator: Comat Towers, Ap. 2 Camere, TIP 5, 58mp, Păcurari – Dacia","Strada Sergent Grigore Ioan, Dacia, Iasi, Iasi",79900,1378,2,58
2561,"Cel mai MIC PRET din Iasi! Apartament 2 camere 58 mp, zona Lidl Dacia!","Dacia, Iasi, Iasi",79900,1378,2,58
2897,"Ap. 2 Camere - Dezvoltator: Comat Towers, TIP 5, 58mp, Păcurari","Strada Sergent Grigore Ioan, Dacia, Iasi, Iasi",79900,1378,2,58
3142,"Ap. 2 Camere - Dezvoltator: Comat Towers, TIP 4, 58mp, Păcurari","Dacia, Iasi, Iasi",79900,1378,2,58
3158,"Ap. 2 Camere - Dezvoltator: Comat Towers, TIP 3, 58mp, Păcurari","Dacia, Iasi, Iasi",79900,1378,2,58
3170,"Ap. 2 Camere - Dezvoltator: Comat Towers, TIP 5, 58mp, Păcurari","Dacia, Iasi, Iasi",79900,1378,2,58
417,"Dezvoltator: Comat Towers, Ap. 2 Cam, TIP 4B, 57mp, Păcurari – Dacia","Strada Sergent Grigore Ioan, Dacia, Iasi, Iasi",79900,1402,2,57
2554,"Apartament 2 camere DECOMANDAT, 57 mp, bloc NOU, DACIA Tabacului","Dacia, Iasi, Iasi",79900,1402,2,57
3161,"Ap. 2 Cam - Dezvoltator: Comat Towers, TIP 4B, 57mp, Păcurari","Dacia, Iasi, Iasi",79900,1402,2,57
4146,"Proiect NOU, apartamente 2 camere, zona Dacia -Pacurari","Strada Buridava, Dacia, Iasi, Iasi",79900,1402,2,57
1344,"Etaj 1! Apartament 2 camere, Moara de Vant - Podu de Fier","Podu Ros, Iasi, Iasi",79900,1567,2,51
355,APARTAMENT 2 CAM TATARASI BLOC 2012 MOBILAT 79900 EURO,"Strada Fantanelor, Aviatiei, Iasi, Iasi",79900,1598,2,50
595,Apartament de vanzare doua camere Copou,"Copou, Iasi, Iasi",79900,1598,2,50
1114,APARTAMENT 2 CAMERE COPOU ZONA GAUDEAMUS,"Strada Dr. Teodor Codrescu, Copou, Iasi, Iasi",79900,1598,2,50
2790,"Apartament 2 cam, semi decomandat de vanzare in zona Copou Parc Copou","Strada Profesor Costachescu M., Copou, Iasi, Iasi",79900,1598,2,50
4101,"Apartament 2 camere Copou, 50mp, renovat, CT","Podu Ros, Iasi, Iasi",79900,1598,2,50
2737,"Apartament 2 camere, bloc nou, complet mobilat - zona Copou","Copou, Iasi, Iasi",79900,1604,1,49.8
2045,Apartament cu 3 camere de vânzare în zona Alexandru cel Bun,"Strada Drobeta, Dacia, Iasi, Iasi",79900,1624,3,49.2
2892,"Apartament in Copou cu 2 camere, renovat, Copou, Liceul G. Ibraileanu","Bulevardul Carol I, Copou, Iasi, Iasi",79900,1776,2,45
3399,"Central, apartament cu vedere spre Palas Malll","Podu Ros, Iasi, Iasi",79900,1949,1,41
2809,"Apartament 1 camera, mobilat si utilat LUX, BLOC NOU, NEWTON Tatarasi","Centru, Iasi, Iasi",79900,2350,2,34
3205,"Apartament 39,2 MP - COPOU - Parcare - Predare Imediată","Copou, Iasi, Iasi",79900,2489,1,32.1
4804,"Proiect deosebit Ap 2 Camere TIP 2A, 50.78 m2, Gradinita Paradis","Pacurari, Iasi, Iasi",79979,1285,2,62.24
200,"Dezvoltator: Ap 2 Camere TIP 4 suprafață 50.78 m2, Păcurari Comision 0","Pacurari, Iasi, Iasi",79979,1575,2,50.78
3926,"Dezvoltator:Ap. 2 Camere TIP 2A, suprafață 50.78 m2, Păcurari Fundație","Podu Ros, Iasi, Iasi",79979,1575,2,50.78
3929,"Dezvoltator: Ap. 2 Camere TIP 4, bloc nou, 50.78 m2, Zona Păcurari","Podu Ros, Iasi, Iasi",79979,1575,2,50.78
3467,"Comision0%! FINALIZAT! Etaj 1! Apartament 2 camere, 67 mp, Pacurari","Pacurari, Iasi, Iasi",79990,1194,2,67
3526,"Comision0%! FINALIZAT!ET. 1! Apartament 2 camere, 67mp, capat Pacurari","Pacurari, Iasi, Iasi",79990,1194,2,67
3706,Comision0%!FINALIZAT!INTABULAT!Et 1!Apart 2 camere 67mp capat Pacurari,"Pacurari, Iasi, Iasi",79990,1194,2,67
3953,Comision 0%!DECOMANDAT!FINALIZAT!Apart 2 camere 67 mp capat Pacurari,"Pacurari, Iasi, Iasi",79990,1194,2,67
4026,"INTABULAT! Etaj 1! DECOMANDAT! Apart. 2 camere, 67 mp, capat Pacurari","Pacurari, Iasi, Iasi",79990,1194,2,67
831,"Apartament 2 camere decomandat, Moara de Vant Iasi, bloc nou finalizat","Stradela Moara de Vant, Moara de Vant, Iasi, Iasi",79990,1379,2,58
689,2 camere decomandat - MARE DE 60MP -- frumoasa -- LA BULEVARD,"Frumoasa, Iasi, Iasi",79999,1333,2,60
2165,Apartament cu 3 camere in zona Podul de Piatra cu vedere la Palat,"Podu Ros, Iasi, Iasi",79999,1333,3,60
2538,"Apartament tip duplex, 3 camere, de vanzare, zona Dacia - Zimbru","Soseaua Nationala, Alexandru Cel Bun, Iasi, Iasi",80000,889,3,90
4664,"Apartament de vanzare, 3 Cam, D, zona Bucium Bellaria","Strada Visan, Bucium, Iasi, Iasi",80000,941,3,85
4559,"Etaj 3! Apartament 3 camere Galata, 84mp, bloc finalizat","Podu Ros, Iasi, Iasi",80000,952,3,84
4494,"Apartament 3 camere Tatarasi, 77mp, 2 bai, CT, mobilat+utilat","Podu Ros, Iasi, Iasi",80000,1039,3,77
2282,"Apartament cu 3 camere decomandat ,zona Frumosa","Iasi, Iasi",80000,1067,3,75
3755,"3 camere, decomandat, mobilat si utilat+loc de parcare, Bucium-Visan","Bucium, Iasi, Iasi",80000,1081,3,74
330,"Apartament 3 camere Dacia , 72 metri, etaj 4 Cod:151123","Bulevardul Dacia, Dacia, Iasi, Iasi",80000,1111,3,72
2640,Apartament 3 camere - Mircea cel Batran,"Podu Ros, Iasi, Iasi",80000,1111,3,72
4476,"Ap 3 cam decomandat, spatios, bucatarie mare, Galata","Galata, Iasi, Iasi",80000,1111,3,72
1542,Apartament 3 camere zona Metalurgie,"Centru, Iasi, Iasi",80000,1127,3,71
2360,Apartament 2 camere Decomandat - Rond Zimbru - 70mp,"Podu Ros, Iasi, Iasi",80000,1143,2,70
1779,"Apartament 3 camere semidecomandat, Podu Ros - Cantemir","Podu Ros, Iasi, Iasi",80000,1176,3,68
2210,"OCAZIE! APART 3 CAM,ET 2/4, 70 MP,PODU ROS -LA BVD,BL FARA RISC","Podu Ros, Iasi, Iasi",80000,1194,3,67
1240,Apartament 2 camere decomandate de vanzare zona Frumoasa-Bld.Poitiers,"Podu Ros, Iasi, Iasi",80000,1231,2,65
3812,"Tatarasi Sud, apartament cu 3 camere decomandat","Strada Gradinari, Tatarasi Sud, Iasi, Iasi",80000,1237,3,64.67
194,"Ap 3 cam, mobilat utilat, accept credit, capat Pacurari","Pacurari, Iasi, Iasi",80000,1250,3,64
1648,MUTARE IMEDIATA APARTAMENT 3 CAMERE CU GRADINA FINALIZAT 64MP,"Pacurari, Iasi, Iasi",80000,1250,3,64
4276,Apartament cu 3 camere decomandat,"Podu Ros, Iasi, Iasi",80000,1270,3,63
1849,"Apartament 2 camere,decomandat,zona Poitiers","Centru, Iasi, Iasi",80000,1333,2,60
4584,"Etaj 3! Apartament 3 camere Nicolina - LIDL, CT, AC, izolat","Podu Ros, Iasi, Iasi",80000,1333,3,60
3294,"De vanzare: 3 camere,Bloc Nou,Decomandat, zona Gala, 63MP, 80.000 Euro","Mircea cel Batran, Iasi, Iasi",80000,1356,3,59
4120,"INTABULAT, etaj 1, apartament 2 camere, aproape de bvd. Poitiers","Zona Industriala, Iasi, Iasi",80000,1429,2,56
1019,Apartament 2 camere Frumoasa,"Centru, Iasi, Iasi",80000,1455,2,55
3468,"Apartament 3 camere, Tatarasi, CT, mobilat + utilat, izolat","Podu Ros, Iasi, Iasi",80000,1455,3,55
3568,"ESQ VILLAGE 3 zona Galata, model MOSCOVA, etajul 1 si 2, 70 mp","Podu Ros, Iasi, Iasi",80000,1455,2,55
2236,"Finalizat! Apartament de vanzare 2 camere, model decomandat, bloc nou,","Soseaua Rediu, Pacurari, Iasi, Iasi",80000,1481,2,54
3508,"Apartament 3 camere, 57mp, finisat, in zona Podu Ros","Strada Dimitrie Manjeron, Mircea cel Batran, Iasi, Iasi",80000,1507,3,53.1
2782,"Apartament 2 camere, DECOMANDAT, finisaje LUX, Gradina, Galata","Mircea cel Batran, Iasi, Iasi",80000,1509,2,53
3226,"2 Camere Lux + gradina, NOU, incalzire pardoseala, zona Galata, 53 MP","Mircea cel Batran, Iasi, Iasi",80000,1509,2,53
4522,"Proiect deosebit FINALIZAT, apartament clasic 2 camere decomandat","Soseaua Iasi-Voinesti, Nicolina 1, Iasi, Iasi",80000,1509,2,53
1078,80000 euro Ap 2 cD Nicolina-Bd bloc nou 2020 liber intabulat 52 mp et5,"Soseaua Nicolina, CUG, Iasi, Iasi",80000,1538,2,52
3281,"Ap 2 cam, ideal investitie, accept credit, CUG bulevard","Soseaua Nicolina, CUG, Iasi, Iasi",80000,1600,2,50
685,"Apartament 2 camere Tatarasi , 49 metri, etaj 3 Cod:150810","Strada Tatarasi, Tatarasi Nord, Iasi, Iasi",80000,1633,2,49
1450,"Ap. 2 camere bloc 2017 Tatarasi , 49 mpu,et.3/4,mobilat Cod:150810","Strada Tatarasi, Tatarasi Nord, Iasi, Iasi",80000,1633,2,49
3102,"Apartament cu 2 camera, decomandat, 54mp, la Family Market, 10min pana","Soseaua Bucium, Bucium, Iasi, Iasi",80000,1702,2,47
1477,"Apartament 2 cam, open space de vanzare in zona Bucium Lidl","Soseaua Bucium, Bucium, Iasi, Iasi",80000,1739,2,46
1535,Apartament 2 camere open space- LIDL Bucium,"Centru, Iasi, Iasi",80000,1739,2,46
2218,"Apartamente 2 camere Copou, bloc nou finalizat!","Agronomie, Iasi, Iasi",80000,1818,2,44
3865,"Finalizat! Apartament Nou, 44 mp, etaj 7, Royal Town Copou","Podu Ros, Iasi, Iasi",80000,1818,2,44
4016,"Finalizat! Apartament nou 2 camere, 44 mp, Royal Town","Podu Ros, Iasi, Iasi",80000,1818,2,44
4040,"Apartament 2 camere open space , Royal Town","Podu Ros, Iasi, Iasi",80000,1822,2,43.9
4436,"Finalizat! Apartament 2 camere, etaj 7, Royal Town Iași","Podu Ros, Iasi, Iasi",80000,1857,2,43.09
758,Vand apartament 2 camere mobilat și utilat in Young Residence,"Baza 3, Iasi, Iasi",80000,1951,2,41
4633,"Intabulat! Apartament 1 cameră, 41 mp, mobilat, Royal Town Copou","Podu Ros, Iasi, Iasi",80000,1951,1,41
1665,COPOU APARTAMENT 2 CAMERE MOBILAT UTILAT 40MP,"Aleea Mihail Sadoveanu, Agronomie, Iasi, Iasi",80000,2000,2,40
3629,"Apartament de 2 camere, decomandat, 40 mp, zona centrala","Strada Milcov, Alexandru Cel Bun, Iasi, Iasi",80000,2000,2,40
706,Etaj 2- Baza 3- 2 camere - bloc nou 2018,"Baza 3, Iasi, Iasi",80000,2105,2,38
3967,START LUCRARI - Moara de Vânt - DP REZIDENTIAL - Finisaj premium,"Strada Moara de Vant, Moara de Vant, Iasi, Iasi",80000,2105,1,38
4752,"Apartamente noi, 2 camere decomandat, Continental - Frumoasa","Soseaua Manta Rosie, Bularga, Iasi, Iasi",80147,1382,2,58
2984,"Apartament 2 camere, bloc nou, langa padure","Manta Rosie, Iasi, Iasi",80147,1390,2,57.66
3825,START VANZARI! Nicolina Bloc NOU 2cam 58Mp Comision 0%,"Soseaua Nicolina, Nicolina 2, Iasi, Iasi",80210,1383,2,58
3539,"Apartament nou decomandat de 2 camere, 57 mp, Nicolina","Soseaua Nicolina, CUG, Iasi, Iasi",80210,1407,2,57
1038,"Adamant Towers, 1 camera, tip 1E, decomandat, 57mp","Soseaua Nicolina, CUG, Iasi, Iasi",80210,1707,1,47
2122,"Adamant Towers, 1 camera, tip 1E, decomandat, 57mp Sos Nicolina nr.54","Soseaua Nicolina, CUG, Iasi, Iasi",80210,1707,1,47
4331,"Apartament 1 camera pentru familia ta, zona Nicolina, ideal investitie","CUG, Iasi, Iasi",80210,1707,1,47
4773,Apartament 3CDecomandat Nicolina Prima Statie,"Nicolina 1, Iasi, Iasi",80500,1134,3,71
3006,"Nicolina Prima Statie, apartament cu 3 camere, etaj intermediar","Strada Petre Tutea, Nicolina 1, Iasi, Iasi",80500,1342,3,60
824,"Nicolina Prima Statie, apartament cu 3 camere, etaj intermediar","Strada Petre Tutea, Nicolina 1, Iasi, Iasi",80500,1388,3,58
704,Apartament nou - 2 camere decomandat mobilat si utilat -loc de parcare,"Pacurari, Iasi, Iasi",80500,1519,2,53
4834,Apartamente bloc nou,"Uzinei, Iasi, Iasi",80500,2300,1,35
4567,"Apartament 2 camere, decomandat, nou, Tatarasi","Aviatiei, Iasi, Iasi",80640,1619,2,49.8
1525,"Apartament cu 2 camere, bloc nou, Tatarasi, 80.680 euro","Strada Aurel Vlaicu, Aviatiei, Iasi, Iasi",80680,1136,2,71
4457,"Apartament 2 camere Decomandat, bloc nou de vanzare Tatarasi Iasi, com","Strada Ion Creanga, Tatarasi Nord, Iasi, Iasi",80830,1497,2,54
3128,Apartament 2 Camere - 65 mp - zona Galata,"Podu Ros, Iasi, Iasi",80849,1242,2,65.1
2923,Apartament NOU 3 Camere 68 mp - predare imediată - Nicolina,"CUG, Iasi, Iasi",80900,1190,3,68
3302,Apartament NOU 3 Camere Open Space 68 mp - predare imediată - Nicolina,"CUG, Iasi, Iasi",80900,1190,3,68
2738,"Ap. 2 camere, decomandat, CUG, NOU-2020, parcare","CUG, Iasi, Iasi",80900,1348,2,60
1715,"Apartament 2 camere, decomandat, 56 mp, Nicolina, 80.990 euro","Soseaua Tudor Neculai, Nicolina 1, Iasi, Iasi",80990,1446,2,56
4181,"Apartament 3 camere Nicolina, 76mp, CT, decomandat, pret negociabil!!","Podu Ros, Iasi, Iasi",81000,1066,3,76
860,"OCAZIE ! Bd. POITIERS Apartament 2 Cam D ,66 m² bloc relativ nou 2001","Podu Ros, Iasi, Iasi",81000,1227,2,66
4357,"Apartamente Noi, finisate TOP, parcare subterana, 2 camere decomandate","Soseaua Pacurari, Canta, Iasi, Iasi",81000,1227,2,66
1604,Apartament 2 camere D Tudor Neculai CUG mobilat,"Aleea Tudor Neculai, CUG, Iasi, Iasi",81000,1350,2,60
573,"NICOLINA - Prima statie din Podu Ros - Ap 3 Cam , D, et. 2","Podu Ros, Iasi, Iasi",81000,1397,3,58
3770,Apartament 3 camere decomandat - Nicolina,"Podu Ros, Iasi, Iasi",81000,1397,3,58
4158,Vanzare apartament 3 camere decomandat,"Podu Ros, Iasi, Iasi",81000,1397,3,58
2990,"Nicolina LIDL - apartament cu 3 camere, etaj 2","Strada Orientului, Nicolina 1, Iasi, Iasi",81000,1462,3,55.4
3324,"Apartament 2 cam, open space de vanzare in zona Bucium Lidl","Soseaua Bucium, Bucium, Iasi, Iasi",81000,1500,2,54
1356,"Nicolina Arcadia, Ap cu 2cam Decomandat LIBER, bl 2020 la bulevard","Centru, Iasi, Iasi",81000,1620,2,50
1286,"Apartament 2 cam, decomandat, de vanzare in zona Tatarasi - Piata Chir","Strada Tatarasi, Tatarasi Nord, Iasi, Iasi",81000,1653,2,49
1851,Apartament 2 camere,"Centru, Iasi, Iasi",81000,2025,2,40
150,"Apartament 2 camere Pacurari , 58 metri, etaj 4 Cod:147277","Bulevardul Dacia, Dacia, Iasi, Iasi",81200,1400,2,58
3701,"Apartament NOU, 2 camere, Copou - Al.Sadoveanu, Discount pentru plata","Aleea Mihail Sadoveanu, Agronomie, Iasi, Iasi",81200,1450,2,56
3063,"Apartament 2 camere, bloc nou, langa padure","Manta Rosie, Iasi, Iasi",81217,1390,2,58.43
4746,Pret Promo Ap 2 camere Manta Rosie Residence,"Strada Manta Rosie, Frumoasa, Iasi, Iasi",81217,1390,2,58.43
2149,"Apartament cu 2 camere decomandat, geam la baie, Frumoasa","Iasi, Iasi",81217,1400,2,58
2577,"Apartamente spatioase, proiect nou Tatarasi - direct Dezvoltator!","Strada Aurel Vlaicu, Aviatiei, Iasi, Iasi",81450,1234,2,66
2864,"Apartament 3 camere, decomandat, CUG, et. 6/11, 2018","CUG, Iasi, Iasi",81500,1358,3,60
2805,Apartament 3 Camere Decomandat Nicolina - Prima Statie,"Strada Salciilor, Nicolina 1, Iasi, Iasi",81500,1405,3,58
3798,"Apartament 3 camere, 58 mp, Nicolina","Fundacul Ferentz, Nicolina 1, Iasi, Iasi",81500,1405,3,58
4475,"Apartament 2 camere decomandat, Podu Ros - Restaurant Cotnari","Podu Ros, Iasi, Iasi",81500,1538,2,53
3557,"Apartament 3 camere 63 mp, decomandat, bloc NOU Galata, 81.600 euro","Galata, Iasi, Iasi",81600,1295,3,63
4012,"PLATOU GALATA, 3 camere decomandat, 63mp, bloc nou","Soseaua Iasi-Voinesti, Nicolina 1, Iasi, Iasi",81600,1484,3,55
4077,Apartamente 2 camere de la 44 mp bloc nou Centru - PALAS,"Podu Ros, Iasi, Iasi",81600,1700,2,48
4270,"Apartamente noi cu 2 camere de vanzare in Iasi, zona Canta","Strada Rampei, Dacia, Iasi, Iasi",81804,1298,2,63
2745,"CUG, Apartament 3 camere decomandat! Eliberare rapida !","CUG, Iasi, Iasi",81900,1092,3,75
4051,"Apartament 3 camere Canta, 71mp, decomandat, CT","Podu Ros, Iasi, Iasi",81900,1154,3,71
2058,"Frumoasa - Apartament 3 camere, decomandat","Frumoasa, Iasi, Iasi",81900,1158,3,70.7
31,Apartament 3 Camere - Decomandat - 67 mp - predare imediată - CUG,"Podu Ros, Iasi, Iasi",81900,1222,3,67
2649,"3 camere, Capat Cug, 67 mp, Finalizat, etaj 1, Mijloace de transport","CUG, Iasi, Iasi",81900,1222,3,67
3177,"Ap 3 cam, finisaje LUX, etaj 1, zona CUG","Soseaua Nicolina, CUG, Iasi, Iasi",81900,1222,3,67
127,"Apartament 2 camere, 61 mp, BLOC NOU, ETAJ 1, parcare, Tudor Neculai","CUG, Iasi, Iasi",81900,1343,2,61
241,"Apartament 2 camere Nicolina , 59 metri, etaj 2 Cod:150716","Soseaua Nicolina, CUG, Iasi, Iasi",81900,1388,2,59
418,"Dezvoltator: Comat Towers, Ap. 2 Camere, TIP 1, 58mp, Păcurari – Dacia","Strada Sergent Grigore Ioan, Dacia, Iasi, Iasi",81900,1412,2,58
3143,"Ap. 2 Camere - Dezvoltator: Comat Towers, TIP 1, 58mp, Păcurari","Dacia, Iasi, Iasi",81900,1412,2,58
3169,"Ap. 2 Camere - Dezvoltator: Comat Towers, TIP 2, 58mp, Păcurari","Dacia, Iasi, Iasi",81900,1412,2,58
4318,"Ap. 2 Camere - Dezvoltator: Comat Towers, TIP 2, 58mp, Păcurari","Strada Sergent Grigore Ioan, Dacia, Iasi, Iasi",81900,1412,2,58
4354,"Ap. 2 Camere - Dezvoltator: Comat Towers, TIP 1, 58mp, Păcurari","Strada Sergent Grigore Ioan, Dacia, Iasi, Iasi",81900,1412,2,58
4371,"Ap. 2 Camere -Dezvoltator: Comat Towers, TIP 5, 58mp, Păcurari","Strada Sergent Grigore Ioan, Dacia, Iasi, Iasi",81900,1412,2,58
1268,"Apartament 2 camere Pacurari , 57 metri, etaj 2 Cod:145012","Soseaua Pacurari, Pacurari, Iasi, Iasi",81900,1437,2,57
4348,"Ap. 2 Cam - Dezvoltator: Comat Towers, TIP 4B, 57mp, Păcurari","Strada Sergent Grigore Ioan, Dacia, Iasi, Iasi",81900,1437,2,57
1149,"Apartament 2 camere, et. 1, decomandat, Bloc Nou, Selgros","Nicolina 1, Iasi, Iasi",81900,1463,2,56
3521,Siguranta si calitate! Apartament nou cu 2 camere decomandat clasic !,"Dacia, Iasi, Iasi",81900,1545,2,53
3455,"Proiect nou Continental Frumoasa, 2 camere decomandat","Soseaua Manta Rosie, Manta Rosie, Iasi, Iasi",81912,1388,2,59
2992,"Apartament 2 camere, aproape de centru, langa padure","Manta Rosie, Iasi, Iasi",81912,1390,2,58.93
3087,Apatament 2 Camere Decomandat - Finalizat - zona Galata,"Podu Ros, Iasi, Iasi",81950,1375,2,59.6
349,"Apartament 2 camere Galata , 59 metri, etaj 1 Cod:149369","Soseaua Galata, Galata, Iasi, Iasi",81950,1389,2,59
1387,"Liber acte in regula 2 camere , 60mp,Nicolina -Platou Galata","Strada Urcusului, Galata, Iasi, Iasi",81950,1389,2,59
1784,Vand apartament 2 camere 62mp decomandat Rond vechi,"Centru, Iasi, Iasi",81999,1323,2,62
2275,3 Camere Decomandat - 2 Bai - Bloc 1980 - Metalurgie,"Podu Ros, Iasi, Iasi",82000,1123,3,73
3623,"Apartament 3 camere, 73 mp, zona Tatarasi","Stradela Gradinari, Tatarasi Sud, Iasi, Iasi",82000,1123,3,73
4427,"Apartament 3 camere, Tatarasi, 73 mp, CT, 2 bai, izolat","Podu Ros, Iasi, Iasi",82000,1123,3,73
995,NICOLINA TUDOR NECULAI APARTAMENT 2 CAMERE 70MP,"Strada Profesor Nicolae Bucur, CUG, Iasi, Iasi",82000,1171,2,70
2191,Vând apartament 2 camere zona Rond Vechi CUG,"Centru, Iasi, Iasi",82000,1171,2,70
4410,"Etaj 1! Apartament 2 camere, CUG, 70mp, imobil 2008","Podu Ros, Iasi, Iasi",82000,1171,2,70
3419,"Poziționarea excelentă si arhitectura deosebită, Zona Popas Pacurari","Pacurari, Iasi, Iasi",82000,1206,2,68
3427,"Apartament 3 camere Podu Ros - Cantemir, 68mp, CT, et intermed","Podu Ros, Iasi, Iasi",82000,1206,3,68
920,BUCIUM VISANI APARTAMENT MOBILAT UTILAT 67MP,"Soseaua Bucium, Zona Industriala, Iasi, Iasi",82000,1224,2,67
2173,"Apartament de 4 camere, decomandat, etajul 1, zona Alexandru cel Bun","Strada Plaiesilor, Alexandru Cel Bun, Iasi, Iasi",82000,1281,4,64
2877,Apartament 3 camere de vanzare Canta,"Canta, Iasi, Iasi",82000,1281,3,64
3713,"OCAZIE - VAND Apartament NOU, 2 camere - MOARA DE VANT (Little Texas)","Moara de Vant, Iasi, Iasi",82000,1281,2,64
157,"Apartament zona UMF, 3 camere, 63 mp","Bulevardul Independentei, Centru, Iasi, Iasi",82000,1302,3,63
4086,"OCAZIE! 82.000 € 3CD,et3/4,Nicolina,Prima Statie,In spatele Esplanadei","Podu Ros, Iasi, Iasi",82000,1323,3,62
1949,"Apartament 2 camere Tatarasi, bloc nou, mutare imediata, etaj 6","Tatarasi Nord, Iasi, Iasi",82000,1344,2,61
3757,Apt. 2 Camere 61 mp FINALIZAT MUTARE IMEDIATA Tatarasi,"Centru, Iasi, Iasi",82000,1344,2,61
495,"Apartament 2 camere Nicolina , 60 metri, etaj 2 Cod:140223","Strada Petre Tutea, Nicolina 1, Iasi, Iasi",82000,1367,2,60
4000,"Apartament 3 camere, Alexandru cel Bun, 60mp, CT, AC, izolat","Podu Ros, Iasi, Iasi",82000,1367,3,60
2842,Apartament 2CDecomandat Bloc Nou In Oras 60MP Etaj Intermediar,"CUG, Iasi, Iasi",82000,1390,2,59
2695,Apartament 2 camere renovat Centru-Mama Mia,"Centru, Iasi, Iasi",82000,1491,2,55
4408,Apartament cu 2 camere Decomandat situat in Podu Ros,"Podu Ros, Iasi, Iasi",82000,1519,2,54
498,Sos.Arcu-Apartament 2 camere decomandat,"Pacurari, Iasi, Iasi",82000,1608,2,51
3699,Apartament 2 camere Podul de Fier - Statia Padurii,"Tudor Vladimirescu, Iasi, Iasi",82000,1640,2,50
1831,"Apartament nou, 2 camere, FINALIZAT, etaj 6, 82 000 euro, Tatarasi","Tatarasi Sud, Iasi, Iasi",82000,1708,2,48
2135,"Apartament 2 camere 61 mp, decomandat Tatarasi","Tatarasi Nord, Iasi, Iasi",82000,1708,2,48
1986,"Vând apartament 2 camere, decomandat , dacia","Centru, Iasi, Iasi",82000,1783,2,46
2211,"Apartament 2 camere decomandat, etaj intermediar, zona Pod de Fier","Strada Tufescu, Tatarasi Nord, Iasi, Iasi",82000,1864,2,44
4295,Apartamente noi cu 2 camere de vanzare in Iasi situate pe zona Copou,"Aleea Mihail Sadoveanu, Copou, Iasi, Iasi",82250,1750,2,47
2916,"Apartament 1 camera decomandat Centru - Palas Mall , etaj 2","Podu Ros, Iasi, Iasi",82300,1960,1,42
4704,"Apartamente noi in stil romanesc, 2 camere, Tatarasi Comision 0%","Strada Vasile Lupu, Tatarasi Sud, Iasi, Iasi",82320,1646,2,50
2616,Apartament Nou Finalizat cu 1 camera in Centru - Sfantul Lazar,"Centru, Iasi, Iasi",82388,2289,1,36
1856,"Finalizat! Apartament 1 camera, Decomandat, Bloc nou - CENTRU-Palas/id","Centru, Iasi, Iasi",82400,2227,1,37
1522,"Apartament cu 2 camere, decomandat, Tatarasi, 82.480 euro","Bulevardul Chimiei, Aviatiei, Iasi, Iasi",82480,1269,2,65
2879,Apartament cu 3 camere / Tatarasi - Metalurgie,"Tatarasi Sud, Iasi, Iasi",82500,1231,3,67
1004,Apartament 2 camera 66mp,"Centru, Iasi, Iasi",82500,1250,2,66
3276,"Apartament 3 camere, Decomandat – Nicolina","Nicolina 1, Iasi, Iasi",82500,1287,3,64.11
81,Se vinde 2 camere decomandat Pacurari. Pret neg,"Pacurari, Iasi, Iasi",82500,1375,2,60
214,Baza 3- 3 camere Decomandat- etaj intermediar- mobilat si utilat,"Baza 3, Iasi, Iasi",82500,1375,3,60
584,"Apartament 2 camere Frumoasa , 60 metri, etaj 4 Cod:151083","Bulevardul Poitiers, Frumoasa, Iasi, Iasi",82500,1375,2,60
4542,Apartament 2 camere Stefan cel Mare,"Centru, Iasi, Iasi",82500,1375,2,60
2341,Apartament 2 camere 60mp Moara de Foc-Autocenter 1994,"Canta, Iasi, Iasi",82500,1391,2,59.3
846,"Apartament 2 camere confort I sporit, mobilat si utilat - Tatarasi Gre","Strada Costache Negri, Centru, Iasi, Iasi",82500,1422,2,58
3962,"Apartament 2 camere 58 mp, bloc nou FINALIZAT, INTABULAT, statie autob","Zona Industriala, Iasi, Iasi",82500,1422,2,58
4718,"Apartament 2 camere decomandat 58 mp, et intermediar, bloc nou in Iasi","Canta, Iasi, Iasi",82500,1422,2,58
2819,"Centru Podul de Fier , apartament 2 camere , etaj intermediar","Strada Cucu, Podu de Fier, Iasi, Iasi",82500,1755,2,47
596,"Apartament 1 camera Centru Civic , 42 metri, etaj 1 Cod:122709","Piata Unirii, Centru, Iasi, Iasi",82500,1964,1,42
2253,Palas! Apartament 1c Bloc Nou 2023,"Strada Sfantul Lazar, Podu Ros, Iasi, Iasi",82500,1964,1,42
1244,82500 euro CENTRU-C. Negri Ap 2CD et 8 mobilat utilat,"Strada Costache Negri, Centru, Iasi, Iasi",82500,2063,2,40
1251,"Ap 2 cam D, etaj int, ideal investitie, Ultracentral Centru Civic","Strada Costache Negri, Centru, Iasi, Iasi",82500,2063,2,40
2639,"Apartament 3 Cam,statie, Bloc NOU,Nicolina Cug, 59 mp, et intermediar","CUG, Iasi, Iasi",82600,1400,3,59
2079,"Apartament 1C Bloc Nou, Decomandat Centru - Gara","Strada Strapungerea Silvestru, Gara, Iasi, Iasi",82600,1796,1,46
3920,"Centru, apartament cu vedere spre Palas Mall","Centru, Iasi, Iasi",82625,1967,1,42
526,"Apartament 2 camere,D, Sos. Voinesti 33 - INTABULAT","Centru, Iasi, Iasi",82740,1379,3,60
575,Apartament 2 camere decomandat 60mp - ETAJ 2 - VIEW PANORAMIC,"Nicolina 1, Iasi, Iasi",82740,1379,2,60
1807,"Ap 2 cam D, mutare imediata, accept credit, zona Galata","Mircea cel Batran, Iasi, Iasi",82740,1379,2,60
3775,Intabulat ! Apartament 2 camere D Lift Bloc nou zona Galata,"Podu Ros, Iasi, Iasi",82740,1379,2,60
3389,"Apartament 2 camere, decomandat, 59.7 mp, Galata","Soseaua Iasi-Voinesti, Nicolina 1, Iasi, Iasi",82740,1386,2,59.7
2813,"2 Camere Lux ,Bloc NOU, incalzire pardoseala, Galata, 59 mp, Statie","Mircea cel Batran, Iasi, Iasi",82740,1402,2,59
2472,"FINALIZAT, apartament nou, 2 camere, decomandat,Galata-Platoul Insorit","Mircea cel Batran, Iasi, Iasi",82740,1532,2,54
2476,"FINALIZAT, apartament nou, 2 camere, decomandat,Galata-Platoul Insorit","Mircea cel Batran, Iasi, Iasi",82740,1561,2,53
598,"Apartament 3 camere DECOMANDAT, 69mp, NICOLINA","CUG, Iasi, Iasi",82900,1201,3,69
540,"Apartament 3 camere, decomandat, parter cu gradina, bloc 1986, Cug","CUG, Iasi, Iasi",82900,1359,3,61
3404,"Pacurari - Piata Pacurari, 3 camere, mobilat si utilat","Strada Toma Cozma, Pacurari, Iasi, Iasi",82900,1461,3,56.73
363,"Apartament cu 2 camere, decomandat, 65 mp2, complex rezidential nou, z","Strada Aurel Vlaicu, Aviatiei, Iasi, Iasi",82900,1564,2,53
4340,"Centru - Podul de Fier , apartament 2 camere , etaj intermediar","Strada Cucu, Podu de Fier, Iasi, Iasi",82900,1764,2,47
2792,"Apartament 1 cam, decomandat, bloc nou, zona Tatarasi - Dispecer","Strada Han Tatar, Tatarasi Sud, Iasi, Iasi",82900,2073,1,40
1346,"Oferta! Ap 3 camere decomandat, 77 mp, zona Nicolina, partial mobilat","Podu Ros, Iasi, Iasi",83000,1078,3,77
3420,"IASI, Piata Voievozilor, Apartament cu 3 camere - 74 mp-ETAJ 8","Alexandru Cel Bun, Iasi, Iasi",83000,1122,3,74
527,Apartament 2 camere decomandat 60mp poitiers,"Centru, Iasi, Iasi",83000,1383,2,60
1226,"Apartament 2 camere decomandat, etaj intermediar, PACURARI","Soseaua Pacurari, Pacurari, Iasi, Iasi",83000,1383,2,60
3020,Apartament 3 camere Pacurari,"Pacurari, Iasi, Iasi",83000,1456,3,57
2292,Apartament cu 2 camere D Nicolina Rond Vechi Cug 2015 la strada,"Nicolina 2, Iasi, Iasi",83000,1566,2,53
1394,Apartament 2 camere open space Copou Royal Town,"Centru, Iasi, Iasi",83000,1660,2,50
3033,Apartament 2Cam Bloc Nou Finalizat Copou Etaj Intermediar,"Agronomie, Iasi, Iasi",83000,1660,2,50
3233,Apartament 2Cam Finalizat Copou Complex Rezidential Etaj 1,"Agronomie, Iasi, Iasi",83000,1660,2,50
3805,"Apartament decomandat, 2 camere, standard European si calitate, Tatara","Aviatiei, Iasi, Iasi",83000,1660,2,50
4563,"Apartament 2 camere, Tudor Vladimirescu - Bucsinescu, 50mp","Podu Ros, Iasi, Iasi",83000,1660,2,50
833,"Apartament cu 2 camere, decomandat, 55mp, et 4\/8, Pacurari, Alpha Ba","Soseaua Pacurari, Pacurari, Iasi, Iasi",83000,1729,2,48
497,Apartament cu 2 camere in Podul de Fier,"Centru, Iasi, Iasi",83000,1844,2,45
2796,Apartament 1 camera - Q Residence,"Podu Ros, Iasi, Iasi",83000,2024,1,41
2086,Apartament 1 camere Newton Oancea,"Strada Vasile Lupu, Tatarasi Sud, Iasi, Iasi",83000,2767,1,30
3815,FINALIZAT!!! Noul Centru! Bloc NOU! Apartament 1 camera!,"Strada Sfantul Lazar, Podu Ros, Iasi, Iasi",83160,1980,1,42
4191,"Apartamente noi de vanzare, in CENTRU, 1 camera, Comision 0%","Strada Sfantul Lazar, Podu Ros, Iasi, Iasi",83160,1980,1,42
152,"Apartament 2 camere Pacurari , 61 metri, etaj 1 Cod:147140","Soseaua Pacurari, Pacurari, Iasi, Iasi",83200,1364,2,61
960,Apartament 2 camere 61mp Etaj 1 Pacurari,"Pacurari, Iasi, Iasi",83200,1364,2,61
3548,"Apartament nou de 2 camere, 61 mp, in zona Pacurari","Strada Iancu Flondor, Iasi, Iasi",83200,1513,2,55
2975,"Apartament 2 camere, bloc nou, langa padure","Manta Rosie, Iasi, Iasi",83302,1390,2,59.93
700,"Etaj 1, 2 camere decomandat/mutare imediata - 2min. Belvedere Nicolina","Nicolina 1, Iasi, Iasi",83440,1391,2,60
4521,"Apartament Decomandat, 2 camere, 60Mp mutare 2022!","Strada Strugurilor, Nicolina 1, Iasi, Iasi",83440,1391,2,60
2443,"FINALIZAT, apartament nou, 2 camere, decomandat,Galata-Platoul Insorit","Mircea cel Batran, Iasi, Iasi",83440,1545,2,54
519,"Apartament 2 camere, decomandat, Sos. Voinesti 33 - INTABULAT","Centru, Iasi, Iasi",83440,1574,2,53
3246,Exclusivitate Comision 0! Apartament 3 camere decomandat 58mp + 80mp,"Podu Ros, Iasi, Iasi",83499,1440,3,58
1813,"Apartament 3 camere decomandat, etaj 3, 68 mp, Pacurari-Popas Pacurari","Pacurari, Iasi, Iasi",83500,1228,3,68
4488,"Apartament 2 camere, Copou complex rezidential nou cu predare imediata","Agronomie, Iasi, Iasi",83500,1670,2,50
4727,"Copou apartament 2 camere, cartier rezidential nou, predare imediata!","Agronomie, Iasi, Iasi",83500,1670,2,50
2089,Apartament 2 camere Iasi cartier Carol I,"Agronomie, Iasi, Iasi",83595.17,1370.41,2,61
1120,0% COMISION APARTAMENT 2 CAMERE COPOU,"Strada Baltagului, Agronomie, Iasi, Iasi",83600,1742,2,48
4760,"Apartament 1 camera 48 mp,bloc nou, Royal Town Copou","Agronomie, Iasi, Iasi",83600,1742,2,48
3461,"Apartament 1 cameră , 48 mp, Royal Town Copou (direct dezvoltator)","Podu Ros, Iasi, Iasi",83600,1750,1,47.77
3871,"Apartament 1 cameră, Royal Town, Copou, Iasi (comision 0)","Podu Ros, Iasi, Iasi",83600,1750,1,47.77
4445,"Apartament 1 camera de vanzare in Copou, Iasi, Royal Town","Podu Ros, Iasi, Iasi",83600,1750,1,47.77
4600,"Apartament ideal investitie, Royal Town Iași (direct dezvoltator)","Podu Ros, Iasi, Iasi",83600,1750,2,47.77
4634,"Apartament Premium de vanzare, Copou, Iasi","Podu Ros, Iasi, Iasi",83600,1750,1,47.77
916,"2 camere,56mp Tatarasi- bloc nou","Strada Vasile Lupu, Tatarasi Sud, Iasi, Iasi",83700,1522,2,55
1383,"AP 2 CAM, TATARASI,BLOC NOU, DECOMANDAT","Strada Gradinari, Tatarasi Sud, Iasi, Iasi",83700,1522,2,55
3992,"Locuinte premium in Tatarasi, gandite pentru familii moderne!","Strada Aeroportului, Aviatiei, Iasi, Iasi",83825,1547,2,54.2
4586,"Apartament 3 camere DECOMANDAT, Nicolina 2-Clopotari, renovat!","Nicolina 2, Iasi, Iasi",83900,1076,3,78
2889,"Apartament in Nicolina, 3 camere decomandat, 77mp.","Strada Clopotari, Nicolina 2, Iasi, Iasi",83900,1090,3,77
3864,"Apartament 3 camere, decomandat, Nicolina 2, renovat","Nicolina 2, Iasi, Iasi",83900,1090,3,77
2644,Apartament NOU 3 Camere 70 mp - predare imediată - Nicolina,"CUG, Iasi, Iasi",83900,1199,3,70
3304,Apartament NOU 3 Camere Open Space 70 mp - predare imediată - Nicolina,"CUG, Iasi, Iasi",83900,1199,3,70
4780,"Nicolina - apartament cu 3 camere, liber, renovat 2022","Strada Libertatii, Nicolina 2, Iasi, Iasi",83900,1209,3,69.4
1218,Apartament NOU cu 3 camere 69 mp - predare imediata - CUG,"CUG, Iasi, Iasi",83900,1216,3,69
405,"Dezvoltator: Comat Towers, Ap. 2 Cam, TIP 6B, 57mp, Păcurari – Dacia","Strada Sergent Grigore Ioan, Dacia, Iasi, Iasi",83900,1472,2,57
2560,"Bloc nou Dacia - Pacurari, apartament 2 camere decomandat, 57 mp","Dacia, Iasi, Iasi",83900,1472,2,57
3146,"Ap. 2 Cam - Dezvoltator: Comat Towers, TIP 6B, 57mp, Păcurari","Dacia, Iasi, Iasi",83900,1472,2,57
4351,"Ap. 2 Cam - Dezvoltator: Comat Towers, TIP 6B, 57mp, Păcurari","Strada Sergent Grigore Ioan, Dacia, Iasi, Iasi",83900,1472,2,57
4446,"Copou apartament 2 camere de vanzare, cartier rezidential nou, predare","Agronomie, Iasi, Iasi",83900,1907,2,44
2020,"Apartament de 1 camera, 46.64 mp, etaj intermediar, zona Nicolina","Soseaua Nicolina, Nicolina 2, Iasi, Iasi",83952,1800,1,46.64
3396,"Copou, cartier rezidential nou, apartament 2 camere cu predare imediat","Agronomie, Iasi, Iasi",83990,1909,2,44
2668,Apartament 2 camere de vanzare Visani,"Bucium, Iasi, Iasi",84000,1050,2,80
4624,"Apartament 3 camere, 77 mp, zona Nicolina","Strada Libertatii, Nicolina 2, Iasi, Iasi",84000,1091,3,77
23,"Apartament 2 camere rond Pacurari, loc parcare masina electrica","Strada Pacurari, Pacurari, Iasi, Iasi",84000,1135,2,74
3221,"Apartament 2 camere Nicolina, bloc nou 2010! 70mp","Nicolina 2, Iasi, Iasi",84000,1135,2,74
1026,Apartament 3 camere ( capat Cug) + loc de parcare cumparat,"Centru, Iasi, Iasi",84000,1151,3,73
3159,Apartament 3 camere decomandat - Canta la Bulevard,"Podu Ros, Iasi, Iasi",84000,1167,3,72
1025,"Exclusivitate. Ap. 3 cam, D, Alexandru cel Bun. ZERO comision.","Alexandru Cel Bun, Iasi, Iasi",84000,1235,3,68
3053,"Apartament 3 camere, Nicolina","Nicolina 2, Iasi, Iasi",84000,1254,3,67
815,"Apartament cu 2 camere 64,5mp pret 84000 euro Copou Mihail Sadoveanu","Copou, Iasi, Iasi",84000,1313,2,64
1633,"Apartament de 2 camere, 64 mp, decomandat, mobilat si utilat, Nicolina","Soseaua Nicolina, CUG, Iasi, Iasi",84000,1313,2,64
683,FINALIZAT! TERASA 72 mp! PARCARE! Apartament 2 camere Pacurari - Rediu,"Pacurari, Iasi, Iasi",84000,1377,2,61
691,FINALIZAT! GRADINA! PARCARE! Apartament 2 camere Pacurari - Rediu,"Pacurari, Iasi, Iasi",84000,1377,2,61
921,"Ap. 2 camere, et. 5, decomandat, Bloc Nou, lift, CUG","CUG, Iasi, Iasi",84000,1448,2,58
3403,Ultimele disponibilitati! Ap. 2 camere EVERGREEN Tatarasi,"Strada Aurel Vlaicu, Aviatiei, Iasi, Iasi",84000,1500,2,56
3405,"Exclusivitate!Evergreen Towers, Ultimele disponibilitati! 2 camere Dec","Strada Sapte Oameni, Aviatiei, Iasi, Iasi",84000,1500,2,56
3999,Apartament 2 camere Bloc Nou - Nicolina,"Podu Ros, Iasi, Iasi",84000,1500,2,56
3772,Apartament 2 camere D- Copou Sadoveanu-2023,"Carol I, Iasi, Iasi",84000,1511,2,55.6
3217,"Bloc nou, CUG, la bulevard - Ap 2 cam decomandat, et intermediar, boxa","CUG, Iasi, Iasi",84000,1615,2,52
1176,"Apartament modern in zona CUG, 2 camere, 55 mp","Strada Nucilor, CUG, Iasi, Iasi",84000,1647,2,51
3244,"Apartament 2 camere, decomandat, nou, Tatarasi","Aviatiei, Iasi, Iasi",84000,1680,2,50
4162,"Apartament 2 Camere, Etaj 1 - Bloc 1981 - Podul de Fier","Podu Ros, Iasi, Iasi",84000,1680,2,50
1569,"Apartament 2 cam, open space, de vanzare in zona Tatarasi Spitalul de","Strada Tatarasi, Tatarasi Nord, Iasi, Iasi",84000,1953,2,43
4369,"Apartamente noi, 2 camere, Copou Aleea Sadoveanu","Aleea Mihail Sadoveanu, Carol I, Iasi, Iasi",84070,1293,2,65
3436,Apartament nou cu 2 camere OPEN SPACE + Dressing in COPOU !,"Copou, Iasi, Iasi",84070,1501,2,56
1299,"Apartament 3 camere decomandat, capat CUG bloc nou","Strada Bazei, CUG, Iasi, Iasi",84300,1505,3,56
2955,"Ap 3 cam,88 mp, etaj 1,mobilat, bloc nou, Bucium - langa statie","Podu Ros, Iasi, Iasi",84499,1083,3,78
4312,"Apartament 3 camere, etaj 1, mobilat, bloc nou, Bucium - langa statie","Bucium, Iasi, Iasi",84500,1083,3,78
4832,"Apartament 3 camere RENOVAT, FRUMOASA! 79mp","Iasi, Iasi",84500,1083,3,78
3310,Apartament 3 camere-Frumoasa,"Podu Ros, Iasi, Iasi",84500,1174,3,72
4795,"Persoana fizica, apartament 3 camere zona Frumoasa","Frumoasa, Iasi, Iasi",84500,1174,3,72
2494,Podu Ros-Odeon 3 camere decomandat 84.500 euro!,"Aleea Nicolina, Podu Ros, Iasi, Iasi",84500,1243,3,68
4553,"Apartament 2 camere, mobilat, FINALIZAT, BLOC NOU, Royal Town Copou","Copou, Iasi, Iasi",84500,1798,2,47
2256,Apartament 2 camere de vanzare Tg. Cucu-Podul de Fier,"Centru, Iasi, Iasi",84500,1920,2,44
2323,"Apartament cu o camera, geam la baie, NOU, Bucium","Bucium, Iasi, Iasi",84500,1965,1,43
1333,"Apartament 2 camere Centru - Hala Centrala , etaj intermediar !","Strada Costache Negri, Centru, Iasi, Iasi",84500,2012,2,42
2609,Apartamente cu 2 camere Complex Nou - Conest - Dacia Comision 0,"Podu Ros, Iasi, Iasi",84857,1347,2,63
2751,"Apartament 2 camere D DACIA-PACURARI-POZE REALE, mutare in cateva luni","Dacia, Iasi, Iasi",84857,1515,2,56
4650,"Apartament 3 camere 2 băi, Nicolina - CUG, 82mp, CT, AC","Podu Ros, Iasi, Iasi",84900,1035,3,82
2670,"Apartament 3 camere, Mircea cel Batran, 78mp, CT, izolat","Podu Ros, Iasi, Iasi",84900,1088,3,78
4579,"Etaj 1! Apartament 3 camere 2 bai, Dacia, 73mp, CT","Podu Ros, Iasi, Iasi",84900,1163,3,73
3013,Apartament 3 Camere Decomandat - 71 mp - zona CUG,"Podu Ros, Iasi, Iasi",84900,1196,3,71
3186,"Apartament 3 camere, finisaje lux, etaj 1, zona CUG","Soseaua Nicolina, CUG, Iasi, Iasi",84900,1196,3,71
4575,"Apartament 3 camere, DECOMANDAT! Zona Nicolina-Belvedere!","Nicolina 1, Iasi, Iasi",84900,1213,3,70
4791,"Apartament 3 camere Nicolina, 68mp, CT, mobilat + utilat","Podu Ros, Iasi, Iasi",84900,1249,3,68
4714,Apartament 3CDecomandat Nicolina Belvedere Renovat Mobilat,"Nicolina 2, Iasi, Iasi",84900,1267,3,67
1925,"Apartament 3 camere, decomandat, Nicolina, mobilat-utilat","Nicolina 2, Iasi, Iasi",84900,1286,3,66
321,Apartament cu doua camere situat pe Soseaua Pacurari,"Pacurari, Iasi, Iasi",84900,1348,2,63
2933,"Spatiu de birou sau apartament/bloc nou INTABULAT, 63 mp,clasa A","Pacurari, Iasi, Iasi",84900,1348,2,63
3738,"Apartament 3 camere , Pacurari - TBI Bank - Toma Cozma","Pacurari, Iasi, Iasi",84900,1415,3,60
2231,2 camere decomandat-Tatarasi-Ateneu,"Tatarasi Nord, Iasi, Iasi",84900,1602,2,53
4696,Apartament cu 2 camere 52 mp + Gradina 80 mp - predare imediata - CUG,"Strada Fortus, CUG, Iasi, Iasi",84900,1633,2,52
1405,"Ap 2 camere decomandat, 55 mp, etaj 2/11, mobilat si utilat LUX","Podu Ros, Iasi, Iasi",84900,1665,2,51
3203,Apartament cu 2 camere - 52 mp + 80 mp curte - predare imediata - CUG,"CUG, Iasi, Iasi",84900,1846,2,46
3116,"3 camere, Gradina, Boxa, Parcare, Str. Pepinierei","CUG, Iasi, Iasi",84990,1545,3,55
2176,"Apartament 2 camere, 50mp, Royal Copou","Carol I, Iasi, Iasi",84999,1700,2,50
2344,"Apartament 4 camere – Tatarasi – Flora, Mobilat si utilat","Tatarasi Sud, Iasi, Iasi",85000,966,4,88
1390,"Ap 3 camere decomandat, 82 mp, 2 bai, bloc din 1989 - CUG","Podu Ros, Iasi, Iasi",85000,1037,3,82
1093,Apartament 3 camere Decomandat - Pacurari - Moara de Foc,"Podu Ros, Iasi, Iasi",85000,1063,3,80
3563,"Podul de Piatra, apartament spatios cu 4 camere","Strada Decebal, Cantemir, Iasi, Iasi",85000,1073,4,79.25
659,Apartament 3 camere - Compartimentare deosebita - Loc de parcare - CUG,"CUG, Iasi, Iasi",85000,1090,3,78
807,Apartament cu 3 camere 78mp mobilat si utilat etajul 3 Valea Adanca,"CUG, Iasi, Iasi",85000,1090,3,78
3121,Apartament 3 camere Valea Adanca COMISION 0,"Podu Ros, Iasi, Iasi",85000,1090,3,78
3503,Apartament 3 camere - CUG,"Podu Ros, Iasi, Iasi",85000,1090,3,78
4775,"Apartament 3 camere decomandat platou Galata , bloc nou, etaj 2","Podu Ros, Iasi, Iasi",85000,1090,3,78
4333,"Apartament 3 camere, Dacia - Bicaz, 77mp, CT, izolat, mobilat","Podu Ros, Iasi, Iasi",85000,1104,3,77
1174,"Apartament cu 3 camere, decomandat, etaj 5/10, Pacurari-Posta","Pacurari, Iasi, Iasi",85000,1133,3,75
1464,Apartament cu două camere 74mp.,"Tudor Vladimirescu, Iasi, Iasi",85000,1149,2,74
136,"Apartament 3 camere Mircea cel Batran , 72 metri, etaj 3 Cod:149275","Strada Mircea cel Batran, Mircea cel Batran, Iasi, Iasi",85000,1181,3,72
1914,"Apartament cu 3 camere, de vanzare in zona Nicolina Belvedere","Soseaua Nicolina, Nicolina 2, Iasi, Iasi",85000,1181,3,72
469,Apartament nou 3 camere-FINALIZAT SI INTABULAT-loc de parcare inclus,"CUG, Iasi, Iasi",85000,1214,3,70
3613,"Apartament 3 camere, 70 mp, parcare, zona Tatarasi","Strada Ignat, Tatarasi Sud, Iasi, Iasi",85000,1214,3,70
1255,Apartament nou 3 camere+pod+parcare-Cug-Pepinierei INTABULAT,"CUG, Iasi, Iasi",85000,1250,3,68
4245,"Apartament 3 camere Tatarasi, 68mp, CT, izolat, mobilat","Podu Ros, Iasi, Iasi",85000,1250,3,68
4254,"Apartamente de vanzare, 3 camere, bloc nou, zona CUG COMISION 0%","Aleea Tudor Neculai, CUG, Iasi, Iasi",85000,1250,3,68
388,"Apartament 3 camere Pacurari , 67 metri, etaj parter Cod:150983","Soseaua Pacurari, Pacurari, Iasi, Iasi",85000,1269,3,67
569,"Apartament 3 camere Popas Pacurari , 67 metri, etaj parter Cod:150983","Soseaua Pacurari, Pacurari, Iasi, Iasi",85000,1269,3,67
2355,Apartament Dispecer bloc nou Tatarasi,"Strada Vasile Lupu, Tatarasi Sud, Iasi, Iasi",85000,1269,3,67
4319,"Apartament 3 camere Nicolina, Profi-Clopotari, 67mp !","Nicolina 2, Iasi, Iasi",85000,1269,3,67
1869,"Ap 3 cam, gradina parcare si terasa, exclusivist, capat Pacurari","Pacurari, Iasi, Iasi",85000,1288,3,66
1899,Apartament 3Cam Decomandat Nicolina Belvedere,"Nicolina 2, Iasi, Iasi",85000,1288,3,66
3098,"Ap 3 cam decomandat. parcare subterana, mobilat, gradina","Podu Ros, Iasi, Iasi",85000,1288,3,66
171,Apartament nou 3 camere - Zona linistita - Loc de parcare inclus - CUG,"CUG, Iasi, Iasi",85000,1308,3,65
411,Apartament nou 3 camere - FINALIZAT - Mutare imediata - CUG,"CUG, Iasi, Iasi",85000,1308,3,65
1449,Apartament 3 camere Decomandat - C.U.G,"Podu Ros, Iasi, Iasi",85000,1308,3,65
2894,Apartament cu 3 camere de vanzare Tatarasi - Metalurgie,"Tatarasi Sud, Iasi, Iasi",85000,1308,3,65
3041,Apartament 3 camere cu Gradina,"Podu Ros, Iasi, Iasi",85000,1308,3,65
3877,Apartament 2 camere de vanzare LUX Pacurari OMV,"Soseaua Pacurari, Pacurari, Iasi, Iasi",85000,1328,2,64
3894,FINALIZAT! Apartament tip penthouse 2 camere 64 mp + 72 mp terasa,"Pacurari, Iasi, Iasi",85000,1328,2,64
1893,Apartament 3 camere decomandat Nicolina 1 Belvedere-Pizza Nico,"Nicolina 2, Iasi, Iasi",85000,1349,3,63
3796,"Apartament 3 camere, 63 mp, Nicolina","Bulevardul Nicolae Iorga, Podu Ros, Iasi, Iasi",85000,1349,3,63
1902,"Nicolina - apartament cu 3 camere, mobilat si utilat","Strada Profesor Ion Inculet, Nicolina 2, Iasi, Iasi",85000,1358,3,62.6
79,Apartament 2 camere Poitiers Towers,"Centru, Iasi, Iasi",85000,1393,2,61
275,"Apartament 2 camere, Bloc Nou - Finalizat, zona Continental","Bulevardul Poitiers, Manta Rosie, Iasi, Iasi",85000,1393,2,61
969,"Apartament cu doua camere, B-dul Alexandru cel Bun-Zimbru.","Alexandru Cel Bun, Iasi, Iasi",85000,1393,2,61
1830,"Apartament 2 camere, 61 mp, Poitiers Tower","Bulevardul Poitiers, Frumoasa, Iasi, Iasi",85000,1393,2,61
2060,Apartament 2 camere Poitiers,"Frumoasa, Iasi, Iasi",85000,1393,2,61
2302,"Podul de Piatra - apartament cu 3 camere, etaj 3","Strada Decebal, Cantemir, Iasi, Iasi",85000,1393,3,61
2673,OCAZIE! Vând apartament 3 camere Canta - Poșta Păcurari,"Podu Ros, Iasi, Iasi",85000,1393,3,61
36,"Apartament 2 camere Nicolina , 60 metri, etaj 2 Cod:140223","Strada Petre Tutea, Nicolina 1, Iasi, Iasi",85000,1417,2,60
90,Apartament cu 3 camere situat in Pacurari,"Pacurari, Iasi, Iasi",85000,1417,3,60
2762,Apartament cu 3 camere decomandat in zona pietei Alexandru,"Podu Ros, Iasi, Iasi",85000,1417,3,60
2855,Apartament 3 camere de vanzare Podu Ros,"Podu Ros, Iasi, Iasi",85000,1417,3,60
4155,"Apartament nou 2 camere, Popas Pacurari","Podu Ros, Iasi, Iasi",85000,1417,2,60
1214,"Apartament 2 camere Tatarasi , 59 metri, etaj 3 Cod:150945","Strada Tatarasi, Tatarasi Nord, Iasi, Iasi",85000,1441,2,59
1311,Oancea-Tatarasi- 2 cam. decomandat-bloc 1986-etaj intermediar,"Tatarasi Sud, Iasi, Iasi",85000,1441,2,59
1343,Apartament 2 Camere Decomandat Tatarasi Oancea bl 1986,"Strada Vasile Lupu, Tatarasi Sud, Iasi, Iasi",85000,1441,2,59
1506,"CUG - bloc nou, apartament cu 2 camere, liber","Bulevardul Tudor Vladimirescu, Tudor Vladimirescu, Iasi, Iasi",85000,1455,2,58.4
1415,Oferta rara!3camere+gradina35mp +parcare+bucatarie deco PopasPacurari,"Podu Ros, Iasi, Iasi",85000,1466,3,58
2904,"Apartament 2 cam, open space de vanzare in zona Bucium - Freya","Strada Visan, Bucium, Iasi, Iasi",85000,1466,2,58
246,Apartament 2 Camere Decomandate 64m Renovat Pret Negociabil,"Dacia, Iasi, Iasi",85000,1476,2,57.6
937,Apartament 3 camere Decomandat - Popas Pacurari,"Podu Ros, Iasi, Iasi",85000,1491,3,57
4808,"Bucium, apartament cu 2 camere, mutare imediata","Tesatura, Iasi, Iasi",85000,1491,2,57
631,Apartament FINALIZAT 55mp Complex Rezidential zona Tatarasi - Kaufland,"Tatarasi Sud, Iasi, Iasi",85000,1545,2,55
1532,"Apartament 2 camere, decomandat, Tatarasi, 85.000 euro","Strada Petre Ispirescu, Tatarasi Nord, Iasi, Iasi",85000,1545,2,55
3173,"Exclusivitate! Pacurari -Alpha Bank, 2 camere, etaj 3, 55mp, mobilat","Pacurari, Iasi, Iasi",85000,1545,2,55
2243,"Podu Ros - 3 camere, la 2 minute de facultati si 5 min de Palas Mall","Podu Ros, Iasi, Iasi",85000,1574,3,54
2383,Apartament decomandat zona Podu Ros,"Cantemir, Iasi, Iasi",85000,1574,2,54
2760,"Apartament 2 camere, decomandat, de vânzare, Galata - Sos. Voine&#537;","Strada Alecu Donici, Galata, Iasi, Iasi",85000,1574,2,54
4109,"Apartament 2 camere, DECOMANDAT, 54 mp, BLOC NOU, Galata","Mircea cel Batran, Iasi, Iasi",85000,1574,2,54
4417,Apartament cu 2 camere de LUX in Podu Ros la bulevard,"Podu Ros, Iasi, Iasi",85000,1574,2,54
51,"Apartament 2 camere Podu Ros , 50 metri, etaj 1 Cod:149990","Podu Ros, Iasi, Iasi",85000,1700,2,50
537,Apartament 2 camere Concept Rezidence-Petru Poni mobilat si utilat,"Canta, Iasi, Iasi",85000,1700,2,50
593,Apartament cu 2 camere decomandat - Gara - Blue Aqua,"Gara, Iasi, Iasi",85000,1700,2,50
882,"Apartament 2 camere Palat , 50 metri, etaj 1 Cod:149990","Podu Ros, Iasi, Iasi",85000,1700,2,50
1519,"Apartament 2 camere, confort 1, Podu Ros, 85.000 euro","Bulevardul Socola, Podu Ros, Iasi, Iasi",85000,1700,2,50
1523,"Apartament 2 camere, Tudor- la bulevard, 50 mp, 85.000 euro","Bulevardul Tudor Vladimirescu, Tudor Vladimirescu, Iasi, Iasi",85000,1700,2,50
2907,Apartament cu doua camere,"Podu Ros, Iasi, Iasi",85000,1700,2,50
3095,"Apartament cu 2 camere, decomandat, et 1, Alexandru, La Familial","Bulevardul Alexandru cel Bun, Alexandru Cel Bun, Iasi, Iasi",85000,1700,2,50
3297,"Apartament de 2 camere, complex rezidential, zona Moara de Foc","Strada Pacurari, Pacurari, Iasi, Iasi",85000,1700,2,50
3497,"Apartament 2 camere, Decomandat, Posibilitate spatiu comercial-Copou!","Copou, Iasi, Iasi",85000,1700,2,50
4642,Vanzare apartament 3 camere - Bloc nou - Poitiers Towers,"Podu Ros, Iasi, Iasi",85000,1700,3,50
3445,"Apartament 2 camere, 49 mp, etaj intermediar, zona Baza 3","Strada O. Teodoreanu, Baza 3, Iasi, Iasi",85000,1735,2,49
988,TATARASI APARTAMENT 2 CAMERE BLOC NOU MUTARE IMEDIATA 48MP,"Bulevardul Tudor Vladimirescu, Tudor Vladimirescu, Iasi, Iasi",85000,1771,2,48
2408,Etaj intermetiar Nicolina1,"Centru, Iasi, Iasi",85000,1809,2,47
4762,"Apartament 2 camere, DECOMANDAT, renovat si mobilat modern, Palas","Centru, Iasi, Iasi",85000,1809,2,47
2321,"Apartament cu 2 camere, mutare imediata, Nicolina, Providenta","CUG, Iasi, Iasi",85000,1848,2,46
3342,Apartament/spatiu comercial ultracentral,"Centru, Iasi, Iasi",85000,1848,1,46
2214,"Apartament cu 2 camere, bloc nou 2016, intabulat, mobilat si utilat, P","Strada Pacurari, Pacurari, Iasi, Iasi",85000,1889,2,45
1047,Apartament 2 camere Tatarasi - Spitalul de Neurochirurgie,"Tatarasi Sud, Iasi, Iasi",85000,1977,2,43
1309,"Ultracentral-MCM Center, apartament cu 2 camere, decomandat","Strada Costache Negri, Centru, Iasi, Iasi",85000,2024,2,42
2417,"Ideal pt investitie ! 2 camere in Centru , langa Hala Centrala !","Strada Costache Negri, Centru, Iasi, Iasi",85000,2024,2,42
2655,"Apartament 2 camere, nedecomandat, zona Copou","Bulevardul Carol I, Copou, Iasi, Iasi",85000,2024,2,42
3278,"Centru Civic - Hala Centrala , 2 camere , etaj intermediar !","Strada Costache Negri, Centru, Iasi, Iasi",85000,2024,2,42
4388,"Apartament 2 camere Centru - Hala Centrala , etaj intermediar !","Strada Costache Negri, Centru, Iasi, Iasi",85000,2024,2,42
3206,COPOU - MOBILAT - Apartament cu 1 camera - Hay Panoramic Residence,"Copou, Iasi, Iasi",85000,2073,1,41
538,Vanzare apartament 2 camere decomandat - Hala Centrala,"Podu Ros, Iasi, Iasi",85000,2125,2,40
4659,"Apartament 2 camere, Centru Civic- Hala Centrala, neamenajat","Podu Ros, Iasi, Iasi",85000,2125,2,40
4758,"Apartament 1 Camera,Bloc nou COPOU","Aleea Grigore Ghica Voda, Copou, Iasi, Iasi",85000,2125,1,40
4759,"Apartament 1 Camera,Bloc nou COPOU","Strada Dumbrava Rosie, Copou, Iasi, Iasi",85000,2125,1,40
2002,"Apartament 3 camere decomandat 72 mp, zona Canta !!","Canta, Iasi, Iasi",85500,1188,3,72
471,"Detaliile fac diferenta, Apartament cu 3 camere mobilat si utilat","CUG, Iasi, Iasi",85500,1221,3,70
4793,Apartament 3 camere decomandat etaj 3/10 zona Mircea cel Batran,"Alexandru Cel Bun, Iasi, Iasi",85500,1221,3,70
4032,"Apartament 3 camere, 2 bai, DECOMANDAT, BLOC NOU, Cug","CUG, Iasi, Iasi",85500,1239,3,69
2409,"Ap. 3 camere, etaj 3, langa Rivers Towers, Iulius Mall","Podu Ros, Iasi, Iasi",85500,1379,3,62
2804,"Apartamente 2 camere Copou, bloc nou finalizat, complex rezidential de","Agronomie, Iasi, Iasi",85500,1710,2,50
3385,"Apartament la vila, zona Podul de Fier, 2 camere, teren proprietate","Podu Ros, Iasi, Iasi",85500,1710,2,50
3672,"Apartamente 2 camere de vanzare, BLOC NOU, Royal Town Copou!","Agronomie, Iasi, Iasi",85500,1710,2,50
888,"Apartament 2 camere Oancea , 42 metri, etaj parter Cod:151054","Strada Tatarasi, Tatarasi Nord, Iasi, Iasi",85500,2036,2,42
3032,"Apartament 2 camere, aproape de centru, langa padure","Manta Rosie, Iasi, Iasi",85832,1390,2,61.75
2750,Apartament 2 camere D DACIA-PACURARI/ 55 mp-FINALIZAT,"Dacia, Iasi, Iasi",85866,1561,2,55
4887,"OCAZIE! 85900 euro, 4CD, 90 mp, Dacia-Bicaz,et.8/10","Dacia, Iasi, Iasi",85900,954,4,90
1819,Apartament cu 3 camere de vanzare in Frumoasa,"Iasi, Iasi",85900,1363,3,63
4228,Apartament cu 2 camere - 61 mp - complex - Bucium- intabulat - NOU,"Podu Ros, Iasi, Iasi",85900,1408,2,61
4123,"Apartament 2 camere, mobilat , BLOC NOU, Pacurari Moara de Foc","Pacurari, Iasi, Iasi",85900,1828,2,47
2127,"Ideal investie! Apartament 2 camere, 49 mp, Copou (dezvoltator)","Agronomie, Iasi, Iasi",85910,1750,2,49.09
3841,"Apartament 2 camere, 49 mp, etaj 8, Royal Town (direct dezvoltator)","Podu Ros, Iasi, Iasi",85910,1750,2,49.09
4240,"Apartamente 2 camere, Royal Town Copou, Iasi","Podu Ros, Iasi, Iasi",85910,1750,2,49.09
2901,"Rate la dezvoltator! Apartament 3 camere, decomandat, de vanzare, Gala","Soseaua Iasi-Voinesti, Galata, Iasi, Iasi",86000,966,3,89
4569,"APARTAMENT 3 camere, 85 mp, etaj intermediar 2/4, zona Bucium","Bucium, Iasi, Iasi",86000,1012,3,85
3261,"Rate la dezvoltator : 3 camere, 84MP, zona Galata, 86.000 euro","Mircea cel Batran, Iasi, Iasi",86000,1024,3,84
3977,"De vanzare: 3 camere intr-un bloc nou,D, zona Galata,suprafata 84 MP","Mircea cel Batran, Iasi, Iasi",86000,1024,3,84
1332,"Statie CTP 200m! 3 camere 79mp utili, decom, intermediar+lift","Podu Ros, Iasi, Iasi",86000,1089,3,79
2720,"Apartament 3 camere, Decomandat clasic, Baie cu geam, Dubla orientare!","Pacurari, Iasi, Iasi",86000,1194,3,72
3209,"Ap 3 cam D, bloc nou, etaj int, incalz pard, Pacurari","Soseaua Pacurari, Pacurari, Iasi, Iasi",86000,1194,3,72
3938,"Apartamente nou cu 2 camere decomandat, FINALIZAT, ","Pacurari, Iasi, Iasi",86000,1194,2,72
1199,Apartament 3 camere decomandat - 70mp,"Strada Movila Pacureti, Pacurari, Iasi, Iasi",86000,1229,3,70
3435,"Apartament nou, 2 camere de vanzare, situat in zona Popas Pacurari.","Pacurari, Iasi, Iasi",86000,1265,2,68
1360,"Apartament 3 camere Cug , 67 metri, etaj 1 Cod:141532","Soseaua Nicolina, CUG, Iasi, Iasi",86000,1284,3,67
3848,Apartament 3 camere D-75 m_etaj 1-capat CUG-Hotel Capitol,"Strada Fortus, CUG, Iasi, Iasi",86000,1284,3,67
3273,"Ap 2 cam, Copou Garden Copou, mutare imediata","Aleea Mihail Sadoveanu, Agronomie, Iasi, Iasi",86000,1344,2,64
848,"Apartament 2 camere Frumoasa , 62 metri, etaj 1 Cod:140280","Strada Petre Tutea, Nicolina 1, Iasi, Iasi",86000,1387,2,62
4765,"Apartamente noi, 2 camere , Mutare Imediata! Pacurari","Soseaua Pacurari, Canta, Iasi, Iasi",86000,1387,2,62
3494,Vanzare apartament 3 camere decomandat - Soseaua Nicolina Bloc Nou,"Podu Ros, Iasi, Iasi",86000,1410,3,61
3409,"Apartament nou, 2 camere de vanzare, zona Popas Pacurari.","Pacurari, Iasi, Iasi",86000,1433,2,60
4731,"Etaj 3! Apartament 3 camere Tatarasi, 60mp, CT","Podu Ros, Iasi, Iasi",86000,1433,3,60
2605,Apartament Nou Finalizat 2 camere 61 mp,"Bucium, Iasi, Iasi",86000,1593,2,54
4285,"Apartament 2 camere de vanzare, BLOC NOU, Royal Town Copou!","Agronomie, Iasi, Iasi",86000,1593,2,54
4701,"Apartament 2 camere Copou, complex rezidential nou, predare imediata!!","Bulevardul Carol I, Copou, Iasi, Iasi",86000,1593,2,54
3656,"Copou, apartament cu 2 camere, 53 mp","Copou, Iasi, Iasi",86000,1623,2,53
2506,"Apartament 2 cam decomandat, de vanzare in zona Copou Parc Copou","Bulevardul Carol I, Copou, Iasi, Iasi",86000,1720,2,50
3504,"Apartament 2 camere de vanzare, BLOC NOU, Royal Town Copou!","Agronomie, Iasi, Iasi",86000,1720,2,50
4842,"Apartament 2 camere, RENOVAT, MOBILAT, ETAJ 2, Copou Gaudeamus","Copou, Iasi, Iasi",86000,1720,2,50
496,"Apartament 2 camere open space, 49 mp,bloc nou,Tatarasi Metalurgie,Com","Strada Aurel Vlaicu, Aviatiei, Iasi, Iasi",86000,1755,2,49
1045,"Apartament 2 camere Nicolina , 45 metri, etaj 11 Cod:150261","Strada Petre Tutea, Nicolina 1, Iasi, Iasi",86000,1911,2,45
1596,"Apartament 2 camere LUX, SELGROS","Soseaua Nicolina, CUG, Iasi, Iasi",86000,1911,2,45
2479,Apartament 2C Bloc Nou Finalizat Mobilat Utilat Nicolina Bulevard,"CUG, Iasi, Iasi",86000,1911,2,45
2501,Apartament 2 camere - Rondu Vechi Residence - mobilat+utilat,"Podu Ros, Iasi, Iasi",86000,1911,2,45
1317,"Centru - apartament cu 2 camere decomandat, izolat fonic","Strada Costache Negri, Centru, Iasi, Iasi",86000,2205,2,39
4139,"Copou , ap 2 camere 80mp , et.intermediar","Agronomie, Iasi, Iasi",86075,1076,2,80
1551,"Apartament cu 3 camere, Rond Pacurari - Profi","Strada Canta, Canta, Iasi, Iasi",86100,1196,3,72
3028,"Apartament 2 camere, bloc nou, langa padure","Manta Rosie, Iasi, Iasi",86110,1390,2,61.95
4615,Apartament 2 camere 50 mp- diferite etaje PACURARI-bloc nou concept,"Pacurari, Iasi, Iasi",86240,1725,2,50
4618,"Apartament 2 camere diferite etaje *PACURARI-bloc nou,finisaje premium","Pacurari, Iasi, Iasi",86240,1725,2,50
198,"Premium 2 Camere TIP 2B, 54.84 m2, Zona Păcurari, Grădinița Paradis","Pacurari, Iasi, Iasi",86373,1575,2,54.84
201,"Dezvoltator: Finisaje Premium 2 Cam TIP 10, 54.84 m2, Pacurari","Pacurari, Iasi, Iasi",86373,1575,2,54.84
3927,"Dezvoltator: Ap. 2 Camere TIP 2B, 54.84 m2, Zona Păcurari","Podu Ros, Iasi, Iasi",86373,1575,2,54.84
3936,"Dezvoltator:Ap. 2 Camere TIP 10, suprafață 54.84 m2, Grădinița Paradi","Podu Ros, Iasi, Iasi",86373,1575,2,54.84
3681,"Apartament NOU, 3 camere, 2 bai - Tatarasi langa parc","Strada Ciurchi, Tatarasi Sud, Iasi, Iasi",86400,1350,3,64
3951,"Locuinte premium in Tatarasi, gandite pentru familii moderne!","Strada Aeroportului, Aviatiei, Iasi, Iasi",86400,1497,2,57.7
2903,"Ap 2 cam LUX, bloc nou oras, finisaje premium, zona Dacia","Dacia, Iasi, Iasi",86423,1516,2,57
3512,Apartament 2 camere D DACIA-PACURARI/ 57 mp-FINALIZAT,"Dacia, Iasi, Iasi",86423,1516,2,57
4252,"Apartament 2 cam de vanzare,57 mp,Dacia","Strada Sucidava, Dacia, Iasi, Iasi",86423,1516,2,57
4698,"COPOU, cartier rezidential nou, apartament 2 camere cu predare imediat","Agronomie, Iasi, Iasi",86450,1729,2,50
4210,"Apartament 3 camere, 2 bai, DECOMANDAT, mobilat, Nicolina","Nicolina 2, Iasi, Iasi",86500,1185,3,73
1613,"Apartament cu 3 camere decomandat, rezidential PACURARI","Soseaua Pacurari, Pacurari, Iasi, Iasi",86500,1201,3,72
2171,Apartament 3 camere de vanzare Alexandru cel Bun,"Alexandru Cel Bun, Iasi, Iasi",86500,1272,3,68
917,Apartament 3 camere Nicolina -Frumoasa,"Centru, Iasi, Iasi",86500,1291,3,67
423,Apartament 3CSD Tatarasi Fara Risc Renovat Mobilat Utilat Etaj Int,"Tatarasi Sud, Iasi, Iasi",86500,1395,3,62
3034,"Apartament 2 cam, decomandat de vanzare in zona Bucium Lidl","Soseaua Bucium, Bucium, Iasi, Iasi",86500,1442,2,60
2558,"Apartament de 2 camere, decomandat, zona Bucium","Aleea Plopii Fara Sot, Bucium, Iasi, Iasi",86500,1491,2,58
626,Apartament NOU in Royal Town Copou R5 - View Panoramic - Mega Image,"Copou, Iasi, Iasi",86500,1802,2,48
4707,"Apartamente 2 camere finalizat, Copou, complex rezidential nou!","Agronomie, Iasi, Iasi",86500,1966,2,44
315,"Aproape de finalizare, ap 2 camere, ideal pentru investitie, Copou","Copou, Iasi, Iasi",86850,1336,2,65
318,"Apartament 2 camere, acces facil catre USV, UAIC si UMF","Copou, Iasi, Iasi",86850,1336,2,65
739,"Finalizare in 3 luni, apartament 2 camere, zona Copou","Copou, Iasi, Iasi",86850,1336,2,65
820,Apartament 2 camere modern zona Copou Cod:147330,"Bulevardul Carol I, Copou, Iasi, Iasi",86850,1336,2,65
1407,APARTAMENT 2 CAMERE COPOU COMISION 0 LA CUMPARARE,"Aleea Mihail Sadoveanu, Carol I, Iasi, Iasi",86850,1336,2,65
2310,"Aparatament Copou - 2 camere 65mp , etaj 2","Agronomie, Iasi, Iasi",86850,1336,2,65
3862,"Apartamente noi, 2 camere, Copou - Aleea Sadoveanu","Aleea Mihail Sadoveanu, Agronomie, Iasi, Iasi",86850,1336,2,65
4030,"Apartament 2 camere 64MP, Mutare Rapida, Copou - Garden","Aleea Mihail Sadoveanu, Copou, Iasi, Iasi",86850,1357,2,64
259,Apartament 2 camere - Copou - bloc NOU!,"Centru, Iasi, Iasi",86860,1357,2,64
1534,"Apartament 3 camere, zona Frumoasa, dubla vedere 72mp !","Manta Rosie, Iasi, Iasi",86900,1207,3,72
1887,"Ap 3 cam D, mobilat utilat, boxa si parcare, capat Pacurari","Pacurari, Iasi, Iasi",86900,1224,3,71
765,Apartament 3 cam D Mobilat+Parcare+Boxa Capat Pacurari,"Podu Ros, Iasi, Iasi",86900,1241,3,70
4046,Apartament 3 camere DECOMANDAT Nicolina 2!,"Nicolina 2, Iasi, Iasi",86900,1241,3,70
1545,"Apartament de lux, 3 camere 67 mp, et 1, Finalizat","CUG, Iasi, Iasi",86900,1297,3,67
983,"Apartament 2 camere, RENOVAT si MOBILAT LUX, Podu Ros - Splai Bahlui","Podu Ros, Iasi, Iasi",86900,1671,2,52
2767,"Apartament 3 Camere SD strada Sf. Andrei, Central Comision 0%","Strada Sfantul Andrei, Centru, Iasi, Iasi",86999,2041,3,42.62
2936,"Apartament 4 camere DECOMANDAT zona Frumoasa, parter! Mutare imediata!","Iasi, Iasi",87000,1115,4,78
4580,"Apartament cu 4 camere, modelul cu 2 bai in zona Podu Ros","Podu Ros, Iasi, Iasi",87000,1176,4,74
877,Apartament 3 camere Decomandat - C.U.G,"Podu Ros, Iasi, Iasi",87000,1192,3,73
1192,"Apartament 3 camere Alexandru cel Bun , 72 metri, etaj 8 Cod:150952","Bulevardul Alexandru cel Bun, Alexandru Cel Bun, Iasi, Iasi",87000,1208,3,72
2247,Apartament 3 camere decomandat - Nicolina,"Podu Ros, Iasi, Iasi",87000,1208,3,72
2890,Apartament 3 camere-Nicolina prima stație din Pod Ros,"Podu Ros, Iasi, Iasi",87000,1208,3,72
3011,Vand apart. 3 camere mobilat / utilat - Metalurgie,"Centru, Iasi, Iasi",87000,1208,3,72
4217,Apartament 3 camere de vanzare - Popas Pacurari,"Fundatura Pacureti, Canta, Iasi, Iasi",87000,1243,3,70
1740,APARTAMENT 3 CAMERE +MANSARDA MOBILAT SI UTILAT GALATA PLATOUL INSORIT,"Mircea cel Batran, Iasi, Iasi",87000,1261,3,69
4218,Apartament 3 camere de vanzare - Popas Pacurari,"Fundatura Pacureti, Canta, Iasi, Iasi",87000,1261,3,69
1432,"Poze reale, 3 cam Decomandat et 1, Mutare imediata, Finisaje de lux!","CUG, Iasi, Iasi",87000,1299,3,67
1867,Apartament 3 camere etaj 2 Nicolina -Frumoasa,"Iasi, Iasi",87000,1299,3,67
2775,Intabulat!Apartament 2 camere D-Pacurari-FINALIZAT/ INTABULAT!,"Pacurari, Iasi, Iasi",87000,1299,2,67
4280,Apartament cu 3 camere Decomandat in zona Alexandru cel Bun - Piata,"Podu Ros, Iasi, Iasi",87000,1338,3,65
4777,"Etaj 3! Apartament 3 camere Tatarasi - Metalurgie, 64mp, CT, fara risc","Podu Ros, Iasi, Iasi",87000,1359,3,64
793,"Apartament 2 camere 60 mp, decomandat, Pacurari","Strada Pacurari, Pacurari, Iasi, Iasi",87000,1450,2,60
2382,Apartament 3 camere Cantemir-Podu Ros,"Aleea Decebal, Podu Ros, Iasi, Iasi",87000,1450,3,60
2452,Vanzare apartament 3 camere - Podu Ros,"Podu Ros, Iasi, Iasi",87000,1450,3,60
3959,"Apartament 2 camere 60 mp, FINALIZAT, INTABULAT bvd Bucium - Poitiers","Zona Industriala, Iasi, Iasi",87000,1450,2,60
4432,"Apartament 3 camere, decomandat, etajul 1, Pacurari, Petru Poni","Strada Pacurari, Pacurari, Iasi, Iasi",87000,1450,3,60
42,"Apartament 3 camere, Pacurari, bloc 1991, etaj 2, parcare,boxa","Soseaua Pacurari, Pacurari, Iasi, Iasi",87000,1475,3,59
1726,"Apartament 2 camere, decomandat, Tatarasi, 87.000 euro","Strada Ion Creanga, Tatarasi Nord, Iasi, Iasi",87000,1500,2,58
687,"Etaj 1, bloc nou, Bucium, 2 camere decomandat, 69mp, intabulat","Bucium, Iasi, Iasi",87000,1554,2,56
3709,Apartament nou cu 2 camere + dressing FINALIZAT in Copou !,"Carol I, Iasi, Iasi",87000,1565,2,55.6
3180,Apartament in vanzare,"Centru, Iasi, Iasi",87000,1582,2,55
2908,Apartament cu doua camere,"Tesatura, Iasi, Iasi",87000,1611,2,54
862,Apartament 2 camere Bld T. Vladimirescu in apropiere de Palas,"Tudor Vladimirescu, Iasi, Iasi",87000,1673,2,52
1399,Apartament 2 camere mobilat Copou Royal Town,"Centru, Iasi, Iasi",87000,1740,2,50
4421,"Persoana fizica, Copou, Royal Town, 2 camere, 50 mp, etaj 7/11","Copou, Iasi, Iasi",87000,1740,2,50
4667,"Copou complex rezidential nou, apartament 2 camere cu predare imediata","Agronomie, Iasi, Iasi",87000,1740,2,50
3356,"Apartament 2 camere, ansamblu rezidențial modern, Copou","Podu Ros, Iasi, Iasi",87000,1741,2,49.97
3390,"Ideal investie! Apartament 2 camere, 50 mp, Copou","Podu Ros, Iasi, Iasi",87000,1741,2,49.97
4044,"Finalizat! Apartament 2 camere, comision 0, Copou Royal Town","Podu Ros, Iasi, Iasi",87000,1741,2,49.97
3114,Apartament Nou Finalizat 2 camere Open space Tatarasi,"Tatarasi Nord, Iasi, Iasi",87000,1813,2,48
2688,"Apartament cu 3 camere + Terasa 40 m.p., Bloc nou, Tatarasi","Tatarasi Nord, Iasi, Iasi",87000,2023,3,43
529,"apartament 2 camere, bucatarie, gradina de proprietate, nou la cheie","Centru, Iasi, Iasi",87000,2071,2,42
2029,Vand Ap 1 camera Conest Grand Residence mobilat lux,"Centru, Iasi, Iasi",87000,2289,1,38
1731,"Apartament 1 camera, Conest Tudor Vladimirescu, 33 mp, 87.000 euro","Aleea Profesor Dimitrie Atanasiu, Tudor Vladimirescu, Iasi, Iasi",87000,2636,1,33
2014,Apartament 1 Camera - Conest Grand Residence - Iulius Mall,"Podu Ros, Iasi, Iasi",87000,2636,1,33
2016,Apartament 1 camera decomandat Tudor Vladimirescu-Iulius Mall,"Tudor Vladimirescu, Iasi, Iasi",87000,2636,1,33
2181,"Apartrament 2 camere 61,40, etaj intermediar, Frumoasa","Strada Diminetii, Frumoasa, Iasi, Iasi",87052,1427,2,61
489,"Apartament cu 2 camere, 73.40 mp","Strada Diminetii, Frumoasa, Iasi, Iasi",87053,1418,2,61.4
2431,"Apartament 2 camere, Frumoasa, Iasi","Frumoasa, Iasi, Iasi",87065,1418,2,61.4
4193,"Apartamente noi de vanzare, 2 camere, Gara-Billa, Comision 0%","Soseaua Arcu, Gara, Iasi, Iasi",87220,1780,2,49
2051,"Apartament cu 2 camere, decomandat, etaj 1, mobilat si utilat, Bucium","Bucium, Iasi, Iasi",87238,1558,2,56
225,Apartament 3 camere Decomandat. Pacurari bulevard,"Stradela Canta, Canta, Iasi, Iasi",87300,1323,3,66
488,"Apartament 2 camere, 71.90 mp","Strada Diminetii, Frumoasa, Iasi, Iasi",87336,1418,2,61.6
1982,"Proiect Nou, apartamente 2 camere decomandate, Plata si in Rate!","Bulevardul Poitiers, Frumoasa, Iasi, Iasi",87400,1410,2,62
2550,"Apartament decomandat, 2 camere","Frumoasa, Iasi, Iasi",87419,1418,2,61.65
4380,Apartamente noi 2 camere de vanzare Iasi Copou COMISION 0%,"Strada Baltagului, Carol I, Iasi, Iasi",87450,1749,2,50
2266,Apartament cu 2 camere la 5 min de Kaufland,"Tatarasi Sud, Iasi, Iasi",87453,1345,2,65
3286,"Ap 3 cam, balcon terasa si parcare, accept credit, capat Pacurari","Pacurari, Iasi, Iasi",87500,1199,3,73
2742,Finalizat!Apartament 3 camere Terasa Parcare zona Capat Pacurari,"Podu Ros, Iasi, Iasi",87500,1215,3,72
3306,Vanzare apartament 3 camere - Podu Ros,"Podu Ros, Iasi, Iasi",87500,1250,3,70
3883,"Etaj 3! Apartament 3 camere, Nicolina, 70mp","Podu Ros, Iasi, Iasi",87500,1250,3,70
1912,Apartament 3 camere D Nicolina Frumoasa,"Iasi, Iasi",87500,1306,3,67
2895,Apartament 3 camere de vanzare Tatarasi - Metalurgie,"Tatarasi Sud, Iasi, Iasi",87500,1367,3,64
1063,"Apartament 2 camere Podu Ros , 50 metri, etaj 1 Cod:149990","Podu Ros, Iasi, Iasi",87500,1750,2,50
3442,"Apartament 2 camere COPOU, bloc nou, complex rezidential!","Strada Baltagului, Carol I, Iasi, Iasi",87500,1750,2,50
3584,"Copou apartament 2 camere de vanzare, cartier rezidential nou!","Agronomie, Iasi, Iasi",87500,1750,2,50
4511,"Apartament 3 camere 73 mp finalizat, INTABULAT, Bucium - Poitiers","Bularga, Iasi, Iasi",87600,1200,3,73
2973,"Apartament 2 camere, bloc nou, langa padure","Manta Rosie, Iasi, Iasi",87611,1390,2,63.03
3575,"Apartament 2 camere, 61 mp, bloc NOU 15 etaje - Poitier Towers","Manta Rosie, Iasi, Iasi",87725,1438,2,61
2928,"Apartament, 2 camere, decomandat, Frumoasa","Bularga, Iasi, Iasi",87725,1450,2,60.5
3088,"Apartament, 2 camere, decomandat, Frumoasa","Manta Rosie, Iasi, Iasi",87725,1450,2,60.5
4133,"Ap 2 cam, decomandat, nou, 60,5 mp, Poitiers Towers, Nicolina-Frumoasa","Bulevardul Poitiers, Manta Rosie, Iasi, Iasi",87725,1450,2,60.5
4499,"Apartament premium de 2 camere, 60.5 mp, zona Poitiers. COMISION 0","Bulevardul Poitiers, Frumoasa, Iasi, Iasi",87725,1450,2,60.5
4501,"Apartament nou in zona Poitiers, 60.5 mp, COMISION 0","Stradela Manta Rosie, Frumoasa, Iasi, Iasi",87725,1450,2,60.5
3473,Exclusivitate ! Pret Promotinal! Ap 2 Cam Mutare 2023!,"Soseaua Bucium, Manta Rosie, Iasi, Iasi",87725,1462,2,60
4160,"Pret Promotinal! Ap2Cam Decomandat, Semicentral Continental","Podu Ros, Iasi, Iasi",87725,1462,2,60
1924,"Proprietar! Apartament 2 camere 61Mp, mutare 2023 Poitiers Towers","Centru, Iasi, Iasi",87750,1439,2,61
487,"Apartament cu 2 camere, 73.35 mp","Strada Diminetii, Frumoasa, Iasi, Iasi",87762,1418,2,61.9
2429,"Apartament 2 camere, decomandat","Frumoasa, Iasi, Iasi",87774,1418,2,61.9
2437,Gara-Apartament 2 camere si loc de parcare,"Gara, Iasi, Iasi",87800,1951,2,45
2882,2 camere / Bloc Nou / Tatarasi,"Tatarasi Nord, Iasi, Iasi",87800,1951,2,45
1160,"ADAMANT ECLYPSE, 2 camere, TIP 2C, 67.7mp CUG-BRD","Strada Hlincea, CUG, Iasi, Iasi",87880,1472,2,59.7
1187,"3 CAM NOU DECOMANDAT CUG ET INTERMEDIAR, INTABULAT, MUTARE IMEDIATA","Strada Niculina, CUG, Iasi, Iasi",87900,1172,3,75
3313,"Apartament 3 camere, DECOMANDAT, etaj INTERMEDIAR, Nicolina Lidl","Nicolina 1, Iasi, Iasi",87900,1441,3,61
4317,"Apartament 2 camere, Podu de Fier, 58mp, loc de parcare inclus","Podu Ros, Iasi, Iasi",87900,1516,2,58
3931,Apartament 4 camere!! Model Deosebit!! Zona Alexandru cel Bun!,"Alexandru Cel Bun, Iasi, Iasi",87999,946,4,93
2258,"Persoana fizica, vand apartament 3 camere, etj 1, 80 Mp, 1100 euro Mp.","Centru, Iasi, Iasi",88000,1100,3,80
1739,Apartament 2 camere si mansarda mobilat si utilat Nicolina zona de vil,"CUG, Iasi, Iasi",88000,1189,2,74
2709,Apartament 2 Camere 74mp + 30mp mansarda ! MOBILAT SI UTILAT.,"CUG, Iasi, Iasi",88000,1189,2,74
4702,"Vanzare Apartament 2 camere,spațios decomandat - posibilitatea rate","Podu Ros, Iasi, Iasi",88000,1189,2,74
743,"2 BAI! Apart. Pacurari Rediu 3 camere, gradina 130 mp + Parcare!","Pacurari, Iasi, Iasi",88000,1257,3,70
4630,Apartament 3 camere 2 bai Gradina100mp Parcare Capat Pacurari,"Podu Ros, Iasi, Iasi",88000,1257,3,70
2169,Apartament 2 camere - Bucium,"Podu Ros, Iasi, Iasi",88000,1275,2,69
3486,"Etaj 1! Apartament 3 camere Nicolina, 69mp, CT, izolat","Podu Ros, Iasi, Iasi",88000,1275,3,69
3491,"Apartament nou, 3 camere de vanzare, zona Popas Pacurari.","Pacurari, Iasi, Iasi",88000,1294,3,68
3707,"Apartament nou, 3 camere de vanzare, situat in zona Popas Pacurari","Pacurari, Iasi, Iasi",88000,1294,2,68
2250,Apartament 2 camere decomandat - Valea Lupului - Etaj 1,"Podu Ros, Iasi, Iasi",88000,1313,2,67
3541,"Apartament de 2 camere, 66.5 mp, complex rezidential, zona Nicolina","Soseaua Nicolina, CUG, Iasi, Iasi",88000,1333,2,66
3822,"Bloc Nou Nicolina, 2 cam 66mp, Comision 0% Pret Promotional!","Soseaua Nicolina, Nicolina 1, Iasi, Iasi",88000,1333,2,66
102,"Apartament 2 camere Cug , 65 metri, etaj 3 Cod:150845","Soseaua Nicolina, CUG, Iasi, Iasi",88000,1354,2,65
587,"Apartament 2 camere, decomandat, 64 mp, Pacurari, 88.000 euro","Soseaua Pacurari, Pacurari, Iasi, Iasi",88000,1375,2,64
2965,Apartament finalizat-bloc nou Pacurari* 2 camere decomandat 64 mp,"Pacurari, Iasi, Iasi",88000,1375,2,64
2522,"Apartament 3 camere, decomandat, Pacurari-OMV","Canta, Iasi, Iasi",88000,1375,3,64.01
1822,Apartament Nou 2 camere de vanzare Popas Pacurari,"Pacurari, Iasi, Iasi",88000,1397,2,63
2007,Apartament Nou 2 camere de vanzare Popas Pacurari,"Pacurari, Iasi, Iasi",88000,1397,3,63
4225,"Pacurari, apartament cu 2 camere cu mutare imediata","Pacurari, Iasi, Iasi",88000,1397,2,63
2120,"Adamant Towers, 2 camere, decomandat, 2B, 66.5mp Nicolina","Soseaua Nicolina, CUG, Iasi, Iasi",88000,1479,2,59.5
463,"Apartamentul familiei tale, 2 camere, zona Nicolina, ideal investitie","CUG, Iasi, Iasi",88000,1481,2,59.4
1037,"Adamant Towers, 2 camere, decomandat, 2B, 66.5mp","Soseaua Nicolina, CUG, Iasi, Iasi",88000,1481,2,59.4
1860,"Ap 2 camere, Decomandat, Bloc Nou, Statie, Nicolina Selgros, 66.5 mp,","CUG, Iasi, Iasi",88000,1481,2,59.4
3524,"Apartament nou, 2 camere de vanzare, situat in zona Popas Pacurari.","Pacurari, Iasi, Iasi",88000,1492,2,59
678,"Etaj 1, bloc nou, Bucium, 2 camere decomandat, 62mp, mobilat si utilat","Bucium, Iasi, Iasi",88000,1517,2,58
908,Apartament 3 camere Decomandat Petru Poni-Pacurari!,"Pacurari, Iasi, Iasi",88000,1517,3,58
4597,"Bloc Nou, Nicolina, 2 camere, bucatarie inchisa, ultimul apartament.","Soseaua Nicolina, CUG, Iasi, Iasi",88000,1571,2,56
524,2 camere Pacurari Petru Poni (Concept Residence) 50 mp Cod:150332,"Soseaua Pacurari, Pacurari, Iasi, Iasi",88000,1760,2,50
732,2 camere Pacurari Petru Poni 50 mp bloc 2016 mobilat Cod:150332,"Soseaua Pacurari, Pacurari, Iasi, Iasi",88000,1760,2,50
816,2 camere Pacurari Concept Residence 50 mp bloc2016 mobilat Cod:150332,"Soseaua Pacurari, Pacurari, Iasi, Iasi",88000,1760,2,50
838,2 CAMERE ROND PACURARI+GRADINA,"Copou, Iasi, Iasi",88000,1760,2,50
1022,2 camere Pacurari Petru Poni bloc 2016 mobilat 50 mp cod:150332,"Soseaua Pacurari, Pacurari, Iasi, Iasi",88000,1760,2,50
1069,2 camere Pacurari Petru Poni 50 mp mobilat bloc 2016 Cod:150332,"Soseaua Pacurari, Pacurari, Iasi, Iasi",88000,1760,2,50
1267,2 camere Pacurari Concept Residence 50 mp bloc 2017 mobilat Cod:150332,"Soseaua Pacurari, Pacurari, Iasi, Iasi",88000,1760,2,50
3350,"Finalizat! Apartament open-space premium, Aleea Mihail Sadoveanu","Podu Ros, Iasi, Iasi",88000,1768,2,49.77
3980,Apartament 2 camere- Royal Town Copou,"Podu Ros, Iasi, Iasi",88000,1768,2,49.77
3245,Apartament 2 camere cu gradina proprie in proprietate,"Pacurari, Iasi, Iasi",88060,1662,2,53
3545,"Apartament nou de 2 camer, 52.10 mp utili, parcare inclusa, zona...","Soseaua Rediu, Pacurari, Iasi, Iasi",88060,1690,2,52.1
4188,Apartament 2 camere D DACIA-PACURARI-57 mp/Se accepta credit,"Dacia, Iasi, Iasi",88079,1545,2,57
4251,"Apartament 2 cam de vanzare,56 mp,Dacia","Strada Amurgului, Dacia, Iasi, Iasi",88079,1573,2,56
3585,"Panorama deosebita! apartament nou, 2 cam, Moara de Vânt - dezvoltator","Moara de Vant, Iasi, Iasi",88300,2102,2,42
3604,"Apartament decomandat nou de 2 camere, 58 mp, Lidl Pacurari","Strada Luca Arbore, Canta, Iasi, Iasi",88433,1525,2,58
1923,Proprietar! Apartament 2 camere 61mp complex Poitiers Towers,"Centru, Iasi, Iasi",88450,1450,2,61
1930,"Proprietar, Apartament 2 camere 61Mp, Poitiers Towers predare 2023","Centru, Iasi, Iasi",88450,1450,2,61
3073,"Apartament, 2 camere, decomandat, Frumoasa","Manta Rosie, Iasi, Iasi",88450,1450,2,61
3472,"EXCLUSIV! Apartament NOU, 2 Cam Decomandat, Mutare 2023!","Soseaua Bucium, Manta Rosie, Iasi, Iasi",88450,1450,2,61
3474,"Ultimele apartamente , Ap 2 Cam 61Mp, Bld. Poitiers mutare 2023","Soseaua Bucium, Bularga, Iasi, Iasi",88450,1450,2,61
3915,"Apartament premium cu sistem smart home de 2 camere, 61 mp in zona...","Strada Graniceri, Frumoasa, Iasi, Iasi",88450,1450,2,61
3916,"Apartament premium de 2 camere cu sistem smart home, 61 mp in...","Bulevardul Poitiers, Frumoasa, Iasi, Iasi",88450,1450,2,61
4485,"Oferta promotionala apart 2 camere, dec - 1450 E/MP- POITIERS TOWERS","Bulevardul Poitiers, Manta Rosie, Iasi, Iasi",88450,1450,2,61
4208,"Exclusiv! Pret Promotional! Ap 2Cam Decomandat, Mutare 2023","Soseaua Bucium, Manta Rosie, Iasi, Iasi",88450,1474,2,60
4250,"NICOLINA-CLOPOTARI, apartament 3 camere decomandat, 2 bai ! Mobilat","Nicolina 2, Iasi, Iasi",88500,1246,3,71
989,"Apartament 3 camere Galata , 70 metri, etaj 3 Cod:149707","Soseaua Galata, Galata, Iasi, Iasi",88500,1264,3,70
3594,"Apartament nou, 3 camere de vanzare,situat in zona Popas Pacurari.","Pacurari, Iasi, Iasi",88500,1301,3,68
1829,"Apartament 2 camere, decomandat, et. 3, bloc 2017","CUG, Iasi, Iasi",88500,1463,2,60.5
1546,Apartament 2 camere mobilat utilat-60mp+mansarda 60mp,"Centru, Iasi, Iasi",88500,1475,2,60
1285,Apartament 2 cam.,"Centru, Iasi, Iasi",88500,1639,2,54
580,"Apartament de lux, orientare E, 60 mp","Strada Valea Adanca, CUG, Iasi, Iasi",88500,1686,2,52.49
217,"Canta, Aparatment cu 2 camere, la bloc nou, finalizat","Canta, Iasi, Iasi",88501,1383,2,64
868,"ADAMANT ECLYPSE, 2 camere decomandat, TIP 2D, 68.2mp","Strada Hlincea, CUG, Iasi, Iasi",88660,1545,2,57.4
1771,"ADAMANT ECLYPSE, 2 camere decomandat, TIP 2E, 68.2mp","Strada Hlincea, CUG, Iasi, Iasi",88660,1545,2,57.4
2129,"Apartament 2 camere, 51mp, Royal Town Copou( comision 0)","Agronomie, Iasi, Iasi",88725,1750,2,50.7
3882,"Apartament nou de vanzare 2 camere, Copou","Podu Ros, Iasi, Iasi",88725,1750,2,50.7
3990,"Apartamentul tau ideal de 2 camere, Copou, Iasi","Podu Ros, Iasi, Iasi",88725,1750,2,50.7
4606,"Royal Town, Apartament 1 cameră + dressing (direct dezvoltator)","Podu Ros, Iasi, Iasi",88725,1750,2,50.7
2576,"Proiect Nou - Tatarasi, 2 camere 72Mp, model decomandat direct Dezvolt","Strada Aurel Vlaicu, Aviatiei, Iasi, Iasi",88800,1233,2,72
71,"Apartament cu 2 camere, 72.80 mp","Strada Diminetii, Frumoasa, Iasi, Iasi",88896,1418,2,62.7
4570,"Apartament 4 camere DUPLEX, zona Nicolina-Rond Vechi","CUG, Iasi, Iasi",88900,654,4,136
3704,Apartament 2 camere Concep Residence Pacurari,"Pacurari, Iasi, Iasi",88900,2020,2,44
2447,"Apartament 2 camere, cartier Frumoasa, Iasi","Frumoasa, Iasi, Iasi",88908,1418,2,62.7
3009,"Apartament 2 camere, aproape de centru, langa padure","Manta Rosie, Iasi, Iasi",88932,1390,2,63.98
3803,"Apartament 3 camere, 88 mp, decomandat, Visani","Strada Visan, Bucium, Iasi, Iasi",89000,1011,3,88
4293,"Apartament 3 camere, DECOMANDAT, ETAJ 3/4, Nicolina ( prima statie )","Nicolina 1, Iasi, Iasi",89000,1219,3,73
4711,Apartament cu 2 camere,"Alexandru Cel Bun, Iasi, Iasi",89000,1219,2,73
1507,Apartament 3 camere Arcu-Gara la bulevard,"Strada Arcu, Uzinei, Iasi, Iasi",89000,1236,3,72
4268,"Apartament 3 camere 2 băi, Gara - Billa, 71mp, CT","Podu Ros, Iasi, Iasi",89000,1254,3,71
447,"Mutare imediata in bloc nou, Bucium, prima statie!","Fundac Bucium, Bucium, Iasi, Iasi",89000,1589,2,56
842,Apartament 2 camere mobilat utilat,"Centru, Iasi, Iasi",89000,1589,2,56
4772,"Apartament 2 camere Tatarasi, 56mp, CT, renovat, mobilat+utilat","Podu Ros, Iasi, Iasi",89000,1589,2,56
3710,Apartament 2 camere decomandat mobilat si utilat Cug - Ideal Residence,"CUG, Iasi, Iasi",89000,1618,2,55
2249,Apartament 2 camere Gara-McDonalds,"Gara, Iasi, Iasi",89000,1712,2,52
2003,"Apartament 2 camere decomandat,zona Arcu-Billa 50 mp!","Strada Arcu, Gara, Iasi, Iasi",89000,1780,2,50
4877,"Arcu - Billa, 2 camere decomandat, renovat, cu gradina","Soseaua Arcu, Gara, Iasi, Iasi",89000,1780,2,50
4291,"Apartament 2 cam de vanzare,59 mp,Dacia","Strada Tabacului, Dacia, Iasi, Iasi",89266,1513,2,59
2746,"Apartament 3 camere, decomandat, Nicolina - Prima statie! 70mp!","Nicolina 2, Iasi, Iasi",89500,1279,3,70
3689,"Apartament 3 camere, DECOMANDAT, ETAJ 2, bloc 1981, Nicolina","Nicolina 1, Iasi, Iasi",89500,1356,3,66
2096,Apartament 3 camere Podu Ros-Primaverii 89.500 FARA RISC,"Bulevardul Primaverii, Tesatura, Iasi, Iasi",89500,1492,2,60
4490,"Apartament 2 camere, decomandat, de vanzare, Galata - Sos. Voinesti","Soseaua Voinesti, Nicolina 1, Iasi, Iasi",89500,1657,2,54
2868,Apartament 2 camere decomandat - Platoul insorit,"Podu Ros, Iasi, Iasi",89500,1689,2,53
2766,"Zona Gara Arcu, la strada, apartament 2 camere, 51mp, parter","Strada Arcu, Pacurari, Iasi, Iasi",89500,1755,2,51
2969,"Apartament 2 camere, Arcu","Centru, Iasi, Iasi",89500,1790,2,50
2242,Apartament 2 camere V. Alecsandri,"Centru, Iasi, Iasi",89500,1827,2,49
312,"Apartamente cu 2camere, modele open space + dressing !!!","Bulevardul Chimiei, Aviatiei, Iasi, Iasi",89590,1550,2,57.8
2084,"Complex Himson-Bld. Chimiei nr. 101, Apartamente noi cu 2 camere","Zona Industriala, Iasi, Iasi",89590,1550,2,57.8
3048,Apartament cu 2 camere si 2 balcoane in CUG - Rond Vechi,"Podu Ros, Iasi, Iasi",89620,1312,2,68.3
3534,"Apartament 2 camere, decomandat, 68 mp, 2 balcoane, zona Nicolina","Soseaua Nicolina, CUG, Iasi, Iasi",89620,1318,2,68
461,"Apartamentul familiei tale, 2 camere, zona Nicolina, ideal investitie","CUG, Iasi, Iasi",89620,1681,2,53.3
2121,"Adamant Towers, 2camere, tip 2A, decomandat, 68.3mp Sos Nicolina nr.54","Soseaua Nicolina, CUG, Iasi, Iasi",89620,1681,2,53.3
2124,"Adamant Towers, apartament 2 camere, tip 2A, decomandat, 68.3mp","Soseaua Nicolina, CUG, Iasi, Iasi",89620,1681,2,53.3
4362,Ap 3 camera D 72mp Bloc nou Parcare inclusa zona Pacurari,"Podu Ros, Iasi, Iasi",89625,1245,3,72
4206,"Apartament 2 camere 64MP, Mutare Rapida, Copou - Garden","Aleea Mihail Sadoveanu, Copou, Iasi, Iasi",89630,1400,2,64
2237,Apartament 2C finalizat! Market Family Bucium,"Soseaua Bucium, Bucium, Iasi, Iasi",89682,1661,2,54
1290,"Ap. 3 camere decomandat, 69 mp, etaj intermediar, statie CTP, CUG!","Podu Ros, Iasi, Iasi",89700,1447,3,62
2710,"Piata Alexandru cel Bun bulevard, 3 cam decomandat, pozitie excelenta","Alexandru Cel Bun, Iasi, Iasi",89750,1496,3,60
1841,Apartament 2 camere + garaj acoperit Bloc Nou - Galata,"Podu Ros, Iasi, Iasi",89800,1663,2,54
2108,"Apartament 3 camere, 60 mp, Alexandru cel Bun","Strada Milcov, Alexandru Cel Bun, Iasi, Iasi",89890,1498,3,60
2459,"Apartament cu 4 camere, decomandat, 87mp, 2 bai, Galata","Calea Galata, Galata, Iasi, Iasi",89900,1138,4,79
2081,"Apartament nou cu 3 camere , zona Capat Cug","CUG, Iasi, Iasi",89900,1199,3,75
2159,"FINALIZAT! Apartament 3 camere 75 mp, geam baie, STATIE AUTOBUZ CUG","CUG, Iasi, Iasi",89900,1199,3,75
3202,Decomandat - Apartament 3 Camere- 75 mp - predare imediată - CUG,"CUG, Iasi, Iasi",89900,1199,3,75
3487,DECOMANDAT --Apartament 3 Camere 75 mp - predare imediată - CUG,"Strada Fortus, CUG, Iasi, Iasi",89900,1199,3,75
218,"Apartament 3 camere, decomandat, Frumoasa, renovat","Frumoasa, Iasi, Iasi",89900,1303,3,69
3908,Apartament cu 2 camere - 69 mp- complex - Bucium - NOU - intabulat,"Podu Ros, Iasi, Iasi",89900,1303,2,69
2037,Apartament 3 camere D Nicolina Frumoasa,"Iasi, Iasi",89900,1342,3,67
3332,"Apartament 3 camere, RENOVAT, MOBILAT, etaj 3/5, Iulius Mall","Tudor Vladimirescu, Iasi, Iasi",89900,1383,3,65
2281,"Poitiers Towers-Apartament 2 camere 60mp Etaj 1,Liber mutare","Frumoasa, Iasi, Iasi",89900,1486,2,60.5
2217,"Apartament 2 camere COPOU, bloc nou finalizat, complex rezidential!","Strada Baltagului, Carol I, Iasi, Iasi",89900,1665,2,54
2635,"Apartament 2 camere Copou langa Gradina Copou , la 300 m de UAIC","Bulevardul Carol I, Copou, Iasi, Iasi",89900,1729,2,52
3207,"Apartament cu 2 camere, decomandat, 51mp, Alexandru cel bun, La buleva","Bulevardul Alexandru cel Bun, Alexandru Cel Bun, Iasi, Iasi",89900,1835,2,49
476,"Apartament cu 2 camere, Bloc nou, etaj 2\/9, intabulat, Mobilat si ut","Strada Hatman Sendrea, Galata, Iasi, Iasi",89900,2140,2,42
1597,"Apartament 2 camere decomandat, etaj intermediar, GALATA","Strada Halipa Pantelimon, Galata, Iasi, Iasi",89900,2140,2,42
2976,Apartament cu 2 cam de 50 mp situat in Podu Ros la bulevard etajul 1,"Podu Ros, Iasi, Iasi",89999,1800,2,50
3055,Apartament cu 3 camere Decomandat,"Podu Ros, Iasi, Iasi",90000,968,3,93
4655,OCAZIE ! NICOLINA -Frumoasa -LA BVD- 3 CD - 91mp - bl cadre 1992,"Podu Ros, Iasi, Iasi",90000,989,3,91
1418,"Mutare imediata! Ap 3 camere decomandat, 69 mp, et 7/8 - zona Frumoasa","Podu Ros, Iasi, Iasi",90000,1084,3,83
4574,"Apartament 3 camere decomandat CUG, 81 mp!","CUG, Iasi, Iasi",90000,1111,3,81
1398,Apartament 2 camere Galata,"Bulevardul Nicolae Iorga, Galata, Iasi, Iasi",90000,1216,2,74
2099,"Apartament 3 camere 73 mp, Ultracentral, Gara","Strada Profesor Cujba Petru, Uzinei, Iasi, Iasi",90000,1233,3,73
284,"Apartament 3 camere Dacia , 72 metri, etaj 2 Cod:150501","Bulevardul Dacia, Dacia, Iasi, Iasi",90000,1250,3,72
3751,"Apartament 3 camere, DECOMANDAT, RENOVAT, mobilat, etaj 3, Iulius Mall","Tudor Vladimirescu, Iasi, Iasi",90000,1250,3,72
4524,Apartament cu 3 camere decomandat,"Podu Ros, Iasi, Iasi",90000,1250,3,72
4830,"OCAZIE!!NICOLINA Prima Statie, 3CD in 4CD-72mp,et 4/5.","Podu Ros, Iasi, Iasi",90000,1250,4,72
4810,"Podu Ros - Tutora, apartament spatios cu 3 camere","Bulevardul Tutora, Tesatura, Iasi, Iasi",90000,1271,3,70.81
124,Apartament 3 camere Decomandat - Frumoasa,"Podu Ros, Iasi, Iasi",90000,1286,3,70
156,Apartament 3camere,"Tudor Vladimirescu, Iasi, Iasi",90000,1286,3,70
2520,Gara-Apartament 3 camere decomandat,"Gara, Iasi, Iasi",90000,1286,3,70
2648,Apartament 3 camere,"Centru, Iasi, Iasi",90000,1286,3,70
2473,Apartament 3 camere D Etaj 1 Parcare inclusa Capat Pacurari,"Podu Ros, Iasi, Iasi",90000,1324,3,68
933,Apartament 3 camere Decomandat - Valea Lupului,"Podu Ros, Iasi, Iasi",90000,1343,3,67
3312,"Apartament 2 camere,2 balcoane, Pacurari","Pacurari, Iasi, Iasi",90000,1343,2,67
4434,Apartament 3 camere Valea Lupului,"Centru, Iasi, Iasi",90000,1343,3,67
1397,"Ap 3 camere, decomandat 66 mp, mobilat si utilat + curte de 22 mp","Podu Ros, Iasi, Iasi",90000,1364,3,66
2622,Apartament cu 3 camere decomandat-Dacia,"Podu Ros, Iasi, Iasi",90000,1406,3,64
4831,Apartament 2 cam Zimbru - Proprietar - Persoana fizica,"Centru, Iasi, Iasi",90000,1429,2,63
187,"PResidence Garden , apartament nou, mutare imediata!","Podu Ros, Iasi, Iasi",90000,1452,2,62
1800,"APT 3 camere, DECOMANDAT, 60 mp - zona Alexandru cel Bun","Alexandru Cel Bun, Iasi, Iasi",90000,1500,3,60
897,"Vand Apartament, COPOU IASI","Copou, Iasi, Iasi",90000,1667,2,54
1654,Apartament 2 camere D CT Tg Cucuc Ultracentral,"Podu Ros, Iasi, Iasi",90000,1667,2,54
1839,2 Camere independentei-Tg Cucu bulevard!,"Strada Sinagogilor, Centru, Iasi, Iasi",90000,1667,2,54
2177,"Apartament de 2 camere, semidecomandat, 52.30mp, etaj 1, Copou","Iasi, Iasi",90000,1731,2,52
2938,Apartament Nou Finalizat Intabulat 2 camere Tatarasi Oancea,"Tatarasi Sud, Iasi, Iasi",90000,1800,2,50
2977,"Investitie! Apartament nou, finalizat si intabulat ! 2camere Tatarasi","Tatarasi Sud, Iasi, Iasi",90000,1800,2,50
154,"Apartament 1 camera Copou, Iasi","Centru, Iasi, Iasi",90000,1837,1,49
940,"Apartament 2 camere Centru Civic , 40 metri, etaj 6 Cod:150967","Piata Unirii, Centru, Iasi, Iasi",90000,2250,2,40
4149,Apartament 2 camere DACIA-PACURARI-POZE REALE-MUTARE IN CATEVA LUNI!!,"Dacia, Iasi, Iasi",90002,1525,2,59
2076,Apartament 2 Camere Bloc Nou Centru-Gara,"Bulevardul Tudor Vladimirescu, Tudor Vladimirescu, Iasi, Iasi",90068,1766,2,51
2678,"Apartamente 2 camere, complex rezidential nou in Copou, COMISION ZERO!","Agronomie, Iasi, Iasi",90135,1554,2,58
3960,"Apartament 1 camera dec, Diferite Etaje, Incalzire in pardoseala","Iasi, Iasi",90135,1554,1,58
4379,Apartamente noi 2 camere de vanzare Iasi Copou COMISION 0%,"Strada Baltagului, Carol I, Iasi, Iasi",90135,1554,2,58
4387,"Apartament 2 camere, Copou complex Royal Town,Iasi","Carol I, Iasi, Iasi",90135,1554,2,58
4616,"Apartament 2 camere 54 mp-PACURARI -diferite etaje, Complex Nou","Pacurari, Iasi, Iasi",90300,1672,2,54
4800,Apartament 3 camere decomandat de vanzare Moara de Vant,"Stradela Moara de Vant, Iasi, Iasi",90310,1204,3,75
1725,Apartament 3 camere - mobilat si utilat,"Strada Prof. I. P. Culianu, Pacurari, Iasi, Iasi",90500,1351,3,67
2988,"Apartament 2 camere, bloc nou, langa padure","Manta Rosie, Iasi, Iasi",90655,1390,2,65.22
3212,"Central, zona garii, 2 camere open space, bloc nou","Gara, Iasi, Iasi",90700,1778,2,51
1744,"ADAMANT ECLYPSE, 2 camere, TIP 2G, 69.9mp, Decomandat","Strada Hlincea, CUG, Iasi, Iasi",90870,1538,2,59.1
1768,"ADAMANT ECLYPSE, 2 camere decomandat, TIP 2G, 69.9mp","Strada Hlincea, CUG, Iasi, Iasi",90870,1538,1,59.1
1769,"ADAMANT ECLYPSE, 2 camere decomandat, TIP 2F, 69.9mp","Strada Hlincea, CUG, Iasi, Iasi",90870,1538,2,59.1
2645,DECOMANDAT - Apartament NOU 3 Camere 82mp - predare imediată-Nicolina,"CUG, Iasi, Iasi",90900,1109,3,82
3300,Decomandat-Apartament NOU 3 Camere 82 mp -predare imediată-Nicolina,"CUG, Iasi, Iasi",90900,1109,3,82
2324,"Apartament cu 2 camere, acte la zi, mutare imediata, Bucium","Bucium, Iasi, Iasi",90900,1782,2,51
3905,"Apartament 2 camere, Proiect Deosebit Pacurari Comision 0% Loc de parc","Soseaua Pacurari, Pacurari, Iasi, Iasi",90968,1784,2,51
4117,"Apartament 2 camere + 2 terase 60 mp, boxa, loc parcare, bloc NOU CUG","CUG, Iasi, Iasi",91000,867,2,105
3531,"Apartament de 3 camere, 84 mp, zona Selgros","Soseaua Tudor Neculai, Nicolina 2, Iasi, Iasi",91000,1083,3,84
3515,"Apartament 3 cam Decomandat 75 mp, et 2 Complex Rezidential de Lux","CUG, Iasi, Iasi",91000,1213,3,75
4717,"Apartament de lux cu 3 cam, 75 mp , et 2, finalizat , poze reale","CUG, Iasi, Iasi",91000,1213,3,75
2896,Apartament cu 3 camere de vanzare Frumoasa,"Frumoasa, Iasi, Iasi",91000,1247,3,73
4734,Tatarasi - Liceul Cuza - apartament 3 camere decomandat!,"Strada Ion Creanga, Tatarasi Nord, Iasi, Iasi",91000,1264,3,72
3162,Apartament 3 camere decomandat - Nicolina,"Podu Ros, Iasi, Iasi",91000,1300,3,70
4547,Apartament 3 camere 75 mp Tatarasi,"Tatarasi Sud, Iasi, Iasi",91000,1569,3,58
1441,"Apartament 3 cam Finisaje de Lux, Terasa, parcare, mobilat, Boxa,","CUG, Iasi, Iasi",91000,1655,3,55
3969,"Proiect Deosebit Pacurari, Apartament 2 camere Pret PROMO Loc de parca","Soseaua Pacurari, Pacurari, Iasi, Iasi",91000,1784,2,51
204,"Proiect Deosebit: 2 Cam. TIP 16, 57,86 m2, Grădinița Paradis comision","Pacurari, Iasi, Iasi",91130,1575,2,57.86
3933,"Dezvoltator: Ap. 2 Camere TIP 16, 57.86 m2, Grădinița Paradis","Podu Ros, Iasi, Iasi",91130,1575,2,57.86
3149,"Apartament 3 camere 65.70 mp, etaj intermediar, zona Bucium","Strada Visan, Bucium, Iasi, Iasi",91323,1390,3,65.7
2313,"Dacia # bloc nou, finalizat, 2 camere","Dacia, Iasi, Iasi",91338,1661,2,55
3392,Cel mai spatios apartament nou cu 2 camere din complex! 0% COMISION,"Dacia, Iasi, Iasi",91339,1579,2,57.84
3944,PROIECT NOU | apartament 2 camere LA CHEIE | Pacurari - Alpha Bank,"Soseaua Pacurari, Pacurari, Iasi, Iasi",91404,1932,2,47.3
2495,"Apartament 2 camere decomandate, cartier Frumoasa, Iasi","Frumoasa, Iasi, Iasi",91461,1418,2,64.5
3618,"Apartament 4 camere, 90 mp, terasa, Nicolina","Soseaua Nicolina, Nicolina 2, Iasi, Iasi",91500,1017,4,90
501,"Vanzare apartament 3 camere 2 bai, decomandat - Nicolina","Podu Ros, Iasi, Iasi",91500,1236,3,74
3517,"Apartament 2 camere, mobilat LUX, BLOC NOU, etaj 2, Tatarasi","Tatarasi Sud, Iasi, Iasi",91500,1830,2,50
3893,"Apartament 2 CAM, bloc nou, mobilat utilat LUX, mutare imed, Tatarasi","Tatarasi Sud, Iasi, Iasi",91500,1830,2,50
854,"Apartamente 2 camere Copou, bloc nou finalizat!","Agronomie, Iasi, Iasi",91500,2080,2,44
1287,Apartament 3CD Nicolina Belvedere-Galata inspre Miroslava- Bloc Nou,"Centru, Iasi, Iasi",91510,1307,3,70
10,Apartament 3 camere decomandat-CUG,"CUG, Iasi, Iasi",91549.3,1408.45,3,65
1945,Apartamente cu 2camere open space cu spatii de depozitare/dressing,"Aviatiei, Iasi, Iasi",91590,1585,2,57.8
2141,"Apartamente cu 2 camere open space, cu vederea spre Aeroport","Aviatiei, Iasi, Iasi",91590,1585,2,57.8
3540,"Apartament nou decomandat de 2 camere, 70 mp, 2 balcoane, Nicolina","Soseaua Nicolina, CUG, Iasi, Iasi",91620,1309,2,70
3823,"Start Vanzari, Bloc nou Nicolina, 2cam 70MP Comision 0%","Soseaua Nicolina, Nicolina 2, Iasi, Iasi",91620,1309,2,70
2119,"Adamant Towers, 2 camere, tip 2C, decomandat, 70mp Nicolina","Soseaua Nicolina, CUG, Iasi, Iasi",91620,1719,2,53.3
2123,"Adamant Towers, apartament 2 camere, tip 2C, decomandat, 70mp","Soseaua Nicolina, CUG, Iasi, Iasi",91620,1719,2,53.3
3085,"Apartament 2 camere, aproape de centru, langa padure","Manta Rosie, Iasi, Iasi",91698,1390,2,65.97
3682,"Proiect NOU, Ap 3 camere 2 bai, Pret Promotional - Tatarasi","Strada Ciurchi, Tatarasi Sud, Iasi, Iasi",91800,1350,3,68
2603,"Copou - Gradina Copou , apartament 2 camere , etaj 2 !","Bulevardul Carol I, Copou, Iasi, Iasi",91900,1838,2,50
3923,"Copou - Parc , apartament 2 camere , etaj 1 , la 200 m de UAIC","Bulevardul Carol I, Copou, Iasi, Iasi",91900,1838,2,50
2332,"Centru Civic, apartament cu 2 camere, ideal pentru inchiriat","Centru, Iasi, Iasi",91900,2626,2,35
589,Apartament 3 camere decomandat et 1 Nicolina prima statie,"Nicolina 2, Iasi, Iasi",92000,1243,3,74
1960,"92.000 Euro Gara-Apartament 3 cam D, 2 bai, 2 balcoane","Gara, Iasi, Iasi",92000,1275,3,72.13
2297,Apartament 3 camere decomandat - Nicolina Frumoasa,"Podu Ros, Iasi, Iasi",92000,1314,3,70
3528,"Apartament 3 camere, 70 mp, modern, zona Podu Ros","Podu Ros, Iasi, Iasi",92000,1314,3,70
2334,"Persoana fizica, vând apartament 3 camere, Nicolina-Frumoasa","Centru, Iasi, Iasi",92000,1333,3,69
3619,"Apartament 3 camere, 68.35 mp, semidecomandat, Nicolina 2","Strada Pompieri, Nicolina 2, Iasi, Iasi",92000,1346,3,68.35
3767,FINALIZAT! INTABULAT! Apartament 2 camere decomandat 61 mp Copou,"Agronomie, Iasi, Iasi",92000,1508,2,61
3854,FINALIZAT si INTABULAT! Apartament 2 camere decomandat 61 mp Copou,"Copou, Iasi, Iasi",92000,1508,2,61
4057,"FINALIZAT!Apart. 2 camere decomandat,INTABULAT,61mp, Copou Sadoveanu","Agronomie, Iasi, Iasi",92000,1508,2,61
4121,"FINALIZAT! INTABULAT! Apartament 2 camere decomandat 61 mp, Copou","Agronomie, Iasi, Iasi",92000,1508,2,61
4307,FINALIZAT si INTABULAT! Apartament 2 camere decomandat 61 mp Copou,"Agronomie, Iasi, Iasi",92000,1508,2,61
3129,"Apartament cu 3 camere plus o o camera la mansarda, terasa si balcon!","Tatarasi Sud, Iasi, Iasi",92000,1586,3,58
1855,Apartament cu 2 camere in Copou,"Copou, Iasi, Iasi",92000,1840,2,50
3652,"AP 2 CAM LUX, mobilat utilat , Tatarasi - bloc nou - Kaufland Tatarasi","Tatarasi Nord, Iasi, Iasi",92000,1840,2,50
3290,Apartament 2 camere Aleea Sadoveanu,"Iasi, Iasi",92000,2044,2,45
229,"Apartament 1 camera Tatarasi , 39 metri, etaj 4 Cod:150567","Strada Oancea, Tatarasi Sud, Iasi, Iasi",92000,2359,1,39
1253,"Complex Himson, Apartamente 2 camere open space si spatiu depozitare","Aviatiei, Iasi, Iasi",92070,1550,2,59.4
2140,"Apartamente cu finisaje premium, model de 2cam OS + dressing","Bulevardul Chimiei, Aviatiei, Iasi, Iasi",92070,1550,2,59.4
373,"Apartament nou, spatios, 2 camere, decomandat, direct de la dezvoltato","Strada Aurel Vlaicu, Aviatiei, Iasi, Iasi",92200,1418,2,65
2269,"Apartament 2 camere, Moara de Vant Iasi, bloc nou finalizat!","Stradela Moara de Vant, Moara de Vant, Iasi, Iasi",92200,1590,2,58
3195,Apartament 2 camere cu balcon,"Pacurari, Iasi, Iasi",92260,1741,2,53
2629,"3 Camere,Finisaje Premium, Bloc Nou, AC, Parcare, Boxa, Tudor Neculai","CUG, Iasi, Iasi",92400,1400,3,66
3697,"Apartamente de vanzare, 2 - 3 camere, bloc nou - Iasi - Pacurari COMIS","Strada Neculau, Pacurari, Iasi, Iasi",92400,1400,3,66
4281,"Etaj 2! Apartament 4 camere 2 bai, Nicolina - Frumoasa, 80mp","Podu Ros, Iasi, Iasi",92500,1156,4,80
296,"Intabulat:3 camere Pacurari-Piscina Eos , 72 mp, etaj 1 Cod:147084","Soseaua Pacurari, Pacurari, Iasi, Iasi",92500,1285,3,72
4004,Apartament 3 camere finalizat Pacurari - intrare Rediu 72 mp + parcare,"Pacurari, Iasi, Iasi",92500,1285,3,72
4122,Finalizat! Ap 3 camera D 72mp Bloc nou zona Pacurari Kaufland,"Podu Ros, Iasi, Iasi",92500,1285,3,72
4236,Apartament 3 camere finalizat Pacurari - intrare Rediu 72mp!Comision 0,"Pacurari, Iasi, Iasi",92500,1285,3,72
4311,Comision0%!Apartament 3 camere intabulat Pacurari - intrare Rediu 72mp,"Pacurari, Iasi, Iasi",92500,1285,3,72
4482,"Comision0%! Apartament 3 camere intabulat capat Pacurari,intrare Rediu","Pacurari, Iasi, Iasi",92500,1285,3,72
3263,"Ap 3 cam, mutare imediata, accept credit, zona Pacurari","Soseaua Pacurari, Pacurari, Iasi, Iasi",92500,1303,3,71
756,"Apartament 3 camere Nicolina , 66 metri, etaj 2 Cod:150719","Soseaua Nicolina, CUG, Iasi, Iasi",92500,1402,3,66
4194,"Apartamente noi de vanzare, 2 camere, Gara-Billa, Comision 0%","Soseaua Arcu, Gara, Iasi, Iasi",92560,1780,2,52
1730,"Apartament 2 camere, decomandat, 56 mp, etaj 1, Pacurari, 92.600 euro","Soseaua Moara de Foc, Canta, Iasi, Iasi",92600,1654,2,56
3609,"Apartament nou de 2 camere, 56 mp, Lidl Pacurari","Strada Luca Arbore, Canta, Iasi, Iasi",92615,1654,2,56
2115,"Apartament 2 camere open-space, 53 mp, Aleea M. Sadoveanu( comision 0)","Agronomie, Iasi, Iasi",92800,1750,2,53.02
3850,"Comision 0! Apartament 2 camere de vanzare, bloc nou, Copou","Podu Ros, Iasi, Iasi",92800,1750,2,53.03
4053,"Apartament de vanzare, 2 camere, Royal Town","Podu Ros, Iasi, Iasi",92800,1750,2,53.03
4063,"Apartament de vanzare, 2 camere, Iasi","Podu Ros, Iasi, Iasi",92800,1750,2,53.03
4803,Apartament tip Penthouse 2 camere de vanzare Moara de vant,"Stradela Moara de Vant, Iasi, Iasi",92880,902,2,103
462,Apartament 3 camere decomandat+boxa si parcare - Providenta Nicolina,"Nicolina 1, Iasi, Iasi",92900,664,3,140
4282,"Apartament 3 camere, Gara - Billa, 70mp, CT, etaj 2, 2 bai","Podu Ros, Iasi, Iasi",92900,1327,3,70
3874,"Apartament 2 camere DECOMANDAT!! Nicolina, etaj intermediar!","Nicolina 2, Iasi, Iasi",92900,1720,2,54
3139,Apartament 2 camere cu gradina proprie,"Pacurari, Iasi, Iasi",92908,1753,2,53
3252,"Apartament 3 cam - 88 mp, Pacurari - Rediu , Bloc Nou","Podu Ros, Iasi, Iasi",93000,1057,3,88
3546,"Apartament nou de 3 camere, 77 mp, in zona Pacurari","Strada Iancu Flondor, Iasi, Iasi",93000,1107,3,84
4735,Apartament 4 camere decomandat Tatarasi Dispecer!,"Strada Vasile Lupu, Tatarasi Sud, Iasi, Iasi",93000,1107,4,84
1591,"Apartament 3 camere, Canta, 80mp","Canta, Iasi, Iasi",93000,1163,3,80
1380,"Ap 3 camere decomandat, etaj 3/4, Galata, 2.5 km de Palas","Podu Ros, Iasi, Iasi",93000,1292,3,72
4001,Apartament 3CDecomandat Nicolina Pasarela Renovat Mobilat,"Nicolina 2, Iasi, Iasi",93000,1292,3,72
4433,Impecabil! Apartament 3Cam Decomandat Nicolina Baza Podului Renovat,"Nicolina 2, Iasi, Iasi",93000,1292,3,72
2925,"Apartament cu 3 camere, decomandat, 72mp, Centrala, Canta","Strada Canta, Canta, Iasi, Iasi",93000,1368,3,68
1374,Moara de foc-Apartament 3 camere decomandat,"Pacurari, Iasi, Iasi",93000,1550,3,60
1790,"Apartament 3 camere decomandat, Canta - Moara de Foc","Podu Ros, Iasi, Iasi",93000,1550,3,60
1095,Nicolina 1 aprtament nou cu 2 camere,"Fundacul Perjoaia, Nicolina 1, Iasi, Iasi",93000,1788,2,52
265,"Exclusivitate! Centru - Sf. Lazar, Palas, 2 camere, decomandat, etaj 1","Strada Sfantul Lazar, Podu Ros, Iasi, Iasi",93000,1979,2,47
2466,Apartament 34MP-NEWTON-Complet mobilat și utilat-Loc de parcare inclus,"Tatarasi Sud, Iasi, Iasi",93000,2730,1,34.06
3608,"Apartament decomandat nou de 2 camere, 57 mp, Lidl Pacurari","Soseaua Moara de Foc, Canta, Iasi, Iasi",93159,1634,2,57
2994,"Apartament 2 camere, bloc nou, langa padure","Manta Rosie, Iasi, Iasi",93421,1390,2,67.21
1229,"Apartament 2 camere COPOU, bloc nou finalizat si intabulat, complex re","Strada George Calinescu, Carol I, Iasi, Iasi",93500,1833,2,51
3479,"Apartament intabulat,2 camere 50.80 mp,bloc nou, Royal Town","Carol I, Iasi, Iasi",93500,1833,2,51
294,Apartament 2 camere intabulat zona Copou Cod:151131,"Bulevardul Carol I, Copou, Iasi, Iasi",93500,1948,2,48
3624,"Apartament 2 camere, 40 mp, zona Centrala","Strada Adunati, Tudor Vladimirescu, Iasi, Iasi",93500,2338,2,40
3821,Start Vanzari! Ap 3 cam Bloc Nou Nicolina COmision 0%,"Soseaua Nicolina, Nicolina 1, Iasi, Iasi",93580,1376,3,68
1161,"Adamant Towers, 3 camere, tip 3C , 68.4 mp, Sos Nicolina nr. 54","Soseaua Nicolina, CUG, Iasi, Iasi",93580,1586,3,59
2035,"Adamant Towers, 3 camere, tip 3C , 68.4 mp Sos Nicolina nr.54","Soseaua Nicolina, CUG, Iasi, Iasi",93580,1589,3,58.9
3763,Nicolina - cele mai noi apartamente cu 3 camere,"Soseaua Nicolina, CUG, Iasi, Iasi",93580,1589,3,58.9
1713,Apartament 2 camere Bloc Nou 2024 - Nicolina,"Podu Ros, Iasi, Iasi",93600,1800,2,52
4779,"Apartament 3 camere, Orientare Dubla, Diferite Etaje","Tatarasi Sud, Iasi, Iasi",93800,1443,3,65
887,"Apartament 2 camere, decomandat, confort 1, Central, 55 mp, 93.800euro","Bulevardul Nicolae Iorga, Nicolina 2, Iasi, Iasi",93800,1705,2,55
3451,"Apartamente cu 3 camere, avand suprafate de 75 mp + o gradina privata","Pacurari, Iasi, Iasi",93900,1252,3,75
1385,"Apartament 3 camere , CUG , loc parcare boxa","Aleea Tudor Neculai, CUG, Iasi, Iasi",93900,1381,3,68
4105,"Apartament 2 camere decomandat, Copou, complex rezidential nou, predar","Bulevardul Carol I, Copou, Iasi, Iasi",93900,1539,2,61
2684,Apartament 3 camere Bloc Nou - Decomandat - Dacia Comision 0,"Podu Ros, Iasi, Iasi",94000,1146,3,82
4857,"Apartament 3 camere Nicolina ! 70mp, mutare imediata!","Nicolina 2, Iasi, Iasi",94000,1175,3,80
1135,3 camere decomandat Canta Profi 75 mp et. 2 bloc 1985 liber Cod:150095,"Strada Canta, Canta, Iasi, Iasi",94000,1253,3,75
2406,"Canta - apartament cu 3 camere, mobilat si utilat, renovat","Strada Canta, Canta, Iasi, Iasi",94000,1253,3,75
3638,OCAZIE !! 2 CD - 60 mp - ET 2/8- TUDOR VLADIMIRESCU-BL 1993,"Podu Ros, Iasi, Iasi",94000,1567,2,60
4440,"Apartament 2 camere, 57.70 mp,bloc nou,finalizat","Strada Costache Negri, Centru, Iasi, Iasi",94000,1621,2,58
3271,Apartament 2 camere decomandat- CUG,"Podu Ros, Iasi, Iasi",94000,1808,2,52
3421,"Apartamente 2 camere de vanzare, BLOC NOU, Royal Town","Agronomie, Iasi, Iasi",94500,1549,2,61
94,Apartament in Copou 2 camere de vanzare,"Copou, Iasi, Iasi",94500,1750,2,54
3125,Apartament 2 camere Centru,"Centru, Iasi, Iasi",94500,1750,2,54
4483,"Apartament 2 camere, 53mp, etaj intermediar, Capat CUG","Soseaua Nicolina, CUG, Iasi, Iasi",94500,1817,2,52
3868,"Apartament cu 2 camere, decomandat la bloc nou, Central","Podu Ros, Iasi, Iasi",94762,1662,2,57
1733,"Apartament 3 camere + balcon, decomandat, Dacia","Dacia, Iasi, Iasi",94900,1265,3,75
2220,"Etaj 2! Apartament 3 camere 2 bai, Canta, 75mp","Podu Ros, Iasi, Iasi",94900,1265,3,75
2414,Apartament de vanzare in Moara de Foc (detine certificat de Urbanism),"Canta, Iasi, Iasi",94900,1460,3,65
1741,Apartament 2 camere 58mp +mansarda 56 mp cu finisaje de LUX 600 m de P,"Pacurari, Iasi, Iasi",94900,1636,2,58
2874,Apartament 3 camere de vanzare Pacurari,"Pacurari, Iasi, Iasi",94900,1695,3,56
4493,SUPER VUE-NICOLINA BVD-3CD-81mp- intermediar -Bl CADRE 1990,"Podu Ros, Iasi, Iasi",94990,1173,3,81
1102,"Apartament 2 camere mobilat si utilat, boxa, 61 mp, capat Pacurari","Pacurari, Iasi, Iasi",94990,1557,2,61
1585,"Apartament 2 camere mobilat si utilat, boxa, 61 mp, capat Pacurari!","Pacurari, Iasi, Iasi",94990,1557,2,61
345,Apartament 3 camere Tatarasi Green Park!,"Strada Costache Negri, Centru, Iasi, Iasi",94990,1638,3,58
16,Vand apartament cu 4 camere,"Centru, Iasi, Iasi",95000,1022,4,93
138,Vând apartament cu 4 camere,"Centru, Iasi, Iasi",95000,1033,4,92
3611,"Apartament 3 camere, 90 mp, zona Bucium","Strada I. C. Constantineanu, Bucium, Iasi, Iasi",95000,1056,3,90
3880,"Apartament 3 camere, Nicolina-Benzinaria OMV","Nicolina 1, Iasi, Iasi",95000,1118,3,85
1759,"Apartament 4 camere, 80 mp, zona Mircea cel Batran","Strada Mircea cel Batran, Mircea cel Batran, Iasi, Iasi",95000,1188,4,80
386,"Apartament 3 camere Pacurari , 77 metri, etaj parter Cod:136435","Soseaua Pacurari, Pacurari, Iasi, Iasi",95000,1234,3,77
394,"Etaj 3/4! Apartament 4 camere 2 bai, Galata, 77mp, CT","Podu Ros, Iasi, Iasi",95000,1234,4,77
460,"Pacurari, Apartament 3 camere, 2 bai 77mp","Pacurari, Iasi, Iasi",95000,1234,3,77
673,Cug-BRD - Etaj 1 - Apartament 3 camere decomandat,"CUG, Iasi, Iasi",95000,1234,3,77
4073,"Pacurari-Apartament 3 camere, 2 bai, 77mp","Pacurari, Iasi, Iasi",95000,1234,3,77
564,"Apartament zona CUG, 3 camere, 94 mp","Soseaua Nicolina, Nicolina 2, Iasi, Iasi",95000,1250,3,76
3459,"Apartament 2 camere de vanzare Bucium, situat intr-un bloc tip vila","Bucium, Iasi, Iasi",95000,1250,2,76
3692,Apartament 2 camere de vanzare Bucium,"Bucium, Iasi, Iasi",95000,1250,2,76
3887,"Apartament 2 camere de vanzare Bucium,76 mp +180 mp teren","Bucium, Iasi, Iasi",95000,1250,2,76
101,"OCAZIE ! POITIERS la bulevard -Apartament 3 Cam. , D ,75 m², etaj 3","Podu Ros, Iasi, Iasi",95000,1267,3,75
1357,3 camere decomandat Canta Profi 75 mp et. 2 bloc 1985 Cod:150095,"Strada Canta, Canta, Iasi, Iasi",95000,1267,3,75
1576,"PF Apartament 3 Camere 75mp, 2 bai, 2 balcoane Bld Poitiers, Siraj","Centru, Iasi, Iasi",95000,1267,3,75
1667,APARTAMENT 3 CAMERE CANTA 75MP,"Stradela Canta, Canta, Iasi, Iasi",95000,1267,3,75
2213,"Ap 3 cam D, mutare imediata, 2 bai, mob utilat, zona Canta","Canta, Iasi, Iasi",95000,1267,3,75
2543,Vanzare 3 camere decomandat - Podu Ros,"Podu Ros, Iasi, Iasi",95000,1284,3,74
2006,Apartament 3 camere decomandat cu 2 bai bloc nou Kaufland-Pacurari,"Pacurari, Iasi, Iasi",95000,1301,3,73
610,"Apartament 3 camere Pacurari , 72 metri, etaj 1 Cod:147118","Soseaua Pacurari, Pacurari, Iasi, Iasi",95000,1319,3,72
976,MUTARE IMEDIATA APARTAMENT 3 CAMERE 72MP,"Pacurari, Iasi, Iasi",95000,1319,3,72
1676,MUTARE IMEDIATA POPAS PACURARI APARTAMENT 3 CAMERE 72MP,"Strada Canta, Canta, Iasi, Iasi",95000,1319,3,72
2168,Apartament 3 camere Decomandat - Mircea cel Batran,"Podu Ros, Iasi, Iasi",95000,1319,3,72
3339,"Apartament de vanzare 3 camere decomandat, bloc nou, Pacurari-Kaufland","Soseaua Rediu, Pacurari, Iasi, Iasi",95000,1319,3,72
3439,"Apartament nou de vanzare, cu 3 camere, situat in zona Pacurari","Pacurari, Iasi, Iasi",95000,1319,3,72
3907,"Apartament nou de vanzare, cu 3 camere, situat in zona Pacurari,","Pacurari, Iasi, Iasi",95000,1319,3,72
4435,"Pacurari - Kaufland, locuinta noua cu 3 camere, dotari de top","Strada Popauti, Pacurari, Iasi, Iasi",95000,1319,3,72
4601,"Apartament de vanzare 3 camere decomandat, bloc nou, Pacurari Kaufland","Soseaua Rediu, Pacurari, Iasi, Iasi",95000,1319,3,72
1641,"Apartament 3 camere, 71mp SD Tatarasi, recent renovat, 2 balcoane","Strada Doctor Savini, Tatarasi Nord, Iasi, Iasi",95000,1338,3,71
1265,"Apartament 3 camere Tatarasi , 70 metri, etaj 2 Cod:150562","Strada Tatarasi, Tatarasi Nord, Iasi, Iasi",95000,1357,3,70
1973,"Tatarasi - Vasile Lupu, apartament 3 camere confort I, renovat, mobila","Strada Vasile Lupu, Tatarasi Sud, Iasi, Iasi",95000,1357,3,70
2524,Apartament 3 Camere - 2 Bai - 2 Balcoane - Tatarasi Dispecer,"Podu Ros, Iasi, Iasi",95000,1357,3,70
3410,"Apartament 3 camere decomandat , Rediu","Podu Ros, Iasi, Iasi",95000,1357,3,70
2935,"Apartament 3 camere 72 mp, Pacurari","Iasi, Iasi",95000,1397,3,68
494,"Apartament cu 3 camere, mobilat si utilat complet , zona Capat Cug","CUG, Iasi, Iasi",95000,1418,3,67
4754,"Apartament 2 camere, Royal Town Copou","Copou, Iasi, Iasi",95000,1462,2,65
2856,Apartament 2 camere de vanzare Tatarasi,"Podu Ros, Iasi, Iasi",95000,1484,2,64
279,Apartament 2 camere,"Centru, Iasi, Iasi",95000,1532,2,62
2632,"3 camere decomandat , zona Metalurgiei","Zona Industriala, Iasi, Iasi",95000,1557,3,61
4017,Comision 0! Minipenthouse finalizat - Popas Pacurari,"Podu Ros, Iasi, Iasi",95000,1557,1,61
1166,Apartament 3 camere Decomandat - Zimbru - Dacia - Etaj 1,"Podu Ros, Iasi, Iasi",95000,1583,3,60
2296,Apartament 2 camere D Poitiers Towers liber pentru mutare,"Frumoasa, Iasi, Iasi",95000,1583,2,60
2667,"Apartament 2 camere, 59 mpu,bloc nou,95000 euro","Strada Metalurgiei, Zona Industriala, Iasi, Iasi",95000,1610,2,59
1423,Piata Pacurari-Ap2 camere decomandat,"Pacurari, Iasi, Iasi",95000,1667,3,57
1426,"Apartament 2 camere decomandat, 57 mp, zona Pacurari-Toma Cozma!","Pacurari, Iasi, Iasi",95000,1667,2,57
1459,"Proprietar, ap 2 cam, Piața Păcurari","Centru, Iasi, Iasi",95000,1667,2,57
93,Apartament in Copou 2 camere de vanzare,"Copou, Iasi, Iasi",95000,1696,2,56
145,"Ap. 2 cam decomandat Alexandru-Tigarete,bloc nou finalizat Cod:149177","Bulevardul Alexandru cel Bun, Alexandru Cel Bun, Iasi, Iasi",95000,1696,2,56
398,"Apartament decomandat, 2 camere, cu loc de parcare inclus","Bucium, Iasi, Iasi",95000,1696,2,56
1883,"Apartament 2 camere, 56mp, Nicolina","Strada Sfantul Vasile, Nicolina 1, Iasi, Iasi",95000,1696,2,56
513,Tatarasi Doi Baieti-2 Camere 56mp-bloc nou finalizat,"Tatarasi Sud, Iasi, Iasi",95000,1727,2,55
796,Apartament 2 camere - mobilat si utilat - bloc nou,"Tatarasi Sud, Iasi, Iasi",95000,1900,2,50
3156,"Apartament 2 camere, 50mp, Complex rezidential, Copou","Agronomie, Iasi, Iasi",95000,1900,2,50
1029,Apartament 2 camere de vanzare zona Copou,"Copou, Iasi, Iasi",95000,2209,2,43
4741,"Centru- Palas- apartament 2 camere, etajul 2","Centru, Iasi, Iasi",95000,2317,2,41
3072,"Apartament 2 camere, bloc nou, langa padure","Manta Rosie, Iasi, Iasi",95103,1390,2,68.42
3535,"Apartament nou decomandat de 2 camere, 72 mp, 2 balcoane, Nicolina","Soseaua Nicolina, CUG, Iasi, Iasi",95150,1316,2,72.3
2036,"Apartament 2 camere, decomandat, tip 2E, 72.3mp Sos Nicolina nr.54","Soseaua Nicolina, CUG, Iasi, Iasi",95150,1560,2,61
2118,"Adamant Towers, 2 camere, decomandat, tip 2E, 72.3mp Nicolina nr. 54","Soseaua Nicolina, CUG, Iasi, Iasi",95150,1560,2,61
3360,"Apartamentul familiei tale, 2 camere, zona Nicolina, ideal investitie","CUG, Iasi, Iasi",95150,1562,2,60.9
1931,"Apartament 3 CD, 2 bai, 66 mp, etaj 4,zona Pacurari-Petru Poni!!","Pacurari, Iasi, Iasi",95250,1401,3,68
4304,"Apartament 3 camere, ideal investitie, zona Nicolina","Nicolina 2, Iasi, Iasi",95380,1619,3,58.9
3577,"De vanzare: 3 camere, etaj 3, BLOC NOU, zona Tudor Neculai","CUG, Iasi, Iasi",95445,1193,3,80
4699,"Apartament 2 camere Copou, bloc nou finalizat, ideal pentru locuit sau","Bulevardul Carol I, Copou, Iasi, Iasi",95500,1675,2,57
2549,"Apartament 2 camere in cartier inedit, Iasi.","Frumoasa, Iasi, Iasi",95502,1418,2,67.35
1061,"Apartament LUX 2 camere, mobilat si utilat langa Posta CUG","Aleea Strugurilor, Nicolina 1, Iasi, Iasi",95540,1706,2,56
202,"Dezvoltator-Apartament 2 Camere TIP 14, 60.73 m2 Pacurari. 0% Comision","Pacurari, Iasi, Iasi",95650,1575,2,60.73
3932,"Dezvoltator, Apartament 2 Camere TIP 14, 60.73 m2, Zona Păcurari","Podu Ros, Iasi, Iasi",95650,1575,2,60.73
1115,APARTAMENT 3 CAMERE LUX COPOU 0% COMISION,"Agronomie, Iasi, Iasi",95662,1449,3,66
3861,"Podu Ros, apartament cu 2 camere decomandat, terasa cu vedere superba","Podu Ros, Iasi, Iasi",95800,1331,2,72
3184,Apartament 2 camere Copou,"Copou, Iasi, Iasi",95800,2038,2,47
664,Apartament 3 camere- Mobilat si utilat - Loc de parcare - Capat CUG,"CUG, Iasi, Iasi",95900,1351,3,71
1261,Apartament 3 camere - Bloc nou - Mobilat complet-Loc de parcare - CUG,"CUG, Iasi, Iasi",95900,1351,3,71
2556,"Apartament 3 camere mobilat Cug-Sos Nicolina, Parcare inclusa","CUG, Iasi, Iasi",95900,1351,3,71
4683,"Apartament 2 camere Decomandat-56 mp, diferite etaje, PACURARI","Pacurari, Iasi, Iasi",95970,1714,2,56
3015,"Apartament cu 4 camere transformat in 3 camere, de vanzare in zona Nic","Soseaua Nicolina, Nicolina 2, Iasi, Iasi",96000,1091,3,88
1210,Apartament nou 2 camere-MOBILAT SI UTILAT- Cug-Valea Adanca Pepinierei,"CUG, Iasi, Iasi",96000,1280,2,75
975,"Apartament 3camere decomandat, spatios,capat CUG","Aleea Tudor Neculai, CUG, Iasi, Iasi",96000,1297,3,74
2770,Apartament 3 camere Decomandat - Etaj Intermediar - Tatarasi,"Podu Ros, Iasi, Iasi",96000,1297,3,74
3668,"Apartament de 3 camere, 73 mp, zona Garii","Strada Strapungerea Silvestru, Gara, Iasi, Iasi",96000,1315,3,73
2271,Apartament 3 camere decomandat - Gara,"Podu Ros, Iasi, Iasi",96000,1333,3,72
1970,"Apartament cu 3 camere, decomandat, 72mp, Mircea cel Batran","Strada Cerna, Mircea cel Batran, Iasi, Iasi",96000,1412,3,68
4753,Apartament 2 camere de vanzare Copou Garden,"Strada Baltagului, Carol I, Iasi, Iasi",96000,1477,2,65
337,"Apartament 2 camere, confort 1, 56 mp, Tatarasi, 96.000 euro","Strada Aurel Vlaicu, Aviatiei, Iasi, Iasi",96000,1714,2,56
751,"Apartament 2 camere, bloc nou, EVERGREEN TATARASI","Strada Aurel Vlaicu, Aviatiei, Iasi, Iasi",96000,1714,2,56
3388,3 camere finalizat si intabulat - CENTRU - Palas Mall,"Centru, Iasi, Iasi",96000,2043,3,47
3891,"Apartamente noi, 3 camere , 2 bai, Galata - manastire","Soseaua Galata, Galata, Iasi, Iasi",96041,1104,3,87
289,"Apartament 3 camere Palat , 72 metri, etaj 4 Cod:148211","Podu Ros, Iasi, Iasi",96400,1339,3,72
1438,"Apartament 3 camere Podu Ros , 72 metri, etaj 4 Cod:148211","Podu Ros, Iasi, Iasi",96400,1339,3,72
2497,"Apartament 3 camere, DECOMANDAT, mobilat LUX, BLOC NOU, Galata","Mircea cel Batran, Iasi, Iasi",96500,1419,3,68
2726,"Alexandru cel Bun, apartament cu 3 camere decomandat","Bulevardul Alexandru cel Bun, Alexandru Cel Bun, Iasi, Iasi",96500,1419,3,68
1293,"2 CAM TATARASI, BLOC NOU, INTABULAT, ET INTERMEDIARMOBILAT UTILAT","Strada Vasile Lupu, Tatarasi Sud, Iasi, Iasi",96800,1793,2,54
3109,Apartament de familie cu 4 camere de vanzare in zona Frumoasa,"Frumoasa, Iasi, Iasi",96900,1258,4,77
761,"Apartament + mansarda, 115mp","Centru, Iasi, Iasi",97000,843,4,115
1848,Apartament 3 camere de vânzare Moara de Foc,"Centru, Iasi, Iasi",97000,1141,3,85
1645,Apartament 4 camere Nicolina langa Lidl,"Strada Nicolina, Podu Ros, Iasi, Iasi",97000,1260,4,77
3402,"Apartament nou de vanzare, cu 3 camere, situat in zona Pacurari,","Pacurari, Iasi, Iasi",97000,1260,3,77
4761,"Apartament de vanzare 3 camere decomandat cu terasa, bloc nou, Pacurar","Soseaua Pacurari, Pacurari, Iasi, Iasi",97000,1260,3,77
384,Perzoana fizica Apartament 4 camere 79 mp etaj 2/3 Frumoasa Iasi,"Centru, Iasi, Iasi",97000,1276,4,76
477,"Apartament cu 3 camere, Club 20, boxa, 85mp, 2 bai, 3 balcoane. Pacura","Soseaua Moara de Foc, Canta, Iasi, Iasi",97000,1276,3,76
1806,"Apartament 3 camere, 2 bai,2 balcoane, 75 mp, zona Canta-Pacurari!","Canta, Iasi, Iasi",97000,1293,3,75
2312,"Bucium, LDL, apartament spatios cu 2 camere decomandat","Bucium, Iasi, Iasi",97000,1293,2,75
140,"Apartament 3 camere Tatarasi , 74 metri, etaj 4 Cod:150357","Strada Tatarasi, Tatarasi Nord, Iasi, Iasi",97000,1311,3,74
2085,"Apartament 3 camere, DECOMANDAT, ETAJ 1, bloc 1982, Nicolina","Nicolina 1, Iasi, Iasi",97000,1329,3,73
516,"Apartament 2 camere Bucium , 72 metri, etaj 6 Cod:148203","Soseaua Bucium, Bucium, Iasi, Iasi",97000,1347,2,72
4111,"Apartament 3 camere, Nicolina-Prima Statie ! Mobilat si Utilat!","Nicolina 1, Iasi, Iasi",97000,1347,3,72
586,Apartament 3CDecomandat Nicolina 2 Prima Statie Renovat Mobilat,"Nicolina 2, Iasi, Iasi",97000,1386,3,70
1091,"Apartament Valea Lupului + Parcare, Mutare Imediata","Centru, Iasi, Iasi",97000,1386,2,70
2433,Apartament 3CDecomandat Nicolina Baza Pasarelei Et Intermediar 70MP,"Nicolina 2, Iasi, Iasi",97000,1386,3,70
2268,3 camere-Podul de fier-central-bloc fara risc,"Podu de Fier, Iasi, Iasi",97000,1672,3,58
886,"Apartament 3 camere Podul de Fier , 57 metri, etaj 3 Cod:150473","Strada Eternitate, Podu de Fier, Iasi, Iasi",97000,1702,3,57
1073,"Apartament 2 camere Copou , 55 metri, etaj parter Cod:142811","Bulevardul Carol I, Copou, Iasi, Iasi",97000,1764,2,55
1273,"Apartament 2 camere Copou-Al.Sadoveanu,55,5mp+30mp gradina,Cod:142811","Bulevardul Carol I, Copou, Iasi, Iasi",97000,1764,2,55
1323,"Apartament 2 camere, 54 mp, Mobilat si Utilat, Tatarasi - Doi Baieti","Tatarasi Sud, Iasi, Iasi",97000,1790,2,54.19
2719,"Apartament 2 camere D DACIA-PACURARI-POZE REALE, mutare in cateva luni","Dacia, Iasi, Iasi",97122,1542,2,63
4249,"Apartament 2 cam de vanzare,63 mp,Dacia","Strada Tabacului, Dacia, Iasi, Iasi",97122,1542,2,63
572,"Tatarasi, apartament cu 2 camere decomandat, 68mp","Tatarasi Sud, Iasi, Iasi",97200,1429,2,68
4789,"Apartamente noi, 2 camere, Copou - Aleea Sadoveanu","Aleea Mihail Sadoveanu, Agronomie, Iasi, Iasi",97290,1232,2,79
555,"In curs de finalizare, apartament 2 camere, ideal pt investitie, Copou","Copou, Iasi, Iasi",97300,1216,2,80
558,"Apartament 2 camere, spatios, cu priveliste deosebita, zona Copou","Copou, Iasi, Iasi",97300,1216,2,80
745,"Aproape de finalizare, apartament 2 camere, zona Copou","Copou, Iasi, Iasi",97300,1216,2,80
832,"AP.3 cam,SD,85 mp,Moara de Foc","Pacurari, Iasi, Iasi",97400,1146,3,85
4558,"Ultracentral - apartament 1 camera, bloc nou, LA CHEIE","Strada Sfantul Petru Movila, Uzinei, Iasi, Iasi",97400,2632,1,37.01
258,Apartament 4 camere Zimbru. 95 mp. 2 bai 2 balcoane,"Strada Sarmisegetuza, Dacia, Iasi, Iasi",97500,1026,4,95
1821,"Apartament 3 camere, 2 bai, 3 balcoane, 85 mp, Pacurari-Moara de Foc!","Canta, Iasi, Iasi",97500,1147,3,85
1844,Moara de foc-Apartament 3 camere et intermediar,"Canta, Iasi, Iasi",97500,1275,3,76.45
2069,"Frumoasa, apartament cu 3 camre la pret promotional","Iasi, Iasi",97500,1300,3,75
2410,"Apartament 3 camere Nicolina - Prima statie , 71 mp , etaj mic","Strada Frumoasa, Nicolina 2, Iasi, Iasi",97500,1373,3,71
3250,Apartament 3 camere Gara-Centru,"Gara, Iasi, Iasi",97500,1393,3,70
458,Apartament cu 3 camere amplasat la 400m de Piata Unirii,"Centru, Iasi, Iasi",97500,1653,3,59
245,"Apartament 2 camere, Copou Bellevue, 97.500 Euro","Centru, Iasi, Iasi",97500,2074,2,47
3972,"Proiect Deosebit Pacurari, 2 camere Pret Promotional Loc de parcare in","Soseaua Pacurari, Pacurari, Iasi, Iasi",97570,1774,2,55
86,Vand Apartament,"Tatarasi Nord, Iasi, Iasi",97800,1630,3,60
3605,"Apartament decomandat nou de 2 camere, 59 mp, Lidl Pacurari","Strada Luca Arbore, Canta, Iasi, Iasi",97862,1659,2,59
3606,"Apartament decomandat de 2 camere, 59 mp, zona Lidl Pacurari","Strada Luca Arbore, Canta, Iasi, Iasi",97862,1659,2,59
1431,"Apartament 4 camere Metalurgie , 112 metri, etaj 4 Cod:150863","Strada Vasile Lupu, Tatarasi Sud, Iasi, Iasi",97900,874,4,112
2013,Apartament 3 camere 76 mp plus balcon 11 mp Nicolina Pizza Nico,"Podu Ros, Iasi, Iasi",97900,1113,3,88
3227,"Apartament 3 camere, DECOMANDAT, RENOVAT, mobilat, bloc1980, Alexandru","Alexandru Cel Bun, Iasi, Iasi",97900,1399,3,70
3529,"Apartament 3 camere, 67.57 mp, zona exclusivista Tatarasi Sud","Strada Ciurchi, Tatarasi Sud, Iasi, Iasi",97980,1450,3,67.57
4828,Apartament 4 camere,"Centru, Iasi, Iasi",98000,784,4,125
3586,"Tatarasi Metalurgiei, apartament 4 camere decomandat, bloc relativ nou","Strada Gradinari, Tatarasi Sud, Iasi, Iasi",98000,875,4,112
1239,Apartament 3 camere decomandate de vanzare zona Pacurari Omv,"Podu Ros, Iasi, Iasi",98000,1114,3,88
744,IASI – CUG - SELGROS - Apartament 3 camere spatios (87 mp) - mobilat,"Nicolina 2, Iasi, Iasi",98000,1126,3,87
2918,Vand apartament 3 camere bloc cug BRD,"Centru, Iasi, Iasi",98000,1225,2,80
2023,Apartament niu 2 camere,"Centru, Iasi, Iasi",98000,1324,2,74
3268,"Apartament 3 camere, Nicolina – Belvedere – Amplasare excelenta!","Nicolina 1, Iasi, Iasi",98000,1342,3,73
2821,"Apartament in cug, la bulevard, cu 3 camere!","CUG, Iasi, Iasi",98000,1361,3,72
4042,"Apartament 3 camere, decomandat, de vanzare, zona Dacia","Bulevardul Dacia, Dacia, Iasi, Iasi",98000,1361,3,72
3178,Apartament 3 camere decomandat - Nicolina 1,"Podu Ros, Iasi, Iasi",98000,1400,3,70
3879,"Apartament 2 camere, BLOC NOU, 63 mp, modern, Tudor - Palas","Tudor Vladimirescu, Iasi, Iasi",98000,1556,2,63
2441,"Apartament 3 camere, 62 mp, decomandat, zona Centrala","Strada Strapungerea Silvestru, Gara, Iasi, Iasi",98000,1581,3,62
2251,"Etaj 3! Apartament 3 camere Podu de Fier, mobilat + utilat","Podu Ros, Iasi, Iasi",98000,1633,3,60
2993,Apartament Finalizat 2Cam Copou Complex Rezidential Etaj Intermediar,"Agronomie, Iasi, Iasi",98000,1633,2,60
4219,"Apartament 2 camere Tatarasi, 60mp, bloc 2020 + BOXA","Podu Ros, Iasi, Iasi",98000,1633,2,60
4353,"Apartament decomandat, 2 camere.","Bucium, Iasi, Iasi",98000,1633,2,60
4277,"PALAS! Apartament 3 camere, open-space, BLOC NOU, Lazar Residence","Centru, Iasi, Iasi",98000,1849,3,53
1755,"Bloc nou cadre 2022, mobilat si utilat, 2 camere si loc parcare Oancea","Strada Oancea, Tatarasi Sud, Iasi, Iasi",98000,2000,2,49
1680,APARTAMENT 2 CAMERE MOBILAT SI UTILAT PALAS,"Stradela Adunati, Tudor Vladimirescu, Iasi, Iasi",98000,2390,2,41
1710,"Apartament 2 camere, etaj intermediar, CENTRU PALAS","Strada Malu, Tudor Vladimirescu, Iasi, Iasi",98000,2390,2,41
782,Ap 2 camere Lazar Residence - etaj 2,"Strada Palat, Tudor Vladimirescu, Iasi, Iasi",98000,2450,2,40
2206,"Apartament nou, 2 camere, etaj intermediar, 98 046 euro, NICOLINA","Nicolina 1, Iasi, Iasi",98046,1783,2,55
2022,"Apartament de 2 camere, decomandat, 54.47mp, Nicolina","Soseaua Nicolina, Nicolina 2, Iasi, Iasi",98046,1800,2,54.47
2481,"Proiect Nou - Nicolina Bulevard, apartamente 2 camere, pret Promotiona","Strada Carpati, Nicolina 1, Iasi, Iasi",98050,1783,2,55
1158,"Apartament 2 camere, 54 mp, bloc nou langa LIDL Nicolina, la bulevard","Nicolina 1, Iasi, Iasi",98064,1816,2,54
3537,"Apartament de 3 camere, 68 mp, 2 bai, balcon, zona Nicolina","Soseaua Nicolina, CUG, Iasi, Iasi",98250,1365,3,72
4755,"Apartament cu 3 camere, decomandat, etaj 3\/4, Galata","Soseaua Galata, Galata, Iasi, Iasi",98500,1368,3,72
4680,"Apartament NOU 2 camere, DECOMANDAT, zona CENTRALA - Podu Ros","Podu Ros, Iasi, Iasi",98500,1791,2,55
562,Pacurari-Alpha Bank apartament 3 camere decomandat,"Pacurari, Iasi, Iasi",98500,1824,3,54
747,Apartament 3 Camere Decomandat Pacuraru,"Centru, Iasi, Iasi",98500,1824,3,54
581,"Apartament bloc nou,langa Palas,doua camere cu bucatarie inchisa","Tesatura, Iasi, Iasi",98508,1698,2,58
4212,"Apartament 2 camere Decomandat - Podu Ros - Comision 0, Bloc Nou","Podu Ros, Iasi, Iasi",98508,1802,2,54.67
3723,"Apartamente Clasice, 2 camere, Central - Pret Promotional!","Aleea Rozelor, Podu Ros, Iasi, Iasi",98550,1699,2,58
4185,"Apartament 2 camere, bloc nou, Podu Ros, predare 2023!","Bulevardul Socola, Podu Ros, Iasi, Iasi",98573,1895,2,52.03
2706,Apartament 2 camere decomandat - Podu Ros - Bloc Nou,"Podu Ros, Iasi, Iasi",98573,1896,2,52
885,"Apartament 2 camere, decomandat, confort 1, Podu Ros, 55mp, 98.580euro","Bulevardul Nicolae Iorga, Nicolina 2, Iasi, Iasi",98580,1792,2,55
4472,Penthouse 3 camere D 2 bai 150mp Parcare inclusa Capat Pacurari- Rediu,"Podu Ros, Iasi, Iasi",98845,659,3,150
2739,"Etaj 3! Apartament 3 camere 2 bai - Canta, 73mp, CT, izolat","Podu Ros, Iasi, Iasi",98900,1355,3,73
2748,"Apartament 3 camere DECOMANDAT, Nicolina 2-Clopotari, 67mp !","Nicolina 2, Iasi, Iasi",98900,1476,3,67
3674,"Apartament 4 camere, Nicolina, 96mp, 2 bai, CT, izolat","Podu Ros, Iasi, Iasi",99000,1031,4,96
608,"Apartament 4 camere Dacia , 95 metri, etaj 3 Cod:150714","Bulevardul Dacia, Dacia, Iasi, Iasi",99000,1042,4,95
2416,"Apartament 4 camere, decomandat, de vanzare, zona Dacia","Strada Sucidava, Dacia, Iasi, Iasi",99000,1042,4,95
164,Apartament 4 camere de vanzare Dacia,"Dacia, Iasi, Iasi",99000,1053,4,94
4581,"Apartament 2 camere 76 mp, etaj 2, bloc 2015 CUG sos. Nicolina","CUG, Iasi, Iasi",99000,1151,2,86
2535,"Apartament de 4 camere, 81 mp, etaj intermediar, zona Dacia","Strada Vitejilor, Dacia, Iasi, Iasi",99000,1222,4,81
3089,"Pacurari, apartament cu 3 camere mobilat si utilat, bloc nou","Soseaua Pacurari, Canta, Iasi, Iasi",99000,1294,3,76.53
2808,"Apartament cu 3 camere, bloc nou 2020, intabulat, mobilat si utilat, P","Soseaua Pacurari, Pacurari, Iasi, Iasi",99000,1303,3,76
3287,"De vanzare : 3 camere,bloc nou,D, zona Bucium Visan, 84 MP, 99000 Euro","Bucium, Iasi, Iasi",99000,1320,3,75
1805,"Apartament 3 camere, decomandat, 73 mp, etaj 3 , zona Canta-Pacurari!","Canta, Iasi, Iasi",99000,1338,3,74
3866,"Apartament 3 camere mobilat,utilat, etaj 4/4 cu pod! Gara Nicolina!","Nicolina 1, Iasi, Iasi",99000,1338,3,74
775,"Apartament 3 camere, 2 bai, decomandat, Et. 2, CUG","CUG, Iasi, Iasi",99000,1375,3,72
1628,"Apartament 3 camere, decomandat , 70 mp, DIMINETII","Strada Diminetii, Frumoasa, Iasi, Iasi",99000,1414,3,70
2659,"Apartament cu 3 camere, decomandat, 72mp, et 3\/4, Centrala, Canta","Strada Canta, Canta, Iasi, Iasi",99000,1523,3,65
2794,"Apartament nou, 2 camere 65mp, decomandat, Moara de Vant","Stradela Moara de Vant, Iasi, Iasi",99000,1523,2,65
1557,Apartament 2 camere Green Park,"Centru, Iasi, Iasi",99000,1707,2,58
4444,"Apartamente 2 camere decomandat, bloc nou finalizat in Copou!","Agronomie, Iasi, Iasi",99000,1737,2,57
2322,"Cug, Providenta, 2 camere cu mutare imediata","CUG, Iasi, Iasi",99000,1768,2,56
2987,"Centru - Piata Unirii, apartament cu 3 camere, etaj 2","Strada Arcu, Centru, Iasi, Iasi",99000,1784,3,55.48
2534,"Etaj 1! Apartament 2 camere Centru - Targu Cucu, 52mp","Podu Ros, Iasi, Iasi",99000,1904,2,52
2537,Apartament/Spatiu Birouri Targu Cucu - Tribunalul Iasi,"Podu Ros, Iasi, Iasi",99000,1904,3,52
4029,"Ultracentral, apartament liber, 2 camere decomandate, 99000e","Strada Costache Negri, Centru, Iasi, Iasi",99000,2475,2,40
570,"Tatarasi, la 5 min de Kaufland, apartament cu 2 camere, la bloc nou","Tatarasi Sud, Iasi, Iasi",99150,1458,2,68
1225,Apartament 3 camere Decomandat. etj mic. Pta Voievozilor,"Strada Musatini, Alexandru Cel Bun, Iasi, Iasi",99200,1378,3,72
2676,"Apartamente 2 camere decomandat, complex rezidential nou in Copou, COM","Agronomie, Iasi, Iasi",99350,1528,2,65
3831,"Apartament 2 camere decomandat confort I sporit, bloc nou Copou, compl","Carol I, Iasi, Iasi",99350,1552,2,64
2148,"Frumoasa, margine de padure, 3 camere decomandat cu 2 bai","Iasi, Iasi",99371,1380,2,72
3454,"Proiect NOU, Continental - Frumoasa , 3 camere dec cu 2 bai","Soseaua Manta Rosie, Bularga, Iasi, Iasi",99371,1380,3,72
3027,"Apartament 3 camere, decomandat, priveliste minunata","Manta Rosie, Iasi, Iasi",99371,1390,3,71.49
4747,Pret Promo Apart 3 camere Manta Rosie Residence,"Strada Manta Rosie, Frumoasa, Iasi, Iasi",99371,1390,3,71.5
3094,Apartament cu 4 camere de 125mp in zona Tatarasi - Metalurgie,"Tatarasi Sud, Iasi, Iasi",99500,888,4,112
3398,"Apartament 4 camere de vanzare decomandat, Tatarasi Metalurgiei","Strada Gradinari, Tatarasi Sud, Iasi, Iasi",99500,888,4,112
3750,"Apartament 3 camere, 2 bai, ETAJ 2, BLOC NOU, Cug, langa bulevard","CUG, Iasi, Iasi",99500,1292,3,77
4608,"Apartamente de vanzare, 3 camere, bloc nou, zona CUG COMISION 0%","Aleea Tudor Neculai, CUG, Iasi, Iasi",99500,1345,3,74
3553,"3 cam decomandat, 1986, mobilat utilat, parcare, Nicolina 1","Nicolina 1, Iasi, Iasi",99500,1363,3,73
2396,"Pacurari, la 2 statii de UMF, apartament cu 2 camere, mobilat","Pacurari, Iasi, Iasi",99500,2488,2,40
166,"Apartament 3 camere de vanzare Alexandru cel Bun, Piata Voievozilor","Alexandru Cel Bun, Iasi, Iasi",99700,1385,3,72
2728,"3 CAMERE NICOLINA - Aleea Tudor Neculai, 73mp, etaj 1, PREMIUM","CUG, Iasi, Iasi",99750,1366,3,73
1185,"AP 3 CAM CANTA, MOARA DE FOC, PACURARI, GRADINA, BECI PROPRIU","Soseaua Pacurari, Pacurari, Iasi, Iasi",99800,1490,3,67
1610,"TUDOR VLADIMIRESCU, IULIUS MALL, AP 3 CAM, ET INTERMEDIAR","Bulevardul Tudor Vladimirescu, Tudor Vladimirescu, Iasi, Iasi",99800,1535,3,65
3858,"Proiect Deosebit, Apartament 3 camere D, 2 bai, zona Dacia- Pacurari","Strada Tabacului, Dacia, Iasi, Iasi",99900,1218,3,82
4200,Copou - Ap 2 camere complex rezidential,"Copou, Iasi, Iasi",99900,1249,2,80
4826,Apartament 3 camere-Pacurari/78mp,"Pacurari, Iasi, Iasi",99900,1269,3,78.75
3845,"Ap 3 cam decomandat, bloc nou, 2 bai, dressing, etajul 1","Soseaua Nicolina, CUG, Iasi, Iasi",99900,1350,3,74
2736,"Apartament 3 camere, RENOVAT, 73 mp, ETAJ 1, bloc 1984, Nicolina","Nicolina 1, Iasi, Iasi",99900,1368,3,73
2886,"Ap. 2 camere, 62 mp, mobilat și utilat complet, Visoianu","Centru, Iasi, Iasi",99900,1611,2,62
696,Apartament 3 camere decomandat cu gradina+parcare -Providenta Nicolina,"CUG, Iasi, Iasi",99900,1638,3,61
2661,"Apartament cu 2 camere, 58mp, Bloc nou 2018, loc de parcare, mobilat s","Soseaua Pacurari, Pacurari, Iasi, Iasi",99900,1850,2,54
3581,"CENTRU, APARTAMENT 2 CAMERE DECOMANDAT 1900 EURO/MP","Strada Strapungerea Silvestru, Gara, Iasi, Iasi",99900,2172,2,46
2761,"MOBILAT!Etaj 1!BOXA!Apart 3 cam.,Pacurari-Rasarit de Soare-Alpha Bank","Pacurari, Iasi, Iasi",99990,1449,3,69
2834,"MOBILAT! Etaj 1! Apart. 3 cam., Pacurari-Rasarit de Soare-Alpha Bank","Pacurari, Iasi, Iasi",99990,1449,3,69
2711,Mobilat si Utilat!INTABULAT!Apartament 2 camere decomandat 61mp Copou,"Copou, Iasi, Iasi",99990,1639,2,61
3660,"Apartament 4 camere 94 MP-Canta-Pacurari, bloc pe cadre, 1982, renovat","Canta, Iasi, Iasi",99999,1064,4,94
2423,"Vânzare / Cesiune contract - Apart. 2 camere, Copou Garden Residence","Carol I, Iasi, Iasi",99999,1799,2,55.6
2438,Vanzare apartament 3 camere decomandat - Nicolina,"Podu Ros, Iasi, Iasi",100000,1282,3,78
2687,2 camere 51 mp terasa 22 mp Alexandru Piata Voievozilor,"Podu Ros, Iasi, Iasi",100000,1370,2,73
1074,Apartament 3 camere,"Centru, Iasi, Iasi",100000,1389,3,72
4264,Apartament 3 camere D 2 bai Beci Nicolina CUG bulevard,"Podu Ros, Iasi, Iasi",100000,1429,3,70
3632,"Apartament 3 camere, 66 mp, zona Lunca Cetatuii","Podu Ros, Iasi, Iasi",100000,1515,3,66
114,"Apartament 2 camere Pacurari , 65 metri, etaj 5 Cod:151159","Soseaua Pacurari, Pacurari, Iasi, Iasi",100000,1538,2,65
2136,Apartament 3 camere Podu de Fier,"Centru, Iasi, Iasi",100000,1613,3,62
1810,"Apartament 2 camere semidecomandat, 54 mp, zona Pacurari-Kaufland!","Pacurari, Iasi, Iasi",100000,1724,2,58
2717,Apartament 2c Palas Campus,"Centru, Iasi, Iasi",100000,1961,2,51
3702,"Apartamente noi, 3 camere zona COPOU! Discount pt plata CASH!","Aleea Mihail Sadoveanu, Agronomie, Iasi, Iasi",100050,1450,3,69
1656,Apartament 2 camere Bloc Nou 2024 - Nicolina,"Podu Ros, Iasi, Iasi",100200,1789,2,56
4726,"Apartament 2 camere decomandat, finalizat, Copou complex rezidential n","Strada Baltagului, Carol I, Iasi, Iasi",100300,1644,2,61
4003,"Finalizat! Apartament 2 camere open space, partial mobilat, Royal Town","Podu Ros, Iasi, Iasi",100300,1667,2,60.17
4576,"Finalizat! Apartament finisaje PREMIUM, 2 camere, 60 mp, Copou","Podu Ros, Iasi, Iasi",100300,1667,2,60.17
4815,"Finalizat! Apartament 2 cam, etaj 1, partial mobilat, Royal Town","Podu Ros, Iasi, Iasi",100300,1667,2,60.17
835,"Apartamente 2 camere dublu orientat, Copou, bloc nou finalizat!","Agronomie, Iasi, Iasi",100300,1672,2,60
3299,"Apartament 2 camere, cartier Pacurari, pozitionat ideal fata de oras","Pacurari, Iasi, Iasi",100771,1134,2,88.86
3873,"Finalizat! Apartament 2 camere, Royal Town, Comision 0","Podu Ros, Iasi, Iasi",100800,1800,2,56
4173,"Finalizat! Apartament nou, priveliște deosebită, Royal Town","Podu Ros, Iasi, Iasi",100800,1800,2,56
3374,"Cel mai nou si inovativ proiect imobiliar, in zona Dacia","Strada Luca Arbore, Canta, Iasi, Iasi",100900,1345,3,75
4326,"Apartament ,3 camere D , bloc nou finalizat, Pacurari- sos Rediu","Strada Crizantemelor, Pacurari, Iasi, Iasi",100970,1161,3,87
3222,"3 Camere,Finisaje de Lux, NOU, incalzire pardoseala, zona Galata, 76MP","Mircea cel Batran, Iasi, Iasi",101000,1485,3,68
1940,"Apartamente 2 camere mobilat si utilat modern Copou, bloc nou finaliza","Agronomie, Iasi, Iasi",101000,2196,2,46
3305,"Apartament de vis, 3 camere, decomandat, nou, Tatarasi","Aviatiei, Iasi, Iasi",101376,1596,3,63.5
4043,"Apartament etaj 2 ,complex Royal Town, Iasi","Podu Ros, Iasi, Iasi",101450,1745,1,58.15
4246,"Apartament premium decomandat, 58 mp, bloc nou (comision 0)","Podu Ros, Iasi, Iasi",101450,1745,2,58.15
4632,"Apartament 1 camera, Copou - Royal Town","Podu Ros, Iasi, Iasi",101450,1745,1,58.15
2575,"Proiect Deosebit, Apartamente noi - 3 camere 2 bai, direct Dezvoltator","Strada Vasile Lupu, Tatarasi Sud, Iasi, Iasi",101470,1208,3,84
1156,"Copou, apartament cu 2 camere decomandat, bloc nou","Aleea Sadoveanu, Carol I, Iasi, Iasi",101500,1664,2,61
2941,"Apartament 2 camere decomandat, Copou complex rezidential nou, mutare","Bulevardul Carol I, Copou, Iasi, Iasi",101500,1664,2,61
4222,"Apartament finisaje PREMIUM 2 camere, Copou, Iasi","Podu Ros, Iasi, Iasi",101500,1668,2,60.85
4299,Apartamente noi cu 2 camere de vanzare in Iasi situate pe zona Copou,"Strada Costache Negri, Centru, Iasi, Iasi",101500,1750,2,58
4682,"Apartament 2 camere decomandat- 60, 43 mp -PACURARI-complex nou","Pacurari, Iasi, Iasi",101620,1694,2,60
4383,Apartamente noi 2 camere de vanzare Iasi Copou COMISION 0%,"Strada Baltagului, Carol I, Iasi, Iasi",101765,1542,2,66
4384,Apartamente noi 2 camere de vanzare Iasi Copou COMISION 0%,"Strada Baltagului, Carol I, Iasi, Iasi",101765,1755,2,58
1932,Apartament 4Cam Transformat in 3Cam Nicolina Etaj Intermediar 88MP,"Nicolina 2, Iasi, Iasi",101900,1158,4,88
1295,Apartament 3 camere Tatarasi,"Strada Aurel Vlaicu, Aviatiei, Iasi, Iasi",101900,1617,3,63
1892,Apartament 4Cam Transformat in 3Cam Nicolina Etaj Intermediar 88MP,"CUG, Iasi, Iasi",102000,1159,4,88
4743,"Apartamente premium, in cel mai mare proiect rezidential","Fundatura Pacureti, Pacurari, Iasi, Iasi",102000,1417,3,72
577,"Apartament 2 camere decomandat,zona Zimbru,63 mp","Dacia, Iasi, Iasi",102000,1619,2,63
3328,"Apartament 2 camere, ULTRACENTRAL, ETAJ 1, BLOC NOU, Stefan cel Mare","Copou, Iasi, Iasi",102000,1672,2,61
3193,Apartament 2 camere cu gradina proprie in proprietate,"Pacurari, Iasi, Iasi",102428,1933,2,53
1400,Apartament 3 camere Gara Mc Donalds Râpa Galbena,"Centru, Iasi, Iasi",102500,1385,3,74
4375,Apartamente noi 2 camere de vanzare Iasi Copou COMISION 0%,"Strada Baltagului, Carol I, Iasi, Iasi",102660,1555,2,66
269,"Comision 0! 3 Camere, Decomandat, Bloc nou-Finalizat, CUG la Bulevard","CUG, Iasi, Iasi",102800,1300,2,79.1
2619,"Apartament in cartier inedit, 3 camere, Frumoasa, Iasi","Frumoasa, Iasi, Iasi",102860,1390,3,74
2643,Decomandat -- Apartament NOU 3 Camere 74 mp + Gradina 40 mp -- CUG,"CUG, Iasi, Iasi",102900,1391,3,74
2300,"Ap 3 cam, 93 mp, finisaje lux, incalz pard, parcare, capat Pacurari","Pacurari, Iasi, Iasi",103000,1108,3,93
2286,Apartament cu 4 camere Nicolina între Catedrala Catolică și Rond Vechi,"Nicolina 2, Iasi, Iasi",103000,1120,4,92
2861,Apartament 3 Camere Decomandat - 2 bai - 80 mp - zona GUG,"Podu Ros, Iasi, Iasi",103000,1288,3,80
1328,Apartament 4 Camere Nicolina Selgros 94 Mp,"Soseaua Nicolina, Nicolina 1, Iasi, Iasi",103000,1338,4,77
2985,Apartament 4 camere Nicolina Selgros,"Nicolina 2, Iasi, Iasi",103000,1338,4,77
3223,"3 Camere,Finisaje de Lux, NOU, incalzire pardoseala, zona Galata, 75MP","Mircea cel Batran, Iasi, Iasi",103000,1515,3,68
1154,"Copou, aparatment la et 1, bloc nou, finalizat, partial mobilat","Copou, Iasi, Iasi",103000,1717,2,60
2885,"Apartament 2 camere + balcon + terasa, decomandat, complex Lux Copou,","Carol I, Iasi, Iasi",103000,1943,2,53
630,"Apartament doua camere decomandat ,Piata Unirii,etaj intermediar","Centru, Iasi, Iasi",103000,2146,2,48
3892,"Proiect Nou, 3 camere 2 bai, 2 km Nicolina-Belvedere","Stradela Arhitect Berindei Ioan, Galata, Iasi, Iasi",103323,1111,3,93
1186,"AP 2 CAM NOU PALAS, PODU ROS, IULIUS, DECOMANDAT","Strada Nicolina, Podu Ros, Iasi, Iasi",103390,1814,2,57
1717,PODU ROS NOU APARTAMENT 2 CAMERE 58MP,"Bulevardul Socola, Nicolina 2, Iasi, Iasi",103400,1783,2,58
1981,"Apartamente noi, 3 camere decomandat, Plata si in RATE!","Bulevardul Poitiers, Frumoasa, Iasi, Iasi",103415,1398,3,74
106,Apartament 3 camere 85.42 mp,"Strada Diminetii, Frumoasa, Iasi, Iasi",103416,1390,3,74.4
4039,"Apartament 2 camere, decomandat, semicentral, cu locatie excelenta","Nicolina 2, Iasi, Iasi",103433,1786,2,57.91
560,"Alt apart cu 2 camere in complex rezidential nou, situat in Podu Ros!","Podu Ros, Iasi, Iasi",103433,1881,2,55
3152,"Apartament 2 camere, decomandate, 57.91mp, zona Nicolina","Strada Mitropolit Varlaam, Nicolina 2, Iasi, Iasi",103433,1892,2,54.67
3493,"DP Rezidential - apartamente noi 1,2 camere Moara de Vânt -Dezvoltator","Moara de Vant, Iasi, Iasi",103950,2121,2,49
12,"Apartament 3 camere ,2 bai, Sos Nicolina-Cug","CUG, Iasi, Iasi",104000,860,3,121
1619,Apartament 4 camere decomandat 100mp PACURARI,"Soseaua Pacurari, Pacurari, Iasi, Iasi",104000,1040,4,100
3593,"Apartament nou, 3 camere de vanzare, situat in zona Popas Pacurari.","Pacurari, Iasi, Iasi",104000,1238,3,84
4626,Apartamente premium pentru familii fericite! 3 camere + loc parcare,"Soseaua Rediu, Pacurari, Iasi, Iasi",104000,1246,3,83.45
456,Apartament 3 camere Gara Mc Donalds Râpa Galbena,"Podu Ros, Iasi, Iasi",104000,1405,3,74
1222,"Apartament cu 3 camere, zona unicata orientat S-V.","Strada Profesor Paul Ion, Tatarasi Nord, Iasi, Iasi",104000,1848,3,56.28
2139,"Apartament exclusivist! Elegant, finisaje premium!Moara de Vant","Moara de Vant, Iasi, Iasi",104000,2080,2,50
3607,"Apartament nou de 2 camere, 63 mp, Lidl Canta","Strada Luca Arbore, Canta, Iasi, Iasi",104429,1658,2,63
415,"Dezvoltator: Comat Towers, Ap. 3 Cam, TIP 10, 75.5mp, Păcurari – Dacia","Strada Sergent Grigore Ioan, Dacia, Iasi, Iasi",104900,1389,3,75.5
3164,"Ap. 3 Cam - Dezvoltator: Comat Towers, TIP 10, 75.5mp, Păcurari","Dacia, Iasi, Iasi",104900,1389,3,75.5
4345,"Ap. 3 Cam - Dezvoltator: Comat Towers, TIP 10, 75.5mp, Păcurari","Strada Sergent Grigore Ioan, Dacia, Iasi, Iasi",104900,1389,3,75.5
393,"Apartament 3 camere, Nicolina, bulevard, etaj intermediar !","Nicolina 1, Iasi, Iasi",104900,1520,3,69
4143,"Apartament 3 camere, la 700m Rond Pacurari","Podu Ros, Iasi, Iasi",104900,1748,3,60
4022,"ULTRACENTRAL! Apartament 2 camere, fara risc , PIATA UNIRII","Centru, Iasi, Iasi",104900,2098,2,50
2893,RATE LA DEZVOLTATOR- IASI –Pacurari - Apartament cu 3 camere + parcare,"Pacurari, Iasi, Iasi",104930,1399,3,75
2185,"Apartament de LUX cu 2 camere, decomandat, 64 mp, Baroque Residence","Soseaua Bucium, Zona Industriala, Iasi, Iasi",104999,1641,2,64
3793,"Apartament 5 camere de vanzare, tip duplex, 118mp Canta- Pacurari","Strada Canta, Canta, Iasi, Iasi",105000,890,5,118
4644,OCAZIE! LUX ! 4 Cam 105000 € 105 mp-NICOLINA-CUG loc de parcare,"Podu Ros, Iasi, Iasi",105000,1000,4,105
2404,"Etaj 3! Apartament 4 camere Dacia, 95mp, CT, AC","Podu Ros, Iasi, Iasi",105000,1105,4,95
271,Apartament 3 camere Arcu,"Strada Pacurari, Pacurari, Iasi, Iasi",105000,1117,3,94
3370,"Apartament cu 3 camere, complet decomandat, Pacurari-Rediu","Pacurari, Iasi, Iasi",105000,1129,3,93
597,Apartament de vanzare 3 camere Gara CL-uri,"Gara, Iasi, Iasi",105000,1141,3,92
1758,"apartament zona Arcu, persoana fizica","Centru, Iasi, Iasi",105000,1141,3,92
254,Proprietar-vand apartament nou 3 camere Vasile Lupu 95G,"Tatarasi Sud, Iasi, Iasi",105000,1154,3,91
2464,"FINALIZAT apartament 3 camere, tip duplex, 91 mp, 105000 euro,Tatarasi","Tatarasi Sud, Iasi, Iasi",105000,1154,3,91
3418,"Apartament cu o compartimentare eficienta, zona Pacurari-rediu","Pacurari, Iasi, Iasi",105000,1154,3,91
335,APARTAMENT 4 CAM DEC BLOC PE CADRE 90MP BAZA 3,"Strada O. Teodoreanu, Bularga, Iasi, Iasi",105000,1167,4,90
1674,PACURARI OMV NOU APARTAMENT 3 CAMERE CU GARAJ SI TERASA,"Strada Popauti, Iasi, Iasi",105000,1167,3,90
3440,"Apartament cu 3 camere, complet decomandat, Pacurari-Rediu","Pacurari, Iasi, Iasi",105000,1167,3,90
3567,"Apartament cu 3 camere, complet decomandat,zona Pacurari","Pacurari, Iasi, Iasi",105000,1167,3,90
1205,Apartament 3 camere de vanzare Strapungere Silvestru - Arcu,"Strada Strapungerea Silvestru, Gara, Iasi, Iasi",105000,1193,3,88
2956,"Apt 3 camere, 2 bai-terasa 13 mp/ bloc nou, PACURARI-COMISION 0%!!","Pacurari, Iasi, Iasi",105000,1207,3,87
4710,"Apartament 4 camere, DECOMANDAT, 84mp ! Mircea cel Batran!","Mircea cel Batran, Iasi, Iasi",105000,1250,4,84
1789,"APT cu 3 camere, 2 BALCOANE - zona Dacia","Dacia, Iasi, Iasi",105000,1296,4,81
533,"Etaj 3! Apartament 3 camere 2 bai - Pacurari, 80mp, bloc 2006","Podu Ros, Iasi, Iasi",105000,1313,3,80
1738,Arcu-Ap 3 cam decomandat zona linistita,"Gara, Iasi, Iasi",105000,1313,3,80
2090,Vanzare apartament 3 camere decomandat-Gara Mare,"Podu Ros, Iasi, Iasi",105000,1329,3,79
391,Apartament 3 camere de vanzare Nicolina,"Nicolina 1, Iasi, Iasi",105000,1382,3,76
2424,Vand apartament 3 camere decomandat,"Centru, Iasi, Iasi",105000,1382,3,76
3579,"Nicolina - prima statie la Bulevard, Apartament 3 camere, decomandat","Nicolina 1, Iasi, Iasi",105000,1400,3,75
4247,"Apartament 3 cam cu garaj si terasa,imobil tip vila,Pacurari","Soseaua Rediu, Pacurari, Iasi, Iasi",105000,1400,3,75
2267,Apartament 2 Camere Decomandat + Terasa - Bloc 2020 - Alexandru,"Podu Ros, Iasi, Iasi",105000,1438,2,73
941,"Apartament 3 camere Nicolina , 72 metri, etaj 1 Cod:150823","Podu Ros, Iasi, Iasi",105000,1458,3,72
1016,"Apartament 3 camere Podu Ros , 72 metri, etaj 1 Cod:150823","Podu Ros, Iasi, Iasi",105000,1458,3,72
1886,Vand apartament 3 camere pizza NICO,"Centru, Iasi, Iasi",105000,1544,3,68
2381,"Apartament 3 camere, Gara-Centru","Gara, Iasi, Iasi",105000,1567,3,67
4431,"Centru - Strada Garii, Apartament 3 camere, decomandat, etajul 8","Gara, Iasi, Iasi",105000,1567,3,67
2593,"Ap 3 cam, Nou,Intabulat,Parter, 79 mp, Ac, 3 Balcoane, 2 bai, Pacurari","Pacurari, Iasi, Iasi",105000,1591,3,66
3671,"Apartament 3 camere , 3 balcoane, Pacurari","Pacurari, Iasi, Iasi",105000,1591,3,66
1463,Apartament 3 camere - 65 mp - Bloc Nou - Lidl - Bucium,"Podu Ros, Iasi, Iasi",105000,1615,3,65
3126,"Apartament 3 camere, 62mp+terasa 14mp+loc de parcare, in zona...","Strada Stefan Luchian, Nicolina 1, Iasi, Iasi",105000,1694,3,62
2825,"Apartament 2 cam, decomandat, de vanzare in zona Copou Aleea Copou","Strada Baltagului, Agronomie, Iasi, Iasi",105000,1750,2,60
3885,"Apartament 2 camere LUX, mobilat, DECOMANDAT, etaj 3, Royal Town Copou","Copou, Iasi, Iasi",105000,1750,2,60
4675,"Apartament de vanzare, Decomandat, zona Tatarasi - Tudor Vladimeirescu","Strada Han Tatar, Tatarasi Sud, Iasi, Iasi",105000,1750,2,60
554,"Apartament nou, 2 camere decomandat, mobilat si utilat","Podu Ros, Iasi, Iasi",105000,1875,2,56
2917,Apartament 2 camere Hala Centrala,"Centru, Iasi, Iasi",105000,1981,2,53
7,Apartament spre vânzare,"Moara de Vant, Iasi, Iasi",105000,2019,2,52
4583,"Centru Civic - A . Panu , 2 camere , etaj 1 , liber","Strada Anastasie Panu, Centru, Iasi, Iasi",105000,2333,2,45
3043,"Proiect Nou Tatarasi - Kaufland, Ap3Cam 2 bai, parcare inclusa!!","Strada Aurel Vlaicu, Aviatiei, Iasi, Iasi",105125,1440,3,73
369,"Complex rezidential nou, apartament cu 3 camere, 2 bai, 84 mp, Tataras","Strada Aurel Vlaicu, Aviatiei, Iasi, Iasi",105300,1463,3,72
366,"Proiect nou, apartament cu 3 camere, 2 bai, zona Tatarasi,piata 2 Baie","Strada Aurel Vlaicu, Aviatiei, Iasi, Iasi",105400,1464,3,72
4705,"Apartament finalizat! 3 camere, Tatarasi Comision 0%","Strada Aurel Vlaicu, Aviatiei, Iasi, Iasi",105600,1650,3,64
3077,"Apartament 3 camere, decomandat, nou, Tatarasi","Aviatiei, Iasi, Iasi",105600,1663,3,63.5
4536,"Bucium, 2 camere in cel mai nou complex rezidential","Soseaua Bucium, Bucium, Iasi, Iasi",105976,1611,2,65.8
376,"Apartament 4 camere Frumoasa , 90 metri, etaj 1 Cod:148492","Bulevardul Poitiers, Frumoasa, Iasi, Iasi",106000,1178,4,90
2995,"Apartament 4 camere decomandat, 2 Bai, 2 Balcoane - Frumoasa","Podu Ros, Iasi, Iasi",106000,1178,4,90
3429,"Apartament nou, 3 camere de vanzare, situat in zona Popas Pacurari.","Pacurari, Iasi, Iasi",106000,1262,3,84
1111,"Apartament 4 camere decomandat in Nicolina, COMISION 0","Strada Frumoasa, Nicolina 2, Iasi, Iasi",106000,1293,4,82
1401,"Ap 4 camere decomandat, 82 mp utili + beci propriu 10 mp, Nicolina","Podu Ros, Iasi, Iasi",106000,1293,4,82
2662,"Apartament 4 camere 2 băi, Nicolina - prima statie, 82mp, CT","Podu Ros, Iasi, Iasi",106000,1293,4,82
2681,Apartament 4 camere decomandat - Nicolina,"Podu Ros, Iasi, Iasi",106000,1293,4,82
2205,Apartament 3 camere Gara,"Strada Garii, Gara, Iasi, Iasi",106000,1472,3,72
4879,Apartament 3 camere et 1 Pacurari Alpha Bank bloc nou,"Centru, Iasi, Iasi",106000,1536,3,69
427,"Apartament 2 camere Copou - etaj 7/10 , partial mobilat","Copou, Iasi, Iasi",106000,1738,2,61
1845,Apartament 3 camere Tudor Bucsinescu,"Strada Bucsinescu, Centru, Iasi, Iasi",106000,1860,3,57
1083,Apartament 2 camere Alecsandri,"Centru, Iasi, Iasi",106000,2304,2,46
4361,Apartament 2 camere Palas et1 45mp,"Centru, Iasi, Iasi",106000,2356,2,45
4377,Apartamente noi 2 camere de vanzare Iasi Copou COMISION 0%,"Strada Baltagului, Carol I, Iasi, Iasi",106129,1561,2,68
4378,Apartamente noi 2 camere de vanzare Iasi Copou COMISION 0%,"Strada Baltagului, Carol I, Iasi, Iasi",106129,1584,2,67
1745,"ADAMANT ECLYPSE, 3 camere, TIP 3A, 81.9mp, CUG-BRD","Strada Hlincea, CUG, Iasi, Iasi",106470,1523,3,69.9
1767,"ADAMANT ECLYPSE, 3 camere, TIP 3A, 81.9mp, CUG-BRD","Strada Hlincea, CUG, Iasi, Iasi",106470,1530,3,69.6
4381,Apartamente noi 2 camere de vanzare Iasi Copou COMISION 0%,"Strada Baltagului, Carol I, Iasi, Iasi",106470,1543,2,69
4776,"Apartament 2 camere de vanzare Copou, blocuri noi Iasi","Aleea Mihail Sadoveanu, Carol I, Iasi, Iasi",106470,1543,2,69
965,Apartament decomandat 3 camere 66 mp Bucium Lidl,"Bucium, Iasi, Iasi",106500,1718,3,62
3066,"Apartamente noi 3 camere, 2 bai , Tatarasi - Kaufland parcare inclusa","Strada Aurel Vlaicu, Aviatiei, Iasi, Iasi",106575,1440,3,74
1528,"Apartament 4camere, 2bai Pacurari","Soseaua Pacurari, Pacurari, Iasi, Iasi",106600,1198,4,89
419,"Dezvoltator: Comat Towers, Ap. 3 Cam, TIP 10B, 75 mp, Păcurari–Dacia","Strada Sergent Grigore Ioan, Dacia, Iasi, Iasi",106900,1425,3,75
3166,"Ap. 3 Cam - Dezvoltator: Comat Towers,TIP 10B, 75mp, Păcurari","Dacia, Iasi, Iasi",106900,1425,3,75
4344,"Ap. 3 Cam - Dezvoltator: Comat Towers,TIP 10B, 75mp, Păcurari","Strada Sergent Grigore Ioan, Dacia, Iasi, Iasi",106900,1425,3,75
4364,"Ap. 3 Cam - Dezvoltator: Comat Towers, TIP 10B, 75 mp, Păcurari","Strada Sergent Grigore Ioan, Dacia, Iasi, Iasi",106900,1425,3,75
2066,"Apartament 3 camere, 72 mp, DECOMANDAT, mobilat, fara risc, Podu Ros","Podu Ros, Iasi, Iasi",106900,1485,3,72
1663,"AP 3 CAM CUG, MUTARE IMEDIATA, DISPUNERE PE 2 ETAJE","Soseaua Nicolina, CUG, Iasi, Iasi",107000,973,3,110
3628,"Apartament cu 3 camere, 110mp, Cug","Podu Ros, Iasi, Iasi",107000,973,3,110
1458,Privat vand apart bloc 2021 supraf 107mp utilat complet,"Centru, Iasi, Iasi",107000,1000,3,107
3453,"Apartament 3 camere, 95 mp, MODERN, etaj 3/4, bloc 1980, Dacia","Dacia, Iasi, Iasi",107000,1126,2,95
2902,"Apartament 3 camere, etaj 7/8 ! Nicolina-Rond Vechi, 88mp!","CUG, Iasi, Iasi",107000,1216,3,88
3049,Apartament 3CamDecomandat Nicolina Rond Vechi Renovat Mobilat,"Nicolina 2, Iasi, Iasi",107000,1216,3,88
942,"Apartament cu 3 camere+2 bai, decomandat, 87mp, Pacurari, 107.000 euro","Fundatura Pacureti, Pacurari, Iasi, Iasi",107000,1230,3,87
3930,"Apartament 3 camere, predare rapida, 80 mp, Pacurari","Pacurari, Iasi, Iasi",107000,1289,3,83
3423,"APARTAMENT 3 camere, 2 bai, 95mp, etaj 3/4, renovat, Dacia-Bicaz","Podu Ros, Iasi, Iasi",107000,1321,3,81
1594,"Apartament 3 camere, CUG","Soseaua Nicolina, CUG, Iasi, Iasi",107000,1338,3,80
1650,Apartament 3 camere la bulevard langa BrRD CUG,"Soseaua Nicolina, CUG, Iasi, Iasi",107000,1338,3,80
2380,"Apartament 3 camere, 80 mp, RENOVAT, bloc 1986, Nicolina Cug","CUG, Iasi, Iasi",107000,1338,3,80
3428,"Apartament 3 camere Nicolina, 80mp, CT, mobilat + utilat","Podu Ros, Iasi, Iasi",107000,1338,3,80
4358,"Apartamente noi. 3 camere decomandate, proiect Deosebit! Pacurari","Soseaua Pacurari, Pacurari, Iasi, Iasi",107000,1338,3,80
2776,"Apartament 3 camere Etaj 1, BULEVARD! Nicolina-Prima Statie!","Nicolina 1, Iasi, Iasi",107000,1372,3,78
1173,"Apartament finalizat, 3 camere decomandat, Pacurari","Strada Luca Arbore, Dacia, Iasi, Iasi",107000,1446,3,74
2152,"OFERTA! -Apartament cu 3 camere, 72 mp, decomandat, Podu Ros-Central","Strada Cercel, Podu Ros, Iasi, Iasi",107000,1486,3,72
4167,"3 CAM LUX, mobilat utilat, bloc nou, doua parcari, rond Pacurari","Pacurari, Iasi, Iasi",107000,1529,3,70
1434,"Complex de top! 3 camere cu gradina/balcon, cu rate/credit, Pacurari","Podu Ros, Iasi, Iasi",107000,1551,3,69
4262,Apartamente noi 2 camere de vanzare Iasi Copou COMISION 0%,"Strada Baltagului, Carol I, Iasi, Iasi",107000,1551,2,69
3064,"Apartament 2 camere decomandat, Copou complex rezidential, mobilat &#5","Bulevardul Carol I, Copou, Iasi, Iasi",107000,1783,2,60
4292,"Apartamente Noi, Ultracental - Palas, 2 camere","Podu Ros, Iasi, Iasi",107000,2744,2,39
3194,"Apartament 1 camera, decomandat, semicentral, Iasi","Uzinei, Iasi, Iasi",107000,2892,1,37
3237,"Apartament 3 camere cu balcon, Valea Lupului, Iasi","Pacurari, Iasi, Iasi",107030,1551,3,69
2972,"Apartament 2 camere, Copou, zona Sadoveanu","Copou, Iasi, Iasi",107110,1920,2,55.8
3703,"Apartamente noi, 3 camere, COPOU - Sadoveanu, Discount pentru plata CA","Aleea Mihail Sadoveanu, Agronomie, Iasi, Iasi",107300,1450,3,74
3744,"Apartament 3 camere, 60 mp, semidecomandat, Hipodrom 2","Strada Miroslava, Nicolina 1, Iasi, Iasi",107500,1792,3,60
3321,pf Penthouse apart-107mp cu parcare bloc 2021 INTABULAT,"Centru, Iasi, Iasi",108000,1000,3,108
1041,Apartament 3 camere - BLOC NOU - Mobilat si utilat - CUG,"CUG, Iasi, Iasi",108000,1080,3,100
1262,"Ap 4 cam decomandat, amenajat, bloc cadre, bulevard","Dacia, Iasi, Iasi",108000,1200,4,90
4479,"Apartament 4 camere, renovat, 90mp, 2 bai","Podu Ros, Iasi, Iasi",108000,1200,4,90
2533,"INTABULAT, apartament nou, 3 camere, 2 bai, POD BUCIUM, 3 km de PALAS","Bucium, Iasi, Iasi",108000,1403,3,77
2700,"Apartament NOU 3 camere, DECOMANDAT, INTABULAT, BLOC NOU, pod Bucium","Bucium, Iasi, Iasi",108000,1403,2,77
4195,"Apartamente de lux in Centru, zona PALAS, Comision 0%","Strada Zimbrului, Tudor Vladimirescu, Iasi, Iasi",108000,1929,2,56
1905,"Centru - Stefan cel Mare , apartament 2 camere, etaj mic , liber","Bulevardul Stefan cel Mare si Sfant, Centru, Iasi, Iasi",108000,2000,2,54
4052,"Centru - Stefan cel Mare , 2 camere , etaj intermediar , liber !","Bulevardul Stefan cel Mare si Sfant, Centru, Iasi, Iasi",108000,2000,2,54
4628,Apartament 2Cam Copou Bloc Noul Posibilitate Rate Dezvoltator,"Agronomie, Iasi, Iasi",108490,1644,1,66
4124,"Apartament de vanzare, finisaje premium 2 cam, Iasi","Podu Ros, Iasi, Iasi",108490,1650,2,65.75
4863,"Apartament 2 camere decomandat, Royal Town","Aleea Mihail Sadoveanu, Agronomie, Iasi, Iasi",108490,1650,2,65.75
4531,Apartament 3 camere decomandat Moara de Vant,"Stradela Moara de Vant, Iasi, Iasi",108525,1447,3,75
2055,Venetia Residence - 3 camere - Dezvoltator - locație unica - Tatarasi,"Tatarasi Nord, Iasi, Iasi",108615,1309,3,83
811,"Apartament 3 camere 88mp, pret 108900 Euro Copou-Aleea Mihai Sadoveanu","Copou, Iasi, Iasi",108900,1238,3,88
4201,"Apartament 3 camere Pacurari, 125mp, CT, AC","Podu Ros, Iasi, Iasi",109000,872,3,125
3344,"De vanzare : Apartament 3 camere, Bloc Nou, 64 MP cu gradina 130 mp","CUG, Iasi, Iasi",109000,1703,3,64
2541,"Ap. 1 Cam - Ansamblul rezidențial Sirajardin, TIP 1B, 39 mp - Centru","Stradela Varianta Uzinei, Uzinei, Iasi, Iasi",109060,2947,1,37.01
4688,"Apartament 2 camere + terasa 37 mp /Pacurari-Alpha Bank, bloc nou!!","Pacurari, Iasi, Iasi",109225,1241,2,88
4294,Apartamente noi cu 2 camere decomandate de vanzare in Iasi situate pe,"Strada Costache Negri, Centru, Iasi, Iasi",109300,1656,2,66
2612,Apartament 4 camere Decomandat. Zimbru. 93 mp,"Strada Tabacului, Dacia, Iasi, Iasi",109500,1177,4,93
2071,"Rate la dezvoltator, apartament cu 3 camere, Frumoasa","Iasi, Iasi",109500,1460,3,75
3598,"Apartament 2 camere in ansamblu rezidential premium, 75 mp, zona...","Strada Prof. Antonin Ciolan, Carol I, Iasi, Iasi",109510,1856,2,59
2778,Spatiu comercial de vanzare Canta,"Canta, Iasi, Iasi",109900,1895,2,58
3393,ULTIMELE APARTAMENTE noi cu 3 camere! Complex cu gradina interiaora !,"Copou, Iasi, Iasi",109950,1510,3,72.8
2758,"Apartament 3 camere, open space, de vanzare, zona Galata - Sos. Voines","Soseaua Voinesti, Nicolina 1, Iasi, Iasi",109999,1571,3,70
3182,"OCAZIE! Nicolina -Belvedere,la bulevard Ap 3 CD-120 mp et intermediar","Podu Ros, Iasi, Iasi",110000,917,4,120
4669,Apartament 5 camere de vanzare Canta- Pacurari,"Strada Canta, Canta, Iasi, Iasi",110000,932,5,118
2656,"Apartament 3 camere decomandat, 125mp, bloc din 1995, Lift, Pacurari,","Soseaua Pacurari, Pacurari, Iasi, Iasi",110000,957,3,115
4744,Penthouse cu mutare imediata Cartierul Visoianu,"Nicolina 2, Iasi, Iasi",110000,982,3,112
4011,"Apartament 4 camere, Bicaz-Zimbru, 100mp, etaj intermediar","Dacia, Iasi, Iasi",110000,1196,4,92
119,APARTAMENT 4 CAMERE PACURARI PETRU PONI 91 MP,"Pacurari, Iasi, Iasi",110000,1209,4,91
1198,Ap 2 cam - 84mp - Tatarasi,"Strada Vasile Lupu, Tatarasi Nord, Iasi, Iasi",110000,1310,2,84
3000,"Apartament 3 camere, decomandat, de vanzare, zona Dacia","Bulevardul Dacia, Dacia, Iasi, Iasi",110000,1325,3,83
710,NICOLINA 2 -- ETAJ 1 -- 3 camere decomandar - mare si luminos -renovat,"Nicolina 2, Iasi, Iasi",110000,1341,3,82
1587,"Apartament Nou 3 camere,80mp, Popas Pacurari","Pacurari, Iasi, Iasi",110000,1358,3,81
4695,"Tatarasi Ion Creanga, apartament 4 camere decomandat, bloc fara risc!","Strada Ion Creanga, Tatarasi Nord, Iasi, Iasi",110000,1358,4,81
1989,"Apartament Nou 3 camere,80mp, Popas Pacurari comision 0%","Pacurari, Iasi, Iasi",110000,1375,3,80
2589,Apartament cu 4 camere decomandat-Dacia,"Podu Ros, Iasi, Iasi",110000,1375,4,80
4764,"Apartamente noi, 3 camere, Mutare imediata! Pacurari Comision 0%","Strada Canta, Canta, Iasi, Iasi",110000,1375,3,80
1850,"Apartament cu 3 camere,79mp, situat in Popas Pacurari-Atrium Garden","Pacurari, Iasi, Iasi",110000,1392,3,79
2753,"Apt 3 camere, 2 bai/bloc nou, PACURARI-COMISION 0%!! FINALIZAT!","Pacurari, Iasi, Iasi",110000,1447,3,76
2326,"Apartament nou,finalizat,3 camere,vedere lac,Moara De Vant Iasi","Iasi, Iasi",110000,1467,3,75
759,"Apartament 3 camere, decomandat, zona Bucium","Centru, Iasi, Iasi",110000,1486,3,74
4100,"Apartament 3 camere, DECOMANDAT, mobilat, et INTERMEDIAR, Gara - Arcu","Gara, Iasi, Iasi",110000,1507,3,73
378,"Apartament 3 camere Nicolina , 72 metri, etaj 1 Cod:150823","Podu Ros, Iasi, Iasi",110000,1528,3,72
507,"Apartament 3 camere Podu Ros , 72 metri, etaj 1 Cod:150823","Podu Ros, Iasi, Iasi",110000,1528,3,72
1510,Apartament 3 camere Podu Ros eaj 1,"Strada Sfantul Lazar, Podu Ros, Iasi, Iasi",110000,1571,3,70
2046,Vând apartament 3 camere,"Centru, Iasi, Iasi",110000,1571,3,70
3101,"Apartament cu 2 camera, decomandat, la Family Market, 10min pana la Pa","Soseaua Bucium, Bucium, Iasi, Iasi",110000,1667,3,66
4089,"Apartament 2 camere decomandat confort I sporit, bloc nou Copou, compl","Agronomie, Iasi, Iasi",110000,1667,2,66
4106,"Apartamente 2 camere decomandat, bloc nou Copou!","Agronomie, Iasi, Iasi",110000,1667,2,66
4513,"Apartament cu 3 camere, decomandat, la Family Market, 10min pana la Pa","Soseaua Bucium, Bucium, Iasi, Iasi",110000,1667,3,66
1971,"Apartamente 2 camere decomandat Copou, loc de parcare inclus, bloc nou","Agronomie, Iasi, Iasi",110000,1692,2,65
3612,"Apartament de 3 camere, 64 mp, zona Canta","Strada Toma Cozma, Pacurari, Iasi, Iasi",110000,1719,3,64
2602,Apartament 2 camere ! Tatarasi!,"Tatarasi Sud, Iasi, Iasi",110000,1803,2,61
3051,"Apartament 2 camere, 61 mp, Tatarasi","Strada Dudescu, Tatarasi Nord, Iasi, Iasi",110000,1803,2,61
3715,"Apartament 2 camere de vanzare Tatarasi, decomandat, 61mp+balcon","Tatarasi Sud, Iasi, Iasi",110000,1803,2,61
2387,"Apartament 3 camere, complet MOBILAT, BLOC NOU, Nicolina Lidl","Nicolina 1, Iasi, Iasi",110000,1833,3,60
4871,"Apartament 2 camere, decomandat, Tatarasi, Oancea, direct proprietar","Tatarasi Sud, Iasi, Iasi",110000,1950,2,56.4
982,BLOC NOU TATARASI APARTAMENT 2 CAMERE 56MP MOBILAT UTILAT,"Strada Aurel Vlaicu, Aviatiei, Iasi, Iasi",110000,1964,2,56
2699,"Apartament 2 camere Tatarasi, 56mp, imobil 2022, parcare subterana","Podu Ros, Iasi, Iasi",110000,1964,2,56
4008,"ULTRACENTRAL! Apartament 2 camere, DECOMANDAT, mobilat, Centru - Palas","Centru, Iasi, Iasi",110000,1964,2,56
1631,"Apartament 2 camere, decomandat, confort 1, 54mp, Centru ,110000","Strada Anastasie Panu, Centru, Iasi, Iasi",110000,2037,2,54
4422,"Apartament 2 camere, DECOMANDAT, mobilat LUX, Complex Newton","Podu Ros, Iasi, Iasi",110000,2037,2,54
2563,"Apartament cu 2 camere in Complex Himson, parcare privata","Strada Aurel Vlaicu, Aviatiei, Iasi, Iasi",110000,2115,2,52
1467,Apartament 2 camere decomandate Independentei Y2,"Centru, Iasi, Iasi",110000,2200,2,50
1369,"Apartament 2 cam, open spae de vanzare in zona Tatarasi - Lidl","Strada Vasile Lupu, Tatarasi Sud, Iasi, Iasi",110000,2340,2,47
1372,Apartament 2 camere-Tatarasi-Oancea-Bloc nou,"Tatarasi Nord, Iasi, Iasi",110000,2340,2,47
1425,Apartament 2 Camere - Newton Residence - Spitalul Sf. Maria,"Podu Ros, Iasi, Iasi",110000,2340,2,47
1481,Apartament 2 camere Newton N3,"Centru, Iasi, Iasi",110000,2340,2,47
1980,"Proiect Nou, apartamente 3 camere, 2 bai, Plata si in Rate!","Bulevardul Poitiers, Frumoasa, Iasi, Iasi",110350,1379,3,80
9,"Apartament cu 3 camere, 93.40 mp","Strada Diminetii, Frumoasa, Iasi, Iasi",110366,1390,3,79.4
2179,"Apartament 3 camere, 79.40mp, etaj intermediar, zona Frumoasa","Strada Diminetii, Frumoasa, Iasi, Iasi",110366,1390,3,79.4
2525,"Apartament decomandat in cartier inedit, 3 camere","Frumoasa, Iasi, Iasi",110366,1390,3,79.4
1766,"ADAMANT ECLYPSE, 3 camere, TIP 3B, 84.9mp, CUG-BRD","Strada Hlincea, CUG, Iasi, Iasi",110370,1520,3,72.6
4297,Apartamente noi cu 2 camere de vanzare in Iasi situate pe zona Copou,"Strada Costache Negri, Centru, Iasi, Iasi",110380,1647,2,67
3154,"Apartament de 2 camere, 54 mp, CENTRAL","Strada Vasile Stroescu, Centru, Iasi, Iasi",110499,2046,2,54
3736,"Apartament 2 cam, open space de vanzare in zona Copou - Aleea Sadovean","Agronomie, Iasi, Iasi",110500,2125,2,52
4786,"Apartament 2 camere, complet MOBILAT, INTABULAT, BLOC NOU, Copou","Copou, Iasi, Iasi",110500,2125,2,52
1484,Apartament 2 cam Ultracentral,"Strada Anastasie Panu, Centru, Iasi, Iasi",110980,2055,2,54
26,"Apartament modern si spatios, 3 camere, 2 bai, loc de parcare inclus","Pacurari, Iasi, Iasi",111000,1194,3,93
665,"Apartament 3 camere, D, cu 2 bai, loc de parcare privat","Pacurari, Iasi, Iasi",111000,1194,3,93
1147,"Apartament 3 camere, D, 2 bai, loc de parcare inclus","Pacurari, Iasi, Iasi",111000,1194,3,93
2774,"Esplanada Nicolina Prima Statie 3 camere, etaj 1!","Nicolina 1, Iasi, Iasi",111000,1423,3,78
1947,Apartament 2 camere Centrul Civic Palas Mall,"Strada Costache Negri, Centru, Iasi, Iasi",111000,2313,2,48
549,"Alt apartam nou, extraordinar amplasat, zona Podu Ros, finaliz 2023!","Podu Ros, Iasi, Iasi",111141,1985,2,56
3151,"Apartament 2 camere, decomandate, 65.44 mp, zona Nicolina","Strada Mitropolit Varlaam, Nicolina 2, Iasi, Iasi",111141,2001,2,55.53
3724,"Start Vanzari! Pret Promotional, ap. 2 camere decomandat Central","Bulevardul Socola, Tesatura, Iasi, Iasi",111150,1710,2,65
1697,APARTAMENTE DE TOP 2 CAMERE 66MP,"Bulevardul Socola, Nicolina 2, Iasi, Iasi",111200,1685,2,66
3948,"Apartament 4 camere Nicolina - LIDL, 95mp, 2 bai","Podu Ros, Iasi, Iasi",111500,1174,4,95
4198,"Apartament 3 camere Copou , etaj intermediar","Copou, Iasi, Iasi",111500,1267,3,88
3355,"Rate Dezvoltator: Apartamente 2 camere Royal Town, Copou","Podu Ros, Iasi, Iasi",111580,1750,2,63.76
3828,"Apartament Finisaje Premium 2 camere, 64 mp,Copou (direct dezvoltator)","Podu Ros, Iasi, Iasi",111580,1750,2,63.76
3983,"Apartament 2 camere, Aleea Sadoveanu , Copou , Iasi","Podu Ros, Iasi, Iasi",111580,1750,2,63.76
4060,"Apartament Nou Premium 2 camere, (direct dezvoltator) Copou, Iasi","Podu Ros, Iasi, Iasi",111580,1750,2,63.76
4636,"Apartament 2 camere de vanzare decomandat, Iasi, Copou","Podu Ros, Iasi, Iasi",111580,1750,2,63.76
3801,"Apartament 2 camere, 56 mp, zona Centrala (OFERTA)","Strada Sararie, Copou, Iasi, Iasi",111999,2000,2,56
4084,De vanzare- apartament NOU- 3 camere/2bai- Popas Pacurari,"Podu Ros, Iasi, Iasi",112000,1398,3,80.1
2442,Apartament 3CDecomandat Nicolina Lidl Bulevard Etaj Intermediar,"Nicolina 1, Iasi, Iasi",112000,1418,3,79
2259,"Apartament 3 camere, Moara de Vant Iasi, bloc nou finalizat!","Stradela Moara de Vant, Moara de Vant, Iasi, Iasi",112000,1493,3,75
457,Apartament 3 camere in Complex Rasarit de soare Pacurari Alpha Bank,"Pacurari, Iasi, Iasi",112000,1672,3,67
2304,Apartament 2 camere Centru-Pacurari,"Pacurari, Iasi, Iasi",112000,2036,2,55
3352,"Apartament 2 camere, Copou -Iasi in complexul Royal Town","Podu Ros, Iasi, Iasi",112140,1750,2,64.08
3727,"Apartament 2 camere decomandat, Royal Town Copou, Iasi","Podu Ros, Iasi, Iasi",112140,1750,2,64.08
3939,"Apartament de vanzare 2 camere, bloc nou, Copou, Iasi","Podu Ros, Iasi, Iasi",112140,1750,2,64.08
3979,"Apartament 2 camere, finisaje premium, zona Copou","Podu Ros, Iasi, Iasi",112140,1750,2,64.08
4020,"Apartament Premium-Living 2 camere, Royal Town Iasi","Podu Ros, Iasi, Iasi",112140,1750,2,64.08
4061,Apartament de vanzare 2 camere decomandat Iasi,"Podu Ros, Iasi, Iasi",112140,1750,2,64.08
4443,"Apartament 2 camere de vanzare bloc nou, Copou, Iasi","Podu Ros, Iasi, Iasi",112140,1750,2,64.08
4635,Apartament Decomandat Nou 2 camere de vanzare,"Podu Ros, Iasi, Iasi",112140,1750,2,64.08
1121,APARTAMENT 2 CAMERE COPOU ROYAL TOWN 0% COMISION,"Carol I, Iasi, Iasi",112240,1727,2,65
3476,"Pret Promotional!, Ap 3 Cam Decomandat, Potiers - Continental","Strada Mihail Sturdza, Manta Rosie, Iasi, Iasi",112375,1441,3,78
2944,"Apartament, 3 camere, decomandat, Frumoasa","Bularga, Iasi, Iasi",112375,1450,3,77.5
4500,"Apartament premium de 3 camere cu sistem smart home, 77.5 mp in...","Bulevardul Poitiers, Frumoasa, Iasi, Iasi",112375,1450,3,77.5
2677,"Apartamente 2 camere decomandat, complex rezidential nou in Copou, COM","Agronomie, Iasi, Iasi",112470,1630,2,69
4116,4 camere decomandat NICOLINA - esplanada - 94mp etaj intermediar,"Nicolina 2, Iasi, Iasi",112900,1201,4,94
365,"Apartament cu 3 camere, 2 bai, proiect nou, zona Tatarasi","Strada Aurel Vlaicu, Aviatiei, Iasi, Iasi",112900,1568,3,72
3988,"Apartamente 2 camere de vânzare, Royal Town, Iasi","Podu Ros, Iasi, Iasi",112925,1649,2,68.47
3978,"Decomandat! Apartament 2 camere,Royal Town","Podu Ros, Iasi, Iasi",112975,1650,2,68.47
4352,"Apartament 2 camere, DECOMANDAT, 62mp, renovat LUX, CENTRU","Centru, Iasi, Iasi",113000,1823,2,62
4298,Apartamente noi cu 2 camere de vanzare in Iasi situate pe zona Copou,"Strada Costache Negri, Centru, Iasi, Iasi",113350,1667,2,68
3469,"Apartament MODERN LIVING, 2 camere in Copou - Iasi, Royal Town","Podu Ros, Iasi, Iasi",113470,1750,2,64.84
3870,"Apartamente 2 camere de vanzare, Royal Town, Copou( comision 0)","Podu Ros, Iasi, Iasi",113470,1750,2,64.84
3985,"Apartament 2 camere nou Royal Town Copou, comision 0","Podu Ros, Iasi, Iasi",113470,1750,2,64.84
2092,"COMPLEX GREEN PARK - IASI, PENTHOUSE - 4 camere - 135 mp","Aviatiei, Iasi, Iasi",113500,841,4,135
1231,Apartament Ultrecentral Hala Centrala,"Strada Costache Negri, Centru, Iasi, Iasi",113500,2768,2,41
1296,"Ultracentral, 2 CD, excelent compartimentat, priveliste frumoasa","Centru, Iasi, Iasi",113500,2768,2,41
1366,"Ultracentral, 2 CD, excelent compartimentat, priveliște frumoasă","Centru, Iasi, Iasi",113500,2768,2,41
2997,"Centru Civic! Ap. 2 camere, complet echipat modern (foto)","Podu Ros, Iasi, Iasi",113500,2768,2,41
3558,"Apartament NOU, 2 Camere Royal Town COPOU","Strada Flammarion C., Agronomie, Iasi, Iasi",113850,1650,2,69
4801,Apartament 3 camere decomandat de vanzare Moara de Vant,"Iasi, Iasi",113900,825,3,138
3354,"Apartament nou 2 camere, direct dezvoltator (comision 0)","Podu Ros, Iasi, Iasi",113900,1650,2,69.03
3687,"Direct Dezvoltator! Apartament 2 camere, finisaje premium, Copou","Podu Ros, Iasi, Iasi",113900,1650,2,69.03
4047,Apartament 2 camere complex nou Royal Town Iasi,"Podu Ros, Iasi, Iasi",113900,1650,2,69.03
4192,"Apartamente noi in zona Arcu - Billa, 2 camere, Comision 0%","Soseaua Arcu, Gara, Iasi, Iasi",113920,1780,2,64
47,"Apartament Nou 3 camere, 82mp,114000€","Pacurari, Iasi, Iasi",114000,1390,2,82
3903,"Apartament Deosebit, 2 camere+terasa Bloc Nou - Pacurari Loc de parcar","Soseaua Pacurari, Pacurari, Iasi, Iasi",114450,1286,2,89
2338,"Apartament 2 camere, Tatarasi, decomandat, finalizat","Aviatiei, Iasi, Iasi",114500,1847,2,62
1118,APARTAMENT INTABULAT 2 CAMERE COPOU COMPLEX NOU,"Strada George Calinescu, Agronomie, Iasi, Iasi",114500,2245,2,51
1492,"Vand apartament 2 camere nou si intabulat in zona Copou, Iasi","Centru, Iasi, Iasi",114500,2245,2,51
3254,"Apartament 1 camera, decomandat, semicentral, Iasi","Uzinei, Iasi, Iasi",114800,2800,1,41
87,"Ocazie unica! Penthouse 160 mp, terasa 50 mp,predare imediata","Soseaua Nicolina, CUG, Iasi, Iasi",115000,719,3,160
4428,Apartament Penthouse Cartierul Visoianu,"Podu Ros, Iasi, Iasi",115000,719,3,160
129,"Apartament 4 camere decomandat suprafata 100mp, Pacurari","Soseaua Pacurari, Pacurari, Iasi, Iasi",115000,1150,4,100
905,"Apartament 4 camere decomandat suprafata 100mp, PACURARI","Soseaua Pacurari, Pacurari, Iasi, Iasi",115000,1150,4,100
638,"Apartament cu 3 Camere Decomandat, bloc nou - Canta","Canta, Iasi, Iasi",115000,1186,3,97
2163,Vanzare apartament 3 camere decomandat - Canta - etaj 9/11,"Podu Ros, Iasi, Iasi",115000,1211,3,95
2077,"Pacurari - Canta, apartament cu 3 camere, bloc nou","Strada Sergent Grigore Ioan, Canta, Iasi, Iasi",115000,1217,3,94.5
748,"Finalizare in 3 luni, apartament 3 camere, spatios, Copou","Copou, Iasi, Iasi",115000,1307,3,88
1110,"Apartament 3 camere, spatios, locatie foarte buna-ideal pt investitie","Copou, Iasi, Iasi",115000,1307,3,88
523,Apartament 3 camere Țigarete- Pasaj Octav Bancila,"Centru, Iasi, Iasi",115000,1369,3,84
348,Apartament 3 Camere Decomandat - 2 Balcoane - Dacia,"Podu Ros, Iasi, Iasi",115000,1438,3,80
1483,Oancea - Apartament 3 Camere Decomandat 2 Bai - Bloc 1984,"Podu Ros, Iasi, Iasi",115000,1494,3,77
1630,Apartament Centru Palas - Moldova Mall,"Strada Anastasie Panu, Centru, Iasi, Iasi",115000,1554,3,74
1928,"Apartament de 3 camere, decomandat, ultracentral, OFERTA!!!","Strada Costache Negri, Centru, Iasi, Iasi",115000,1554,3,74
2591,Apartament 3 camere Fundatie-Rapa Galbena,"Centru, Iasi, Iasi",115000,1554,3,74
503,"Apartament de vânzare cu 3 camere, Centru-Gara","Gara, Iasi, Iasi",115000,1597,3,72
1498,Apartament 3 cam,"Centru, Iasi, Iasi",115000,1597,3,72
539,Ap 2 camere semidecomandat pozitionare privilegiata zona Centru Civic,"Centru, Iasi, Iasi",115000,1643,2,70
1863,Apartament 3 camere de vanzare Centru,"Centru, Iasi, Iasi",115000,1716,3,67
4715,Apartament 2Cam Decomandat Finalizat Copou Complex Rezidential,"Agronomie, Iasi, Iasi",115000,1769,2,65
232,Apartament 2CDecomandat Copou Nou Finalizat Mobilat Etaj Intermediar,"Agronomie, Iasi, Iasi",115000,1797,2,64
4724,"Apartament 2 camere decomandat finalizat, bloc nou, rezidential Copou!","Strada Baltagului, Carol I, Iasi, Iasi",115000,1797,2,64
1574,AP 2CAM DEC BLOC 2000 MOBILAT SI UTILAT LUX,"Bulevardul Poitiers, Frumoasa, Iasi, Iasi",115000,1855,2,62
2526,Apartament 2 camere decomandat FINALIZAT - Royal Town Copou,"Copou, Iasi, Iasi",115000,1885,2,61
4407,"Copou - apartament premium cu 2 camere, bloc nou","Strada Baltagului, Carol I, Iasi, Iasi",115000,2170,2,53
4763,"Apartament 2 camere in Copou , vis-a-vis de Parc si la 200 m de UAIC","Bulevardul Carol I, Copou, Iasi, Iasi",115000,2300,2,50
2909,Apartament 2 camere zona Centru - Palas Mall,"Tudor Vladimirescu, Iasi, Iasi",115000,2347,2,49
3863,"Apartamente noi, 3 camere, Copou - Aleea Sadoveanu","Aleea Mihail Sadoveanu, Agronomie, Iasi, Iasi",115075,1293,3,89
1018,APARTAMENT 3 CAMERE COPOU 0% COMISION,"Strada George Calinescu, Carol I, Iasi, Iasi",115075,1308,3,88
3888,Apartamente NOI 3 camere - Central PALAS! Pret Promotional!,"Strada Sfantul Lazar, Tudor Vladimirescu, Iasi, Iasi",115500,1750,2,66
68,"Apartament 2 camere, decomandat, Tatarasi, etaj intermediar, finalizat","Aviatiei, Iasi, Iasi",115500,1958,2,59
3722,"Pret Promotional! Apartament 2 camere Clasic , zona Centrala","Bulevardul Socola, Tesatura, Iasi, Iasi",115625,1629,2,71
3150,"Apartament 2 camere, 71.82mp, etaj intermediar, zona Nicolina","Strada Mitropolit Varlaam, Nicolina 2, Iasi, Iasi",115625,2140,2,54.03
548,"Apartament cu 2 camere in bloc nou, decomandat, zona Podu Ros!","Podu Ros, Iasi, Iasi",115625,2141,2,54
3834,"Finalizat!Apartament 2 camere, mutare imediata, Royal Town","Podu Ros, Iasi, Iasi",115700,1850,2,62.55
3963,"Finalizat! Apartament 2 Camere, Royal Town","Podu Ros, Iasi, Iasi",115700,1850,2,62.55
4645,"Finalizat! Apartament complex Royal Town, 2 camere , Iasi, Copou","Podu Ros, Iasi, Iasi",115700,1850,2,62.55
4862,"Mutare imediata! Direct dezvoltator, apartament 2 camere, Royal Town","Aleea Mihail Sadoveanu, Agronomie, Iasi, Iasi",115700,1850,2,62.55
4865,"Apartament finalizat! 2 camere, 62mp, Royal Town (dezvoltator)","Agronomie, Iasi, Iasi",115700,1850,2,62.55
2911,"Apartament 3 camere, CUG-BRD, 80mp !","CUG, Iasi, Iasi",116000,1450,3,80
2940,Vanzare apartament 3 camere-CUG,"Podu Ros, Iasi, Iasi",116000,1450,3,80
4587,Centru Gara Rapa Galbena apartament 3 camere garaj boxa si teren !,"Strada Arcu, Centru, Iasi, Iasi",116000,1589,3,73
3779,"Apartament 3 camere, open-space, MODERN, BLOC NOU, Zona Centrala","Centru, Iasi, Iasi",116000,1706,3,68
437,Centru Palas Mall,"Centru, Iasi, Iasi",116000,2109,2,55
915,Apartament zona Centru Palas Mall,"Centru, Iasi, Iasi",116000,2275,2,51
3902,"Apartament 1 camera, decomandat, ultracentral, Iasi","Uzinei, Iasi, Iasi",116600,3068,1,38
3431,"Etaj 3! Apartament 4 camere Pacurari, 100mp, 2 bai, CT","Podu Ros, Iasi, Iasi",117000,1170,4,100
4418,"APARTAMENT 4 CAMERE DECOMANDAT, C.U.G","Podu Ros, Iasi, Iasi",117000,1219,4,96
4080,Apart. 3 camere 88 mp plus 40 mp gradina capat Pacurari LUX!,"Pacurari, Iasi, Iasi",117000,1232,3,95
3753,Apartament de lux 3 camere 88 mp plus 40 mp gradina capat Pacurari!,"Pacurari, Iasi, Iasi",117000,1330,3,88
4094,Apartament 3 camere 88 mp plus gradina 40 mp LUX capat Pacurari!,"Pacurari, Iasi, Iasi",117000,1330,3,88
2943,117000 euro Apartament 3CD Pacurari-Popas 80mp bloc nou finalizat 2022,"Pacurari, Iasi, Iasi",117000,1560,3,75
3145,"Apartament 3 camere Centru-Gara, et2 Garaj, Boxa, teren","Uzinei, Iasi, Iasi",117000,1625,3,72
380,"Apartament 3 camere Tatarasi , 70 metri, etaj parter Cod:150504","Strada Tatarasi, Tatarasi Nord, Iasi, Iasi",117000,1671,3,70
703,Apartament 4 camere Decomandat - Nicolina Belvedere,"Podu Ros, Iasi, Iasi",117000,1671,4,70
1139,Apartament 4 camere Nicolina- Bellvedere,"Centru, Iasi, Iasi",117000,1671,4,70
2374,Apartament renovat si mobilat Arcu-Billa,"Gara, Iasi, Iasi",117000,1773,3,66
3239,"Apartament 2 camere decomandat Centru Civic Iasi, magazin Moldova","Centru, Iasi, Iasi",117000,2089,2,56
364,Apartament 2 camere in zona Palas,"Centru, Iasi, Iasi",117000,2294,2,51
559,"Aproape de finalizare, ap 3 camere, incalzire in pardoseala, Copou","Copou, Iasi, Iasi",117250,1303,3,90
750,"Aproape de finalizare, apartament 3 camere, priveliste deosebita,Copou","Copou, Iasi, Iasi",117250,1303,3,90
1107,"Apartament 3 camere, modern si spatios - zona Copou","Copou, Iasi, Iasi",117250,1303,2,90
4152,"Apartamente noi, 3 camere, Copou - Aleea Sadoveanu","Aleea Mihail Sadoveanu, Agronomie, Iasi, Iasi",117250,1303,3,90
2483,"Apartamente noi, 2 camere, Nicolina a bulevard!","Strada Carpati, Nicolina 2, Iasi, Iasi",117450,1807,2,65
1157,"Apartament 2 camere decomandat, 65 mp, bloc NOU la bulevard Nicolina","Nicolina 2, Iasi, Iasi",117486,1807,2,65
1956,Pacurari-Apartament 4 camere decomandat,"Pacurari, Iasi, Iasi",117500,1187,3,99
2015,Nicolina-Belvedere apartament cu 4 camere decomandat la bvd !,"Centru, Iasi, Iasi",117500,1211,4,97
2565,"Apartament cu 3 camere, 105mp, 2 balcoane, 2 bai, et 3\/8, Pacurari","Soseaua Pacurari, Pacurari, Iasi, Iasi",117500,1224,3,96
2870,Apartament 3 camere de vanzare Pacurari,"Pacurari, Iasi, Iasi",117500,1335,3,88
1395,"OCAZIE! Ap 3 Cam ,et 2, 74 m², ZONA CENTRALA - GARA , gradina si garaj","Podu Ros, Iasi, Iasi",117500,1588,3,74
1954,"Apartament 3 camere, 75mp, mobilat, bloc din 2014, Tatarasi","Strada Aurel Vlaicu, Aviatiei, Iasi, Iasi",117500,1679,3,70
2224,Apartament 3 Camere - Bloc 2013 - Tatarasi,"Podu Ros, Iasi, Iasi",117500,1679,3,70
4709,Apartament 2CDecomandat Copou Bloc Nou Intabulat Credit Mobilat,"Copou, Iasi, Iasi",117500,1836,2,64
3516,"Centru Civic - apartament 2 camere , etaj intermediar, totul nou !","Strada Anastasie Panu, Centru, Iasi, Iasi",117500,2217,2,53
3369,"Apartament nou, 3 camere, zona Popas Pacurari","Pacurari, Iasi, Iasi",117700,1453,3,81
2375,"Apartament 3 camere, decomandat, zona de interes","Frumoasa, Iasi, Iasi",117941,1390,3,84.85
1640,Apartament 3 camere Dream Village 95 mp,"Stradela Canta, Dacia, Iasi, Iasi",118000,1242,3,95
1258,Apartament Renovat complet-Cug-Aleea Tudor Neculai-mutare imediata,"CUG, Iasi, Iasi",118000,1532,3,77
2528,"Apartament 2 cam, decomandat de vanzare in zona Copou Aleea Sadoveanu","Strada Baltagului, Agronomie, Iasi, Iasi",118000,1815,2,65
3338,"Apartament 2 camere decomandat mobilat, intabulat, Royal Town Copou","Podu Ros, Iasi, Iasi",118000,1903,2,62
3196,Apartament 2 camere Copou Gaudeamus,"Copou, Iasi, Iasi",118000,2034,2,58
4532,Apartament 2 camere Ultracentral Palas,"Strada Anastasie Panu, Centru, Iasi, Iasi",118000,2314,2,51
1927,Apartament 2CDecomandat Lux Copou Complex Rezidential Rate Dezvoltator,"Agronomie, Iasi, Iasi",118350,1793,2,66
3946,"Apt.3 camere D.la vila,93 mp-soseaua Barnova","Soseaua Barnova, Bucium, Iasi, Iasi",118500,1274,3,93
4209,Apartamente NOI 3 camere - Central PALAS! Pret Promotional!,"Strada Sfantul Lazar, Tudor Vladimirescu, Iasi, Iasi",118800,1800,2,66
2697,"FINALIZAT! 2 BAI! Apartament 3 camere, 93 mp, Tatarasi","Tatarasi Sud, Iasi, Iasi",118900,1278,3,93
3693,Apartament 4 camere Nicolina Rond-Vechi ! Etaj intermediar !,"Nicolina 1, Iasi, Iasi",118900,1307,4,91
1742,Penthouse 3 camere si terasa la 600m de Popas Pacurai,"Pacurari, Iasi, Iasi",118900,1486,3,80
2651,"Apartament 2 CD intabulat, Royal Town","Agronomie, Iasi, Iasi",118900,2427,2,49
3291,Apartament Royal Town Copou intabulat Persoana fizica,"Centru, Iasi, Iasi",118999,1889,2,63
3718,"Apartament cu 3 camere, 2 bai, dressing in zona Tatarasi, finisaje lux","Tatarasi Sud, Iasi, Iasi",119000,1434,3,83
4458,"Apartament 3 camere de vanzare, bloc nou Tatarasi Venetia, comision ze","Strada Ion Creanga, Tatarasi Nord, Iasi, Iasi",119000,1434,3,83
2822,"Apartament 3 camere, 2 bai, DECOMANDAT, 82 mp, bloc1989, Nicolina Lidl","Nicolina 1, Iasi, Iasi",119000,1451,3,82
3636,Apartament Nou 4 camere de vanzare Tatarasi+ 2 balcoane,"Tatarasi Sud, Iasi, Iasi",119000,1451,4,82
3470,Apartament 3 camere - 80 mp - Bucium,"Podu Ros, Iasi, Iasi",119000,1488,3,80
1642,"Apartament 3 camere Nicolina, mobilat si utilat","Strada Clopotari, Nicolina 2, Iasi, Iasi",119000,1700,3,70
2588,Apartament 3 camere decomandat - Nicolina,"Podu Ros, Iasi, Iasi",119000,1700,3,70
4881,"Mobilat si utilat!Apart. 3 cam.,Pacurari-Rasarit de Soare-Alpha Bank","Pacurari, Iasi, Iasi",119000,1700,3,70
4882,"MOBILAT si utilat!Apart 3 cam,Pacurari-Rasarit de Soare-Alpha Bank","Pacurari, Iasi, Iasi",119000,1700,3,70
4883,"Predare imediata!Apart. 3 cam.,Pacurari-Rasarit de Soare-Alpha Bank","Pacurari, Iasi, Iasi",119000,1700,3,70
4884,"Mutare imediata!Apart 3 cam,Pacurari-Rasarit de Soare-Alpha Bank","Pacurari, Iasi, Iasi",119000,1700,3,70
1452,"Locuinta panoramica de exceptie! 107 mp, confort si siguranta la maxim","Podu Ros, Iasi, Iasi",119000,1750,3,68
1553,Apartament 2 camere decomandat Copou Royal Town,"Agronomie, Iasi, Iasi",119000,1831,2,65
3335,"Apartament 2 camere Grand Conest Residence, loc parcare subteran","Podu Ros, Iasi, Iasi",119000,2052,2,58
2430,"Apartament 2 camere, decomandat, Royal Town","Carol I, Iasi, Iasi",119000,2429,2,49
553,"Apartament super spatios cu 2 camere, in Podu Ros, bloc nou!","Podu Ros, Iasi, Iasi",119125,2054,2,58
2112,"Ocazie, Apartament 4 camere, D, 2 bai, 92mp, dubla vedere, Dacia","Strada Profesor Simionescu I., Dacia, Iasi, Iasi",119500,1305,4,91.6
2461,"Apartament cu 3 camere, 85mp, 2 balcoane, 2 bai, Pacurari - Lukoil","Soseaua Pacurari, Pacurari, Iasi, Iasi",119500,1572,3,76
4819,"Apartament 2 cam, decomandat de vanzare in zona Copou - Aleea Sadovean","Agronomie, Iasi, Iasi",119500,1838,2,65
568,Apartament 2 camere decomandat-Tudor Vladimirescu-bloc nou,"Tudor Vladimirescu, Iasi, Iasi",119500,2134,2,56
3296,"Apartament 2 camere, cartier Pacurari, pozitionat strategic","Pacurari, Iasi, Iasi",119811,1250,2,95.83
4454,"Apartament cu 4 camere, de vanzare in Iasi zona Nicolina Rond Vechi","Soseaua Nicolina, Nicolina 2, Iasi, Iasi",119900,1318,4,91
1050,"Apartament 3 camere, Nicolina, bulevard, etaj intermediar !","Nicolina 1, Iasi, Iasi",119900,1462,3,82
3357,"Apartament 3 camere Nicolina-Rond Vechi, etaj 4/8! Mobilat si Utilat!","CUG, Iasi, Iasi",119900,1499,3,80
963,"Apartamente 2 camere decomandat mobilat, bloc nou finalizat in Copou!","Agronomie, Iasi, Iasi",119900,1845,2,65
3341,2 camere decomandat 55 mp Centru Palas Iasi et 3 partial mobilat,"Strada Sf. Lazar, Centru, Iasi, Iasi",119900,2180,2,55
3450,"Etaj 2! Apartament 2 camere Rivers Towers, 55mp, mobilat+utilat","Podu Ros, Iasi, Iasi",119900,2180,2,55
737,"Apartament de 2 camere, decomandat, zona Tudor Vladimirescu","Strada Venerei, Tudor Vladimirescu, Iasi, Iasi",119900,2262,2,53
4613,Apartament 5 camere Canta,"Strada Canta, Canta, Iasi, Iasi",120000,870,5,138
992,APARTAMENT 4 CAMERE 97MP,"Strada Vitejilor, Dacia, Iasi, Iasi",120000,1237,4,97
1812,"Apartament 3 CD, 2 bai, 2 balcoane, 90 mp zona Gara-Billa!","Uzinei, Iasi, Iasi",120000,1333,3,90
2107,"Apartament 3 camere, 90 mp, Pacurari","Soseaua Pacurari, Pacurari, Iasi, Iasi",120000,1333,3,90
3481,"Apartament 3 camere, decomandat, de vanzare, Galata - Sos. Voinesti","Soseaua Iasi-Voinesti, Galata, Iasi, Iasi",120000,1379,3,87
3465,"Model decomandat situat in zona Popas Pacurari, suprafata de 79 mp","Pacurari, Iasi, Iasi",120000,1463,3,82
3438,"Apartament nou de vanzare, cu 3 camere in zona Popas Pacurari, MOBILAT","Pacurari, Iasi, Iasi",120000,1481,3,81
3748,"Situat in zona Popas-Pacurari,cu acces rapid la mijloace de transport","Pacurari, Iasi, Iasi",120000,1481,3,81
2490,"Apartament 3 camere etajul 1, bloc nou - Nicolina","Podu Ros, Iasi, Iasi",120000,1500,3,80
2545,"Vand ap. decomandat 3 camere mobilat, 2 bai, bd. Păcurari lukoil","Centru, Iasi, Iasi",120000,1500,3,80
3406,"Apartament nou de vanzare, cu 3 camere, suprafata de 84 mp, finalizat","Pacurari, Iasi, Iasi",120000,1500,3,80
3525,"Complexul pune la dispozitie 9 blocuri cu apartamente de 1,2 si 3 cam","Pacurari, Iasi, Iasi",120000,1500,3,80
1868,"Apartament Nou 2 camere,Complet mobilat, de vanzare Popas Pacurari","Pacurari, Iasi, Iasi",120000,1600,2,75
521,"Apartament 3 camere Centru Civic , 74 metri, etaj 10 Cod:151068","Piata Unirii, Centru, Iasi, Iasi",120000,1622,3,74
621,"Apartament 3 cam., etaj 3, Belvedere la bulevard . 120000 EURO","Centru, Iasi, Iasi",120000,1622,3,74
2232,"Apartament 3 camere , gradina 90mp si 2 locuri de parcare!","Podu Ros, Iasi, Iasi",120000,1667,3,72
1017,OPORTUNITATE!! APARTAMENT DECOMANDAT 3 CAMERE CENTRU GARA IASI,"Strada Strapungerea Silvestru, Gara, Iasi, Iasi",120000,1714,3,70
397,Pacurari apartament 3 camere mobilat si utilat,"Pacurari, Iasi, Iasi",120000,1813,3,66.2
3719,"Apartament 3 cam, semi - decomandat de vanzare in zona Copou Parc Copo","Bulevardul Carol I, Copou, Iasi, Iasi",120000,1846,3,65
600,Apartament 2 camere Gara_Billa,"Gara, Iasi, Iasi",120000,2000,2,60
1714,"Apartament 2 camere, Ultracentral, decomandat, 60 mp, 120.000 euro","Strada Anastasie Panu, Centru, Iasi, Iasi",120000,2000,2,60
1001,Apartament 2 camere T. Vladimirescu,"Tudor Vladimirescu, Iasi, Iasi",120000,2143,2,56
1027,Apartament 2 camere 56mp utili Tudor Residence,"Centru, Iasi, Iasi",120000,2143,2,56
1213,"Apartament 2 camere Tudor Vladimirescu , 56 metri, etaj 8 Cod:150769","Strada Vasile Lupu, Tatarasi Sud, Iasi, Iasi",120000,2143,2,56
1937,Apartament cu 2 camere in bloc nou situat in zona Palas - Moldovei,"Strada Moldovei, Tudor Vladimirescu, Iasi, Iasi",120000,2143,2,56
4817,"Apartament 2 cam, open space de vanzare in zona Tatarasi - Bld Chimiei","Strada Vasile Lupu, Tatarasi Sud, Iasi, Iasi",120000,2182,2,55
3794,"Apartament 2 camere, 54 mp, Tudor Vladimirescu","Bulevardul Chimiei, Tatarasi Sud, Iasi, Iasi",120000,2222,2,54
3650,"Apartament 2 cam, open space de vanzare in zona Tatarasi Bld Chimiei","Strada Vasile Lupu, Tatarasi Sud, Iasi, Iasi",120000,2264,2,53
1367,"Apartament 2 cam, open space de vanzare in zona Copou Exclusiv Residen","Aleea Grigore Ghica Voda, Copou, Iasi, Iasi",120000,2400,2,50
1424,"Apartament 2 camere, SUPER COPOU!","Soseaua Stefan cel Mare si Sfant, Copou, Iasi, Iasi",120000,2400,2,50
1470,Ap 2 camere in complex Exclusive(Copou),"Copou, Iasi, Iasi",120000,2400,2,50
1876,Apartament cu 2 camere in situat in zona Copou - Exclusive,"Soseaua Sararie, Copou, Iasi, Iasi",120000,2727,2,44
2620,Apartament cu 2 camere la Exclusiv Residence!,"Copou, Iasi, Iasi",120000,2727,2,44
3351,"Apartament 2 camere decomandat, complex rezidential, Copou, Iasi","Podu Ros, Iasi, Iasi",120210,1750,2,68.69
3353,"Apartament Premium 2 camere de vanzare, Iasi, Copou","Podu Ros, Iasi, Iasi",120210,1750,2,68.69
3851,"Apartament 2 camere, finisaje Premium, Copou","Podu Ros, Iasi, Iasi",120210,1750,2,68.69
4050,"Apartament 2 camere decomandat, 69 mp, Royal Town (direct dezvoltator)","Podu Ros, Iasi, Iasi",120210,1750,2,68.69
4239,Ansamblul rezidential ROYAL TOWN COPOU e cheia casei tale!,"Podu Ros, Iasi, Iasi",120210,1750,2,68.69
3042,"Tatarasi - Kaufland, parcare inclusa apartamente cu 3 camere la pret P","Strada Aurel Vlaicu, Aviatiei, Iasi, Iasi",120350,1450,3,83
3269,Apartament 3 camere cu gradina proprie in proprietate,"Pacurari, Iasi, Iasi",120470,1912,3,63
1706,"Apartament 2 camere lux,Tatarasi Moara de Vant","Strada Mironescu, Moara de Vant, Iasi, Iasi",120990,2161,2,56
1059,Piata Unirii Centru Apartament 3 camere Fara Agentie,"Centru, Iasi, Iasi",121000,2017,3,60
2399,"Central! Apartament 3 camere, semidecomandat 62 mp Zona Palas","Podu Ros, Iasi, Iasi",121000,2161,3,56
2,"Apartament 2 camere cu mutare imediata, Moara de vant.","Moara de Vant, Iasi, Iasi",121500,2292,2,53
2043,Apartament 3 Camere Decomandat - Nicolina,"Podu Ros, Iasi, Iasi",122000,1488,3,82
2696,Apartament 3 camere renovat si mobilat 16mp balcon Arcu-Gara,"Gara, Iasi, Iasi",122000,1821,3,67
2150,URGENT! Apartament mobilat- LA CHEIE- 2 camere Royal Town,"Carol I, Iasi, Iasi",122000,2033,2,60
3633,"Apartament 2 camere, decomandat, Copou Royal Town","Carol I, Iasi, Iasi",122000,2033,2,60
4565,"Centru Piata Unirii , apartament 3 camere la 200 m de UMF","Aleea Alecsandri Vasile, Centru, Iasi, Iasi",122000,2033,3,60
3637,"Apartament 3 camere, strada V. Alecsandri langa UMF","Centru, Iasi, Iasi",122000,2140,3,57
3160,"Apartament 1 camera, decomandat, semicentral, Iasi","Uzinei, Iasi, Iasi",122200,3055,1,40
3021,"Apartament 3 camere, decomandat, priveliste minunata","Manta Rosie, Iasi, Iasi",122375,1390,3,88.04
491,"Apartament cu 3 camere, 102.45 mp","Strada Diminetii, Frumoasa, Iasi, Iasi",122737,1390,3,88.3
2468,"Apartament 3 camere, decomandat","Frumoasa, Iasi, Iasi",122737,1390,3,88.3
3127,"Ap. 1 Cam - Ansamblul rezidențial Sirajardin, TIP 1A, 44 mp - Centru","Stradela Varianta Uzinei, Uzinei, Iasi, Iasi",122920,2794,1,44
3386,"Apartament 3 camere, 78 mp, complet mobilat, Tatarasi","Strada Aeroportului, Aviatiei, Iasi, Iasi",123000,1577,3,78
986,APARTAMENT 3 CAMEREDEC MOBILAT UTILAT 72MP,"Strada Lacului, Nicolina 2, Iasi, Iasi",123000,1708,3,72
4462,Apartament 3 camere Decomandat - C.U.G,"Podu Ros, Iasi, Iasi",123000,1708,3,72
2197,"Poze reale!Apartament 2 cam decomandat mobilat nou, 60mp, Royal Town","Podu Ros, Iasi, Iasi",123000,2460,2,50
4530,Apartament 3 camere decomandat Moara de Vant,"Stradela Moara de Vant, Iasi, Iasi",123075,1368,3,90
3255,"Apartament 3 camere, priveliste spre Lac, Moara de Vant","Moara de Vant, Iasi, Iasi",123150,1644,3,74.9
3198,"Apartament 3 camere cu balcon mare, Valea Lupului","Pacurari, Iasi, Iasi",123228,1812,3,68
1,"Apartament mobilat, decomandat, intabulat, 2 camere Moara de vant.","Moara de Vant, Iasi, Iasi",123500,2330,2,53
3228,Apartament 2 camere Sf.Lazar - functioneaza ca spatiu pentru birouri,"Centru, Iasi, Iasi",123800,2381,2,52
4514,"Gara, apartament 3 camere, mobilat si utilat","Strada Strapungerea Silvestru, Gara, Iasi, Iasi",124000,1570,3,79
2708,Palas Mall 3 camere semidecoamndat 124.000 euro!,"Strada Zimbrului, Tudor Vladimirescu, Iasi, Iasi",124000,2175,3,57
1119,0% COMISION APARTAMENT 3 CAMERE BUCIUM+LOC DE PARCARE GRATUIT,"Strada Petre Buzatov, Bucium, Iasi, Iasi",124190,1395,3,89
206,"Apartament 3 Camere TIP 24, suprafață 79.09 m2, Zona Păcurari","Pacurari, Iasi, Iasi",124567,1575,3,79.09
3935,"Dezvolvator: Ap. 3 Camere TIP 24, suprafață 79.09 m2, Zona Păcurari","Podu Ros, Iasi, Iasi",124567,1575,3,79.09
2694,Apartament 4 camere de vanzare Pacurari,"Pacurari, Iasi, Iasi",124900,1388,4,90
2398,"Copou - Gradina Copou, apartament 3 camere ,etaj intermediar !","Bulevardul Carol I, Copou, Iasi, Iasi",124900,2082,3,60
3277,"Apartament 3 camere Centru - Copou , langa Gradina Copou !","Strada Oastei, Copou, Iasi, Iasi",124900,2082,3,60
4663,"Nicolina - Biserica Catolica, 4 camere decomandat, 3 balcoane","Soseaua Nicolina, CUG, Iasi, Iasi",124999,1291,4,96.81
985,BLOC NOU APARTAMENT 3 CAMERE MOBILAT UTILAT 86MP,"Soseaua Pacurari, Pacurari, Iasi, Iasi",125000,1453,3,86
62,"Apartament 3 camere Nicolina , 80 metri, etaj 1 Cod:147574","Strada Petre Tutea, Nicolina 1, Iasi, Iasi",125000,1563,3,80
227,"Apartament 3 camere Podu Ros , 80 metri, etaj 3 Cod:150129","Podu Ros, Iasi, Iasi",125000,1563,3,80
434,"Apartament 3 camere Nicolina , 80 metri, etaj 1 Cod:150741","Strada Petre Tutea, Nicolina 1, Iasi, Iasi",125000,1563,3,80
444,"Apartament 3 camere Palat , 80 metri, etaj 3 Cod:150129","Podu Ros, Iasi, Iasi",125000,1563,3,80
624,"Apartament 3 camere decomandat, etajul 1 - Pacurari","Pacurari, Iasi, Iasi",125000,1563,3,80
950,"Apartament 3 camere Nicolina-Lidl,la bld,80 mp,etaj 1,bl.90 Cod:147574","Strada Petre Tutea, Nicolina 1, Iasi, Iasi",125000,1563,3,80
3809,"Apartament 3 camere Nicolina, bloc nou 2010!","Nicolina 2, Iasi, Iasi",125000,1563,3,80
2723,"Apartament 3 camere decomandat, mobilat lux, parcare privata","Centru, Iasi, Iasi",125000,1582,3,79
2606,"Apartament 3 camere decomandat, Podu Ros - Sens Giratoriu Fara Risc","Podu Ros, Iasi, Iasi",125000,1603,3,78
3214,"Penthouse 3 camere, terasa 40mp, 2 bai, Tatarasi, Kaufland","Strada Ion Creanga, Tatarasi Nord, Iasi, Iasi",125000,1667,3,75
1509,Apartament 3 camere de vanzare Moldova Center,"Strada Achim Stoica, Centru, Iasi, Iasi",125000,1689,3,74
531,"Apartament 3 camere, Copou Garden Residence, predare IULIE 2023","Carol I, Iasi, Iasi",125000,1717,3,72.8
305,Vând apartament 2 camere open-space et 1 bloc nou 2008 Dremvillage,"Tudor Vladimirescu, Iasi, Iasi",125000,1761,2,71
1378,"Apartament de 3 camere + spatiu verde amenajat, 70mp, Nicolina 2","Soseaua Nicolina, Nicolina 2, Iasi, Iasi",125000,1786,3,70
2024,Apartament cu 3 camere situat in zona Moldova Mall,"Strada Costache Negri, Centru, Iasi, Iasi",125000,1786,3,70
3622,Apartament 3 Camere 70 mp Independentei (Golia),"Bulevardul Tudor Vladimirescu, Tudor Vladimirescu, Iasi, Iasi",125000,1786,3,70
45,"Apartament 3 camere Nicolina , 66 metri, etaj parter Cod:151021","Strada Petre Tutea, Nicolina 1, Iasi, Iasi",125000,1894,3,66
2202,Copou Universitate De Vanzare Apartament 3 Camere Lux Comision 0,"Podu Ros, Iasi, Iasi",125000,1923,3,65
2810,Apartement 3 camere decomandat Bucium Lidl,"Centru, Iasi, Iasi",125000,1923,3,65
3941,Centru Copou 3 camere 1900 euro/mp,"Centru, Iasi, Iasi",125000,1923,3,65
1362,"Apartament 3 cam Copou-Al.Sadoveanu,intabulat,mobilat,3/6 Cod:149615","Bulevardul Carol I, Copou, Iasi, Iasi",125000,1953,3,64
1870,"CENTRU-PIATA UNIRII- Apartament 2 camere, decomandat","Centru, Iasi, Iasi",125000,2500,2,50
3745,"Apartament 2 cam, decomandat de vanzare in zona Copou - Parc Copou","Bulevardul Carol I, Copou, Iasi, Iasi",125000,2500,2,50
801,PIATA UNIRII! APARTAMENT 2 CAMERE BLOC FARA RISC SEISMIC,"Piata Unirii, Centru, Iasi, Iasi",125000,2604,2,48
2914,"Apartament 2 cam Centru, bloc Metropolitan","Centru, Iasi, Iasi",125000,2778,2,45
1512,Apartament 2 camere bloc Metropolitan Podul de Fier,"Bulevardul Tudor Vladimirescu, Podu de Fier, Iasi, Iasi",125000,2841,2,44
3,"Apartament 2 camere, mobilat, intabulat, mutare imediata, Moara de van","Moara de Vant, Iasi, Iasi",125500,2282,2,55
3081,"Apartament 3 camere, decomandat, priveliste minunata","Manta Rosie, Iasi, Iasi",125767,1390,3,90.48
2328,Apartament 2 camere Exclusive Residence,"Podu Ros, Iasi, Iasi",125900,2998,2,42
3721,"Apartamente deosebite! 2 camere CENTRAL 81Mp, Pret Promo!","Bulevardul Socola, Tesatura, Iasi, Iasi",126750,1565,2,81
1704,"Apartament 2 camere, Pta Unirii","Strada Vasile Alecsandri, Centru, Iasi, Iasi",126900,2644,2,48
3820,START VANZARI! Ap3cam 98Mp Bloc Nou Nicolina Comision 0%,"Strada Razoarelor, Nicolina 2, Iasi, Iasi",126960,1309,3,97
464,"Apartament 3 camere, ideal investitie, zona Nicolina","Nicolina 2, Iasi, Iasi",126960,1732,3,73.3
1162,"Adamant Towers, 3 camere, tip 3A , 96.9mp Sos Nicolina nr.54","Soseaua Nicolina, CUG, Iasi, Iasi",126960,1732,3,73.3
1537,Apartament 168mp - mutare imediata,"Soseaua Pacurari, Pacurari, Iasi, Iasi",127000,756,3,168
1846,Moara de foc-Apartament 3 camere decomandat,"Pacurari, Iasi, Iasi",127000,1649,3,77
2216,"Moara de Foc, Apartament cu 3 camere, decomandat, et 6\/8, Pacurari,","Soseaua Pacurari, Pacurari, Iasi, Iasi",127000,1868,3,68
4316,"Apartament 3 camere LUX, mobilat complet, ETAJ 1, BLOC NOU, Nicolina","Nicolina 1, Iasi, Iasi",127000,2048,3,62
25,Tudor Residence - 2 cam zona Tudor Vladimirescu - la 5 minute de Palas,"Tudor Vladimirescu, Iasi, Iasi",127000,2228,2,57
1581,OFERTA RARA LA VANZARE- 2 Camere - Tudor Vldimirescu,"Tudor Vladimirescu, Iasi, Iasi",127000,2228,2,57
3023,"Apartament de 2 camere, decomandat, zona Ultracentrala","Strada Costache Negri, Centru, Iasi, Iasi",127000,2268,2,56
59,Apartament mobilat si utilat Centru Cod:150867,"Piata Unirii, Tudor Vladimirescu, Iasi, Iasi",127000,2442,3,52
234,Apartament cu 3 camere vis a vis de Palas Mall Cod:150867,"Piata Unirii, Tudor Vladimirescu, Iasi, Iasi",127000,2442,3,52
295,Apartament cu 3 camere Centru vis a vis de Palas Mall Cod:150867,"Piata Unirii, Centru, Iasi, Iasi",127000,2442,3,52
454,"Apartament 3 camere Centru Civic , 52 metri, etaj 4 Cod:150867","Piata Unirii, Centru, Iasi, Iasi",127000,2442,3,52
1134,Apartament 3 camere vis a vis de Palas Mall Cod:150867,"Piata Unirii, Centru, Iasi, Iasi",127000,2442,3,52
1419,Centru vis a vis de Palas Mall apartament cu 3 camere Cod:15086,"Piata Unirii, Centru, Iasi, Iasi",127000,2442,3,52
1900,Apartament 2 camere cu vedere spre Piata Unirii,"Centru, Iasi, Iasi",127000,2646,2,48
867,"ADAMANT ECLYPSE, 4 camere, TIP 4A, 102.9mp, CUG-BRD","Strada Hlincea, CUG, Iasi, Iasi",127400,1422,4,89.6
3123,"Ap. 1 Cam - Ansamblul rezidențial Sirajardin, TIP 1C, 45.5 mp - Centru","Stradela Varianta Uzinei, Uzinei, Iasi, Iasi",127540,2803,1,45.5
2106,"Apartament 3 camere, 78 mp, Pacurari","Strada Cazarmilor, Pacurari, Iasi, Iasi",128000,1641,3,78
4347,"Apartament 3 camere, 2 bai, DECOMANDAT, 75 mp, mobilat, Arcu ( Gara )","Centru, Iasi, Iasi",128000,1707,3,75
996,"Apart 2 camere, 73mp, model deosebit, proiect exclusivist","Bucium, Iasi, Iasi",128000,1778,2,72
2278,"Apartament de 2 camere, decomandat, bloc nou","Agronomie, Iasi, Iasi",128000,2065,2,62
2741,"Copou complex rezidential, apartament 2 camere decomandat, mobilat si","Bulevardul Carol I, Copou, Iasi, Iasi",128000,2133,2,60
766,"Apartament de 2 camere, 59 mp, zona Centrala","Strada Vasile Stroescu, Centru, Iasi, Iasi",128000,2286,2,56
4770,"Central,aparatment cu 2 camere, la bloc nou, finalizat","Centru, Iasi, Iasi",128872,1790,2,72
4519,"Apartament 4 camere 2 bai, Pacurari, 110mp, CT, izolat","Podu Ros, Iasi, Iasi",129000,1173,4,110
1801,"Apartament 4 camere, decomandat, de vanzare, zona Dacia","Bulevardul Dacia, Dacia, Iasi, Iasi",129000,1433,4,90
514,"Apartament 3 camere Nicolina , 82 metri, etaj parter Cod:150895","Strada Petre Tutea, Nicolina 1, Iasi, Iasi",129000,1573,3,82
2386,Apartament Tatarasi (Green park) loc de parcare subteran si boxa,"Centru, Iasi, Iasi",129000,1613,3,80
1957,"Pacurari-Petru Poni, apartament 3 camere, decomandat","Pacurari, Iasi, Iasi",129000,1654,3,78
3138,"Gara, apartament 3 camere, mobilat si utilat modern","Strada Garii, Uzinei, Iasi, Iasi",129000,1843,3,70
4690,"Apartament tip penthouse 3 camere,2 bai, terasa 38 mp *103,71mp*","Pacurari, Iasi, Iasi",129080,1253,3,103
4,"Apartament nou, decomandat, mobilat, 2 camere, mutare imediata, Moara","Moara de Vant, Iasi, Iasi",129200,2393,2,54
205,"Apartament 3 Cam. TIP 19, 82.25 m2, Păcurari, Comision 0, Dezvoltator","Pacurari, Iasi, Iasi",129544,1575,3,82.25
3934,"Dezvoltator: Ap. 3 Camere TIP 19, 82.25 m2, Zona Păcurari, Comision 0","Podu Ros, Iasi, Iasi",129544,1575,3,82.25
1781,Apartament 3 camere Centru - A. Panu,"Centru, Iasi, Iasi",129700,1729,3,75
2634,"Centru Civic - Hala Centrala , apartament 3 camere decomandat , liber","Strada Anastasie Panu, Centru, Iasi, Iasi",129700,1729,3,75
4844,"Centr - Hala Centrala , apartament 3 camere , 75 mp , etaj intermediar","Strada Anastasie Panu, Centru, Iasi, Iasi",129700,1729,3,75
2547,Apartament 3 camere Anastasie Panu decomandat,"Strada Panu Anastasie, Centru, Iasi, Iasi",129700,2092,3,62
5,"Apartament decomandat, mobilat, 2 camere, Moara de vant.","Moara de Vant, Iasi, Iasi",129700,2358,2,55
2377,Apartament 3 camere(penthouse) in zona Tatarasi !,"Strada Costache Negri, Centru, Iasi, Iasi",129900,1160,3,112
2618,"Apartament cu 4 camere, decomandat, 98mp, boxa, uscator, Petru Poni, P","Strada Pacurari, Pacurari, Iasi, Iasi",129900,1181,4,110
3595,"Apartament de 4 camere, 127 mp, 2 locuri de parcare, zona Bucium","Strada Calistrat Hogas, Bucium, Iasi, Iasi",130000,1092,4,119
657,Apartament 4 camere decomandat - Pacurari - Petru Poni,"Pacurari, Iasi, Iasi",130000,1300,4,100
1958,Pacurari-Petru Poni 4 camere decomandat 90mp,"Pacurari, Iasi, Iasi",130000,1313,4,99
4774,"Apartament 3 camere decomandat - Cug, Ideal Residence","Centru, Iasi, Iasi",130000,1327,3,98
2638,Apartament 4 camere Capat Pacurari,"Pacurari, Iasi, Iasi",130000,1340,4,97
290,"Apartament 3 camere Tatarasi , 80 metri, etaj 2 Cod:149949","Strada Tatarasi, Tatarasi Nord, Iasi, Iasi",130000,1625,3,80
771,Apartament 3 camere Moara de vant,"Stradela Moara de Vant, Moara de Vant, Iasi, Iasi",130000,2097,3,62
578,"Apartament 3 camere,Copou-Sadoveanu,constructie noua,finalizata","Agronomie, Iasi, Iasi",130000,2167,3,60
3728,"Apartament 2 cam, decomandat de vanzare in zona Copou - Aleea Sadovean","Strada Baltagului, Agronomie, Iasi, Iasi",130000,2167,2,60
1410,"Central,linga Palas mall,ap2c parter.,Ct T,","Centru, Iasi, Iasi",130000,2500,2,52
2241,"Apartament nou, 2 camere, finisaje premium, FINALIZAT, Moara de Vant","Moara de Vant, Iasi, Iasi",130000,2600,2,50
1579,Apartament de vanzare 2 camere Ultracentral la 3 minute de UMF,"Centru, Iasi, Iasi",130000,2826,2,46
3819,"Start Vanzari! Ap3cam 100MP, Bloc NOU Nicolina Comision 0%","Soseaua Nicolina, Nicolina 1, Iasi, Iasi",131340,1313,3,100
3533,"Apartament nou de 3 camere, 97 mp, 2 bai, Nicolina","Soseaua Nicolina, CUG, Iasi, Iasi",131340,1354,3,97
2117,"Adamant Towers, 3 camere, tip 3B , 99.9mp, Sos. Nicolina nr. 54","Soseaua Nicolina, CUG, Iasi, Iasi",131340,1632,3,80.5
465,"Apartament 3 camere, ideal investitie, zona Nicolina","Nicolina 2, Iasi, Iasi",131340,1634,3,80.4
873,"Adamant Towers, 3 camere, tip 3B , 100mp, Sos Nicolina nr.54","Soseaua Nicolina, CUG, Iasi, Iasi",131340,1634,3,80.4
3943,PROIECT NOU | apartament 2 camere LA CHEIE | Pacurari - Alpha Bank,"Soseaua Pacurari, Pacurari, Iasi, Iasi",131386,2014,3,65.24
2979,"Apartament 3 camere, Copou, decomandat, zona Sadoveanu","Strada George Calinescu, Copou, Iasi, Iasi",131810,1811,3,72.8
3804,"Apartament 3 camere, 75 mp, nou, Moara de foc","Soseaua Pacurari, Pacurari, Iasi, Iasi",132000,1760,3,75
3309,"Apartament 3 camere, cartier Pacurari, zona de interes","Pacurari, Iasi, Iasi",132770,1702,3,78
4684,"Apartament 3 camere + 2 bai , diferite etaje *Pacurari - Complex nou !","Pacurari, Iasi, Iasi",132779,1702,3,78
1814,"Apartament 3 camere decomandat, etaj 1, 78mp, Pacurari-Kaufland!","Pacurari, Iasi, Iasi",133000,1705,3,78
3536,"Apartament nou de 3 camere, 2 bai, 2 balcoane, 97 mp, zona Nicolina","Soseaua Nicolina, CUG, Iasi, Iasi",133300,1374,3,97
4296,Apartamente noi cu 3 camere de vanzare in Iasi situate pe zona Copou,"Strada Costache Negri, Centru, Iasi, Iasi",133500,1571,3,85
2400,Apartament Rapa Galbena ( Arcu) 3 camere. 2/4 bl 80,"Strada Florilor, Gara, Iasi, Iasi",133800,1808,3,74
3665,"Penthouse 75 mp utili + terasa 38 mp, 3 camere, 2 bai, Greenpark...","Strada Fantanelor, Aviatiei, Iasi, Iasi",134000,1787,3,75
2469,"Apartament 3 camere, decomandat, 78 mp- Pacurari,bloc 1989","Pacurari, Iasi, Iasi",134000,1861,3,72
188,"PIATA UNIRII! Ultracentral! Apartament 3 camere, DECOMANDAT, FARA RISC","Centru, Iasi, Iasi",134000,2161,3,62
2199,"Apartament 3 camere , direct dezvoltator , Royal Town, Iasi","Aleea Mihail Sadoveanu, Agronomie, Iasi, Iasi",134170,1571,3,85.38
4866,"Apartament de vanzare, 3 camere decomandat, Iasi-Copou","Aleea Sadoveanu, Iasi, Iasi",134170,1571,3,85.38
4867,"Apartament 3 camere, Iasi, Copou, Royal Town","Strada Flammarion Camile, Agronomie, Iasi, Iasi",134170,1571,3,85.38
4868,"Apartament de vanzare,3 camere decomandat (direct dezvoltator)","Aleea Mihail Sadoveanu, Agronomie, Iasi, Iasi",134170,1571,3,85.38
4869,"Apartament 3 camere nou, Royal Town,Copou","Aleea Mihail Sadoveanu, Agronomie, Iasi, Iasi",134170,1571,3,85.38
4870,"Apartament 3 camere modern-living, Copou, Iasi","Aleea Mihail Sadoveanu, Agronomie, Iasi, Iasi",134170,1571,3,85.38
2184,"Apartament 2 camere 55 mp, etaj intermediar, Sf. Lazar, ULTRACENTRAL","Strada Sfantul Lazar, Tudor Vladimirescu, Iasi, Iasi",134999,2455,2,55
2393,Apartament 3 camere de tip penthouse Tatarasi !,"Strada Costache Negri, Centru, Iasi, Iasi",135000,1205,3,112
676,"Apartament 4 camere Tatarasi , 100 metri, etaj 4 Cod:143746","Strada Tatarasi, Tatarasi Nord, Iasi, Iasi",135000,1350,4,100
4224,"Moara de Vant, apartament duplex, 3 camere, in vila noua","Stradela Moara de Vant, Moara de Vant, Iasi, Iasi",135000,1350,3,100
1479,"Aparatemnt 4 camere, 90 mp, zona Oancea","Strada Ion Creanga, Tatarasi Nord, Iasi, Iasi",135000,1500,4,90
2201,Apartament 4 camere,"Centru, Iasi, Iasi",135000,1500,4,90
1964,Apartament 3 camere confort I sporit Tatarasi Green Park!,"Strada Costache Negri, Centru, Iasi, Iasi",135000,1688,3,80
517,"Apartament 3 camere Tatarasi , 76 metri, etaj 8 Cod:148576","Strada Tatarasi, Tatarasi Nord, Iasi, Iasi",135000,1776,3,76
1125,Vanzare apartament 3 camere decomandat - Hala Centrala,"Podu Ros, Iasi, Iasi",135000,1929,3,70
1230,"Centru - Palas, apartament cu 3 camere decomandat","Strada Costache Negri, Centru, Iasi, Iasi",135000,1929,3,70
4430,"Apartament finalizat 3 camere, 100 mp, Pacurari","Pacurari, Iasi, Iasi",135000,1985,3,68
783,Apartament 2CDecomandat Copou Nou Intabulat Parcare Boxa Mobilat Utila,"Agronomie, Iasi, Iasi",135000,2213,2,61
583,"Apartament 2 camere decomandat, bloc nou, INTABULAT, COPOU!","Strada Baltagului, Carol I, Iasi, Iasi",135000,2250,2,60
633,"Apt 2 camere Copou ROYAL TOWN, INTABULAT boxa + loc de parcare, mobila","Agronomie, Iasi, Iasi",135000,2328,2,58
3279,3 camere finalizat - CENTRU - Palas Mall - mobilat,"Centru, Iasi, Iasi",135000,2547,3,53
3499,Apartament nou 2 camere FINALIZAT Moara de Vânt - dezvoltator,"Moara de Vant, Iasi, Iasi",135000,2700,2,50
3984,-2 camere nou: 50 mpu+3 mp balcon+50 mp pod+80 mp terasa- Dezvoltator,"Strada Moara de Vant, Moara de Vant, Iasi, Iasi",135000,2700,2,50
4556,"Ultracentral - apartament 2 camere, bloc nou, LA CHEIE","Strada Sfantul Petru Movila, Uzinei, Iasi, Iasi",135250,2500,2,54.1
3084,"Apartament 3 camere, decomandat, priveliste minunata","Manta Rosie, Iasi, Iasi",135594,1390,3,97.55
2806,Apartament 3CDecomandat 2Bai 112MP Iasi Bucium Lux Bloc 2018 Intabulat,"Bucium, Iasi, Iasi",136000,1214,3,112
2559,"Apartament de 3 camere, 110 mp, semidecomandat, zona Bucium","Strada Teohari Antonescu, Bucium, Iasi, Iasi",136000,1236,3,110
4685,"Apartament 3 camere D + 2 bai, etajul 1, Pacurari/ finisaje premium","Pacurari, Iasi, Iasi",136568,1707,3,80
2203,"Etaj 1! Apartament 4 camere 2 băi, Tatarasi, mobilat + utilat","Podu Ros, Iasi, Iasi",137000,1713,4,80
2599,Apartament 4 Camere Decomandat - 2 Bai - Bloc din 1980 - Metalurgie,"Podu Ros, Iasi, Iasi",137000,1713,4,80
3130,Apartamentul care satisface nevoile familiei tale,"Tatarasi Sud, Iasi, Iasi",137000,1713,4,80
2869,Arcu-Gara 3 camere decomandat etaj 2,"Strada Saulescu, Uzinei, Iasi, Iasi",137999,2123,3,65
1782,Moara de Vant! Apartament 2 camera cu terasa si loc de parcare!,"Moara de Vant, Iasi, Iasi",138000,2379,2,58
3816,Apartament 2 camere 58 mp + gradina + 1 loc de parcare Moara de Van,"Moara de Vant, Iasi, Iasi",138000,2379,2,58
4067,Trai ca la casa! Apartament cu 2 camere + 1 Moara de Vant,"Moara de Vant, Iasi, Iasi",138000,2379,2,58
1000,Apartament 4 camere decomandat 2 bai Iasi Centru Palas,"Podu Ros, Iasi, Iasi",139000,1598,4,87
889,Apartament 3 camere decomandat 78 mp Centru Civic Palas Sf Lazar,"Centru, Iasi, Iasi",139000,1782,3,78
4785,"Apartament 3 camere Decomandat, boxa - Gara","Podu Ros, Iasi, Iasi",139000,1853,3,75
3187,Apartament 3 camere cu gradina proprie in proprietate,"Pacurari, Iasi, Iasi",139518,2082,3,67
1052,"PROPRIETAR * ap 3 camere cu TERASA + BOXA + 3 locuri parcare, bloc NOU","Centru, Iasi, Iasi",139900,1332,3,105
2905,Apartament 4 camere transformat in 3 Nicolina- Bulevard,"Nicolina 1, Iasi, Iasi",139900,1727,3,81
3018,Apartament 4 camere Nicolina-Pizza Nico,"Nicolina 1, Iasi, Iasi",139900,1749,4,80
1897,"Penthouse de vanzare Popas Pacurari,la pretul de 140000 +tva","Pacurari, Iasi, Iasi",140000,843,3,166
3666,"Apartament 4 camere, 98 mp, boxa+spatii depozitare, zona Mol Pacurari","Strada Popauti, Pacurari, Iasi, Iasi",140000,1273,4,110
358,Apartament plus Garsoniera CENTRU,"Centru, Iasi, Iasi",140000,1750,3,80
3248,"COPOU, Azimut, 2 camere, Etaj 8, Priveliste Superba","Strada Baltagului, Carol I, Iasi, Iasi",140000,1750,2,80
991,CENTRU CIVIC APARTAMENT 3 CAMERE + BIROU 78MP,"Bulevardul Tudor Vladimirescu, Tudor Vladimirescu, Iasi, Iasi",140000,1795,4,78
3330,"Tatarasi Oancea, apartament 3 camere decomandat, mobilat si utilat mod","Strada Vasile Lupu, Tatarasi Sud, Iasi, Iasi",140000,1818,3,77
730,Apartament ultracentral cu 3 camere in apropierea Primariei,"Centru, Iasi, Iasi",140000,2000,3,70
4314,Bulevardul Independentei Apartament 3 Camere Decomandat Cu 2 Bai Nou,"Podu Ros, Iasi, Iasi",140000,2154,3,65
3600,"Apartament 3 camere, 113 mp, ansamblu exclusivist zona Bucium","Soseaua Bucium, Bucium, Iasi, Iasi",142820,1264,3,113
3996,"Apartament de vanzare, tip duplex, D, zona Bucium - Bellaria","Soseaua Bucium, Zona Industriala, Iasi, Iasi",143000,947,5,151
2204,Apartament 3 camere Copou Garden finalizat,"Agronomie, Iasi, Iasi",143000,1589,3,90
2600,Apartament Modern 3CDecom 82MP Etaj Int Nicolina Rond Vechi Selgros,"CUG, Iasi, Iasi",143500,1750,3,82
1907,Apartament Modern 3Cam Decomandat Nicolina Rond Vechi 80MP Mobilat,"CUG, Iasi, Iasi",143500,1794,3,80
3155,"Apartament 2 camere, 79.58mp, etaj intermediar, Zona Nicolina","Strada Mitropolit Varlaam, Nicolina 2, Iasi, Iasi",143640,2461,2,58.37
4272,"Apartamente noi cu 3 camere de vanzare in Iasi, zona Canta","Strada Rampei, Dacia, Iasi, Iasi",143891,1058,3,136
3395,"Apartament 4 camere, 95 mp, etaj intermediar, zona Nicolina","Strada Carpati, Nicolina 2, Iasi, Iasi",144000,1605,4,89.74
3673,Exclusive Residence Copou Apartament 2 camere,"Copou, Iasi, Iasi",144900,2635,2,55
993,PACURARI APARTAMENT 3 CAMERE MOBILAT UTILAT IMPECABIL 84MP,"Soseaua Pacurari, Pacurari, Iasi, Iasi",145000,1726,3,84
1959,Pacurari 3 C 74 mp utili etaj intermediar,"Pacurari, Iasi, Iasi",145000,1959,3,74
2212,"Apartament PREMIUM, decomandat, zona Frumoasa-Poitiers","Bulevardul Poitiers, Frumoasa, Iasi, Iasi",145000,1986,3,73
4451,"Apartament 3 camere, decomandat, de vanzare, Zona Centrala - Arcu","Strada Arcu, Centru, Iasi, Iasi",145000,2042,3,71
2912,Vanzare apartament 3 camere decomandat - Stefan cel Mare,"Podu Ros, Iasi, Iasi",145000,2231,3,65
2233,"Apartament 2 cam, open space de vanzare in zona Copou Exclusiv Residen","Strada Ghica Voda Grigore, Copou, Iasi, Iasi",145000,2788,2,52
4822,"Apartament 2 camere, 81.02 mp, decomandat, zona Nicolina","Strada Lacului, Nicolina 2, Iasi, Iasi",145067,2487,2,58.33
547,"Apartament nou, dare in folosinta anul acesta, in zona Podu Ros!","Podu Ros, Iasi, Iasi",145129,2502,2,58
4689,"Apartament 2 camere 96 mp - terasa de 25 mp, Pacurari-Alpha Bank","Pacurari, Iasi, Iasi",145518,1532,2,95
3292,"Apartament 4 camere, cartier Pacurari, disponibil","Pacurari, Iasi, Iasi",146416,1219,4,120.1
1702,"Apartament 3 camere decomandat, etaj intermediar, CENTRU-GARA","Strada Strapungerea Silvestru, Gara, Iasi, Iasi",147000,2100,3,70
277,"Apartament 3 camere+2 bai, decomandat 68 mp Gara Arcu","Uzinei, Iasi, Iasi",147000,2162,3,68
944,Apartament 3 camere+2 bai bloc pe cadre zona Garii,"Gara, Iasi, Iasi",147000,2262,3,65
207,Apartament spatios 2 camere decomandat 64 mp Newton Tatarasi,"Tatarasi Sud, Iasi, Iasi",147000,2297,2,64
3817,"Apartament 2 cam decomandat, de vanzare in zona Podul de Fier - Moara","Strada Eternitate, Podu de Fier, Iasi, Iasi",147000,2534,2,58
856,"Apartament spatios, luminos si calitativ ! 2 camere Newton Tatarasi","Tatarasi Sud, Iasi, Iasi",147000,2774,2,53
1762,"Apartament 3 camere, 110 mp, terasa, ansamblu exclusivist zona Bucium","Soseaua Bucium, Bucium, Iasi, Iasi",147100,1337,3,110
3596,"Apartament 3 camere, complex rezidential, 107 mp, zona Viticultori","Aleea Mihail Sadoveanu, Copou, Iasi, Iasi",147476,1695,3,87
3597,"Apartament 3 camere in complex rezidential premium, 102 mp, zona...","Strada Viticultori, Carol I, Iasi, Iasi",147476,1798,3,82
3550,"Apartament 2 camere, decomandat, semicentral, Iasi","Uzinei, Iasi, Iasi",148000,3083,2,48
3852,"Penthouse Soseaua Nicolina Bloc nou, 130mp, mobilat utilat LUX","CUG, Iasi, Iasi",148500,1142,3,130
1660,MUTARE IMEDIATA APARTAMENT 3 CAMERE 104MP MOBILAT UTILAT,"Soseaua Bucium, Manta Rosie, Iasi, Iasi",149000,1433,3,104
1675,BLOC NOU INTABULAT TATARASI 3 CAMERE 92MP,"Strada Aurel Vlaicu, Aviatiei, Iasi, Iasi",149000,1620,3,92
2880,4 camere / Tatarasi,"Tatarasi Sud, Iasi, Iasi",149000,1840,4,81
3113,Apartament Nou Finalizat 3 camere +2 locuri parcare subterana Tatarasi,"Tatarasi Nord, Iasi, Iasi",149000,2014,3,74
1998,"Apartament 3 camere decomandat ,etaj 2, zona Gara-Billa, 70 mp!","Gara, Iasi, Iasi",149000,2129,3,70
2306,Gara-Apartament 3 camere decomandat,"Gara, Iasi, Iasi",149000,2129,3,70
374,"Apartament 2 camere in bloc nou, construit exceptional, in zona Palas","Centru, Iasi, Iasi",149000,2292,2,65
914,"Centru Palas Mall, 2 camere model decomandat","Centru, Iasi, Iasi",149500,2300,2,65
2392,Apartament 4 camere (penthouse) in zona Tatarasi!,"Podu Ros, Iasi, Iasi",149900,1119,4,134
482,Apartament 3CDecomandat Nicolina Esplanada 80MP Renovat Parcare Boxa,"Nicolina 1, Iasi, Iasi",149900,1874,3,80
481,"Super locatie: esplanada Nicolina - Apart. 3 cam. 80 mp, parcare, boxa","Nicolina 1, Iasi, Iasi",149900,1912,3,78.4
3430,"Penthouse de vanzare cu acces privat, supraf 167mp, Popas-Pacurari","Pacurari, Iasi, Iasi",150000,898,2,167
2028,"Penthouse de vanzare Popas Pacurari, comision 0% la cumparator","Pacurari, Iasi, Iasi",150000,904,3,166
3407,"Parc amenajat, loc de joaca pentru copii,magazine, zona Popas Pacurari","Pacurari, Iasi, Iasi",150000,904,3,166
3488,"Penthouse de vanzare cu acces privat, Popas-Pacurari","Pacurari, Iasi, Iasi",150000,904,3,166
4213,"Apartament 4 camere, 95 mp, etaj intermediar, zona Nicolina","Strada Carpati, Nicolina 2, Iasi, Iasi",150000,1671,4,89.74
2439,"Etaj la vila Tg. Cucu, apartament 4 camere","Podu Ros, Iasi, Iasi",150000,1765,4,85
4127,"Ap 4 camere la vila, 95 mp, Podul de Fier - Sc. Spectrum","Bulevardul C. A. Rosetti, Podu de Fier, Iasi, Iasi",150000,1765,4,85
1644,Apartament 3C decomandat LUX mobilat\/ utilat Poitiers\/Continental,"Bulevardul Poitiers, Frumoasa, Iasi, Iasi",150000,1829,3,82
2104,"Apartament 2 camere, 60 mp, zona centrala","Strada Perju, Uzinei, Iasi, Iasi",150000,2500,2,60
3840,"Ap 3 camere, confort lux, suprafata 78,3mp, zona Moara de Foc","Strada Niciman, Canta, Iasi, Iasi",150000,2500,3,60
2527,"Apartament 2 cam, open - space de vanzare in zona Copou - Exclusiv Res","Bulevardul Carol I, Copou, Iasi, Iasi",150000,2941,2,51
3253,"Apartament 4 camere, cartier Pacurari, la 100mp de transport","Pacurari, Iasi, Iasi",150271,1189,4,126.37
4566,"Moara de Vant - lac Aroneanu, 3 camere la cheie, etaj 2","Stradela Moara de Vant, Moara de Vant, Iasi, Iasi",150437,2089,3,72
2517,"Apartament de lux cu 3 camere, Moara de Vant, COMISION 0","Strada Moara de Vant, Moara de Vant, Iasi, Iasi",150500,2007,3,75
2138,Apartament elegant cu finisaje premium! 3 camere Moara de Vant,"Moara de Vant, Iasi, Iasi",151000,2013,3,75
2949,"Apartament 2 camere, decomandat, semicentral, Iasi","Uzinei, Iasi, Iasi",151200,2800,2,54
3464,"Apartament 2 camere, decomandat, semicentral, Iasi","Uzinei, Iasi, Iasi",151300,2967,2,51
3970,"Apartament Deosebit 3 camere+terasa, Pacurari Comision 0% Loc de parca","Strada Pacurari, Pacurari, Iasi, Iasi",152000,1476,3,103
755,"Apartament 4 camere Nicolina , 112 metri, etaj 4 Cod:151053","Strada Petre Tutea, Nicolina 1, Iasi, Iasi",153000,1366,4,112
2642,"Ap. 2 Camere-Ansamblul rezidențial Sirajardin, TIP 2A, 55 mp-Centru","Stradela Varianta Uzinei, Uzinei, Iasi, Iasi",153076,2783,2,55
3030,"Apartament 2 camere, decomandat, semicentral, Iasi","Uzinei, Iasi, Iasi",154000,2800,2,55
718,Apartament Exclusivist-Centru-Independentei-3 Camere 112MP-Bloc 2007,"Centru, Iasi, Iasi",154900,1549,3,100
773,Apartament 3 camere Tg Cucu - Independentei,"Bulevardul Independentei, Centru, Iasi, Iasi",155000,1372,3,113
994,NICOLINA CUG APARTAMENT DEOSEBIT 4 CAMERE 112 MP,"Soseaua Nicolina, Nicolina 1, Iasi, Iasi",155000,1384,4,112
3185,"Apartament 3 cam, decomandat de vanzare in zona Copou - Sararie","Strada Mihail Kogalniceanu, Copou, Iasi, Iasi",155000,1703,3,91
1638,Apartament Premium 3CDecomandat Copou Complex Rezidential Mobilat Util,"Agronomie, Iasi, Iasi",155000,1761,3,88
1749,"Apartament 3 camere LUX , Copou , Copou Garden Residence","Centru, Iasi, Iasi",155000,1761,3,88
2109,"Apartament 3 camere, 86 mp, Copou","Strada Theodor Palldy, Copou, Iasi, Iasi",155000,1811,3,85.59
4646,"Apartament 3 camere, Decomandat, Billa-Gara","Gara, Iasi, Iasi",155000,2095,3,74
209,"3 CD Moara De Vant , curte , parcare","Moara de Vant, Iasi, Iasi",155000,2183,3,71
1256,"Apartament 2 camere decomandat, etaj intermediar, CENTRAL","Strada Perju, Uzinei, Iasi, Iasi",155000,2583,2,60
907,"Persoana fizica, apartament 2 camere Moldova Mall","Centru, Iasi, Iasi",155000,2818,2,55
1409,Apartament 3 camere Centru - Mitropolie,"Centru, Iasi, Iasi",156000,2229,3,70
2759,"ULTRACENTRAL! Apartament 3 camere, DECOMANDAT, ETAJ 2, Stefan cel Mare","Centru, Iasi, Iasi",156000,2229,3,70
1003,"Apartament 3 camere, decomandat, Central,100 mp, 156.200 euro","Bulevardul Socola, Nicolina 2, Iasi, Iasi",156200,1562,3,100
3647,"Podu Ros, apartament cu 3 camere decomandat, bloc nou","Podu Ros, Iasi, Iasi",156275,1563,3,100
3122,"Ap. 2 Camere-Ansamblul rezidențial Sirajardin, TIP 2B, 56 mp-Centru","Stradela Varianta Uzinei, Uzinei, Iasi, Iasi",156912,2802,2,56
4385,"Apartamente noi, 3 camere, CENTRAL - PALAS","Podu Ros, Iasi, Iasi",157600,2284,3,69
2820,Apartament 3 camere Bd. Stefan cel Mare,"Copou, Iasi, Iasi",158000,2257,3,70
3603,"Apartament de 3 camere, 136 mp, terasa generoasa, zona Canta","Strada Luca Arbore, Canta, Iasi, Iasi",159545,1173,3,136
83,Apartament 3 camere decomandat 80 mp Iasi Centru Civic Palas,"Centru, Iasi, Iasi",159700,1996,3,80
1734,"Fotografii reale, descopera rafinamentul si eleganta -Tatarasi 3 cam.","Aviatiei, Iasi, Iasi",159900,1719,3,93
178,PENTHOUSES ERA PACURARI 3 CAMERE 145MP,"Pacurari, Iasi, Iasi",160000,1103,3,145
541,"P.F.! Apartament 4 camere 2 băi, Tatarasi - Oancea, 100mp","Podu Ros, Iasi, Iasi",160000,1600,4,100
1456,"Ultimul apartament nou, 3 camere - Veneția Residence, fotografii reale","Aviatiei, Iasi, Iasi",160000,1739,3,92
3215,"Apartament 4 camere Pod de Fier, C.A. Rosetti","Ticau, Iasi, Iasi",160000,1778,4,90
1023,3 camere decomandat Gara 88 mp et. 2 bloc 1988 renovat Cod:150899,"Strada Garii, Gara, Iasi, Iasi",160000,1818,3,88
1836,"Centru Civic - Sf. Lazar , apartament 3 camere , etaj 1 , 87 mp","Strada Sfantul Lazar, Podu Ros, Iasi, Iasi",160000,1839,2,87
1442,Apartament 3 camere Sf. Lazar,"Podu Ros, Iasi, Iasi",160000,1882,3,85
1975,Apartament 3 camere decomandat Sfantul Lazar - Palas,"Strada Sfantul Lazar, Centru, Iasi, Iasi",160000,1882,3,85
280,"Apartament de 3 camere, decomandat, 2 bai, etaj intermediar, zona Gara","Strada Profesor Petru Cujba, Uzinei, Iasi, Iasi",160000,1905,3,84
2178,"Apartament 3 camere, 73mp, ULTRACENTRAL, Bulevardul Independentei","Strada Vasile Stroescu, Centru, Iasi, Iasi",160000,2192,3,73
3308,Detaliile fac diferenta. Apartament nou cu 3 camere Tatarasi Flora,"Tatarasi Nord, Iasi, Iasi",160000,2286,3,70
4638,"Apartament 2 camere,bloc nou Copou- Gradina Botanica, Mutare imediata!","Strada Frederich, Copou, Iasi, Iasi",160000,2388,2,67
2255,Apartament cu 3 camere de vanzare Centru,"Centru, Iasi, Iasi",160000,2424,3,66
3394,3 camere finalizat - CENTRU - Palas Mall - mobilat,"Centru, Iasi, Iasi",161000,2013,3,80
1499,"Apartament 4 CAM, Zimbru DACIA Mobilat -Utilat complet - la cheie","Centru, Iasi, Iasi",163000,1417,4,115
2240,Apartament 2 camere Anastasie Panu - Palas,"Centru, Iasi, Iasi",163000,2810,2,58
3942,PROIECT NOU | apartament 2 camere LA CHEIE | Pacurari - Alpha Bank,"Soseaua Pacurari, Pacurari, Iasi, Iasi",163473,2043,4,80
3601,"Apartament 4 camere, 120 mp, ansamblu exclusivist zona Bucium","Stradela Plopii Fara Sot, Bucium, Iasi, Iasi",163740,1365,4,120
3968,"Apartament Deosebit, 3 camere Pacurari Comision 0%Loc de parcare inclu","Strada Munteni, Pacurari, Iasi, Iasi",164000,2103,3,78
2229,"Apartament nou, 3 camere, finisaje premium, FINALIZAT, Moara de Vant","Moara de Vant, Iasi, Iasi",164000,2187,3,75
502,"Apartament 2 camere Copou , 61 metri, etaj parter Cod:151090","Bulevardul Carol I, Copou, Iasi, Iasi",164000,2689,2,61
1811,"Apartament 4 CD, 2 bai, 2 balcoane 100 mp, Gara-Carrefour!","Gara, Iasi, Iasi",165000,1500,4,110
1874,"Apartament 4 camere 2 băi, Oancea - Tatarasi, 100mp","Podu Ros, Iasi, Iasi",165000,1650,4,100
324,"Apartament de 3 camere, ultramodern, 88mp","Agronomie, Iasi, Iasi",165000,1875,3,88
1571,"Apartament 3 cam, open space de vanzare in zona Copou Aleea Sadoveanu","Agronomie, Iasi, Iasi",165000,1875,3,88
4068,Detaliile fac diferenta! Apartament 3 camere complet mobilat si utilat,"Tatarasi Nord, Iasi, Iasi",165000,2346,3,70.32
2458,"B-dul Stefan cel Mare si Sfant, 3 camere, etaj 2","Bulevardul Stefan cel Mare si Sfant, Centru, Iasi, Iasi",165000,2357,3,70
1729,"Apartament 2 camere, 60 mp, Copou, 165.000 euro","Soseaua Sararie, Copou, Iasi, Iasi",165000,2750,2,60
2513,"Apartament 2 cam, open space de vanzare in zona Copou Exclusiv Residen","Copou, Iasi, Iasi",165000,3173,2,52
3599,"Apartament 4 camere, 118 mp, zona Bucium","Strada Plopii Fara Sot, Bucium, Iasi, Iasi",165440,1402,4,118
904,Apartament exclusivist! Elegant cu finisaje premium! 3 camere Tatarasi,"Tatarasi Nord, Iasi, Iasi",167000,2319,3,72
2615,"Etaj 2! Apartament 3 camere, Centru - Stefan cel Mare, BOXA","Podu Ros, Iasi, Iasi",167000,2386,3,70
3257,"Apartament 2 camere, decomandat, semicentral, Iasi","Uzinei, Iasi, Iasi",168000,2800,2,60
2130,"Ofertă rară! Apartament 4 camere 2 băi, Tatarasi - OANCEA, 100mp","Podu Ros, Iasi, Iasi",169000,1690,4,100
3974,"Milenium Towers Pacurari, Apartament 3 camere, Pret PROMO","Soseaua Pacurari, Pacurari, Iasi, Iasi",169000,2061,3,82
997,"Centru - Palas, 3 camere mobilat si utilat","Centru, Iasi, Iasi",170000,1969,3,86.34
3966,"Apartament nou, 3 camere,FINALIZAT, loc de parcare inclus, Tatarasi","Tatarasi Sud, Iasi, Iasi",170000,2048,3,83
4821,Apartament 4 camere Palas - Sf Lazar,"Strada Sfantul Lazar, Podu Ros, Iasi, Iasi",170000,2152,2,79
4660,Apartament 3 camere de vanzare - Centru - Anastasie Panu,"Strada Anastasie Panu, Centru, Iasi, Iasi",170000,2208,3,77
1320,CENTRU- Palas Mall-Anastasie Panu -apartament 3 camere,"Centru, Iasi, Iasi",170000,2537,3,67
1462,"Apartament de vanzare, Centru Civic, Iasi","Centru, Iasi, Iasi",170000,2537,3,67
3694,"Copou - Aleea Sadoveanu, locuinta premium cu 4 camere","Aleea Mihail Sadoveanu, Agronomie, Iasi, Iasi",170200,1857,4,91.67
2265,Apartament 3 camere Anastasie Panu - Tribunal,"Centru, Iasi, Iasi",172000,2293,3,75
4248,"Apartament 3 cam cu terasa de vanzare,136 mp,Dacia","Strada Tabacului, Dacia, Iasi, Iasi",172060,1955,3,88
3235,Ap 3 camere Poitiers Towers,"Bulevardul Poitiers, Manta Rosie, Iasi, Iasi",174000,1123,3,155
4503,"Apartament premium de 3 camere, 80 mp, 70 mp terasa, sistem smart...","Strada Libertatii, Nicolina 2, Iasi, Iasi",174000,2175,3,80
49,"Apartament lux 3 Camere, 2 bai,parcare, COMISION 0, bloc 2022","Strada Ion Creanga, Aviatiei, Iasi, Iasi",175000,2134,3,82
4323,"3 CAM bloc nou, decomandat, 75mp, 2 bai, mutare imediata, SMARDAN","Tudor Vladimirescu, Iasi, Iasi",175000,2333,3,75
2841,Apartament 3 camere de vanzare Centru - Sfantul Lazar,"Podu Ros, Iasi, Iasi",175000,2652,3,66
3061,Proiect deosebit! ap 3 camere ULTRACENTRAL! langa PALAS,"Strada Palas, Centru, Iasi, Iasi",175200,2400,3,73
3070,"Ultracentral!, apartamente noi 2 camere langa PALAS","Strada Palas, Centru, Iasi, Iasi",175200,2400,2,73
1694,"AP 3 CAM MOARA DE VANT, PODUL DE FIER","Strada Moara de Vant, Moara de Vant, Iasi, Iasi",177000,2269,3,78
2190,"Apartament exclusivist ultacentral! 2 camere, openspace 73 mp","Centru, Iasi, Iasi",177000,2950,2,60
3068,"Apartamente noi, 2 camere ULTRACENTRAL - PALAS","Strada Palas, Centru, Iasi, Iasi",177600,2400,2,74
2590,"Apartament 3 camere + terasa FINISAJE PREMIUM/LUX *Moara de Vant,!","Moara de Vant, Iasi, Iasi",178000,1695,3,105
395,Penthouse duplex superb lux 2 nivele 160 mp Bucium 3 Sarmale,"Bucium, Iasi, Iasi",179000,1119,3,160
1756,Penthouse duplex superb lux 2 nivele 160 mp Bucium 3 Sarmale,"Centru, Iasi, Iasi",179000,1119,3,160
3240,Apartament 3 camere 80 mp Centru Civic Hala Centrala bloc 1989 et.2,"Centru, Iasi, Iasi",179500,2244,3,80
4733,"Proprietate deosebita, 4 camere cu terasa, Tatarasi, ZERO COMISION","Tatarasi Sud, Iasi, Iasi",180000,1935,4,93
331,Apartament trei camere Iasi Tatarasi,"Tatarasi Sud, Iasi, Iasi",180000,2000,3,90
1699,"Apartament 3 camere decomandat, etaj intermediar, ULTRACENTRAL.","Strada Maxim Gorki, Centru, Iasi, Iasi",180000,2813,3,64
3069,"Proiect Ultracentral, ap.3 camere vis-s-vis de PALAS","Strada Palas, Centru, Iasi, Iasi",183600,2384,3,77
3397,3 camere finalizat - CENTRU - Palas Mall - mobilat,"Centru, Iasi, Iasi",184000,2044,3,90
2957,Apartament 3 camere Palas,"Centru, Iasi, Iasi",184000,2300,3,80
3547,"Apartament de 3 camere cu terasa, 135 mp, Moara de Foc","Strada Ion Roata, Pacurari, Iasi, Iasi",185000,1762,3,105
4137,Penthouse - 104 mp - bloc nou - Pacurari- Lidl,"Podu Ros, Iasi, Iasi",185000,1779,2,104
3904,"Proiect Deosebit, Apartament 3 camere Pacurari Pret Promotional","Soseaua Pacurari, Pacurari, Iasi, Iasi",185000,2102,3,88
1933,"Proprietar, Apartament/Birou 3 cam Central - Bloc Mercury langa PALAS","Centru, Iasi, Iasi",185000,2313,3,80
3890,"Apartament 3 camere FInalizat, Mercury Apartments","Strada Sfantul Lazar, Podu Ros, Iasi, Iasi",185000,2313,3,80
4204,"Apartamente noi, 3 camere, CENTRAL - PALAS","Podu Ros, Iasi, Iasi",185000,2313,3,80
1700,PODU ROS NOU APARTAMENT 3 CAMERE 100MP,"Bulevardul Socola, Nicolina 2, Iasi, Iasi",185900,1859,3,100
3720,"Apartament Deosebit, 3 camere 100Mp, Pret Promotional - Central","Bulevardul Socola, Tesatura, Iasi, Iasi",185950,1860,3,100
3922,"Apartament 3 camere, decomandat, central, cu locatie excelenta","Nicolina 2, Iasi, Iasi",185967,1861,3,99.91
574,Apartament cu 3 camere decomandat NOU in Podu Ros!,"Podu Ros, Iasi, Iasi",185967,2354,3,79
4184,"Apartament 3 camere, bloc nou, Podu Ros, predare 2023!","Bulevardul Socola, Podu Ros, Iasi, Iasi",185967,2363,3,78.69
4623,"Apartament 3 camere, 99.91 mp, decomandat, Zona Nicolina","Strada Mitropolit Varlaam, Nicolina 2, Iasi, Iasi",185967,2363,3,78.69
2704,Apartament 3 camere decomandat - Podu Ros - Bloc Nou,"Podu Ros, Iasi, Iasi",185967,2384,3,78
2996,"Apartament 2 camere, decomandat, semicentral, Iasi","Uzinei, Iasi, Iasi",191800,3197,2,60
2756,"Copou Universitate, apartament liber, 3 camere, model spatios cu boxa","Copou, Iasi, Iasi",195000,2097,2,93
4599,Apartament 3 camere Tg. Cucu la vile,"Centru, Iasi, Iasi",195000,2378,3,82
3973,"Apartament 4 camere+terasa, Pacurari Loc de parcare inclus!","Strada Canta, Canta, Iasi, Iasi",197000,1515,4,130
760,"Apartament 3 camere, 2 bai, parcare privata, mobilat si utilat","Centru, Iasi, Iasi",198000,2041,3,97
506,"Tatarasi complex rezidential, apartament 4 camere intabulat, cu loc de","Strada Vasile Lupu, Tatarasi Nord, Iasi, Iasi",199000,2261,4,88
4880,Casa/Vila 250mp+1000mp teren Vulturi,"Centru, Iasi, Iasi",199900,800,4,250
3449,"Apartament nou, 3 camere de vanzare, situat in zona Popas Pacurari.","Pacurari, Iasi, Iasi",200000,1220,3,164
3527,"Apartament 3 camere, 100 mp, modern, garaj, Esplanada Nicolina","Strada Petre Tutea, Nicolina 1, Iasi, Iasi",200000,2000,3,100
2329,"4CD cu terasa , Palas - Sf. Lazar","Podu Ros, Iasi, Iasi",200000,2062,4,97
2333,Apartament 3 camere Moara de Vant,"Moara de Vant, Iasi, Iasi",200000,2632,3,76
4555,"Ultracentral - apartament 3 camere, bloc nou, LA CHEIE","Strada Sfantul Petru Movila, Uzinei, Iasi, Iasi",202750,2911,3,69.65
3236,Ap 4 camere Poitiers Towers,"Bulevardul Poitiers, Manta Rosie, Iasi, Iasi",203000,1128,4,180
4502,"Apartament premium in zona Poitiers, 4 camere, 105 mp, COMISION 0","Strada Manta Rosie, Manta Rosie, Iasi, Iasi",203000,1933,3,105
2273,"Tatarasi bloc nou, apartament 4 camere finalizat, cu loc de parcare si","Strada Vasile Lupu, Tatarasi Nord, Iasi, Iasi",205000,2330,4,88
3950,"Apartament 3 camere, decomandat, de vanzare, Moara de Vant","Stradela Moara de Vant, Moara de Vant, Iasi, Iasi",205000,2500,3,82
3878,"PROMOTIE: 3 camere+curte, Moara de Vant-Centru-Tatarasi-DEZVOLTATOR","Moara de Vant, Iasi, Iasi",205000,2595,3,79
4336,"PROMO: 3 camere 80mp + Terasa 123mp,Moara de Vant-Centru, DEZVOLTATOR","Moara de Vant, Iasi, Iasi",205000,2595,3,79
2971,"Apartament 2 camere, decomandat, semicentral, tip penthouse","Uzinei, Iasi, Iasi",205700,4033,2,51
3119,"Ap. 2 Camere-Ansamblul rezidențial Sirajardin, TIP 2F, 74 mp-Centru","Uzinei, Iasi, Iasi",207732,2807,2,74
3580,"Apartament de 3 camere, 141 mp, decomandat, zona Bucium","Soseaua Bucium, Bucium, Iasi, Iasi",210000,1489,3,141
4306,"Apartament 3 camere, lux, zona, Bucium, la strada principala","Bucium, Iasi, Iasi",210000,2100,3,100
4736,"Apartament 4 camere decomandat, bloc nou finalizat si locuit Tatarasi!","Strada Vasile Lupu, Tatarasi Nord, Iasi, Iasi",210000,2386,4,88
1977,"Apartament 3 camere,2bai, DECOMANDAT,mobilat, Stefan cel Mare BULEVARD","Centru, Iasi, Iasi",210000,2625,3,80
2529,Apartament 3 camere Vile Tg. Cucu,"Centru, Iasi, Iasi",210000,2763,3,76
1926,"Apartament/Birou Ultracentral, 74Mp Bloc Mercury langa PALAS","Centru, Iasi, Iasi",210000,2838,2,74
2454,"Copou, Parcul Expoziției, bloc nou, 2 camere, loc parcare, mobilat","Copou, Iasi, Iasi",210000,3443,2,61
3071,"Apartament 3 camere, decomandat, semicentral","Uzinei, Iasi, Iasi",214700,3067,3,70
4278,Apartament 4 camere decomandat - 101 mp - Centru Civic,"Podu Ros, Iasi, Iasi",215000,2129,4,101
3074,"ULTRACENTRAL! Apartament 91 mp + BOXA, DECOMANDAT, RENOVAT, bl 1990","Centru, Iasi, Iasi",215000,2688,3,80
3059,"Apartamente noi, 3 camere ULTRACENTRAL! langa PALAS","Strada Palas, Centru, Iasi, Iasi",216000,2400,3,90
1486,Penthouse de lux Tatarasi,"Bulevardul Tudor Vladimirescu, Tudor Vladimirescu, Iasi, Iasi",219000,1460,3,150
2448,Apartament 3 camere-Targu Cucu-Centru-etaj 1,"Centru, Iasi, Iasi",220000,2857,3,77
2457,"Targu Cucu, apartament 3 camere, etaj 1","Strada Cucu, Centru, Iasi, Iasi",220000,2857,3,77
168,Apartament 3 camere de vanzare Copou,"Copou, Iasi, Iasi",220000,2973,3,74
3749,"Apartament 3 camere, decomandat, semicentral","Uzinei, Iasi, Iasi",223000,2934,3,76
247,"Apartament 2 camere, decomandat, semicentral, tip penthouse","Uzinei, Iasi, Iasi",223200,4211,2,53
4196,"Penthouse Superb de vanzare, 3 camere, Mobilat si Utilat","Strada Costache Negri, Centru, Iasi, Iasi",225000,1364,3,165
3118,"Ap. 3 Camere-Ansamblul rezidențial Sirajardin, TIP 3A, 81 mp-Centru","Stradela Varianta Uzinei, Uzinei, Iasi, Iasi",226772,2800,3,81
3117,"Ap. 3 Camere-Ansamblul rezidențial Sirajardin, TIP 3B, 81 mp-Centru","Stradela Varianta Uzinei, Uzinei, Iasi, Iasi",227080,2803,3,81
2198,"Apartament 3 camere, 124 mp + bucătărie premium| Royal Town Copou","Podu Ros, Iasi, Iasi",227550,1845,3,123.33
2200,"Apartament de vanzare, finisaje premium, 3 camere, finalizat","Podu Ros, Iasi, Iasi",227550,1850,3,123
3989,"Apartament 3 camere, priveliște panoramică, direct dezvoltator","Podu Ros, Iasi, Iasi",227550,1850,2,123
442,Penthouse Atrium Garden - Valea Lupului,"Podu Ros, Iasi, Iasi",230000,1769,3,130
253,"Apartament tip duplex 3 camere, 90 mp + Terasa, Centru - Palas","Centru, Iasi, Iasi",230000,2556,3,90
4495,"Ultracentral, apartament renovat, amenajat complet la cheie, 3 camere","Bulevardul Independentei, Centru, Iasi, Iasi",235000,2798,3,84
89,"APARTAMENT Bdul. Ștefan cel Mare și Sfânt Iași, 3 camere, Dec, et 3","Podu Ros, Iasi, Iasi",235000,2891,3,81.3
3260,"Apartament liber, tip penthouse, mobilat la cheie, 3 camere, Oancea","Tatarasi Nord, Iasi, Iasi",235000,3052,3,77
794,"Apartament 3 camere Moara de Vant , 75 metri, etaj parter Cod:150989","Strada Eternitate, Podu de Fier, Iasi, Iasi",235000,3133,3,75
2008,"Apartament 3 camere LUX, 80 mp, DECOMANDAT, RENOVAT, Stefan cel Mare","Centru, Iasi, Iasi",239000,2988,3,80
6,"Apartament 3 camere, spatios, cu terasa si curte, Moara de vant.","Moara de Vant, Iasi, Iasi",240000,3243,3,74
2787,"Amenajari deosebite, apartament liber, 3 camere, 3 balcoane, boxa","Strada Costache Negri, Centru, Iasi, Iasi",240000,3429,3,70
1761,"Apartament 3 camere 83 mp, Ultracentral, Stefan cel Mare","Strada Costache Negruzzi, Centru, Iasi, Iasi",244999,2952,3,83
4128,Ultracentral - proprietate extrem de rara pe piata imobiliara,"Strada Nicolae Balcescu, Copou, Iasi, Iasi",250000,1068,10,234
2426,Penthouse - Galata - Oxygen - 230mp,"Podu Ros, Iasi, Iasi",250000,1087,3,230
2343,Proprietate unica-Centru-apartament 4 camere/visavi de Teatru Nationa,"Centru, Iasi, Iasi",250000,1764,4,141.72
605,"Apartament 4 camere decomandat, etaj intermediar, ULTRACENTRAL","Bulevardul Independentei, Centru, Iasi, Iasi",250000,2500,4,100
935,"UMF APARTAMENT 4 CAMERE 96MP, ETAJ 3, VEDERE SPATE","Bulevardul Independentei, Centru, Iasi, Iasi",250000,2604,4,96
84,De Vanzare! Apartament cu 4 camere situat in zona Independentei,"Podu Ros, Iasi, Iasi",250000,2632,4,95
602,Apartament 4 camere Bld Independentei - UMF,"Centru, Iasi, Iasi",250000,2632,4,95
939,Ultracentral!!! Apartament 4 camere Independentei,"Bulevardul Independentei, Centru, Iasi, Iasi",250000,2632,4,95
1471,"Centru, Biblioteca Centrala, 3 camere, modificat, bloc 1991","Centru, Iasi, Iasi",250000,2841,3,88
1105,"3 CAM UNIC-110MP,Decomandat,Terase EXTRA-LARGE,Copou Gradina Botanică","Centru, Iasi, Iasi",250500,2277,3,110
4732,"Apartament 4 cam,decomandat, de vanzare in zona Copou - Aleea Sadovean","Carol I, Iasi, Iasi",255000,1962,4,130
2175,"Penthouse 4 camere, 130 mp, Carol Residence Copou","Carol I, Iasi, Iasi",255000,2125,4,120
362,Apartament 4 camere Lapusneanu - Romtelecom,"Centru, Iasi, Iasi",255000,2772,4,92
746,"3 CAM UNIC-125MP,Decomandat,Terase EXTRA-LARGE,Copou Gradina Botanică","Centru, Iasi, Iasi",255500,2044,3,125
1307,Apartament 4 camere de vanzare Copou,"Copou, Iasi, Iasi",262000,2183,4,120
4824,Penhouse zona centrală- priveliște unica - 190 mp,"Moara de Vant, Iasi, Iasi",265600,2177,4,122
805,Penthouse Newton,"Tatarasi Nord, Iasi, Iasi",270000,2411,3,112
3602,"Apartament de 3 camere in bloc nou, 184 mp, terasa, Dacia","Strada Luca Arbore, Canta, Iasi, Iasi",289740,1575,3,184
757,"Proprietate rara! Apartament central, 5 camere,130 mp, etaj 1 Copou-F","Pacurari, Iasi, Iasi",297000,2285,5,130
3124,Apartament 5 camere Centru,"Centru, Iasi, Iasi",298000,2569,5,116
928,"Penthouse de Lux 160 mp cu GRADINA 300 mp, langa padure, Nicolina OMV","Nicolina 1, Iasi, Iasi",299000,1869,5,160
3325,"Apartament 4 camere decomandat de tip penthouse cu terasa si balcoane,","Strada Moara de Vant, Moara de Vant, Iasi, Iasi",299000,2182,4,137
4392,"Apartament 4 camere decomandat de tip penthouse cu terasa si balcoane,","Strada Moara de Vant, Moara de Vant, Iasi, Iasi",300000,2190,4,137
1485,"Penthouse 164 mp, 2 terase, 2 locuri parcare subteran, Tatarasi","Bulevardul Tudor Vladimirescu, Tudor Vladimirescu, Iasi, Iasi",320000,1951,3,164
1097,Apartament 4 camere vila interbelica + gradina Centru - Independentei,"Copou, Iasi, Iasi",330000,2750,4,120
180,"AZIMUT Copou - apartament 3 camere dotat utilat, PANORAMA superba","Agronomie, Iasi, Iasi",330000,3300,3,100
3058,Proieect deosebit! Apartamente noi 4 camere langa PALAS,"Strada Palas, Centru, Iasi, Iasi",336000,2400,4,140
352,"4 CAM UNIC-172MP,Decomandat,Terase EXTRA-LARGE,Copou Gradina Botanică","Strada Frederich, Copou, Iasi, Iasi",350500,2038,4,172
749,"4 CAM UNIC-172MP,Decomandat,Terase EXTRA-LARGE,Copou Gradina Botanică","Centru, Iasi, Iasi",350500,2038,3,172
3067,"Apartamente noi, 4 camere vis-a-vis de PALAS!","Strada Palas, Podu Ros, Iasi, Iasi",360000,2400,4,150
3700,"Apartament 3 camere, decomandat, semicentral, tip penthouse","Uzinei, Iasi, Iasi",379100,4460,3,85
3045,Proiect deosebit langa PALAS! apartament 4 camere KINGSIZE!,"Strada Palas, Centru, Iasi, Iasi",439000,2399,4,183
325,"Penthouse Ultracentral, View 360° in jurul centrului","Strada Dancu, Centru, Iasi, Iasi",449999,2250,3,200
329,"PROPIETAR vand apartament UNIC tip Duplex etaj 3 si 4, 230mp, centru","Podu Ros, Iasi, Iasi",495000,2152,5,230
2793,"PROPIETAR vand apartament UNIC tip Duplex etaj 3 si 4 , 230mp utili","Centru, Iasi, Iasi",495000,2152,4,230
874,"Penthouse 5 camere, central, 230 mp","Strada Benjamin Fondane, Podu de Fier, Iasi, Iasi",495000,2475,5,200
2797,Apartament 5 camere de vanzare Podul de Fier,"Bulevardul Tudor Vladimirescu, Podu de Fier, Iasi, Iasi",495000,2500,5,198
