,title,address,price,price_per_sqm,rooms,sqm
75,Proprietar inchiriez apartament cu 2 camere langa Spitalul Judetean,"Tipografilor, Timisoara, Timis",66.4,1.66,2,40
17,Închiriez Ap 1 Cameră,"Antene, Timisoara, Timis",100,3.33,1,30
133,Garsoniera Complexul Studentesc,"Cetate, Timisoara, Timis",140,7.78,1,18
234,apartament o camera Blascovici,"Cetate, Timisoara, Timis",150,5,1,30
790,garsoniera Circumvalatiunii,"Cetate, Timisoara, Timis",150,5.36,1,28
815,Olimpia Stadion Garsoniera,"Campus Universitar, Timisoara, Timis",150,6.82,1,22
333,"UMT - Garsoniera, etaj 1","UMT, Timisoara, Timis",150,9.38,1,16
61,Închiriez Garsoniera,"Lipovei / Calea Sever Bocu, Timisoara, Timis",150,10,1,15
1030,Garsoniera - Complex Studențesc -Olimpia,"Cetate, Timisoara, Timis",150,10.71,1,14
536,închiriez garsonieră aproape de Iulius Mall,"Cetate, Timisoara, Timis",150,12.5,1,12
570,"Buziasului - Garsoniera, etaj 1","Ciarda Rosie, Timisoara, Timis",160,8,1,20
236,Apartament cu o cameră,"Cetate, Timisoara, Timis",160,8.89,1,18
1241,Inchiriez garsoniera zona Girocului,"Plavat, Timisoara, Timis",160,10,1,16
407,Garsoniera Calea Sagului,"Cetate, Timisoara, Timis",160,13.33,1,12
596,inchiriez central garsoniera,"Cetate, Timisoara, Timis",165,5.5,1,30
678,"Apartament 1 camera, decomandat parter, zona Lunei","Calea Buziasului, Timisoara, Timis",170,5.31,1,32
567,Spre inchiriere garsoniera in Timisoara,"Cetate, Timisoara, Timis",170,6.8,1,25
68,Inchiriere garsoniera,"Cetate, Timisoara, Timis",170,8.5,1,20
325,"Garsoniera 17mp, in Complexul Studentesc","Campus Universitar, Timisoara, Timis",170,10,1,17
735,Garsoniera Renovata Buziasului,"Strada Martir Marius Nemtoc, Ciarda Rosie, Timisoara, Timis",170,10,1,17
1086,Închiriez garsonieră!,"Circumvalatiunii, Timisoara, Timis",170,13.08,1,13
909,Închiriez camera la casa,"Cetate, Timisoara, Timis",171.03,14.25,1,12
555,apartament 1 camera in Lipovei,"Cetate, Timisoara, Timis",180,5.14,1,35
347,Închiriezb apartament 1 camera,"Cetate, Timisoara, Timis",180,5.62,1,32
132,Garsoniera / Tiny-apartment superb in Calea Sagului -direct proprietar,"Cetate, Timisoara, Timis",180,6.43,1,28
543,apartament o camera Take Ionescu,"Cetate, Timisoara, Timis",180,6.43,1,28
43,Garsoniera de inchiriat,"Lipovei / Calea Sever Bocu, Timisoara, Timis",180,7.83,1,23
202,Inchiriez garsoniera zona Modern,"Cetate, Timisoara, Timis",180,8.18,1,22
486,Av127 | Garsoniera 22 mp | Buziasuluu,"Ciarda Rosie, Timisoara, Timis",180,8.18,1,22
1218,Închiriez garsonieră Telegrafului,"Cetate, Timisoara, Timis",180,8.18,1,22
597,"Garsoniera de închiriat Timișoara , Blajcovici","Cetate, Timisoara, Timis",180,8.57,1,21
1142,Complex libera 18 mp etaj 3 liber 180 euro,"Cetate, Timisoara, Timis",180,10,1,18
72,Proprietar inchiriez garsoniera aproape de Iulius Mall -fara comision,"Aleea Arcasilor, Lipovei / Calea Sever Bocu, Timisoara, Timis",180,13.85,1,13
62,Garsoniera de Inchiriat | Complexul Studentesc,"Fabric, Timisoara, Timis",180,15,1,12
311,Sagului Garsoniera,"Elisabetin, Timisoara, Timis",180,15,1,12
97,Proprietar inchiriez garsoniera et 4,"Campus Universitar, Timisoara, Timis",185,10.88,1,17
281,1 camera situat in Calea Buziasului,"Cetate, Timisoara, Timis",190,5.94,1,32
787,apartament o camera Gheorghe Lazar,"Cetate, Timisoara, Timis",190,6.33,1,30
728,"Proprietar, inchiriez apartament langa complex/fabrica de bere","Cetate, Timisoara, Timis",190,6.79,1,28
80,Proprietar închiriez garsoniera lângă Județean,"Cetate, Timisoara, Timis",190,10.56,1,18
259,Închiriez apartament 1 camera,"Cetate, Timisoara, Timis",190,10.56,1,18
525,Garsoniera zona Dâmbovița,"Cetate, Timisoara, Timis",190,10.56,1,18
149,"Apartament 2 camere, 45mp, zona Iosefin","Strada Iancu Vacarescu, Iosefin, Timisoara, Timis",200,4.44,2,45
936,"Apartament 2 camere DE INCHIRIAT, 38mp utili, zona Ronat","Strada Dunarea, Gara Nord, Timisoara, Timis",200,5.26,1,38
4,Proprietar închiriez garsoniera,"Cetate, Timisoara, Timis",200,5.71,1,35
582,"Girocului - Apartament 1 Camera, decomandat, centrala proprie","Calea Girocului, Timisoara, Timis",200,5.71,1,35
60,"Spitalul Judetean - Apartament 1 Camera, decomandat","Calea Girocului, Timisoara, Timis",200,6.67,1,30
201,Cazare muncitori in Calea Urseni,"Ciarda Rosie, Timisoara, Timis",200,6.67,1,30
557,apartament cu o camera in zona Lipovei,"Cetate, Timisoara, Timis",200,6.67,1,30
1128,Apartament cu 1 camera aproape de facultati,"Elisabetin, Timisoara, Timis",200,6.67,1,30
1111,"Garsoniera in zona Blascovici,centrala proprie","Blascovici, Timisoara, Timis",200,7.14,1,28
1203,Apartament cu 1 camera zona GIROCULUI - STR. ULPIA TRAIANA,"Strada Ulpia Traiana, Plavat, Timisoara, Timis",200,7.14,1,28
629,"Apartament 1 camera, semidecomandat, zona Lunei","Lunei, Timisoara, Timis",200,7.41,1,27
546,Garsoniera de inchiriat in zona complexul studentesc,"Campus Universitar, Timisoara, Timis",200,8,1,25
485,Badea Cartan - Garsoniera,"Telegrafului, Timisoara, Timis",200,9.09,1,22
1226,"gars, 21 mp, mobilata, utilata, 200 eu","Blascovici, Timisoara, Timis",200,9.3,1,21.5
288,Blascovici || o camera || parcare in fata blocului || semidecomandat |,"Blascovici, Timisoara, Timis",200,9.52,1,21
364,"Proprietar,închiriez garsoniera Timișoara,etaj 2,,Blajcovici","Tipografilor, Timisoara, Timis",200,9.52,1,21
109,Închiriez apartament cu o camera,"Cetate, Timisoara, Timis",200,10,1,20
171,"Apartament 1 camera, 20mp, zona Sagului","Strada Snagov, Odobescu, Timisoara, Timis",200,10,1,20
353,"Garsoniera, 20 mp, in zona Calea Sagului","Steaua, Timisoara, Timis",200,10,1,20
1243,Garsoniera Renovata Noul Mall,"Aleea Muzicii, Dambovita, Timisoara, Timis",200,11.11,1,18
419,Garsoniera-complet utilata-Calea Aradului-Timisoara,"Cetate, Timisoara, Timis",200,11.76,1,17
918,"Garsoniera de 15mp,in zona Take Ionescu","Kogalniceanu, Timisoara, Timis",200,13.33,1,15
38,Inchiriez Garsoniera Complex,"Campus Universitar, Timisoara, Timis",201.21,8.05,1,25
113,AV143 | Apartament cu o camera | Lipovei | 210Euro,"Araduluri Est, Timisoara, Timis",210,6,1,35
122,"Ap. o camera complet utilat, langa Mall","Cetate, Timisoara, Timis",210,6,1,35
326,Inchiriez apartament 1 camera decomandat,"Telegrafului, Timisoara, Timis",210,8.4,1,25
1201,"De inchiriat apartament cu 1 camera, zona Sagului - Nora","Dambovita, Timisoara, Timis",220,5.5,1,40
572,Apartament 1 camere Girocului,"Cetate, Timisoara, Timis",220,6.11,1,36
544,"apartament cu o camera, in zona Aradului","Cetate, Timisoara, Timis",220,6.88,1,32
447,Proprietar inchiriez ap. cu 1 camera,"Cetate, Timisoara, Timis",220,7.33,2,30
1198,Inchiriez Apartament cu 1 una camera Bogdanesti/Mehala,"Cetate, Timisoara, Timis",220,7.86,1,28
626,"Apartament cu 1 camera, decomandat, zona Blascovici","Blascovici, Timisoara, Timis",220,8.15,1,27
102,Proprietar închiriez garsoniera,"Cetate, Timisoara, Timis",220,8.46,1,26
981,Garsoniera chiar in complexul studentesc,"Cetate, Timisoara, Timis",220,8.46,1,26
1211,Garsoniera Buziasului,"Zona Soarelui, Timisoara, Timis",220,13.75,1,16
1108,"Inchiriem apartament cu o camera, 32mp, pe Calea Circumvalatiunii","Cetate, Timisoara, Timis",230,7.19,1,32
717,Apartament cu 2 camere in zona Complexului Studentesc,"Campus Universitar, Timisoara, Timis",230,7.67,2,30
591,"LX006 Garsoniera,Mobilata si Utilata,Complexul Studentesc","Campus Universitar, Timisoara, Timis",230,9.2,1,25
893,Inchiriez garsoniera in Timișoara in zona complex,"Cetate, Timisoara, Timis",230,9.2,1,25
765,"Garsoniera 20mp, zona Complex Studentesc","Strada Caras, Campus Universitar, Timisoara, Timis",230,11.5,1,20
799,Complex et 1 totul nou pret 230 euro,"Campus Universitar, Timisoara, Timis",230,12.78,1,18
14,Girocului-Spitalul Judetean -1 camera-Utilat,"Cetate, Timisoara, Timis",235,7.83,1,30
874,"Apartament 1 camera, 26mp, zona Lipovei","Strada Martir Silviu Motohon, Lipovei / Calea Sever Bocu, Timisoara, Timis",235,9.04,1,26
559,Apartament cu o camera in zona Circumvalatiunii la 3 minute de Iulius,"Circumvalatiunii, Timisoara, Timis",240,6.49,1,37
194,Apartament cu 1 camera | Spitalul Judetean,"Strada Dr. Ioan Muresan, Calea Girocului, Timisoara, Timis",240,8.28,1,29
245,"Spitalul Judetean - Apartament 1 Camera, decomandat","Calea Girocului, Timisoara, Timis",240,8.57,1,28
840,proprietar inchiriez apartament cu o camera in complex pe termen lung,"Cetate, Timisoara, Timis",240,9.6,1,25
1162,Apartament cu o camera Zona Spital Judetean,"Calea Girocului, Timisoara, Timis",240,10.91,1,22
643,"Garsoniera in zona Aradului, aproape de facultatea de agronomie","Araduluri Est, Timisoara, Timis",240,20,1,12
316,Apartament Deosebit cu 2 Camere | Zona Garii,"Bulevardul Republicii, Cetate, Timisoara, Timis",250,4.17,2,60
958,Apartament cu 2 camere in zona Dorobanti,"Modern, Timisoara, Timis",250,4.39,2,57
369,2 cam decomandat Bloc Nou Sagului Centrala gaz Loc Parcare,"Cetate, Timisoara, Timis",250,4.55,2,55
1037,Ap. 2 camere cu centrala pe gaz-Sala Olimpia,"Cetate, Timisoara, Timis",250,4.9,2,51
9,Apartament 2 camere - Lipovei - de închiriat,"Cetate, Timisoara, Timis",250,5,2,50
162,"Apartament 1 camera, 50 mp, Balcescu","Strada Ulpia Traiana, Elisabetin, Timisoara, Timis",250,5,1,50
476,Apartament cu 2 camere | Zona Cetatii,"Bulevardul Cetatii, Circumvalatiunii, Timisoara, Timis",250,5,2,50
1231,Proprietar inchiriez ap.2 camere Bul.Dambovita,"Cetate, Timisoara, Timis",250,5.21,2,48
449,"Apartament cu o camera, in zona Calea Sagului","Steaua, Timisoara, Timis",250,6.1,1,41
22,"Sagului-Musicescu, Etaj 2, Mobilat si Utilat, Disponibil Imediat!","Cetate, Timisoara, Timis",250,6.25,2,40
329,"Central - Apartament 1 Camera, decomandat","Cetate, Timisoara, Timis",250,6.25,1,40
376,Imobiliare ultracentral,"Cetate, Timisoara, Timis",250,6.25,2,40
1064,"APARTAMENT CU O CAMERE, DECOMANDAT, zona Soarelui","Ciarda Rosie, Timisoara, Timis",250,6.25,1,40
977,"Apartament cu o camera, bloc cu lift, zona Fabric","Fabric, Timisoara, Timis",250,6.94,1,36
518,Inchiriez apartament 1 camera Balcescu,"Cetate, Timisoara, Timis",250,7.14,1,35
807,Apartament decmandat cu centrala,"Freidorf, Timisoara, Timis",250,7.14,1,35
1105,"Apartament o camera, decomandat, zona Take Ionescu","Cetate, Timisoara, Timis",250,7.81,1,32
5,"Inchiriez Apartament 1 camera, cu centrala - Calea Buziasului","Cetate, Timisoara, Timis",250,8.33,1,30
510,Complex Studențesc-1 cameră- parter,"Stadion, Timisoara, Timis",250,8.33,1,30
1116,"Apartament cu o camera, 30 mp, la casa, Mehala","Strada Samuil Sagovici, Mehala, Timisoara, Timis",250,8.33,1,30
1127,Garsoniera Complex studentesc cu centrala proprie,"Campus Universitar, Timisoara, Timis",250,8.33,1,30
304,"Apartament cu o camera, semidecomandat, in zona Freidorf","Freidorf, Timisoara, Timis",250,9.26,1,27
207,Apartament cu o camera in zona Mircea cel batran,"Mehala, Timisoara, Timis",250,9.62,1,26
70,Închiriez garsoniera zona Badea Cartan,"Cetate, Timisoara, Timis",250,10,1,25
164,"Garsoniera la casa, 25 mp, Freidorf","Strada Ion Slavici, Freidorf, Timisoara, Timis",250,10,1,25
587,"Proprietar Apartament in bloc Nou, Aradului","Cetate, Timisoara, Timis",250,10,1,25
943,"Apartamente cu o camera, nemobilate in zona Complex","Campus Universitar, Timisoara, Timis",250,10,1,25
50,Inchiriez spatiu comercial,"Cetate, Timisoara, Timis",250,10.42,1,24
355,Inchiriez apartament cu 1 camera,"Cetate, Timisoara, Timis",250,11.36,2,22
715,Apartament luminos cu 1 camera | Complexul Studentesc,"Strada Crisul, Stadion, Timisoara, Timis",250,11.36,1,22
1081,"Garsoniere noi,zona complexul studentesc in imobil nou P+2","Campus Universitar, Timisoara, Timis",250,11.36,1,22
731,De inchiriat garsoniera Medicina Posta Mare,"Bulevardul Revolutiei din 1989, Cetate, Timisoara, Timis",250,12.5,1,20
112,Închiriez Apartament,"Cetate, Timisoara, Timis",260,4.33,2,60
418,Inchiriez Apartament 2 camere,"Cetate, Timisoara, Timis",260,5.78,2,45
821,"Inchiriez Apartament in Piata Traian, 2 camere la casa, 45mp.","Cetate, Timisoara, Timis",260,5.78,2,45
65,"Închiriez apartament 2 camere , in Complexul Studențesc","Cetate, Timisoara, Timis",260,6.5,2,40
604,"Aparatament,open space, zona Traian","Fabric, Timisoara, Timis",260,6.84,1,38
155,"Apartament 1 camera, 30 mp, Medicina","Bulevardul Take Ionescu, Cetate, Timisoara, Timis",260,8.67,1,30
435,Închiriez apartament cu o cameră.,"Cetate, Timisoara, Timis",261.57,8.72,1,30
161,"Apartament 1 camera, 38 mp, Balcescu","Strada Rusu Sirianu, Elisabetin, Timisoara, Timis",262,6.89,1,38
654,"Apartament cu o camera, semidecomandat, Calea Martirilor","Cetate, Timisoara, Timis",270,5.4,1,50
1118,De inchiriat apartament 2 camere zona Buziasului,"Cetate, Timisoara, Timis",270,5.62,2,48
293,Sagului - 2 camere - mobilat si utilat - 270 Euro,"Elisabetin, Timisoara, Timis",270,6,2,45
319,Apartament 1 Camera Imens Noul Mall,"Strada Filateliei, Calea Sagului, Timisoara, Timis",270,6.75,1,40
940,"De inchiriat apartament 1 camera nou, zona Braytim","Cetate, Timisoara, Timis",270,7.11,1,38
430,Stefan cel mare - Fabrica de bere | 1 camera | Balcon | Decomandat |,"Iosefin, Timisoara, Timis",275,7.64,1,36
996,Apartament cu o camera,"Cetate, Timisoara, Timis",275,7.64,1,36
1188,"Apartament cu 2 camere, centrala proprie, Cetatii","Circumvalatiunii, Timisoara, Timis",280,4.67,2,60
76,AP 2 Camere Dec zona Steaua Mall 280 euro,"Strada Martir Herman Sporer, Steaua, Timisoara, Timis",280,5.09,2,55
230,apartament 2 camere pe Gheorghe Lazar,"Cetate, Timisoara, Timis",280,5.09,2,55
391,"Apartament 2 camere, in zona Calea Aradului","Araduluri Est, Timisoara, Timis",280,5.09,2,55
440,Apartament Deosebit cu 2 Camere | Zona Dacia,"Strada Brandusei, Circumvalatiunii, Timisoara, Timis",280,5.09,2,55
1112,Inchiriez spatiu,"Mircea Cel Batran, Timisoara, Timis",280,5.09,2,55
331,"Torontalului - Apartament 2 Camere, centrala proprie","Bucovina, Timisoara, Timis",280,5.6,2,50
434,Iulius Mall 2 camere-Mobilat -Utilat,"Cetate, Timisoara, Timis",280,5.6,2,50
859,"Apartament cu 2 camere, decomandat, zona Soarelui","Ciarda Rosie, Timisoara, Timis",280,5.6,2,50
28,apartament 1 camera,"Cetate, Timisoara, Timis",280,6.22,1,45
282,Sagului || 2 camere || parcare || bloc izolat || nedecomandat ||,"Calea Sagului, Timisoara, Timis",280,6.22,2,45
303,Traian || o camera la casa || centrala proprie || terasa || curte comu,"Fabric, Timisoara, Timis",280,6.22,1,45
838,"Apartament cu 2 camere, etajul 1, zona Blașcovici","Strada Tebea, Blascovici, Timisoara, Timis",280,6.67,2,42
272,Inchiriez apartament cu 2 camere,"Cetate, Timisoara, Timis",280,7,2,40
317,"Apartament cu o camera ,zona Calea Urseni","Cetate, Timisoara, Timis",280,7.37,1,38
330,"Gh. Lazar - Apartament 1 Camera, decomandat, centrala proprie","Circumvalatiunii, Timisoara, Timis",280,7.78,1,36
280,Ofer spre închiriere Apartament 1 cameră Timișoara/Giroc,"Cetate, Timisoara, Timis",280,8,1,35
262,"Lux in Bloc nou cu Parcare, Zona Calea Urseni 280 E","Cetate, Timisoara, Timis",280,8.48,2,33
1121,APARTAMENTE cu 1 camera zona BUZIASULUI,"Zona Soarelui, Timisoara, Timis",280,9.33,1,30
796,"Inchiriez 1 camera decomandat CENTRALA Gheorghe Lazar, et 7","Strada Gheorghe Lazar, Circumvalatiunii, Timisoara, Timis",280,10,2,28
1072,Apartament cu 1 camera renovat in zona Complexul Studentesc,"Campus Universitar, Timisoara, Timis",280,17.5,1,16
73,Apartament nou utilat,"Cetate, Timisoara, Timis",281.69,9.39,1,30
579,"Steaua - Apartament 2 Camere, decomandat, centrala proprie","Fratelia, Timisoara, Timis",285,5.7,2,50
472,Apartament 2 camere zona Steaua,"Cetate, Timisoara, Timis",290,4.83,2,60
56,Inchiriez apartament 2 camere,"Cetate, Timisoara, Timis",290,5.18,2,56
247,Sagului/Steaua,"Fratelia, Timisoara, Timis",290,5.18,2,56
302,"Închiriez apartament 3 camere nemobilat, zona Dacia","Circumvalatiunii, Timisoara, Timis",290,5.58,3,52
346,Apartament 2 camere decomandat zona Aradului,"Aradului West, Timisoara, Timis",290,6.04,2,48
103,Apartament modern 1 camera+ centrala proprie- Zona Complex Studentesc,"Bulevardul Eroilor de La Tisa, Campus Universitar, Timisoara, Timis",290,7.25,1,40
287,GIrocului Apartament 2 camere,"Calea Girocului, Timisoara, Timis",290,7.25,2,40
163,"Garsoniera, 39mp, zona Aradului","Calea Aradului, Aradului West, Timisoara, Timis",290,7.44,1,39
320,Ultracentral Etaj 1 Take Ionescu Medicina,"Bulevardul Take Ionescu, Cetate, Timisoara, Timis",290,10,1,29
451,Apartament 2 Camere | Complexul Studentesc | Centrala Proprie,"Campus Universitar, Timisoara, Timis",299,5.75,2,52
1,"Inchiriez apartament central 2 camere, vedere catre malul Begai","Cetate, Timisoara, Timis",299,5.98,2,50
257,Închiriez apartament 2 camere complex,"Cetate, Timisoara, Timis",299,6.95,2,43
623,Garsoniera superba la casa | Zona Steaua,"Steaua, Timisoara, Timis",299,14.95,1,20
949,"Apartament cu 3 camere, etaj intermediar, in zona Balcescu","Elisabetin, Timisoara, Timis",300,3.41,3,88
15,Dacia-Iulius Mall 3 camere-Decomandat.Centrala Proprie,"Cetate, Timisoara, Timis",300,3.75,3,80
734,Apartament cu 3 camere,"Cetate, Timisoara, Timis",300,4,3,75
1018,Apartament 3 Camere Aradului,"Strada Gheorghe Ostrogovich, Araduluri Est, Timisoara, Timis",300,4.05,3,74
243,Apartament 3 camere decomandat,"Cetate, Timisoara, Timis",300,4.29,3,70
783,"Apartament cu 3 camere, 70 mp, decomandat, Soarelui","Strada Theodor Pallady, Ciarda Rosie, Timisoara, Timis",300,4.29,3,70
851,"Apartament cu 4 camere si 2 bai, centrala proprie, zona Lipovei","Lipovei / Calea Sever Bocu, Timisoara, Timis",300,4.29,4,70
367,3 cam decomandat Lipovei Centrala gaz Mobilat Utilat,"Cetate, Timisoara, Timis",300,4.62,3,65
640,Apartament luminos cu 2 camere | Circumvalatiunii | Iulius Mall,"Circumvalatiunii, Timisoara, Timis",300,4.62,2,65
614,Apartament 4 camere plus boxa || centrala proprie,"Cetate, Timisoara, Timis",300,4.84,4,62
284,apartament 2 camere Complex,"Cetate, Timisoara, Timis",300,5,2,60
975,Apartament Iulius Mall,"Cetate, Timisoara, Timis",300,5,3,60
1017,Apartament 2 camere cu centrala proprie - Zona Girocului,"Strada Maresal Alexandru Averescu, Plavat, Timisoara, Timis",300,5,2,60
1096,Apartament curte comuna,"Iosefin, Timisoara, Timis",300,5,3,60
1160,Apartament cu 2 camere in zona Calea Sagului,"Steaua, Timisoara, Timis",300,5,2,60
170,"Apartament 2 camere, 59mp, zona Blascovici","Strada Lupeni, Blascovici, Timisoara, Timis",300,5.08,2,59
548,Complex Studentesc - Apartament 2 camere,"Strada Ioan Curea, Campus Universitar, Timisoara, Timis",300,5.17,2,58
589,"Apartament 3 camere, zona Dacia","Circumvalatiunii, Timisoara, Timis",300,5.17,3,58
48,Apartament de inchiriat cu 2 camere zona Shoping City - ID C5273,"Steaua, Timisoara, Timis",300,5.26,2,57
1215,"Apartament cu 2 camere de inchiriat, parter, 57 mp - ID C4151","Blascovici, Timisoara, Timis",300,5.26,2,57
260,Inchiriez apartament zona Bucovinei,"Cetate, Timisoara, Timis",300,5.36,2,56
653,Apartament spatios cu 2 camere | Sagului,"Steaua, Timisoara, Timis",300,5.36,2,56
47,Apartament 2 camere Zona Soarelui,"Cetate, Timisoara, Timis",300,5.45,2,55
368,2 cam Girocului-Brancoveanu Bloc Nou parcare Mobilat Utilat,"Cetate, Timisoara, Timis",300,5.45,2,55
396,2 camere Girocului bloc nou loc parcare mobilat utilat,"Cetate, Timisoara, Timis",300,5.45,2,55
436,Apartament de închiriat,"Cetate, Timisoara, Timis",300,5.45,2,55
863,"Apartament cu 2 camere, centrala proprie, in zona Sagului","Steaua, Timisoara, Timis",300,5.45,2,55
1223,"Apartament 3 camere de inchiriat, Girocului - ID C2406","Calea Girocului, Timisoara, Timis",300,5.45,3,55
1236,"Apartament cu 3 camere, zona Spitalului Judetean","Calea Girocului, Timisoara, Timis",300,5.45,3,55
358,Apartament 2 camere zona Medicina,"Araduluri Est, Timisoara, Timis",300,5.56,2,54
468,CC104 Apartament 3 camere | GIROCULUI,"Calea Girocului, Timisoara, Timis",300,5.77,3,52
279,apartament cu 2 camere decomandat,"Cetate, Timisoara, Timis",300,5.88,2,51
10,proprietar inchiriez ap. 2 cam. dec. Stefan Octavian Iosif,"Cetate, Timisoara, Timis",300,6,2,50
31,Apartament 2 camere,"Cetate, Timisoara, Timis",300,6,2,50
137,"Apartament cu 2 camere, semidecomandat, in zona Sagului","Steaua, Timisoara, Timis",300,6,2,50
173,"Inchiriez ap 1 cam, Gh Lazar","Cetate, Timisoara, Timis",300,6,1,50
204,Apartament de inchiriat blv.Dragalina langa Nokia,"Iosefin, Timisoara, Timis",300,6,2,50
225,Apartament 2 Camere | De Inchiriat | Soarelui |,"Zona Timisoara Sud, Timisoara, Timis",300,6,2,50
315,"Sagului - Apartament 2 Camere, centrala proprie","Fratelia, Timisoara, Timis",300,6,2,50
474,Direct proprietar inchiriez ap 2 cam zona Centrala Timisoara,"Cetate, Timisoara, Timis",300,6,2,50
566,"Apartament de 2 camere, 50 mp, zona Olimpia-Stadion","Strada 1 Decembrie, Stadion, Timisoara, Timis",300,6,2,50
577,"Buziasului - Apartament 2 Camere, centrala proprie","Ciarda Rosie, Timisoara, Timis",300,6,2,50
611,"Apartament cu 2 camere, 50mp,in zona Cetatii.","Circumvalatiunii, Timisoara, Timis",300,6,2,50
689,Apartament luminos cu 2 camere | Aradului,"Aradului West, Timisoara, Timis",300,6,2,50
792,"Apartament 2 camere, decomandat, zona Soarelui","Ciarda Rosie, Timisoara, Timis",300,6,2,50
825,Apartament 2 camere,"Strada Perlei, Lipovei / Calea Sever Bocu, Timisoara, Timis",300,6,2,50
1224,"Apartament 2 camere, Complex Studentesc centrala proprie+parcare","Campus Universitar, Timisoara, Timis",300,6,2,50
1233,Apartament cu 2 camere in Mosnita Noua,"Calea Buziasului, Timisoara, Timis",300,6,2,50
141,"SAGULUI- 2 camere, BLOC NOU, etaj 1, mobilat si utilat","Cetate, Timisoara, Timis",300,6.12,2,49
338,Inchiriez apartament 2 camere Sagului/ Fratelia,"Cetate, Timisoara, Timis",300,6.12,2,49
676,Apartament spatios cu 2 camere | Kiriac,"Odobescu, Timisoara, Timis",300,6.38,2,47
770,Apartament 2 Camere cu Centrala Complex Studentesc Olimpia,"Aleea F. C. Ripensia, Stadion, Timisoara, Timis",300,6.67,2,45
777,Zona Odobescu| 1 camera|centrala|balcon,"Strada Cornel Grofsoreanu, Odobescu, Timisoara, Timis",300,6.67,1,45
841,Apartament 2 camere cu centrala proprie - Zona Aradului,"Strada Pelbartus, Aradului West, Timisoara, Timis",300,6.67,2,45
908,"Apartament cu 2 camere,zona Take Ionescu","Cetate, Timisoara, Timis",300,6.67,2,45
180,Inchiriez apartament 2 camere,"Cetate, Timisoara, Timis",300,6.82,2,44
55,"Apartament cu 2 camere, nedecomandat, in zona Dacia","Araduluri Est, Timisoara, Timis",300,6.98,2,43
455,Proprietar/Apartament 2cam/centrala,"Cetate, Timisoara, Timis",300,6.98,2,43
172,"Apartament de 2 camere, la parter, zona Șagului","Strada Platanilor, Iosefin, Timisoara, Timis",300,7.14,2,42
399,"Apartament de 2 camere, etajul 1, zona Dacia","Bulevardul General Ion Dragalina, Iosefin, Timisoara, Timis",300,7.14,2,42
833,"Apartament de doua camere, etajul 1, zona Sagului","Strada Frunzei, Calea Sagului, Timisoara, Timis",300,7.14,2,42
44,Apartament 1 camera,"Cetate, Timisoara, Timis",300,7.5,1,40
244,"Apartament 2 camere , zona Dacia","Circumvalatiunii, Timisoara, Timis",300,7.5,2,40
276,Dacia - Apartament 2 Camere,"Circumvalatiunii, Timisoara, Timis",300,7.5,2,40
381,"Apartament de 2 camere, 40 mp, in Complexul Studentesc","Aleea F. C. Ripensia, Stadion, Timisoara, Timis",300,7.5,2,40
664,Apartament modern cu o camera | Central,"Odobescu, Timisoara, Timis",300,7.5,1,40
725,"Spitalul Judetean, 2 camere, ETAJ INTERMEDIAR","Calea Girocului, Timisoara, Timis",300,7.5,2,40
871,Apartament 2 camere cu centrala - Zona Circumvalatiunii,"Strada Miron Patriarh Cristea, Cetate, Timisoara, Timis",300,7.5,2,40
1115,"Spatiu de birouri de inchiriat, zona Piata Victoriei - ID C3902","Cetate, Timisoara, Timis",300,7.5,2,40
1131,"Apartament cu 2 camere, Complex Studentesc, semidecomandat.","Campus Universitar, Timisoara, Timis",300,7.5,2,40
168,"Apartament 1 camera, 39mp, zona Modern","Bulevardul Barnutiu Simion, Telegrafului, Timisoara, Timis",300,7.69,1,39
366,"Apartament cu o camera, 39mp, zona Modern.","Dorobantilor, Timisoara, Timis",300,7.69,1,39
550,"Apartament cu 1 camera, open space, zona Circumvalatiunii","Circumvalatiunii, Timisoara, Timis",300,7.69,1,39
632,Zona Circumvalatiunii| 1 camera|centrala|parcare la liber,"Strada Dinu Lipatti, Circumvalatiunii, Timisoara, Timis",300,7.69,1,39
763,Calea Aradului| 1xcamera|centrala|balcon|parcare,"Strada Traian Novac, Circumvalatiunii, Timisoara, Timis",300,7.69,1,39
301,Apartament 1 camera,"Cetate, Timisoara, Timis",300,8.33,1,36
610,Apartament cu 2 camere de inchiriat langa Judetean - ID C5181,"Calea Girocului, Timisoara, Timis",300,8.33,2,36
298,"Apartament cu 2 camere, open space, in zona Blascovici","Blascovici, Timisoara, Timis",300,8.57,2,35
340,Complex || o camera || centrala proprie || bloc nou ||,"Fabric, Timisoara, Timis",300,8.57,1,35
429,COMISION 0 | Apartament superb cu 2 camere | Ion Dragalina,"Bulevardul General Ion Dragalina, Iosefin, Timisoara, Timis",300,8.57,2,35
1212,Apartament 1 camera bloc nou complex,"Cetate, Timisoara, Timis",300,8.57,1,35
961,"Spatii de cazare pentru muncitori in zona Steaua, cheltuieli incluse","Steaua, Timisoara, Timis",300,15,1,20
461,"Apartament cu o camera,Aradului,bloc nou","Araduluri Est, Timisoara, Timis",300,16.67,1,18
266,inchiriez apartament 2 camere Calea Sagului,"Cetate, Timisoara, Timis",301.81,8.62,2,35
1170,"Apartament 3 camere, 72 mp, semidecomandat, Girocului","Strada Dositei Obradovici, Calea Girocului, Timisoara, Timis",310,4.31,3,72
264,Proprietar inchiriez ap. 3 camere,"Cetate, Timisoara, Timis",310,4.63,3,67
1189,"Apartament 3 camere, decomandat, Lipovei","Lipovei / Calea Sever Bocu, Timisoara, Timis",310,4.84,3,64
702,"Apartament nou,2 camere,Freidorf","Freidorf, Timisoara, Timis",310,5.74,2,54
764,"Apartament cu 2 camere, semidecomandat, in Calea Sagului","Steaua, Timisoara, Timis",310,6.46,2,48
1052,Închiriez apartament 2 camere,"Cetate, Timisoara, Timis",320,5.33,2,60
23,"Proprietar ,apartament cu 2 camere , decomandat ,centrala proprie","Cetate, Timisoara, Timis",320,5.52,2,58
915,"Apartament spatios cu 2 camere, centrala proprie, zona Bucovina","Circumvalatiunii, Timisoara, Timis",320,5.52,2,58
1161,Apartament 3 camere Zona Spitalul Judetean,"Calea Girocului, Timisoara, Timis",320,5.52,3,58
648,Apartament cu 2 camere I Ion Dragalina I Iosefin,"Bulevardul General Ion Dragalina, Iosefin, Timisoara, Timis",320,5.71,2,56
249,"Inchiriez apartament spatios, 2 camere, Sagului/Rebreanu","Cetate, Timisoara, Timis",320,5.82,2,55
327,Complex Studentesc - Apartament 2 Camere,"Elisabetin, Timisoara, Timis",320,5.82,2,55
328,Complex Studetesc - Apartament 2 Camere,"Elisabetin, Timisoara, Timis",320,5.82,2,55
1196,Complex Studentesc Apartament 2 camere,"Stadion, Timisoara, Timis",320,5.82,2,55
848,Zona Iosefin|2 camere|debara|balcon,"Bulevardul General Ion Dragalina, Iosefin, Timisoara, Timis",320,5.93,2,54
20,AP 2 Camere Centrala gaz zona Universitatii Victor Babes 320 euro,"Bulevardul Victor Babes, Elisabetin, Timisoara, Timis",320,6.15,2,52
1194,320 euro!!! 2 Camere Et 1 cu centrala proprie Zona CENTRALA,"Strada Piatra Craiului, Cetate, Timisoara, Timis",320,6.15,2,52
135,Complex Studentesc - Apartament 2 Camere,"Elisabetin, Timisoara, Timis",320,6.4,2,50
530,"Apartament 2 Camere, Centrala Proprie, Circumvalatiunii","Circumvalatiunii, Timisoara, Timis",320,6.4,2,50
556,CM466 Apartament 2 camere | Circumvalatiunii | Iulius Mall,"Circumvalatiunii, Timisoara, Timis",320,6.4,2,50
565,Apartament 2 camere,"Cetate, Timisoara, Timis",320,6.4,2,50
578,"Soarelui - Apartament 2 Camere, centrala proprie","Zona Soarelui, Timisoara, Timis",320,6.4,2,50
584,"Apartament cu 2 camere, situat in zona Soarelui.","Ciarda Rosie, Timisoara, Timis",320,6.4,2,50
1095,"Proprietar inchiriez Ap. 2 camere, Torontalului-Cetatii","Cetate, Timisoara, Timis",320,6.4,2,50
1217,"AX114 Girocului, Centrala Proprie, Mobilat-Utilat","Calea Girocului, Timisoara, Timis",320,6.4,2,50
136,"Apartament cu o camera, decomandat, in zona Steaua","Steaua, Timisoara, Timis",320,7.11,1,45
165,"Apartament 2 camere, 45mp, zona Fabric","Strada Ofcea, Campus Universitar, Timisoara, Timis",320,7.11,2,45
394,Apartament cu 2 camere in zona complexul studentesc,"Campus Universitar, Timisoara, Timis",320,7.11,2,45
427,Apartament 2 Camere | Complexul Studentesc,"Campus Universitar, Timisoara, Timis",320,7.11,2,45
650,Apartament luminos cu 1 camera | Soarelui | Uranus Plaza,"Aleea Cristalului, Zona Soarelui, Timisoara, Timis",320,8,1,40
1239,Proprietar apartament superb Uranus Plaza,"Cetate, Timisoara, Timis",320,8,1,40
499,"Apartament 2 camere cu balcon, centrala proprie, zona Sagului - ID C52","Calea Sagului, Timisoara, Timis",320,8.42,2,38
348,"Studio, 36 mp, zona Centrala","Piata Iancu Huniade, Cetate, Timisoara, Timis",320,8.89,1,36
29,Apartament cu o camera,"Cetate, Timisoara, Timis",320,9.41,1,34
810,Închiriez apartament la casa,"Cetate, Timisoara, Timis",330,3.67,2,90
605,"Apartament cu 3 camere, centrala proprie, zona Circumvalatiunii","Circumvalatiunii, Timisoara, Timis",330,4.4,3,75
877,Apartament 2 camere cu centrala - Zona Semicentrala,"Bulevardul 16 Decembrie 1989, Iosefin, Timisoara, Timis",330,4.71,2,70
660,Apartament cu 2 camere I Calea Martirilor,"Strada Martir Alex. Ferkel-Suteu, Plavat, Timisoara, Timis",330,5.08,2,65
747,Shopping City - Apart. 2 camere - Decomandat - CT. Proprie,"Steaua, Timisoara, Timis",330,5.5,2,60
758,"Apartament pe 2 niveluri, 2 camere, 60 mp, zona Brâncoveanu","Strada Romulus, Odobescu, Timisoara, Timis",330,5.5,2,60
776,Zona Steaua| 2 camere|centrala|balcon|parcare verde,"Strada Arhitect Victor Vlad, Steaua, Timisoara, Timis",330,5.5,2,60
627,"Apartament cu 2 camere,semidecomandat,Zona Complex Studentesc","Campus Universitar, Timisoara, Timis",330,5.59,2,59
617,Apartament 2 camere I Shopping City,"Strada Arhitect Victor Vlad, Steaua, Timisoara, Timis",330,5.69,2,58
619,"Apartament cu 2 camere, decomandat, zona Shopping City","Steaua, Timisoara, Timis",330,5.89,2,56
882,Steaua - Ap. 2 camere - CT. Proprie - Decomandat - Et. 1,"Steaua, Timisoara, Timis",330,5.89,2,56
386,"Apartament 2 camere, in zona Calea Sagului","Steaua, Timisoara, Timis",330,6,2,55
513,"Apartament 2 camere, centrala proprie, Complex studentesc","Campus Universitar, Timisoara, Timis",330,6,2,55
603,"Apartament 2 camere,semidecomandat, Zona Piata Doina","Steaua, Timisoara, Timis",330,6,2,55
1068,Torontalului – Apartament 2 Camere,"Calea Torontalului, Bucovina, Timisoara, Timis",330,6,2,55
1151,Apartament 2 camere plus balcon,"Lipovei / Calea Sever Bocu, Timisoara, Timis",330,6,2,55
897,"Apartament cu 2 camere in zona Gheorghe Lazar, centrala proprie","Circumvalatiunii, Timisoara, Timis",330,6.11,2,54
385,"Apartament 2 camere,central propie si clima.","Strada Holdelor, Lipovei / Calea Sever Bocu, Timisoara, Timis",330,6.35,2,52
439,Apartament 2 Camere | De Inchiriat | Bloc NOU | Zona Lipovei,"Iosefin, Timisoara, Timis",330,6.35,2,52
1168,Apartament 2 camere de inchiriat in zona Lipovei,"Cetate, Timisoara, Timis",330,6.35,2,52
67,Apartament 2 camere cu centrala - Zona G. Lazar,"Strada Gheorghe Lazar, Circumvalatiunii, Timisoara, Timis",330,6.6,2,50
198,Pet Friendly | Apartament 2 Camere | Ghiroda - Strada Nufarul,"Padurea Verde, Timisoara, Timis",330,6.6,2,50
313,Traian || 2 camere || centrala proprie || parcare || balcon || semidec,"Fabric, Timisoara, Timis",330,6.6,2,50
383,Tache Ionescu- 2 cam- lift- mobilat,"Cetate, Timisoara, Timis",330,6.6,2,50
496,Lipovei - Apartament 2 Camere,"Lipovei / Calea Sever Bocu, Timisoara, Timis",330,6.6,2,50
42,Apartament 2 Camere | Calea Urseni | Premium Residence,"Ciarda Rosie, Timisoara, Timis",330,6.88,2,48
941,Apartament cu o camera in zona Aradului,"Araduluri Est, Timisoara, Timis",330,7.17,1,46
453,Apartament 2 Camere + Garaj | Zona Garii | Comision 0!,"Gara Nord, Timisoara, Timis",330,7.33,2,45
620,"Apartament 2 Camere , Zona Circumvalatiunii","Circumvalatiunii, Timisoara, Timis",330,7.33,2,45
677,Apartament spatios cu 2 camere | Blascovici,"Strada Sibiu, Blascovici, Timisoara, Timis",330,7.5,2,44
1163,"Apartament 2 camere, Zona Dacia","Circumvalatiunii, Timisoara, Timis",330,7.86,2,42
1219,Torontal 1 Camera | Etaj 3 din 5 | Toronto Residence,"Strada Augustin Coman, Aradului West, Timisoara, Timis",330,7.86,1,42
356,"Apartament 2 camere, Centrala Proprie, Zona Cetatii","Circumvalatiunii, Timisoara, Timis",330,8.25,2,40
661,"Apartament cu 2 camere, decomandat, in Complexul Studentesc","Campus Universitar, Timisoara, Timis",330,8.25,2,40
740,CM433 Apartament 1 camera | Central - Marasti- Unirii- Cardinale,"Cetate, Timisoara, Timis",335,10.47,1,32
16,Bloc nou-lunei-complex.mobilat-utilat,"Cetate, Timisoara, Timis",340,4.53,3,75
1061,"Apartament cu 3 camere ,Zona Calea Sagului","Steaua, Timisoara, Timis",340,4.72,3,72
601,Apartament spatios cu 2 camere | Elisabetin,"Strada Memorandului, Elisabetin, Timisoara, Timis",340,5.67,2,60
980,Balcescu - Apart. 2 camere - Centrala Proprie - Renovat,"Elisabetin, Timisoara, Timis",340,6.18,2,55
459,Inchiriez apartament 2 camere in zona Take Ionescu,"Cetate, Timisoara, Timis",340,6.8,2,50
590,Aparatament cu 2 camere amenajat modern + parcare - Zona Girocului.,"Strada Gavril Musicescu, Fratelia, Timisoara, Timis",340,6.8,2,50
1150,Apartament de inchiriat 2 camere,"Cetate, Timisoara, Timis",340,8.1,2,42
124,De inchiriat 3 camere 54 mp et 3 cu centrala Sagului Vulturilor,"Aleea Poenitei, Calea Sagului, Timisoara, Timis",345,6.39,3,54
92,"Închiriez apartament cu 3 camere, 100 mp","Cetate, Timisoara, Timis",350,3.5,3,100
1158,"Zona sagului-dâmbovița (bloc izolat,centrala )","Calea Sagului, Timisoara, Timis",350,4.07,3,86
223,Girocului - Apartament 3 Camere,"Zona Timisoara Sud, Timisoara, Timis",350,4.38,3,80
631,"Prima închiriere! Apartament 3camere,decomandat,nemobilat,Stadion","Cetate, Timisoara, Timis",350,4.38,3,80
753,Apartament cu 3 camere la casa,"Steaua, Timisoara, Timis",350,4.38,3,80
634,Apartament modern cu 3 camere | Complex,"Campus Universitar, Timisoara, Timis",350,4.67,3,75
1011,"Apartament cu 3 camere, decomandat in zona Cetatii","Circumvalatiunii, Timisoara, Timis",350,4.67,3,75
869,"Apartament cu 2 camere, decomandat, situat in zona Steaua","Steaua, Timisoara, Timis",350,4.79,2,73
39,Apartament 3 Camere | Calea Buziasului | Bloc Nou,"Ciarda Rosie, Timisoara, Timis",350,5,3,70
123,AV140 | Apartament 3 camere | 70 mp | Mures 350 Euro,"Calea Girocului, Timisoara, Timis",350,5,3,70
464,"Apartament cu 2 camere, la mansarda, in zona Mehala","Mehala, Timisoara, Timis",350,5,2,70
519,Ap. 3 cam. 2 băi. Curte privată | Ideal cuplu/familie | PROPRIETAR,"Cetate, Timisoara, Timis",350,5,3,70
560,Închiriez apartament în vila,"Cetate, Timisoara, Timis",350,5,3,70
642,Apartament cu 2 camere in zona Braytim,"Zona Soarelui, Timisoara, Timis",350,5,2,70
711,Apartament spatios cu 2 camere | Braytim | Market,"Strada Mures, Zona Timisoara Sud, Timisoara, Timis",350,5,2,70
945,"Apartament cu 3 camere,centrala proprie,in zona Soarelui","Ciarda Rosie, Timisoara, Timis",350,5,3,70
1013,Apartament 3 Camere Inchiriere Calea Martirilor,"Cetate, Timisoara, Timis",350,5,3,70
1050,"Inchiriez apartament 3 camere, zona Stadion","Cetate, Timisoara, Timis",350,5,3,70
271,Închiriez ap 2 cam,"Cetate, Timisoara, Timis",350,5.07,2,69
7,"Persoana fizica, închiriez un apartament de 3 camere pt 2 sau 3 pers","Cetate, Timisoara, Timis",350,5.15,1,68
160,"Apartament cu 3 camere, 65 mp, decomandat, Soarelui","Bulevardul General Ion Dragalina, Iosefin, Timisoara, Timis",350,5.38,3,65
242,"Apartament 3 camere , centrala proprie , zona Circumvalatiunii","Circumvalatiunii, Timisoara, Timis",350,5.38,3,65
462,Apartament spatios cu 3 camere | Brancoveanu | Pet,"Bulevardul Constantin Brancoveanu, Odobescu, Timisoara, Timis",350,5.38,3,65
489,"Proprietar, inchiriez apartament 3 camere,et3,str.Pomiculturii","Cetate, Timisoara, Timis",350,5.38,3,65
553,"Apartament 4 camere, 65 mp, semidecomandat, zona Sagului","Steaua, Timisoara, Timis",350,5.38,4,65
663,Apartament spatios cu 2 camere | Girocului,"Strada Nicolae Iliesu, Calea Girocului, Timisoara, Timis",350,5.38,1,65
1055,"Proprietar-apartament confortabil la prima inchiriere, in bloc nou","Cetate, Timisoara, Timis",350,5.38,2,65
1232,Apartament 3 Camere Decomandat cu Centrala zona Olimpia,"Aleea F. C. Ripensia, Stadion, Timisoara, Timis",350,5.38,3,65
1238,"Apartament cu 2 camere, zona Take Ionescu","Cetate, Timisoara, Timis",350,5.38,2,65
662,Apartament spatios cu 3 camere | Dambovita | Parcul Clabucet,"Strada Transilvania, Calea Sagului, Timisoara, Timis",350,5.47,3,64
707,Apartament spatios cu 3 camere | Iulius Mall,"Strada Linistei, Araduluri Est, Timisoara, Timis",350,5.47,3,64
177,Apartament Deosebit cu 2 Camere | Zona Lipovei,"Calea Sever Bocu, Araduluri Est, Timisoara, Timis",350,5.56,2,63
703,Apartament deosebit cu 2 camere | Mehala,"Strada Basarabia, Mehala, Timisoara, Timis",350,5.56,2,63
950,"Apartament cu 3 camere,zona Calea Aradului","Araduluri Est, Timisoara, Timis",350,5.56,3,63
218,inchiriez apartament,"Cetate, Timisoara, Timis",350,5.65,2,62
445,Proprietar! Apartament 3 Camera,"Cetate, Timisoara, Timis",350,5.65,3,62
446,Apartament cu 3 camere de inchiriat pe Calea Sagului ID C5220,"Odobescu, Timisoara, Timis",350,5.65,3,62
867,"Apartament cu 2 camere, decomandat in zona Take Ionescu","Cetate, Timisoara, Timis",350,5.65,2,62
131,"Apartament 3 camere, lângă Spitalul Județean","Cetate, Timisoara, Timis",350,5.83,3,60
255,Inchiriez apartament 3 camere Dacia/Circumvalatiunii,"Cetate, Timisoara, Timis",350,5.83,3,60
360,Apartament cu 2 camere in zona balcescu centrala termica,"Elisabetin, Timisoara, Timis",350,5.83,2,60
423,"Apartament cu 3 camere, semidecomandat, in zona Sagului","Steaua, Timisoara, Timis",350,5.83,3,60
537,închiriez apartament cu doua camere cu centrala langa Shopping City,"Cetate, Timisoara, Timis",350,5.83,2,60
552,Apartament cu 2 camere in zona Balcescu,"Elisabetin, Timisoara, Timis",350,5.83,2,60
817,"Apartament cu 3 camere in zona Dacia, semidecomandat","Araduluri Est, Timisoara, Timis",350,5.83,3,60
852,Calea Sagului - Ap. 3 cam. - CT. Proprie - Amenajat,"Elisabetin, Timisoara, Timis",350,5.83,3,60
878,Apartament cu 2 camere in zona Sagului,"Ciarda Rosie, Timisoara, Timis",350,5.83,2,60
922,Apartament de închiriat,"Cetate, Timisoara, Timis",350,5.83,2,60
931,Apartament decomandat cu 2 camere in zona Brancoveanu-Maria,"Iosefin, Timisoara, Timis",350,5.83,2,60
1098,Apartament cu trei camere langa Spitalul Judetean,"Calea Girocului, Timisoara, Timis",350,5.83,3,60
1125,Aradului - Ap.2cam. - semidecomandat - parter - conf.1 - 60 mp,"Aradului West, Timisoara, Timis",350,5.83,2,60
1213,Proprietar închiriez ap 2 cam langa Iulius Mall,"Cetate, Timisoara, Timis",350,5.83,2,60
251,"Apartament 2 camere, 59 mp utili aproape de magazine si transport","Odobescu, Timisoara, Timis",350,5.93,2,59
551,"Prima închiriere! Apartament 2 camere + loc de parcare, Ghiroda","Cetate, Timisoara, Timis",350,5.93,2,59
422,EXCLUSIVITATE| Apartament modern cu 2 Camere | Mehala,"Strada Pelinului, Ronat, Timisoara, Timis",350,6.03,2,58
690,Aaprtament spatios cu 2 camere | AEM,"Ciarda Rosie, Timisoara, Timis",350,6.03,2,58
757,CM422 Apartament 2 camere | BUZIASULUI,"Ciarda Rosie, Timisoara, Timis",350,6.03,2,58
74,2 cam. Telegrafului langa Take Ionescu Tipografilor Badea Cartan Isho,"Cetate, Timisoara, Timis",350,6.14,2,57
296,Apartament cu 2 camere | Calea Martirilor,"Strada Ludwig Von Ybl, Plavat, Timisoara, Timis",350,6.14,2,57
203,"Apartament de inchiriat, 2 camere, Zona Mircea cel Batran","Cetate, Timisoara, Timis",350,6.25,2,56
542,2 camere Lipovei,"Cetate, Timisoara, Timis",350,6.25,1,56
616,Apartament luminos cu 2 camere | Balcescu,"Elisabetin, Timisoara, Timis",350,6.25,2,56
784,Apartament decomandat cu 3 camere de închiriat,"Calea Sagului, Timisoara, Timis",350,6.25,3,56
1180,"Apartament cu 2 camere in zona Simion Barnutiu, semidecomandat","Dorobantilor, Timisoara, Timis",350,6.25,2,56
95,Inchiriez apartament 3 camere Calea Sagului,"Cetate, Timisoara, Timis",350,6.36,3,55
222,"Apartament 2 camere,decomandat-Centru Timișoara.La prima închiriere!","Cetate, Timisoara, Timis",350,6.36,2,55
371,Apartament 2 camere cu centrala - Zona Girocului,"Strada Dr. Ioan Muresan, Calea Girocului, Timisoara, Timis",350,6.36,2,55
397,Apartament 2 Camere | Zona Sagului | Bloc Izolat | Etaj 1,"Calea Sagului, Timisoara, Timis",350,6.36,2,55
448,Apartament cu 2 camere in zona aradului,"Araduluri Est, Timisoara, Timis",350,6.36,2,55
563,"Apartament cu 2 camere, semidecomandat, zona Ciarda Rosie","Ciarda Rosie, Timisoara, Timis",350,6.36,2,55
599,Apartament 2 Camere | Parter Inalt | Zona Simion Barnutiu,"Dorobantilor, Timisoara, Timis",350,6.36,2,55
683,Apartament decomandat cu 2 camere | Centrala | Complexul Studentesc,"Bulevardul Eroilor de La Tisa, Campus Universitar, Timisoara, Timis",350,6.36,2,55
686,"LX001 Tipografilor, Centrala Proprie, Mobilat-Utilat","Badea Cartan, Timisoara, Timis",350,6.36,2,55
749,Apartament cu 2 camere | Olimpia-Stadion,"Strada Retezat, Stadion, Timisoara, Timis",350,6.36,2,55
779,Apartament in bloc nou la prima inchiriere,"Ciarda Rosie, Timisoara, Timis",350,6.36,2,55
862,"Apartament 2 Camere , Centrala Proprie, Aradului","Araduluri Est, Timisoara, Timis",350,6.36,2,55
907,"Apartament 2 Camere, Calea Urseni, Loc de parcare","Ciarda Rosie, Timisoara, Timis",350,6.36,2,55
916,"Apartament cu 2 camere, 55mp, Decomandat, in Fabric","Fabric, Timisoara, Timis",350,6.36,2,55
926,"Apartament 2 camere , decomandat , zona Complexul Studentesc","Campus Universitar, Timisoara, Timis",350,6.36,2,55
927,Inchiriez apartament 2 camere complexul studentesc,"Fabric, Timisoara, Timis",350,6.36,2,55
1079,"Apartament cu 2 camere, Decomandat, Lipovei","Lipovei / Calea Sever Bocu, Timisoara, Timis",350,6.36,2,55
1133,Aradului – Apartament 2 Camere – Mansarda,"Strada Rasaritului, Araduluri Est, Timisoara, Timis",350,6.36,2,55
500,Apartament 2 camere | bloc nou | etaj 4 | zona Telegrafului,"Telegrafului, Timisoara, Timis",350,6.48,2,54
540,"Apartament de 2 camere, decomandat, zona Soarelui","Bulevardul Sudului, Zona Soarelui, Timisoara, Timis",350,6.48,2,54
687,"Apartament cu 2 camere, decomandat, in Complexul Studentesc","Campus Universitar, Timisoara, Timis",350,6.48,2,54
1199,"Apartament 3 camere de inchiriat, zona Lipovei - ID C3713","Lipovei / Calea Sever Bocu, Timisoara, Timis",350,6.48,3,54
1221,De închiriat apartament 2 camere - zona Modern Timişoara,"Dorobantilor, Timisoara, Timis",350,6.48,2,54
32,"Proprietar, inchiriez apartament 2camere, Girocului","Cetate, Timisoara, Timis",350,6.6,2,53
408,Apartament cu 2 camere,"Cetate, Timisoara, Timis",350,6.6,2,53
709,"Apartament 2 camere, Complex Studentesc cu centrala proprie","Stadion, Timisoara, Timis",350,6.6,2,53
210,Apartament cu 2 camere de închiriat în zona Girocului,"Strada Crivaia, Plavat, Timisoara, Timis",350,6.73,2,52
285,Apartament Lux cu 2 Camere | PET FRIENDLY | Mehala,"Strada Mircea cel Batran, Ronat, Timisoara, Timis",350,6.73,2,52
638,"Apartament cu 2 camere, decomandat, zona Circumvalatiunii","Circumvalatiunii, Timisoara, Timis",350,6.73,2,52
835,"Apartament 2 Camere, Prima inchiriere, Calea Urseni","Cetate, Timisoara, Timis",350,6.73,2,52
1004,"Apartament cu 2 camere,bloc nou ,Calea Aradului","Araduluri Est, Timisoara, Timis",350,6.73,2,52
1109,Proprietar inchiriez apartament 2 camere Girocului,"Plavat, Timisoara, Timis",350,6.73,2,52
229,2 camere Medicina,"Cetate, Timisoara, Timis",350,6.86,2,51
901,"Apartament decomandat 2 camere,Liviu Rebreanu","Campus Universitar, Timisoara, Timis",350,6.86,2,51
25,"Soarelui, 2 camere decomandat, centrala gaz,clima","Strada Sirius, Zona Soarelui, Timisoara, Timis",350,7,2,50
158,"Apartament 2 camere, 50 mp, Complex Studentesc","Strada Ofcea, Campus Universitar, Timisoara, Timis",350,7,2,50
193,Apartament Deosebit cu 2 Camere | Lipovei,"Strada Martir Constantin Zabulica, Lipovei / Calea Sever Bocu, Timisoara, Timis",350,7,2,50
263,Apartament 2 camere Complexul Studențesc,"Campus Universitar, Timisoara, Timis",350,7,2,50
314,"Apartament cu 2 camere, 50mp, Decomandat, in zona Aradului","Araduluri Est, Timisoara, Timis",350,7,2,50
321,CM482 Torontalului | 2 Camere | Decomandat,"Bucovina, Timisoara, Timis",350,7,2,50
332,Apartament decomandat 2 camere Calea Aradului,"Cetate, Timisoara, Timis",350,7,2,50
375,Apartament decomandat cu centrala in Complexul Studentesc,"Stadion, Timisoara, Timis",350,7,2,50
417,"Proprietar, 2 camere Complex","Cetate, Timisoara, Timis",350,7,2,50
437,"Apartament 2 Camere, Etaj intermediar, Central","Cetate, Timisoara, Timis",350,7,2,50
458,2 camere decomandat CENTRALA Soarelui,"Bulevardul Sudului, Zona Soarelui, Timisoara, Timis",350,7,2,50
484,"Apartament cu 2 camere, 50mp, in zona Steaua","Steaua, Timisoara, Timis",350,7,2,50
538,"Apartament 2 camere, 50 mp + pod de 50 mp, in Simion Barnutiu","Dorobantilor, Timisoara, Timis",350,7,2,50
558,CM465 Apartament 2 camere | MEDICINA,"Cetate, Timisoara, Timis",350,7,2,50
644,Apartament 2 camere semidecomandat - Ultracentral,"Strada Coriolan Brediceanu, Cetate, Timisoara, Timis",350,7,2,50
682,Apartament renovat cu 2 camere | Centrala Proprie | Calea Sagului,"Strada Rusu Sirianu, Odobescu, Timisoara, Timis",350,7,2,50
733,Apartament de 2 camere zona Blascovici,"Strada Orhei, Blascovici, Timisoara, Timis",350,7,2,50
798,Apartament 2 camere | etaj 1 | loc de parcare | zona Braytim,"Cetate, Timisoara, Timis",350,7,2,50
803,"Apartament cu 2 camere, decomandat, zona Stadion","Cetate, Timisoara, Timis",350,7,2,50
812,"Apartament cu 2 camere, 50mp, Semidecomandat, in zona Take Ionescu","Cetate, Timisoara, Timis",350,7,2,50
876,"Apartament de 2 camere, decomandat, zona Complexul Studențesc","Strada Vaida Voevod Alexandru, Campus Universitar, Timisoara, Timis",350,7,2,50
886,Apartament cu 2 camere in zona Girocului,"Fratelia, Timisoara, Timis",350,7,2,50
888,Kiriac - Ap 2 camere - CT. Proprie - Renovat,"Odobescu, Timisoara, Timis",350,7,2,50
1028,"Apartament cu doua camere, decomandat, in zona Sagului","Steaua, Timisoara, Timis",350,7,2,50
1089,Apartament cu doua camere si centrala Girocului,"Calea Girocului, Timisoara, Timis",350,7,2,50
1138,LUX Bloc Nou zona Girocului,"Calea Martirilor 1989, Plavat, Timisoara, Timis",350,7,2,50
1200,"Proprietar inchiriez ap 2 camere, complex","Cetate, Timisoara, Timis",350,7,2,50
668,Apartament luminos 2 camere | Girocului,"Calea Sagului, Timisoara, Timis",350,7.14,1,49
352,"Apartament 2 camere mobilat , utilat, zona Complex Stadion","Campus Universitar, Timisoara, Timis",350,7.29,2,48
647,Apartament superb cu 2 camere | Aradului,"Strada Gheorghe Ivanescu, Araduluri Est, Timisoara, Timis",350,7.29,2,48
716,"Apartament de 2 camere, decomandat, zona Take Ionescu","Bulevardul Take Ionescu, Tipografilor, Timisoara, Timis",350,7.29,2,48
983,"Apartament cu 2 camere, semidecomandat, in zona Sinaia","Blascovici, Timisoara, Timis",350,7.45,2,47
744,Apartament spatios cu 2 camere | Aradului,"Strada Dej, Aradului West, Timisoara, Timis",350,7.61,2,46
36,Apartament cu 2 camere semidecomandat - Zona Circumvalatiuni,"Strada Labirint, Circumvalatiunii, Timisoara, Timis",350,7.78,2,45
58,Apartament cu 2 camere| PET FRIENDLY | Dacia,"Strada Labirint, Circumvalatiunii, Timisoara, Timis",350,7.78,2,45
111,"Prima închiriere! Studio Premium, Vivalia Grand, Tipografilor!","Cetate, Timisoara, Timis",350,7.78,1,45
151,"Apartament de 2 camere, terasa, loc de parcare, zona Ciarda Rosie","Strada Matei Millo, Ciarda Rosie, Timisoara, Timis",350,7.78,2,45
695,"Apartament cu 2 camere, centrala proprie, zona Gheorghe Lazar","Circumvalatiunii, Timisoara, Timis",350,7.78,2,45
819,Apartament in bloc nou la prima inchiriere,"Ciarda Rosie, Timisoara, Timis",350,7.78,2,45
820,Apartament 2 camere zona Gheorghe lazar,"Cetate, Timisoara, Timis",350,7.78,2,45
1027,Apartament nou in Braytim-Calea Urseni,"Ciarda Rosie, Timisoara, Timis",350,7.78,2,45
1057,"Apartament 2 camere, Ultracentral cu centrala proprie","Cetate, Timisoara, Timis",350,7.78,2,45
6,Ofer spre inchiriere apartament 2 camere,"Calea Sagului, Timisoara, Timis",350,8.75,2,40
117,"Apartament de 2 camere, parter, zona Mircea cel Batran","Strada Rudaria, Ronat, Timisoara, Timis",350,8.75,2,40
118,"Studio de 35 mp, nemobilat, parter, zona Mircea cel Batran","Strada Rudaria, Ronat, Timisoara, Timis",350,8.75,1,40
270,Apartament 1 camera Ultracentral P-ta Marasti !!,"Cetate, Timisoara, Timis",350,8.75,1,40
294,"Apartament cu 2 camere,Complexul Studentesc","Campus Universitar, Timisoara, Timis",350,8.75,2,40
694,"Apartament cu 2 camere,Aleea Ghirodei","Cetate, Timisoara, Timis",350,8.75,2,40
911,"Apartament cu 2 camere, semidecomandat, in zona Take Ionescu","Cetate, Timisoara, Timis",350,8.75,2,40
1026,"Apartament cu 2 camere, bloc nou, zona Steaua","Steaua, Timisoara, Timis",350,8.75,2,40
88,Ofer spre inchiriere apartament cu 2 camere renovat in calea girocului,"Telegrafului, Timisoara, Timis",350,9.21,2,38
928,Apartament semidecomandat 1 camera in zona COMPLEXUL STUDENTESC,"Campus Universitar, Timisoara, Timis",350,10.29,1,34
380,"Aparatament de 1 cameră, renovat recent, Complexul Studențesc","Aleea Minis, Campus Universitar, Timisoara, Timis",350,11.67,1,30
196,"Apartament cu 2 camere, centrala termica, Ultracentral","Cetate, Timisoara, Timis",359,5.98,2,60
211,Apartament 3 camere liceul Auto 0 comision,"Freidorf, Timisoara, Timis",360,4.24,3,85
971,"Apartament 3 camere , semidecomandat, cu loc de parcare","Steaua, Timisoara, Timis",360,5.14,3,70
26,Lipovei Apartament 2 camere,"Strada Ion Ionescu de La Brad, Lipovei / Calea Sever Bocu, Timisoara, Timis",360,5.54,2,65
1049,"Apartament cu doua camere si centrala proprie, Aradului","Araduluri Est, Timisoara, Timis",360,6.55,2,55
633,Zona Cetatii|2 camere|centrala|modern,"Bulevardul Cetatii, Circumvalatiunii, Timisoara, Timis",360,6.92,2,52
750,Apartament 2 camere | Pet Friendly | Spitalul Județean,"Strada Dr. Ioan Muresan, Calea Girocului, Timisoara, Timis",360,6.92,2,52
1197,"Proprietar, inchiriez apartament cu 2 camere","Cetate, Timisoara, Timis",360,6.92,2,52
182,Apartament Deosebit cu 2 Camere |Zona Piata 700,"Strada Coriolan Brediceanu, Cetate, Timisoara, Timis",360,7.2,2,50
1240,"Apartament 2 camere, zona Iulius Mall","Lipovei / Calea Sever Bocu, Timisoara, Timis",360,8,2,45
1164,Apartament cu o camera in Complexul Studentesc,"Campus Universitar, Timisoara, Timis",360,10.59,1,34
960,Apartament 3 camere de inchiriat,"Strada Mures, Calea Sagului, Timisoara, Timis",362.17,5.17,3,70
1099,"Închiriez apartament mobilat nou, 2 camere decomandat Timișoara","Cetate, Timisoara, Timis",365,7.02,2,52
953,"Apartament cu 1 camera, decomandat, in IRIS, zona Aradului","Araduluri Est, Timisoara, Timis",365,9.12,1,40
615,Apartament luminos cu 2 camere | Zona Dacia,"Bulevardul Cetatii, Circumvalatiunii, Timisoara, Timis",369,7.69,2,48
849,"Apartament cu 3 camere, semidecomandat, in zona Elisabetin","Campus Universitar, Timisoara, Timis",370,4.62,3,80
41,De închiriat apartament Bucovina 2 camere,"Cetate, Timisoara, Timis",370,5.29,2,70
323,Apartament cu 3 camere | Dacia,"Strada Labirint, Circumvalatiunii, Timisoara, Timis",370,5.29,3,70
942,"Apartament cu 2 camere, decomandat, in zona Calea Sagului","Steaua, Timisoara, Timis",370,5.29,2,70
946,Zona Spitalul Judetean |3 camere|centrala|2x debara,"Strada Nicolae Iliesu, Calea Girocului, Timisoara, Timis",370,5.29,3,70
216,CM495 2 Camere | Complexul Studentesc,"Campus Universitar, Timisoara, Timis",370,6.17,2,60
246,"Apartament cu 2 camere in zona Complexului Studentesc, centrala termic","Campus Universitar, Timisoara, Timis",370,6.17,2,60
392,"Apartament cu 2 camere, decomandat, in Buziasului","Zona Soarelui, Timisoara, Timis",370,6.17,2,60
580,Apartament superb cu 2 camere | Ultracentral,"Strada Colonel Ion Enescu, Cetate, Timisoara, Timis",370,6.17,2,60
667,Apartament spatios 2 camere | Take Ionescu,"Cetate, Timisoara, Timis",370,6.49,2,57
147,"Apartament 2 camere, 56mp, zona Iosefin","Strada Gelu, Iosefin, Timisoara, Timis",370,6.61,2,56
250,Apartament 2 camere Iosefin,"Iosefin, Timisoara, Timis",370,6.61,2,56
947,Apartament cu 3 camere in zona Dacia,"Araduluri Est, Timisoara, Timis",370,6.61,3,56
105,Proprietar inchiriez apartament 2 camere,"Cetate, Timisoara, Timis",370,6.73,2,55
561,CM464 Apartament 2 camere | Girocului | CALEA MARTIRILOR,"Calea Girocului, Timisoara, Timis",370,6.73,2,55
739,"Apartament nemobiliat cu 2 camere, open space, in Campeador","Cetate, Timisoara, Timis",370,6.73,2,55
902,Apartament cu 2 camere in zona Bucovina,"Circumvalatiunii, Timisoara, Timis",370,6.73,2,55
1216,"Apartament 2 camere la casa, intrare separata, decomandat, sistem de a","Elisabetin, Timisoara, Timis",370,6.73,2,55
904,"Apartament cu 2 camere, semidecomandat, in zona Lipovei","Lipovei / Calea Sever Bocu, Timisoara, Timis",370,6.85,2,54
856,"Apartament cu 2 camere, decomandat in zona Gheorghe Lazar","Circumvalatiunii, Timisoara, Timis",370,6.98,2,53
502,"Soarelui, 2 camere, CENTRALA PROPRIE","Ciarda Rosie, Timisoara, Timis",370,7.12,2,52
35,Apartament de inchiriat cu 2 camere 50mp | Zona Lipovei,"Lipovei / Calea Sever Bocu, Timisoara, Timis",370,7.4,2,50
342,Apartament cu 2 camere la casa - Zona Balcescu,"Strada 1 Decembrie, Stadion, Timisoara, Timis",370,7.4,2,50
357,"Apartament la curte comuna in zona Balcescu, proaspat renovat","Elisabetin, Timisoara, Timis",370,7.4,2,50
174,"Proprietar ofer spre inchiriere ap. cu 2 cam, in Complex pe Eroilor 7","Cetate, Timisoara, Timis",370,7.71,2,48
11,Apartament 1 Camera | Etaj 9 | Isho-Take Ionescu,"Badea Cartan, Timisoara, Timis",370,11.21,1,33
69,Apartament 2 camere cu centrala + parcare - Zona Lipovei,"Strada Ion Ionescu de La Brad, Lipovei / Calea Sever Bocu, Timisoara, Timis",375,5.77,2,65
252,Balcescu || 2 camere || centrala proprie || garaj || balcon || decoman,"Strada Gheorghe Doja, Elisabetin, Timisoara, Timis",375,6.25,2,60
273,"SX205 Balcescu, Centrala Proprie, Garaj","Campus Universitar, Timisoara, Timis",375,6.25,2,60
377,Inchiriere apt 2 camere zona Balcescu,"Cetate, Timisoara, Timis",375,6.25,2,60
159,"Apartament de 2 camere, garaj, zona Balcescu","Strada 1 Decembrie, Elisabetin, Timisoara, Timis",375,8.33,2,45
933,"Apartament cu 3 camere in zona Soarelui,centrala proprie.","Ciarda Rosie, Timisoara, Timis",380,5,3,76
1190,"Apartament 3 camere , zona Soarelui","Ciarda Rosie, Timisoara, Timis",380,5,3,76
444,"Apartament 3 camere decomandat Zona Bucovina, langa Giovana","Cetate, Timisoara, Timis",380,5.43,3,70
1153,"Inchiriez apartament cu 3 camere Calea Girocului, langa parc","Cetate, Timisoara, Timis",380,5.43,3,70
169,"Apartament 3 camere, 69 mp, Soarelui","Aleea Martir Nagy Eugen, Zona Soarelui, Timisoara, Timis",380,5.51,3,69
290,Închiriez apartament 3 camere.,"Tipografilor, Timisoara, Timis",380,5.59,3,68
90,"Apartament de 3 camere, zona Bălcescu, nemobilat, 67 mp.","Strada Protopop George Dragomir, Elisabetin, Timisoara, Timis",380,5.67,3,67
148,"Apartament 3 camere, 65 mp, Olimpia-Stadion","Bulevardul General Ion Dragalina, Iosefin, Timisoara, Timis",380,5.85,3,65
400,"Apartament cu 3 camere, 65 mp, semidecomandat, zona Olimpia-Stadion","Cetate, Timisoara, Timis",380,5.85,3,65
547,"Apartament cu 2 camere, decomandat, zona Iulius Mall","Circumvalatiunii, Timisoara, Timis",380,6.33,2,60
1033,Apartament cu 3 camere si centrala proprie Braytim,"Cetate, Timisoara, Timis",380,6.33,3,60
1110,"Apartament 3 camere, Decomandat, Complex Studentesc","Campus Universitar, Timisoara, Timis",380,6.33,3,60
1192,"Apartament cu 3 camere decomandat, in zona Lipovei","Lipovei / Calea Sever Bocu, Timisoara, Timis",380,6.33,3,60
529,Proprietar - inchiriez apartament 2 camere in zona Badea Cartan,"Cetate, Timisoara, Timis",380,6.55,2,58
637,Apartament spatios cu 3 camere | Aradului | Decathlon,"Strada Horia Hulubei, Timisoara, Timis",380,6.67,3,57
166,"Apartament 2 camere, 56mp, zona Baba-Dochia","Bulevardul General Ion Dragalina, Iosefin, Timisoara, Timis",380,6.79,2,56
351,"Apartament 2 camere, cu centrala - Calea Circumvalatiunii","Strada Timis, Circumvalatiunii, Timisoara, Timis",380,6.79,2,56
431,"Apartament cu 2 camere, decomandat, in zona Baba Dochia","Fabric, Timisoara, Timis",380,6.79,2,56
641,"Apartament 2 camere , centrala proprie , zona Centrala","Blascovici, Timisoara, Timis",380,6.79,2,56
13,"Apartament cu 2 camere, Pet Friendly, in zona Braytim","Fratelia, Timisoara, Timis",380,6.91,2,55
322,CM481 Torontalului | 2 camere | DECOMANDAT,"Bucovina, Timisoara, Timis",380,6.91,2,55
521,Apartament 2 camere ultracentral de inchiriat,"Cetate, Timisoara, Timis",380,6.91,2,55
1202,"Apartament cu doua camere, in zona Take Ionescu","Cetate, Timisoara, Timis",380,6.91,2,55
349,Ocupabil imediat - Iulius Mall - 2 camere decomandate,"Aleea Ionel Perlea, Circumvalatiunii, Timisoara, Timis",380,7.04,2,54
373,Apartament 2 Camere | De Inchiriat | Torontalului,"Araduluri Est, Timisoara, Timis",380,7.04,2,54
1129,"Apartament 2 camere, centrala proprie, zona complex, Olimpia Stadion.","Cetate, Timisoara, Timis",380,7.17,2,53
77,"Apartament de 2 camere, zona Circumvalatiunii, mobilat, 50mp","Calea Bogdanestilor, Circumvalatiunii, Timisoara, Timis",380,7.6,2,50
571,CM361 Apartament 2 camere | ARADULUI,"Araduluri Est, Timisoara, Timis",380,7.6,2,50
868,Apartament deosebit cu 2 camere | Pet friendly | Complexul Studentesc,"Bulevardul Eroilor de La Tisa, Stadion, Timisoara, Timis",380,7.6,2,50
906,"Apartament cu 2 camere,open space,zona Braytim","Cetate, Timisoara, Timis",380,7.6,2,50
920,"Apartament cu 3 camere, semi-decomandat, zona Sagului","Steaua, Timisoara, Timis",380,7.6,3,50
1009,"Apartament cu 2 camere in zona Complexului, centrala termica","Campus Universitar, Timisoara, Timis",380,7.6,2,50
1119,Apartament modern cu centrala langa Medicina,"Cetate, Timisoara, Timis",380,7.6,2,50
1152,Proprietar Inchiriez apartament 2 camere,"Cetate, Timisoara, Timis",380,7.6,2,50
456,Apartament 1 Camere | De Inchiriat | LUX | Ateneo |,"Aradului West, Timisoara, Timis",380,10.27,1,37
457,"Apartament de lux tip studio, zona Torontalului, in Complex Ateneo","Circumvalatiunii, Timisoara, Timis",380,10.27,1,37
497,CM469 Apartament 2 camere | Spitalul Judetean,"Zona Soarelui, Timisoara, Timis",380,10.27,2,37
511,Apartament 2 Camere | Zona Spitalul Judetean | Parter,"Calea Girocului, Timisoara, Timis",380,10.27,2,37
515,"2 camere Județean, proprietar","Cetate, Timisoara, Timis",380,10.27,2,37
522,Inchiriez apartament cu 2 camere decomandat,"Cetate, Timisoara, Timis",382.29,7.65,2,50
880,"Apartament cu 3 camere in zona Gheorghe Lazar, decomandat","Circumvalatiunii, Timisoara, Timis",385,5.75,3,67
506,"Apartament 3 camere, PRIMA ÎNCHIRIERE, zona Spitalul Județean","Strada Martir Marius Ciopec, Calea Girocului, Timisoara, Timis",385,7,3,55
413,Apartament cu 3 camere la prima inchiriere.,"Zona Timisoara Sud, Timisoara, Timis",385,7.26,3,53
564,"PROPRIETAR, inchiriez apartament 3 cam. zona Judetean","Cetate, Timisoara, Timis",385,7.26,3,53
104,Apartament 3 camere + centrala proprie I ETAJ 1 - Zona Olimpia-Stadion,"Strada Surorile Martir Caceu, Stadion, Timisoara, Timis",390,5.57,3,70
233,"AV395 Apartament 3 camere, et.3, Freidorf","Freidorf, Timisoara, Timis",390,5.57,3,70
773,Apartament 2 Camere | De Inchiriat | Bloc NOU | Zona Lipovei,"Lipovei / Calea Sever Bocu, Timisoara, Timis",390,6,2,65
1092,"Apartament amenajat Lux, 2 camere, zona Stadion, etaj intermediar","Cetate, Timisoara, Timis",390,6.84,2,57
1093,"Apartament, 2 camere , Gheorghe Lazar ,foarte aproape de centru.","Circumvalatiunii, Timisoara, Timis",390,6.84,2,57
847,"SX125, Dumbravita, Mobilat Utilat","Araduluri Est, Timisoara, Timis",390,6.96,2,56
188,Apartament Deosebit cu 2 Camere | Braytim,"Strada Margaretelor, Ciarda Rosie, Timisoara, Timis",390,7.22,2,54
405,"Proprietar, inchiriez apartament 2 camere, prima inchiriere – Braytim","Cetate, Timisoara, Timis",390,7.22,2,54
21,Inchiriez ap.2 camere,"Dambovita, Timisoara, Timis",390,7.36,2,53
153,"Apartament de 2 camere, modern, zona Braytim","Strada Alexandru Rogojan, Zona Timisoara Sud, Timisoara, Timis",390,7.8,2,50
899,"Apartament 2 Camere, Etaj 1, Zona Centrala","Campus Universitar, Timisoara, Timis",390,8.12,2,48
1205,"Inchiriez apartament mobilat si utilat, zona Simion Barnutiu","Cetate, Timisoara, Timis",390,8.67,2,45
27,Apartament cu 1 camera,"Cetate, Timisoara, Timis",390,10.26,1,38
736,"Apartament tip studio, decomandat, zona Take Ionescu (Vivalia)","Cetate, Timisoara, Timis",390,10.26,1,38
600,Apartament 2 camere in Lipovei,"Iosefin, Timisoara, Timis",395,9.19,2,43
780,"Apartament cu 2 camere, 43 mp, zona Lipovei","Strada Ion Ionescu de La Brad, Timisoara, Timis",395,9.19,2,43
622,Apartament superb cu 3 camere | Calea Circumvalatiunii,"Strada Dinu Lipatti, Circumvalatiunii, Timisoara, Timis",399,6.65,3,60
341,Apartament 3 Camere | Take Ionescu | De Inchiriat,"Fabric, Timisoara, Timis",399,8.31,3,48
850,Apartament cu 3 camere in zona FABRIC - ID C5000,"Fabric, Timisoara, Timis",400,4.15,3,96.4
630,"Apartament 4 camere, decomandat, Calea Aradului","Araduluri Est, Timisoara, Timis",400,4.71,4,85
937,"Apartament 3 camere, 85mp, zona Lugojului","Strada Mihail Ivanovici Glinka, Modern, Timisoara, Timis",400,4.71,3,85
934,"Ap. 3 camere, Baile Neptun, 84 mp, cladire istorica","Piata Romailor, Fabric, Timisoara, Timis",400,4.76,3,84
450,"Apartament cu 3 camere si 2 bai la vila, in curte comuna","Iosefin, Timisoara, Timis",400,5,3,80
1016,"Apartament cu 3 camere in zona Soarelui, centrala termica","Ciarda Rosie, Timisoara, Timis",400,5,3,80
1066,"Apartament 3 camere, Ultracentral, centralaProprie","Cetate, Timisoara, Timis",400,5,3,80
973,"Apartament cu 3 camere, decomandat, in zona Tipografilor","Cetate, Timisoara, Timis",400,5.26,3,76
150,"Apartament 3 camere, 75mp, etaj 4, zona Lipovei","Strada Constantin cel Mare, Lipovei / Calea Sever Bocu, Timisoara, Timis",400,5.33,3,75
372,"Apartament cu 3 camere, 75mp, in zona Lipovei.","Lipovei / Calea Sever Bocu, Timisoara, Timis",400,5.33,3,75
374,Apartament cu 3 camere | PET FRIENDLY | Zona Lipovei,"Strada Constantin cel Mare, Lipovei / Calea Sever Bocu, Timisoara, Timis",400,5.33,3,75
477,"Apartament 3 camere, decomandat, in zona Sagului","Steaua, Timisoara, Timis",400,5.48,3,73
420,3 Camere Lipovei-Contract Anaf,"Cetate, Timisoara, Timis",400,5.56,3,72
469,Apartament modern cu 3 camere | Aradului | Iulius Mall,"Araduluri Est, Timisoara, Timis",400,5.71,3,70
592,"Apartament cu 2 camere spatios, centrala proprie, in zona Balcescu","Elisabetin, Timisoara, Timis",400,5.71,2,70
646,Apartament luminos cu 3 camere | Sagului | Piata Doina,"Strada Mures, Calea Sagului, Timisoara, Timis",400,5.71,3,70
738,Apartament cu trei camere de inchiriat in centrul Timisoarei,"Cetate, Timisoara, Timis",400,5.71,3,70
742,CM429 Apartament 3 camere DECOMANDAT | GIROCULUI,"Calea Girocului, Timisoara, Timis",400,5.71,3,70
853,Zona Circumvalatiunii|2 camere|centrala|parcare,"Aleea Ionel Perlea, Circumvalatiunii, Timisoara, Timis",400,5.71,2,70
948,"Apartament cu 3 camere, decomandat, in zona Calea Sagului","Steaua, Timisoara, Timis",400,5.71,3,70
1075,"Apartament 3 camere, 2 bai, zona Calea Aradului","Araduluri Est, Timisoara, Timis",400,5.71,3,70
286,"Apartament 2 camere, Zona Complexul Studentesc - ID C5253","Campus Universitar, Timisoara, Timis",400,5.88,2,68
675,Apartament modern cu 3 camere | Zona Bucovina,"Strada Constantin Stere, Bucovina, Timisoara, Timis",400,5.88,3,68
768,Apartament 2 Camere | De Inchiriat | Calea Girocului |,"Plavat, Timisoara, Timis",400,5.88,2,68
822,"Apartament cu 3 camere, etaj intermediar, zona Circumvalatiunii","Circumvalatiunii, Timisoara, Timis",400,5.88,3,68
628,"Apartament 3 camere, decomandat, Pet Friendly, calea Sagului","Steaua, Timisoara, Timis",400,5.97,3,67
425,Circumvalatiunii|Timisoara|etaj 4 | 2 camere | centrala proprie | deco,"Strada Brandusei, Circumvalatiunii, Timisoara, Timis",400,6.06,2,66
998,Zona Dacia|3 camere|2x bai|centrala|2x balcoane,"Strada Amforei, Circumvalatiunii, Timisoara, Timis",400,6.06,3,66
441,"SX194 Timisoara (Complex), Centrala proprie, Anvelopat","Fabric, Timisoara, Timis",400,6.15,2,65
466,"Apartament cu 3 camere, centrala proprie in zona dorobantilor","Modern, Timisoara, Timis",400,6.15,3,65
539,"Apartament 3 camere, Complexul Studentesc","Stadion, Timisoara, Timis",400,6.15,3,65
778,De inchiriat apartament cu 3 camere la parter in Piata Doina - ID C512,"Calea Sagului, Timisoara, Timis",400,6.15,3,65
855,Apartament cu 2 camere in zona Lipovei,"Lipovei / Calea Sever Bocu, Timisoara, Timis",400,6.15,2,65
952,TORONTAL -THE RING - 2 camere - centrala - clima - LIFT - supraveghere,"Circumvalatiunii, Timisoara, Timis",400,6.15,2,65
669,Apartament deosebit cu 2 camere | Torontalului | Iris,"Aradului West, Timisoara, Timis",400,6.35,2,63
808,"Apartament cu 3 camere, decomandat, zona Braytim","Cetate, Timisoara, Timis",400,6.35,3,63
389,Apartament cu 3 camere in zona Medicina,"Araduluri Est, Timisoara, Timis",400,6.45,3,62
478,"Apartament cu 2 camere, decomandat, zona Lipovei","Lipovei / Calea Sever Bocu, Timisoara, Timis",400,6.45,2,62
508,"Apartament cu 2 camere, decomandat, in Complex","Campus Universitar, Timisoara, Timis",400,6.45,2,62
720,"Apartament 3 camere, 61 mp, semidecomandat, in zona Dacia","Araduluri Est, Timisoara, Timis",400,6.56,3,61
89,Apartament 2 Camere | De Inchiriat | Torontalului,"Aradului West, Timisoara, Timis",400,6.67,2,60
96,Apartament 2 camere LUX,"Cetate, Timisoara, Timis",400,6.67,2,60
350,"Apartament 2 camere mobilat si utilat complet | Timisoara, Braytim","Cetate, Timisoara, Timis",400,6.67,2,60
414,Lipovei | 3 camere | centrala pe gaz | parcare | balcon | decomandat |,"Lipovei / Calea Sever Bocu, Timisoara, Timis",400,6.67,3,60
493,Inchiriez apartament 3 camere,"Cetate, Timisoara, Timis",400,6.67,3,60
531,Inchiriez apartament 2 camere decomandat,"Cetate, Timisoara, Timis",400,6.67,2,60
609,Take Ionescu | Apartament Doua Camere | Centrala Proprie,"Bulevardul Take Ionescu, Cetate, Timisoara, Timis",400,6.67,2,60
624,Apartament modern cu 3 camere | Dacia | Iulius Mall,"Circumvalatiunii, Timisoara, Timis",400,6.67,3,60
697,Apartament deosebit cu 2 camere | Aradului,"Strada Gheorghe Ivanescu, Araduluri Est, Timisoara, Timis",400,6.67,2,60
704,Apartament superb cu 2 camere | Torontalului,"Strada Vasile Lochita, Aradului West, Timisoara, Timis",400,6.67,2,60
724,Apartamnet 2 camere in zona Aradului,"Araduluri Est, Timisoara, Timis",400,6.67,2,60
843,"Apartament 2 camere , centrala proprie + loc de parcare subteran","Araduluri Est, Timisoara, Timis",400,6.67,2,60
913,"Apartament cu 2 camere, open space, zona Torontalului","Circumvalatiunii, Timisoara, Timis",400,6.67,2,60
938,Apartament de inchiriat Aradului- Iris,"Araduluri Est, Timisoara, Timis",400,6.67,2,60
1085,Apartament cu doua dormitoare de inchiriat in centrul Timisoarei,"Cetate, Timisoara, Timis",400,6.67,2,60
1107,"Apartament cu 2 camere, decomandat, in Complexul Rezidential Banu Cons","Araduluri Est, Timisoara, Timis",400,6.67,2,60
1155,TORONTALULUI - 2 CAMERE,"Cetate, Timisoara, Timis",400,6.67,2,60
91,"Apartament cu 3 camere in zona Lipovei, centrala termica","Lipovei / Calea Sever Bocu, Timisoara, Timis",400,6.9,3,58
93,Proprietar închiriez apartament in Lipovei,"Cetate, Timisoara, Timis",400,6.9,2,58
98,Proprietar închiriez apartament Lipovei,"Cetate, Timisoara, Timis",400,6.9,2,58
737,Apartament modern cu 2 Camere | Mircea Cel Batran,"Strada Mircea cel Batran, Ronat, Timisoara, Timis",400,6.9,2,58
875,"apartament cu 3 camere, 58 mp, zona Aradului.","Strada Eugen Coseriu, Timisoara, Timis",400,6.9,3,58
782,"Apartament de 3 camere, PET-FRIENDLY, zona Complexul Studentesc","Bulevardul Eroilor de La Tisa, Stadion, Timisoara, Timis",400,7.02,3,57
12,Inchiriez apartament 3 camere,"Cetate, Timisoara, Timis",400,7.14,3,56
1134,"Apartament 2 camere, centrala proprie, zona Torontal.","Circumvalatiunii, Timisoara, Timis",400,7.14,2,56
1169,"Apartament 2 camere, open space, centrala proprie, bloc nou, calea Ara","Araduluri Est, Timisoara, Timis",400,7.14,2,56
1178,"Apartament cu 2 camere, open space, zona Braytim","Cetate, Timisoara, Timis",400,7.14,2,56
107,"Inchiriez ap 2 cam , bloc nou , Braytim Muzicescu","Cetate, Timisoara, Timis",400,7.27,2,55
121,"Apartament cu 2 camere in Ciarda Rosie, loc de parcare","Ciarda Rosie, Timisoara, Timis",400,7.27,2,55
176,"Complex, 2 camere decomandat","Cetate, Timisoara, Timis",400,7.27,2,55
183,Apartament Deosebit cu 2 Camere | Zona Medicina,"Strada Regimentul 13 Calarasi, Cetate, Timisoara, Timis",400,7.27,2,55
231,"Apartament cu 3 camere, open space, langa Shopping City","Steaua, Timisoara, Timis",400,7.27,3,55
344,"Apartament 2 camere, 55 mp, semidecomandat, in zona Prefecturii","Cetate, Timisoara, Timis",400,7.27,2,55
410,Apartament de inchiriat in zona Steaua,"Dambovita, Timisoara, Timis",400,7.27,2,55
532,Ap de inchiriat centrala proprie etj 1,"Calea Sagului Parc Industrial, Timisoara, Timis",400,7.27,3,55
594,"Apartament cu 2 camere, decomandat, in zona Circumvalatiunii","Circumvalatiunii, Timisoara, Timis",400,7.27,2,55
1082,Apartament prima inchiriere in Mehala,"Mehala, Timisoara, Timis",400,7.27,3,55
693,Apartament superb cu 2 camere | The Ring,"Aradului West, Timisoara, Timis",400,7.41,2,54
1007,"Apartament cu 2 camere, decomandat in zona Modern","Dorobantilor, Timisoara, Timis",400,7.41,2,54
1179,"Inchiriez apartament 2 camere, proaspat renovat,etajul 4\/10, zona To","Circumvalatiunii, Timisoara, Timis",400,7.41,2,54
139,"Proprietar, inchiriez apt. 2 camere","Cetate, Timisoara, Timis",400,7.55,2,53
334,Apartament 2 Camere | De Inchiriat | Aradului,"Circumvalatiunii, Timisoara, Timis",400,7.55,2,53
365,Bloc nou! Kubik Resident - 2 camere etaj cu parcare!,"Strada Academician Romulus Radulet, Araduluri Est, Timisoara, Timis",400,7.69,2,52
526,"Apartament cu 2 camere, decomandat, zona Aradului","Araduluri Est, Timisoara, Timis",400,7.69,2,52
755,CM426 Apartament 2 camere | Aradului,"Araduluri Est, Timisoara, Timis",400,7.69,2,52
63,Apartament 2 Camere | De Inchiriat | Xcity Towers |,"Aradului West, Timisoara, Timis",400,8,2,50
206,Apartament 2 Camere | De Inchiriat | Circumvalatiunii,"Circumvalatiunii, Timisoara, Timis",400,8,2,50
607,Apartament deosebit 2 camere cu centrala - Zona Ultracentala,"Bulevardul Constantin D. Loga, Cetate, Timisoara, Timis",400,8,2,50
672,Apartament spatios cu 2 camere | Ultracentral,"Strada Rene Brasey, Cetate, Timisoara, Timis",400,8,2,50
769,LUX Totul NOU Prima Inchiriere,"Strada Martir Gabriela Tako, Lipovei / Calea Sever Bocu, Timisoara, Timis",400,8,2,50
786,"Apartament 2 camere, zona Lunei","Baba Dochia, Timisoara, Timis",400,8,2,50
985,Apartament cu 1 Camera | CHELTUIELI INCLUSE | Pet Friendly | Mehala,"Strada Vasile Lochita, Aradului West, Timisoara, Timis",400,8,1,50
1036,"Apartament 2 camere, spatios, decomandat, complet mobilat si utilat","Zona Timisoara Sud, Timisoara, Timis",400,8,2,50
142,"Apartament de 3 camere, cochet, zona Take Ionescu","Strada Enric Baader, Tipografilor, Timisoara, Timis",400,8.33,3,48
409,Inchiriez apartament cu 3 camere - Zona Spitalul Judetean,"Cetate, Timisoara, Timis",400,8.51,3,47
145,"Apartament 46 mp, imobil nou, lift, zona Torontalului","Calea Torontalului, Aradului West, Timisoara, Timis",400,8.7,1,46
138,"Apartament de 2 camere, 45 mp utili, lux, zona Spitalul Judetean","Intrarea Basmului, Calea Girocului, Timisoara, Timis",400,8.89,2,45
754,Apartament modern cu 2 camere | Spitalul Judetean | McDonalds,"Calea Martirilor 1989, Stadion, Timisoara, Timis",400,8.89,2,45
471,"Apartament cu 2 camere, semidecomadat, in zona Take Ionescu","Cetate, Timisoara, Timis",400,9.09,2,44
433,"Apartament 1.5 camere , contract ANAF -Vivalia-Take Ionescu","Cetate, Timisoara, Timis",400,9.52,2,42
919,"Apartament 2 camere, Zona Take Ionescu","Tipografilor, Timisoara, Timis",400,9.52,2,42
46,AP 2 Camere zona Girocului 400 euro,"Strada Martir Ioan Stanciu, Calea Girocului, Timisoara, Timis",400,9.76,2,41
127,2 Camere Centrala gaz Girocului 400 euro,"Strada Martir Ioan Stanciu, Calea Girocului, Timisoara, Timis",400,9.76,2,41
309,Apartament 2 Camere | De Inchiriat | Stadion,"Stadion, Timisoara, Timis",400,10,2,40
335,Apartament Deosebit cu 2 Camere | Stadion - Olimpia,"Strada Stejarul, Stadion, Timisoara, Timis",400,10,2,40
345,"Apartament 2 camere, decomandat, centrala proprie, zona Stadion","Cetate, Timisoara, Timis",400,10,2,40
524,"Apartament cu o camera, decomandat, Ultracentral","Cetate, Timisoara, Timis",400,10,1,40
154,"Apartament 39 mp, imobil nou, lift, zona Torontalului","Calea Torontalului, Aradului West, Timisoara, Timis",400,10.26,1,39
722,"Apartament cu 2 camere, open space, Central","Cetate, Timisoara, Timis",400,10.53,2,38
1006,"Apartament tip studio, 35 mp, ultracentral","Bulevardul Ion C. Bratianu, Cetate, Timisoara, Timis",400,11.43,1,35
723,"Apartament cu o camera, zona Take Ionescu-ISHO","Cetate, Timisoara, Timis",400,12.12,1,33
167,"Apartament 3 camere, 140 mp, Sagului","Strada Frunzei, Calea Sagului, Timisoara, Timis",404,2.89,3,140
804,"Apartament 3 camere 70 mp, Calea Aradului Iulius Town","Araduluri Est, Timisoara, Timis",410,5.86,3,70
894,"Apartament spatios 3 camere, zona Lipovei","Lipovei / Calea Sever Bocu, Timisoara, Timis",410,6.51,3,63
275,"Complex Studentesc - Apartament 2 camere, decomandat","Elisabetin, Timisoara, Timis",410,7.32,2,56
827,"Apartament cu 2 camere, open space, in zona Aradului","Araduluri Est, Timisoara, Timis",410,7.45,2,55
842,"Apartament cu 3 camere,open space,in zona Dorobantilor","Modern, Timisoara, Timis",420,4.72,3,89
657,Apartament superb cu 2 camere | Calea Girocului,"Strada Fedra, Plavat, Timisoara, Timis",420,6,2,70
680,Apartament decomandat cu 3 camere si centrala | Complexul Studentesc,"Strada Socrate, Campus Universitar, Timisoara, Timis",420,6,3,70
1222,"Proprietar, inchiriez apartament 3 camere, Circumvalatiunii","Cetate, Timisoara, Timis",420,6,3,70
226,Proprietar închiriez apartament 3 camere - Calea Martirilor,"Plavat, Timisoara, Timis",420,6.18,3,68
965,"Apartament cu 3 camere , Zona Lipovei str. Constantin cel Mare nr .97","Strada Constantin cel Mare, Lipovei / Calea Sever Bocu, Timisoara, Timis",420,6.18,3,68
1195,Apartament cu 3 camere/ Zona Garii / Bega / Nokia [0% Comision],"Cetate, Timisoara, Timis",420,6.46,3,65
452,Apartament 2 Camere | De Inchiriat | Ciarda Rosie |,"Ciarda Rosie, Timisoara, Timis",420,6.56,2,64
612,"Apartament 3 camere semidecomandat, 63mp + 4mp balcon, zona Medicinei","Fabric, Timisoara, Timis",420,6.67,3,63
248,Apartament de închiriat in centru,"Cetate, Timisoara, Timis",420,7,2,60
487,Apartament 2 Camere | De Inchiriat | Braytim,"Calea Girocului, Timisoara, Timis",420,7,2,60
523,"Apartament cu 2 camere, open space, in Ciarda Rosie","Ciarda Rosie, Timisoara, Timis",420,7,2,60
990,Inchiriez apartament 2 camere,"Cetate, Timisoara, Timis",420,7,2,60
528,"Apartament cu 2 camere, 56mp, Semidecomandat, in zona Circumvalatiunii","Circumvalatiunii, Timisoara, Timis",420,7.5,2,56
685,Apartament renovat cu 3 camere | Etaj 1 | Complexul Studentesc,"Aleea Studentilor, Campus Universitar, Timisoara, Timis",420,7.5,3,56
756,CM423 Apartament 3 camere | PetFriendly | COMPLEXUL STUDENTESC,"Campus Universitar, Timisoara, Timis",420,7.5,3,56
1176,"Apartament cu 3 camere in Complexul Studentesc, etajul intai","Campus Universitar, Timisoara, Timis",420,7.5,3,56
404,"Apartament cu 2 camere, open space, in Adora Forest","Lipovei / Calea Sever Bocu, Timisoara, Timis",420,7.64,2,55
507,"Apartament cu 2 camere in zona Braytim, bloc nou, decomandat","Cetate, Timisoara, Timis",420,7.64,2,55
1054,"Apartament 2 camere,centrala proprie,loc de parcare subteran, zona Soa","Calea Girocului, Timisoara, Timis",420,7.64,2,55
655,Apartament cu 3 camere | Spitalul Judetean | Girocului | PET FRIENDLY,"Calea Girocului, Timisoara, Timis",420,7.78,3,54
463,AV131 | Apartament 2 camere | 420 Euro,"Cetate, Timisoara, Timis",420,7.92,2,53
483,Apartament luminos cu 2 camere | Braytim | Eso,"Strada Lalelelor, Dorobantilor, Timisoara, Timis",420,7.92,2,53
310,Apartament Deosebit cu 2 Camere | Pet Friendly | Zona Torontalului,"Strada Vasile Lochita, Aradului West, Timisoara, Timis",420,8.08,2,52
337,CM479 Torontalului | 2 camere | Complex Ring,"Bucovina, Timisoara, Timis",420,8.08,2,52
503,Apartament cu 2 camere in Complexul Ring Zona Torontalului,"Circumvalatiunii, Timisoara, Timis",420,8.08,2,52
997,Apartament 2 camere - Dumbravita Kaufland,"Araduluri Est, Timisoara, Timis",420,8.08,2,52
818,"Apartament cu 2 camere, decomandat, zona Spitalul Judetean","Calea Girocului, Timisoara, Timis",420,8.4,2,50
1237,Paciurea- Ap 2 camere- amenajat lux- 50mp,"Strada Ioan Paciurea, Cetate, Timisoara, Timis",420,8.4,2,50
974,Zona Elisabetin|2 camere|centrala |balcon,"Strada Arges, Elisabetin, Timisoara, Timis",420,8.75,2,48
625,Apartament modern cu 2 camere | Centru | Iulius Mall,"Cetate, Timisoara, Timis",420,8.94,2,47
713,Apartament luminos 2 camere | Zona Favorit | Circumvalatiunii,"Strada D. Mendeleev, Circumvalatiunii, Timisoara, Timis",420,9.33,2,45
424,"Apartament cu 1 camera tip Studio, 43mp, Ultracentral","Cetate, Timisoara, Timis",420,9.77,1,43
186,Apartament cu 2 camere in bloc nou - Zona Circumvalatiunii (Complex Ci,"Strada Nera, Blascovici, Timisoara, Timis",420,10.5,2,40
520,"Apartament cu 2 camere, decomandat, zona Lipovei","Lipovei / Calea Sever Bocu, Timisoara, Timis",425,7.59,2,56
388,"Apartament de 2 camere, decomandat, modern, la 8 minute de Iulius Mall","Strada Constantin cel Mare, Lipovei / Calea Sever Bocu, Timisoara, Timis",425,8.5,2,50
370,Apartament cu 3 camere in zona Cetatii,"Circumvalatiunii, Timisoara, Timis",430,5.81,3,74
184,Apartament Deosebit cu 3 Camere | Pet Friendly | Zona Circumvalatiunii,"Calea Circumvalatiunii, Circumvalatiunii, Timisoara, Timis",430,5.97,3,72
421,Apartament 3 camere cu centrala proprie - Zona Circumvalatiunii,"Strada Timis, Circumvalatiunii, Timisoara, Timis",430,5.97,3,72
482,"Apartament cu 3 camere, centrala proprie, zona Circumvalatiunii","Circumvalatiunii, Timisoara, Timis",430,5.97,3,72
64,CM502 3 Camere | Decomandat | Centrala proprie | Fabric,"Fabric, Timisoara, Timis",430,6.14,3,70
545,Apartament cu |3 camere | Calea Aradului,"Cetate, Timisoara, Timis",430,6.14,3,70
967,"Apartament modern de 3 camere, 70 mp, zona Torontalului","Strada Gheorghe Pop de Basesti, Iosefin, Timisoara, Timis",430,6.14,3,70
1193,Apartament cu 3 camere complet mobilat si utilat situat in zona Freido,"Freidorf, Timisoara, Timis",430,6.32,3,68
387,Apartament de 2 camere zona Liviu Rebreanu Towers Prima închiriere,"Cetate, Timisoara, Timis",430,6.62,2,65
1063,"Apartament cu 2 camere, decomandat, confort 1, langa Iulius Town, zona","Araduluri Est, Timisoara, Timis",430,7.96,2,54
224,"Apartament 2 camere, Aradului-IRIS-Sedako, Parcare Subteran","Strada Armoniei, Araduluri Est, Timisoara, Timis",430,8.11,2,53
378,Proprietar ofer spre inchiriere apartament cu 2 camere in Ring,"Aradului West, Timisoara, Timis",430,8.27,2,52
412,Ap 2 cam in Ring cu doua locuri de parcare,"Aradului West, Timisoara, Timis",430,8.27,2,52
729,"Apartament cu 2 camere, open space , zona Soarelui","Ciarda Rosie, Timisoara, Timis",430,8.6,2,50
208,Pet Friendly | Apartament 2 Camere | Campeador - Torontalului,"Aradului West, Timisoara, Timis",430,8.78,2,49
1229,"Apartament 2 camere, Open space, Calea Aradului","Araduluri Est, Timisoara, Timis",430,9.15,2,47
896,"Apartament cu 2 camere, Pet Friendly Ultracentral","Cetate, Timisoara, Timis",430,9.56,2,45
670,Apartament luminos tip studio | ISHO,"Cetate, Timisoara, Timis",430,11.94,1,36
467,CM105 Apartament 3 camere | CIRCUMVALATIUNII,"Circumvalatiunii, Timisoara, Timis",440,6.11,3,72
308,"Propietar, inchiriez ap. 2k Vasile Lucaci, 2 min de Iulius Mall","Cetate, Timisoara, Timis",440,8.3,2,53
78,Medicinei || 2 camere || balcon || clima || semidecomandat ||,"Cetate, Timisoara, Timis",440,8.8,2,50
492,CM470 Apartament 2 camere | MEDICINA,"Cetate, Timisoara, Timis",440,8.8,2,50
527,"Proprietar inchiriez apartament 2 camere, zona medicina","Cetate, Timisoara, Timis",440,8.8,2,50
157,"Apartament de 4 camere, cu etaj, zona Mircea cel Batran","Strada Mircea cel Batran, Ronat, Timisoara, Timis",450,3.75,4,120
1067,"Apartament 5 camere, 2 etaje, 105 mp, zona Fabric","Fabric, Timisoara, Timis",450,4.29,5,105
516,Proprietar închiriez apartament cu 4 camere decomandate,"Cetate, Timisoara, Timis",450,4.5,1,100
585,CM460 Apartament 3 camere | LIPOVEI,"Lipovei / Calea Sever Bocu, Timisoara, Timis",450,4.5,3,100
999,Apartament cu 3 camere in zona Sagului,"Steaua, Timisoara, Timis",450,4.5,3,100
639,Apartament spatios cu 4 camere | Stadion,"Strada Martir Cristina Lungu, Stadion, Timisoara, Timis",450,4.69,4,96
691,Apartament superb cu 3 camere | Torontalului,"Torontalului, Timisoara, Timis",450,5.29,3,85
951,Complex - Ap. 4 camere - 85mp utili - Cu garaj,"Campus Universitar, Timisoara, Timis",450,5.29,4,85
1080,"Apartament cu 3 camere in zona Aradului, decomadat, centrala termica","Araduluri Est, Timisoara, Timis",450,5.29,3,85
574,"Apartament cu 3 camere, decomandat, zona Elisabetin","Modern, Timisoara, Timis",450,5.42,3,83
336,Apartament Deosebit cu 3 Camere | Fabrica De Bere,"Strada Stefan cel Mare, Lunei, Timisoara, Timis",450,5.62,3,80
586,Inchiriez apartament,"Cetate, Timisoara, Timis",450,5.62,3,80
665,Apartament spatios cu 3 camere | Medicina,"Strada Semenic, Cetate, Timisoara, Timis",450,5.62,3,80
666,Apartament spatios cu 3 camere | Sala Olimpia,"Aleea F. C. Ripensia, Stadion, Timisoara, Timis",450,5.62,3,80
837,"Sala Olimpia - Apartament cu 3 camere si 2 bai, et 1","Strada Padurarilor, Stadion, Timisoara, Timis",450,5.62,3,80
1010,"Apartament ultracentral cu 3 camere, nemobilat","Cetate, Timisoara, Timis",450,5.62,3,80
1132,"Apartament de 3 camere, 80 mp, zona Balcescu","Strada Memorandului, Elisabetin, Timisoara, Timis",450,5.62,3,80
1207,"2 camere, casa, P+M, Mehala - Cetatii","Cetate, Timisoara, Timis",450,5.62,2,80
19,Apartamnet cu 3 camere centrala propie si clima,"Strada Gheorghe Lazar, Circumvalatiunii, Timisoara, Timis",450,6,3,75
199,"SX206 Timisoara, Iulius Town, Loc parcare","Araduluri Est, Timisoara, Timis",450,6,3,75
562,Inchiriez apartament aflat la 50 metrii de Iulius Town,"Cetate, Timisoara, Timis",450,6,3,75
673,Apartament spatios cu 3 camere | Gheorghe Lazar,"Strada Gheorghe Lazar, Circumvalatiunii, Timisoara, Timis",450,6,3,75
575,Apartament modern cu 3 camere | Kaufland | Circumvalatiunii,"Circumvalatiunii, Timisoara, Timis",450,6.25,3,72
185,Apartament Deosebit cu 3 Camere | Zona Complexul Studentesc,"Bulevardul Corneliu Coposu, Cetate, Timisoara, Timis",450,6.43,3,70
318,"Apartament cu 3 camere, zona Complexul Studentesc - ID C5244","Campus Universitar, Timisoara, Timis",450,6.43,3,70
343,Apartament superb cu 3 camere si garaj | Complexul Studentesc,"Strada Daliei, Campus Universitar, Timisoara, Timis",450,6.43,3,70
415,"Proprietar, ap 3 camere langa Iulius Town","Cetate, Timisoara, Timis",450,6.43,3,70
442,Apartament deosebit cu 3 camere | Iulius Mall,"Calea Sever Bocu, Antene, Timisoara, Timis",450,6.43,3,70
635,"Apartament cu 3 camere de inchiriat in zona Lipovei 2 balcoane, 2 bai","Lipovei / Calea Sever Bocu, Timisoara, Timis",450,6.43,3,70
700,Apartament 3 camere cu centrala - Zona Girocului,"Strada Maresal Constantin Prezan, Zona Timisoara Sud, Timisoara, Timis",450,6.43,3,70
710,Apartament luminos cu 3 camere | Sagului | Piata Doina,"Strada Mures, Calea Sagului, Timisoara, Timis",450,6.43,3,70
789,"Apartament cu 3 camere, decomandat, in zona Aradului","Araduluri Est, Timisoara, Timis",450,6.43,3,70
806,"Apartament 3 Camere, Centrala Proprie, Zona Sagului","Steaua, Timisoara, Timis",450,6.43,3,70
879,"Apartament cu 3 camere in Complexul Studentesc, decomandat, centrala t","Campus Universitar, Timisoara, Timis",450,6.43,3,70
884,Complex Studentesc - Ap. 3 Camere - CT. Proprie - Decomandat,"Campus Universitar, Timisoara, Timis",450,6.43,3,70
885,Apartament cu 3 camere in zona Complexului Studentesc,"Campus Universitar, Timisoara, Timis",450,6.43,3,70
1025,"Apartament 2 camere, open-space, zona Lipovei","Lipovei / Calea Sever Bocu, Timisoara, Timis",450,6.43,2,70
1034,"Apartament 3 camere,2 bai decomandat, zona Bucovina","Circumvalatiunii, Timisoara, Timis",450,6.43,3,70
1065,"Apartament cu 3 camere in zona Bucovina, centrala termica","Circumvalatiunii, Timisoara, Timis",450,6.43,3,70
1083,Apartament modern open-space cu 2 camere,"Cetate, Timisoara, Timis",450,6.43,2,70
1242,"APARTAMENT ,3 camere, DECOMANDAT, zona LUNEI","Lunei, Timisoara, Timis",450,6.43,3,70
189,Apartament Deosebit cu 2 Camere | Zona Aradului,"Strada Felix, Aradului West, Timisoara, Timis",450,6.62,2,68
227,Apartament 2 Camere | De Inchiriat | Toronto Residence |,"Aradului West, Timisoara, Timis",450,6.62,2,68
608,"Apartament cu 3 camere, semidecomandat, Calea Aradului, langa Piata Ve","Araduluri Est, Timisoara, Timis",450,6.62,3,68
845,Apartament 3 Camere - Bloc NOU -LUX - Complet Utilat -PRIMA INCHIRIERE,"Cetate, Timisoara, Timis",450,6.62,3,68
1154,"Apartament 3 cam,Aradului, centrala proprie","Aradului West, Timisoara, Timis",450,6.62,3,68
1209,"Apartament pentru inchiriat , 2 camere , zona Torontal","Cetate, Timisoara, Timis",450,6.62,2,68
636,Apartament spatios cu 3 camere | Calea Aradului,"Strada Carei, Aradului West, Timisoara, Timis",450,6.72,3,67
772,Proprietar Inchiriez Apartam. 3 Camere Decomandat - Girocului - Lidia,"Cetate, Timisoara, Timis",450,6.92,3,65
794,"Apartement 3 Camere, Zona Simion Barnutiu","Dorobantilor, Timisoara, Timis",450,6.92,3,65
1058,"Apartament modern cu 2 camere, open space, langa Spitalul Judetean","Calea Girocului, Timisoara, Timis",450,6.92,2,65
860,Apartament 2 camere cu centrala - Zona Centrala,"Strada Paris, Cetate, Timisoara, Timis",450,7.26,2,62
645,Penthouse in River Residence,"Torontalului, Timisoara, Timis",450,7.5,2,60
760,Apartament de 3 camere in zona lipovei,"Iosefin, Timisoara, Timis",450,7.5,3,60
929,Apartament cu 2 camere in zona Centrala (langa Piata 700),"Cetate, Timisoara, Timis",450,7.5,2,60
1002,"Apartament 2 camere, pet friendly, calea Sagului","Steaua, Timisoara, Timis",450,7.5,2,60
1214,"ap. 3 camere, cu centrala proprie, zona Medicina","Cetate, Timisoara, Timis",450,7.5,3,60
83,Apartament modern cu 2 camere si loc de parcare pe Calea Aradului (Iri,"Araduluri Est, Timisoara, Timis",450,7.76,2,58
649,Apartament 2 camere cu centrala - Zona Medicinei,"Strada Henri Coanda, Cetate, Timisoara, Timis",450,7.76,2,58
745,Apartament de 3 camere langa decathlon,"Araduluri Est, Timisoara, Timis",450,7.76,3,58
824,Apartament de 2 camere in Dumbravita,"Timisoara, Timis",450,7.76,2,58
914,"Apartament cu 2 camere, open space, Zona Torontalului","Circumvalatiunii, Timisoara, Timis",450,7.76,2,58
84,Apartament 2 Camere | Zona Torontalului | NORTH STAR RESIDENCE,"Timisoara, Timis",450,7.89,2,57
100,"Apartament cu 2 camere de închiriat, Timișoara, Calea Aradului","Araduluri Est, Timisoara, Timis",450,7.89,2,57
651,Apartament spatios cu 2 camere | Medicina | Petfriendly,"Strada Henri Coanda, Cetate, Timisoara, Timis",450,7.89,2,57
910,"Apartament cu 2 camere, decomandat, Central","Cetate, Timisoara, Timis",450,7.89,2,57
45,Apartament 2 Camere | IRIS | Pet Friendly,"Aradului West, Timisoara, Timis",450,8.04,2,56
179,Apartament Deosebit cu 3 Camere | Pet Friendly | Zona Dacia,"Strada Stelelor, Circumvalatiunii, Timisoara, Timis",450,8.04,3,56
618,Apartament modern cu 2 camere | Spitalul Judetean,"Ciarda Rosie, Timisoara, Timis",450,8.04,2,56
788,"Apartament cu 2 camere, open space, in zona Iosefin","Iosefin, Timisoara, Timis",450,8.04,2,56
964,"Apartament cu 2 camere , Zona Medicinei","Cetate, Timisoara, Timis",450,8.04,2,56
968,"Apartament cu 3 camere,Pet Friendly si internet inclus in pret in zona","Araduluri Est, Timisoara, Timis",450,8.04,3,56
1175,"Apartament cu 2 camere in zona Torontalului, open space cu centrala","Circumvalatiunii, Timisoara, Timis",450,8.04,2,56
40,"Apartament 2 camere + garaj subteran , Campeador City","Timisoara, Timis",450,8.18,2,55
116,"Apartament de 3 camere, decomandat, PET-FRIENDLY, zona Dacia","Strada Stelelor, Circumvalatiunii, Timisoara, Timis",450,8.18,3,55
143,"Apartament luminos, 2 camere, 55 mp si terasa 23 mp, Torontalului","Calea Torontalului, Aradului West, Timisoara, Timis",450,8.18,2,55
312,2 camere-Aradului Iris parcare privata,"Cetate, Timisoara, Timis",450,8.18,2,55
443,Apartament superb cu 2 camere | Aradului,"Araduluri Est, Timisoara, Timis",450,8.18,2,55
535,Apartament 2 Camere | De Inchiriat | City of Mara,"Circumvalatiunii, Timisoara, Timis",450,8.18,2,55
963,Aradului | Apartament 2 camere | Centrala | Balcon | Pet friendly,"Strada Nicolae Table, Aradului West, Timisoara, Timis",450,8.18,2,55
1100,Apartament cu 2 camere in Complexul Rezidential City of Mara,"Circumvalatiunii, Timisoara, Timis",450,8.18,2,55
1140,Central - Ap. 2 camere - 55mp utili - mobilat elegant,"Cetate, Timisoara, Timis",450,8.18,2,55
1165,Apartament cu 2 camere Centru Timisoara,"Cetate, Timisoara, Timis",450,8.18,2,55
1208,"Apartament 2 camere, decomandat, in Ravel Residence, zona Calea Aradu","Araduluri Est, Timisoara, Timis",450,8.18,2,55
238,Inchiriez ap nou 2 camere Torontalului lângă VOX la 1.5 km Iulius Mall,"Cetate, Timisoara, Timis",450,8.33,2,54
659,Apartament modern cu 2 camere | Aradului | Sedako,"Strada Armoniei, Araduluri Est, Timisoara, Timis",450,8.33,2,54
674,Apartament superb cu 2 camere | Aradului | Iris,"Araduluri Est, Timisoara, Timis",450,8.33,2,54
684,Apartament superb cu 2 camere si parcare | Parter | Calea Torontalului,"Strada Augustin Coman, Aradului West, Timisoara, Timis",450,8.33,2,54
699,Apartament superb cu 2 camere | Aradului | Petfriendly,"Strada Dr. Grigore T. Popa, Araduluri Est, Timisoara, Timis",450,8.33,2,54
718,"Apartament 2 camere, cu balcon, zona Aradului","Strada Armoniei, Araduluri Est, Timisoara, Timis",450,8.33,2,54
767,Prima Inchiriere | 2 Camere | 54 mp utili | Zona de nord | Comision 0%,"Calea Torontalului, Timisoara, Timis",450,8.33,2,54
811,"Apartament cu 2 camere,Open Space,Iris Residence","Araduluri Est, Timisoara, Timis",450,8.33,2,54
1023,Apartament modern cu doua camere si centrala proprie Take Ionescu,"Cetate, Timisoara, Timis",450,8.33,2,54
1073,"Apartament cu 2 camere, decomandat, in Iris Residence, zona Calea Arad","Araduluri Est, Timisoara, Timis",450,8.33,2,54
1135,"Apartament 2 camere, LUX , calea Lipovei","Lipovei / Calea Sever Bocu, Timisoara, Timis",450,8.33,2,54
53,Apartament exceptional cu 2 camere | Braytim,"Strada Lalelelor, Dorobantilor, Timisoara, Timis",450,8.49,2,53
1029,"Apartament 2 camere Lux, complex Iris","Circumvalatiunii, Timisoara, Timis",450,8.49,2,53
299,Apartament cu 2 camere | Dumbravita |,"Strada Munteniei, Bucovina, Timisoara, Timis",450,8.65,2,52
714,Apartament nou 2 camere | ISHO | Loc de parcare subteran,"Bulevardul Take Ionescu, Badea Cartan, Timisoara, Timis",450,8.65,2,52
925,"Apartament cu 2 camere, decomandat, Central","Cetate, Timisoara, Timis",450,8.65,2,52
1074,"Apartament cu 2 camere, open space, in Complexul Iris-Armoniei, zona","Araduluri Est, Timisoara, Timis",450,8.65,2,52
1141,"Apartament de lux cu 2 camere, open space, zona Calea Torontalului","Circumvalatiunii, Timisoara, Timis",450,8.65,2,52
144,"Apartament 2 camere,imobil nou, lift, zona Torontalului","Calea Torontalului, Torontalului, Timisoara, Timis",450,8.82,2,51
324,Medicinei || 2 camere || centrala proprie || balcon || parcare ||,"Cetate, Timisoara, Timis",450,9,2,50
741,CM432 Apartament 2 camere | SOARELUI -STADION,"Elisabetin, Timisoara, Timis",450,9,2,50
761,"Apartament cu 2 camere 50mp, Open space, in Lipovei","Lipovei / Calea Sever Bocu, Timisoara, Timis",450,9,2,50
979,"Apartament cu 2 camere, decomandat in zona Olimpia","Cetate, Timisoara, Timis",450,9,2,50
1156,Apartament lux cu 2 camere in Take Ionescu,"Cetate, Timisoara, Timis",450,9,2,50
854,Apartament 2 camere in Aradului,"Aradului West, Timisoara, Timis",450,9.57,2,47
861,| Apartament 2 camere | Terasa | Balcon | Lift | Pet Friendly |,"Strada Grigore Alexandrescu, Aradului West, Timisoara, Timis",450,9.57,2,47
917,Apartament de 2 camere in zona Aradului,"Araduluri Est, Timisoara, Timis",450,9.57,2,47
269,Apartament 2 camere central si clima 2 locuri de parcare,"Strada Cugir, Aradului West, Timisoara, Timis",450,10,2,45
512,Apartament 2 Camere | De Inchiriat | Aradului |,"Aradului West, Timisoara, Timis",450,10,2,45
606,"Apartament cu 2 camere, centrala proprie, zona Complex","Campus Universitar, Timisoara, Timis",450,10,2,45
883,Zona Favorit|2 camere|balcon|dressing,"Calea Bogdanestilor, Circumvalatiunii, Timisoara, Timis",450,10,2,45
1008,Apartament cu 2 camere in zona Aradului,"Araduluri Est, Timisoara, Timis",450,10,2,45
1021,Apartament 2 camere str. Patriarh miron Cristea nr 17,"Strada Miron Patriarh Cristea, Cetate, Timisoara, Timis",450,10.71,2,42
706,"Apartament deosebit cu 1 camera, cladire istorica | Ultracentral","Strada George Cosbuc, Cetate, Timisoara, Timis",450,14.06,1,32
1038,Piata Unirii| Garsoniera moderna|balcon,"Strada Paul Chinezu, Cetate, Timisoara, Timis",450,15,1,30
215,Apartament cu 3 camere de închiriat,"Cetate, Timisoara, Timis",460,7.67,3,60
730,Apartament modern cu 2 camere| Parcare subterana | Vivalia Grand,"Strada Titan, Tipografilor, Timisoara, Timis",460,8.21,2,56
175,Apartament modern cu 2 camere - Zona Medicinei,"Strada Ioan Paciurea, Cetate, Timisoara, Timis",460,9.2,2,50
258,CM488 2 Camere | MEDICINA,"Cetate, Timisoara, Timis",460,9.2,2,50
283,Apartament Deosebit cu 2 Camere | PET FRIENDLY | Medicina,"Strada Bucuresti, Tipografilor, Timisoara, Timis",460,9.2,2,50
305,"Apartament cu 2 camere in zona Take Ionescu, centrala proprie","Cetate, Timisoara, Timis",460,9.2,2,50
307,"proprietar, ap. 2 camere, Medicina","Cetate, Timisoara, Timis",460,9.2,2,50
217,CM494 3 Camere | Decomandat | Olimpia-Stadion,"Campus Universitar, Timisoara, Timis",465,5.47,3,85
1166,"Apartament cu 3 camere, Olimpia-Stadion","Cetate, Timisoara, Timis",465,7.15,3,65
1024,Apartament modern cu 2 camere si loc de parcare Vivalia,"Cetate, Timisoara, Timis",465,8.45,2,55
593,"Apartament nou renovat, nemobilat, Lipovei.","Lipovei / Calea Sever Bocu, Timisoara, Timis",470,5.22,4,90
954,3 camere | 81 mp + 10 mp terasa | Parcare & Lift | Jandarmerie - Garii,"Strada Gheorghe Baritiu, Iosefin, Timisoara, Timis",470,5.8,3,81
1047,"Apartament 3 camere, centrala proprie,loc de parcare, zona Braytim.","Cetate, Timisoara, Timis",470,5.88,3,80
241,Închiriez apartament Gheorghe Lazar,"Cetate, Timisoara, Timis",470,6.1,3,77
490,"3 cam dec, Aradului nr 40, 2 bai, CENTRALA PROPRIE","Calea Aradului, Araduluri Est, Timisoara, Timis",470,6.27,3,75
872,"Apartament cu 2 camere, open space, in Complexul Studentesc","Campus Universitar, Timisoara, Timis",470,6.35,2,74
18,Închiriez ap. 3 cam. Girocului-Judetean,"Calea Girocului, Timisoara, Timis",470,6.71,3,70
823,"Apartament central cu 3 camere, Piata 700","Cetate, Timisoara, Timis",470,6.71,3,70
361,"Apartament cu 2 camere, 2Bai, Parcare Subterana-Aradului | Comision 0%","Strada Rozelor, Timisoara, Timis",470,7.23,2,65
101,De inchiriat Ap. 2 camere,"Cetate, Timisoara, Timis",470,7.83,2,60
256,Apartament de Închiriat,"Cetate, Timisoara, Timis",470,7.83,2,60
228,Apartament 2 Camere | De Inchiriat | Grand Park Tower |,"Aradului West, Timisoara, Timis",470,8.7,2,54
554,"Apartament exclusivist, 3 camere, în apropiere Iulius Town","Gara Nord, Timisoara, Timis",470,8.87,3,53
866,"Apartament cu 2 camere in zona Soarelui, centrala termica, prima inchi","Ciarda Rosie, Timisoara, Timis",470,8.87,2,53
746,Apartament 2 camere in Aradului,"Araduluri Est, Timisoara, Timis",470,9.04,2,52
751,Apartament cu 2 camere | Dumbravita |,"Strada Cernauti, Bucovina, Timisoara, Timis",470,9.04,2,52
793,"Apartament cu 2 camere, open space, Central","Cetate, Timisoara, Timis",470,9.4,2,50
785,"Apartament cu 2 camere, open space, in zona Soarelui","Ciarda Rosie, Timisoara, Timis",475,8.19,2,58
892,"Apartament cu 4 camere, partial mobilat, open space, in zona Lipovei","Lipovei / Calea Sever Bocu, Timisoara, Timis",480,4.57,4,105
1136,Apartament 4 camere | Simion Barnutiu | Centrala Proprie | Pet Friendl,"Telegrafului, Timisoara, Timis",480,6,4,80
214,3 camere | Mobilat si utilat | Medicina - Take Ionescu,"Strada Semenic, Cetate, Timisoara, Timis",480,6.32,3,76
1101,"APARTAMENT 4 CAMERE, DECOMANDAT, zona Modern","Dorobantilor, Timisoara, Timis",480,6.4,4,75
1060,"Apartament cu 3 camere 70mp, Semidecomandat, in zona Medicinei","Araduluri Est, Timisoara, Timis",480,6.86,3,70
505,Apartament spatios cu 3 camere | Medicina | Central,"Strada Dimitrie Paciurea, Cetate, Timisoara, Timis",480,7.16,3,67
187,Apartament Deosebit cu 3 Camere | Zona Medicina,"Strada Dimitrie Paciurea, Cetate, Timisoara, Timis",480,7.27,3,66
277,CM487 Medicina | 3 Camere | Medicina,"Cetate, Timisoara, Timis",480,7.27,3,66
568,3 camere 2 balcoane - centrala - etaj 1 - Medicina - proprietar,"Cetate, Timisoara, Timis",480,7.27,3,66
1146,"Apartament cu 3 camere, decomandat, zona Complexul Studentesc","Campus Universitar, Timisoara, Timis",480,7.38,3,65
71,"Ap. 2 cam. mobilat si utilat complet | Curte 90mp | Braytim, Timisoara","Cetate, Timisoara, Timis",480,8,2,60
232,"AV390 Apartament deosebit, totul nou, 2 camere, Lipovei/Dumbravita","Cetate, Timisoara, Timis",480,8.28,2,58
470,"Apartament cu 2 camere, decomandat, in zona Aradului","Araduluri Est, Timisoara, Timis",480,8.89,2,54
583,Apartament 2 Camere | Bloc Nou | Zona Aradului - Iulius Mall,"Araduluri Est, Timisoara, Timis",480,9.06,2,53
504,Apartament superb cu 2 camere | Aradului,"Strada Marginii, Timisoara, Timis",480,9.23,2,52
495,Apartament deosebit cu 2 camere | Aradului | Iulius Mall,"Strada Miresei, Aradului West, Timisoara, Timis",480,10,2,48
935,"Apartament de 3 camere, 70 mp, decomandat, zona Centrală","Strada Sfantul Ioan, Cetate, Timisoara, Timis",490,7,3,70
306,Apartament 3 Camere | De Inchiriat | Circumvalatiunii,"Circumvalatiunii, Timisoara, Timis",490,7.78,3,63
402,Apartament cu 3 camere decomandat zona Circumvalatiunii,"Cetate, Timisoara, Timis",499,7.68,3,65
115,Apartament 2 camere proprietar clădire istorică Piața Unirii,"Cetate, Timisoara, Timis",499,11.09,2,45
120,AV141 | Apartament 4 camere | Braytim 100mp,"Plavat, Timisoara, Timis",500,5,4,100
146,"Apartament 4 camere, 100 mp, Braytim","Strada Drubeta, Plavat, Timisoara, Timis",500,5,4,100
221,Apartament luminos cu 4 camere | Spitalul Judetean | Lidia,"Plavat, Timisoara, Timis",500,5,5,100
291,Apartament (pet friendly) 4 camere și curte de închiriat în Timisoara.,"Calea Girocului, Timisoara, Timis",500,5,4,100
426,Apartament cu centrala propie dar si clima,"Mehala, Timisoara, Timis",500,5,3,100
858,"Apartament 4 Camere, Semidecomandat, Loc de parcare","Cetate, Timisoara, Timis",500,5,4,100
1157,"Apartament cu 4 camere Open Space, zona Odobescu.","Elisabetin, Timisoara, Timis",500,5,4,100
1139,Direct proprietar Apartament 3 camere vis a vis Mall Shoping Center,"Cetate, Timisoara, Timis",500,5.43,3,92
106,Apartament 3 camere de inchiriat,"Cetate, Timisoara, Timis",500,5.56,3,90
292,Apartament 3 camere Lidia,"Cetate, Timisoara, Timis",500,5.56,3,90
295,Apartament Deosebit cu 3 camere | Calea Sagului,"Calea Sagului, Steaua, Timisoara, Timis",500,5.75,3,87
569,"Apartament cu 3 camere in zona Circumvalatiunii, recent renovat","Circumvalatiunii, Timisoara, Timis",500,5.88,3,85
1022,"Apartament 4 camere, Zona Girocului","Plavat, Timisoara, Timis",500,5.95,4,84
267,"Apartament 3 camere CENTRAL, spatios, centrala proprie","Cetate, Timisoara, Timis",500,6.25,3,80
581,Apartament spatios cu 2 camere | Balcescu,"Elisabetin, Timisoara, Timis",500,6.25,2,80
692,Apartament spatios cu 4 camere | Piata Victoriei,"Piata Victoriei, Cetate, Timisoara, Timis",500,6.25,3,80
891,Apartament cu 3 camere Ultracentral,"Cetate, Timisoara, Timis",500,6.25,3,80
1015,"Apartament cu 3 camere decomandat, zona Aradului","Araduluri Est, Timisoara, Timis",500,6.25,3,80
1071,Apartament decomandat cu 3 camere in zona Piata Libertatii,"Cetate, Timisoara, Timis",500,6.25,3,80
987,Apartament Luxos cu 2 Camere | Zona Complexul Studentesc,"Strada Gloriei, Fabric, Timisoara, Timis",500,6.58,2,76
1204,Proprietar inchiriez apartament 2 camere LUX!!!,"Cetate, Timisoara, Timis",500,6.58,2,76
621,Apartament modern cu 2 camere | Complex,"Lunei, Timisoara, Timis",500,6.67,2,75
887,"Apartament cu 3 camere, 75mp, Semidecomandat, in zona Circumvalatiunii","Circumvalatiunii, Timisoara, Timis",500,6.67,3,75
1159,"Apartament cu 2 camere, open space, in zona Complexul Studentesc","Campus Universitar, Timisoara, Timis",500,6.67,2,75
1035,"Apartament 3 camere, bloc nou, zona Braytim","Cetate, Timisoara, Timis",500,6.76,3,74
864,Iulius Mall | Centrala Proprie | Garaj | Balcon |,"Strada Divizia 9 Cavalerie, Lipovei / Calea Sever Bocu, Timisoara, Timis",500,6.94,3,72
473,"4 camere, et 2,centrala proprie, renovat,Dambovita-Sagului","Strada Ana Ipatescu, Calea Sagului, Timisoara, Timis",500,7.14,4,70
481,"Apartament 3 camere, 70mp, in zona Calea Aradului.","Araduluri Est, Timisoara, Timis",500,7.14,3,70
752,De inchiriat 3 camere in zona Aradului prima inchiriere - ID C5032,"Araduluri Est, Timisoara, Timis",500,7.14,3,70
1184,"Apartament 3 camere, decomandat, zona Complex Studentesc (Olimpia)","Campus Universitar, Timisoara, Timis",500,7.14,3,70
726,"Apartament de lux cu 3 camere, open space, in Denya Forest","Lipovei / Calea Sever Bocu, Timisoara, Timis",500,7.35,3,68
775,"Apartament 3 camere, mobilat modern in zona Aradului","Aradului West, Timisoara, Timis",500,7.58,3,66
59,Apartament cu 3 camere de închiriat în zona Aradului,"Strada Felix, Aradului West, Timisoara, Timis",500,7.69,3,65
479,De inchiriat apartament cu 2 camere in Dumbravita Str Nucului,"Cetate, Timisoara, Timis",500,7.69,2,65
498,"Apartament cu 3 camere , amenajat modern-Prefectura -Medicina","Cetate, Timisoara, Timis",500,7.69,3,65
719,"Apartament cu 3 camere, decomandat, in zona Braytim","Cetate, Timisoara, Timis",500,7.69,3,65
805,Apartament cu loc de parcare subteran 2 camere Str.Constructorilor,"Cetate, Timisoara, Timis",500,7.69,2,65
598,Apartament modern cu 3 camere | Braytim | Carrefour Market,"Strada Claude Debussy, Zona Timisoara Sud, Timisoara, Timis",500,7.81,3,64
1005,"Apartament cu 3 camere, decomandat, in zona Soarelui","Ciarda Rosie, Timisoara, Timis",500,7.81,3,64
846,"Apartament cu 2 camere, ideal pentru firme\/birouri\/locuit, in zona","Cetate, Timisoara, Timis",500,7.94,2,63
220,Apartament superb cu 2 camere | Circumvalatiunii,"Circumvalatiunii, Timisoara, Timis",500,8.06,2,62
110,Apartament 3 camere zona Fabric,"Lunei, Timisoara, Timis",500,8.2,3,61
278,CM486 3 Camere | Circumvalatiunii | Decomandat,"Circumvalatiunii, Timisoara, Timis",500,8.2,3,61
1084,Apartament cu 3 camere langa Iulius Town,"Circumvalatiunii, Timisoara, Timis",500,8.2,3,61
432,"Apartament 2.5 camere, contract la ANAF-Vivalia-Take Ionescu","Cetate, Timisoara, Timis",500,8.33,3,60
514,"Apartament de lux cu 2 camere, open space, in ISHO","Cetate, Timisoara, Timis",500,8.33,2,60
705,Apartament modern cu 2 camere | Medicina,"Strada Nicu Filipescu, Cetate, Timisoara, Timis",500,8.33,2,60
932,Apartament 2 camere| 60 mp | Zona Soarelui,"Zona Soarelui, Timisoara, Timis",500,8.33,2,60
984,Apartament 2 camere Soarelui Ultra Modern,"Ciarda Rosie, Timisoara, Timis",500,8.33,2,60
1124,"Apartament de lux cu 2 camere, open space, confort 1 sporit, zona Cale","Circumvalatiunii, Timisoara, Timis",500,8.33,2,60
1172,"Apartament de lux cu 2 camere, confort 1 sporit, zona Calea Aradului","Araduluri Est, Timisoara, Timis",500,8.33,2,60
94,"Proprietar, inchiriez apartament 2 cam. Braytim, prima inchiriere, NOU","Cetate, Timisoara, Timis",500,8.47,2,59
1094,"Apartament cu 2 camere, luxos, la prima inchiriere, Aradului","Araduluri Est, Timisoara, Timis",500,8.47,2,59
192,Ofer spre închiriere apartament 2 camere Timisiara Iris Sedako,"Cetate, Timisoara, Timis",500,8.62,2,58
274,De inchiriat apartament cu 2 camere in zona Buziasului,"Cetate, Timisoara, Timis",500,8.62,2,58
509,"AV390 Apartament deosebit, totul nou, 2 camere, Lipovei/Dumbravita","Cetate, Timisoara, Timis",500,8.62,2,58
401,"Apartament de lux cu 2 camere, open space, zona Soarelui","Ciarda Rosie, Timisoara, Timis",500,8.77,2,57
696,Apartament superb cu 2 camere | Torontalului,"Torontalului, Timisoara, Timis",500,8.77,2,57
809,"Apartament de lux cu 2 camere, open space, in Complex Ateneo","Circumvalatiunii, Timisoara, Timis",500,8.77,2,57
959,Apartament cu 2 camere in zona Torontalului,"Circumvalatiunii, Timisoara, Timis",500,8.93,2,56
197,Apartament Deosebit cu 2 camere | Campeador City Torontalului,"Calea Torontalului, Torontalului, Timisoara, Timis",500,9.09,2,55
384,"Apartamnet cu 3 camere la prima inchiriere, centrala propie si clima.","Strada Holdelor, Lipovei / Calea Sever Bocu, Timisoara, Timis",500,9.09,3,55
406,"Apartament cu 3 camere, decomandat, Adora Forest","Lipovei / Calea Sever Bocu, Timisoara, Timis",500,9.09,3,55
549,"Apartament cu 2 camere de lux, open space, zona Torontalului","Circumvalatiunii, Timisoara, Timis",500,9.09,2,55
978,"Apartament cu 2 camere, in complexul City of Mara","Blascovici, Timisoara, Timis",500,9.09,2,55
1040,"Apartrament lux 2 camere, open space, complex rezidential Adora Forest","Lipovei / Calea Sever Bocu, Timisoara, Timis",500,9.09,2,55
1113,"Apartament 2 camere,centrala proprie, Bastion,","Araduluri Est, Timisoara, Timis",500,9.09,2,55
1122,"Apartament de lux cu 2 camere, open space, zona Torontalului","Circumvalatiunii, Timisoara, Timis",500,9.09,2,55
1123,"Apartament de lux cu 2 camere, open space, zona Calea Torontalului","Circumvalatiunii, Timisoara, Timis",500,9.09,2,55
759,Apartament cu 2 camere in zona Torontalului,"Aradului West, Timisoara, Timis",500,9.26,2,54
795,"Apartament cu 2 camere, open space, zona Torontalului","Circumvalatiunii, Timisoara, Timis",500,9.26,2,54
1091,"Apartament de lux cu 2 camere, open space, in Rebreanu Tower Residence","Ciarda Rosie, Timisoara, Timis",500,9.26,2,54
1003,"Apartament de lux cu 2 camere, open space, in Ateneo, zona Calea Toron","Circumvalatiunii, Timisoara, Timis",500,9.43,2,53
491,CM471 Apartament 2 camere | MEDICINA,"Cetate, Timisoara, Timis",500,9.62,2,52
921,"Apartament cu 2 camere, in Complexul City Of Mara, zona Circumvalatiun","Circumvalatiunii, Timisoara, Timis",500,9.8,2,51
49,"Apartament cu 2 camere, 50mp, Semidecomandat, in zona Take Ionescu","Cetate, Timisoara, Timis",500,10,2,50
178,Apartament de lux cu 2 camere + parcare privata - Zona Torontalului,"Strada Liege, Aradului West, Timisoara, Timis",500,10,2,50
190,Apartament 2 camere de inchiriat Bastion,"Cetate, Timisoara, Timis",500,10,2,50
200,Apartament 2 camere LUX | Torontalului,"Calea Torontalului, Aradului West, Timisoara, Timis",500,10,2,50
205,Apartament de inchiriat,"Cetate, Timisoara, Timis",500,10,2,50
297,Apartament cu 2 camere | ISHO,"Bulevardul Take Ionescu, Badea Cartan, Timisoara, Timis",500,10,2,50
339,Apartament 2 Camere | De Inchiriat | Sagului,"Calea Sagului, Timisoara, Timis",500,10,2,50
363,Apartament 2 Camere | De Inchiriat | ISHO,"Fabric, Timisoara, Timis",500,10,2,50
390,Apartament Deosebit cu 2 Camere | Bloc Nou | Sagului - Elisabetin,"Strada Gheorghe Ranetti, Odobescu, Timisoara, Timis",500,10,2,50
403,"Apartament cu 2 camere, open space, zona Take Ionescu (ISHO)","Cetate, Timisoara, Timis",500,10,2,50
465,"Apartament de lux cu 2 camere, zona Elisabetin","Calea Sagului, Timisoara, Timis",500,10,2,50
671,Apartament cu 2 camere | City of Mara | Circumvalatiunii |,"Calea Circumvalatiunii, Blascovici, Timisoara, Timis",500,10,2,50
727,"Ap cu 2 camere decomandat City of Mara, parcare","Blascovici, Timisoara, Timis",500,10,2,50
832,proprietar INCHIRIEZ ap. 2 camere NOU LUX - zona Sagului-Elisabetin,"Cetate, Timisoara, Timis",500,10,2,50
870,"Apartament cu 2 camere prima inchiriere, 50mp, Semidecomandat, situat","Cetate, Timisoara, Timis",500,10,2,50
889,"Apartament de lux cu 2 camere, open space, zona Sagului","Steaua, Timisoara, Timis",500,10,2,50
890,Sagului - Elisabetin - de inchiriat ap. 2 cam.,"Cetate, Timisoara, Timis",500,10,2,50
939,"Apartament cu 2 camere, 50mp, in Piata Unirii","Cetate, Timisoara, Timis",500,10,2,50
254,Apartament superb cu 2 camere | Ultracentral,"Cetate, Timisoara, Timis",500,10.42,2,48
1032,"Apartament cu 1 camera, 45mp, vizavi de Iulius Town","Circumvalatiunii, Timisoara, Timis",500,11.11,1,45
1012,"Apartament cu 4 camere, decomandat in zona Traian","Fabric, Timisoara, Timis",510,5.1,4,100
1187,"Apartament 2 camere open space, lux, parcare subterana, calea Aradului","Araduluri Est, Timisoara, Timis",515,8.88,2,58
791,"Apartament 3 Camere, Zona Araduluui","Araduluri Est, Timisoara, Timis",520,8,3,65
797,inchiriez ap cu 3 cam,"Cetate, Timisoara, Timis",520,8,3,65
460,Apartament 3 Camere | Etaj 1 Lift | Intrare in Dumbravita,"Araduluri Est, Timisoara, Timis",520,8.12,3,64
79,"Apartament cu 2 camere, decomandat, in City of Mara","Circumvalatiunii, Timisoara, Timis",520,9.45,2,55
354,"Apartament cu2 camere, 55mp, ultracentral.","Cetate, Timisoara, Timis",520,9.45,2,55
152,"Apartament de 2 camere, decomadnat, zona Semicentrala","Bulevardul General Ion Dragalina, Iosefin, Timisoara, Timis",520,10.4,2,50
393,"SX199 Timisoara, City of Mara, Parcare Acoperita","Blascovici, Timisoara, Timis",520,10.4,2,50
1144,"ap.2 camere, 90mp, P+M, zona Aradului-Selgros","Strada Stefan Procopiu, Timisoara, Timis",530,5.89,2,90
988,"Apartament cu 2 camere in zona Aradului, Toronto Residence","Araduluri Est, Timisoara, Timis",530,6.62,2,80
1186,Apartament de inchiriat in Piata Marasti,"Cetate, Timisoara, Timis",530,6.62,3,80
652,Apartament superb cu 2 camere | Calea Torontalului,"Strada Augustin Coman, Aradului West, Timisoara, Timis",530,7.57,2,70
1126,"Apartament de lux cu 2 camere, open space, zona Soarelui","Ciarda Rosie, Timisoara, Timis",530,7.79,2,68
494,Apartament 3 camere semidecomandat zona Complex Studentesc - ID C5208,"Elisabetin, Timisoara, Timis",550,5.46,3,100.8
30,"Inchiriez apartament 3 camere, 2 bai , Timisoara","Iosefin, Timisoara, Timis",550,5.5,3,100
966,"Apartament de 3 camere, 94mp, in zona Dorobantilor","Strada Matasarilor, Modern, Timisoara, Timis",550,5.85,3,94
52,"Aparatemnet cu 3 camere, 2 bai, Circumvalatiunii","Circumvalatiunii, Timisoara, Timis",550,6.47,3,85
721,"Apartament cu 3 camere, 80mp, Decomandat, in zona Torontalului","Circumvalatiunii, Timisoara, Timis",550,6.88,3,80
1059,"Apartament cu 3 camere, decomandat, zona Iulius Mall","Circumvalatiunii, Timisoara, Timis",550,7.05,3,78
658,Apartament 3 camere | Torontalului | Iulius Mall,"Calea Torontalului, Torontalului, Timisoara, Timis",550,7.14,3,77
969,"3camere LUX, BLOC NOU-Braytim cu gradina","Strada Vasile Zbegan, Ciarda Rosie, Timisoara, Timis",550,7.24,3,76
679,Apartament superb cu 3 camere | Gheorghe Lazar,"Circumvalatiunii, Timisoara, Timis",550,7.33,3,75
976,Apartament cu 3 camere si centrala proprie langa Medicina,"Cetate, Timisoara, Timis",550,7.86,3,70
114,"Închiriez Apartament 3 camere,Et.2 Timisoara-550€","Calea Girocului, Timisoara, Timis",550,8.46,3,65
541,"Apartament cu 3 camere, 65 mp, zona Take Ionescu","Splaiul Protopop Meletie Draghici, Badea Cartan, Timisoara, Timis",550,8.46,3,65
955,"Apartament cu 3 camere,decomandat,zona Take Ionescu.","Cetate, Timisoara, Timis",550,8.46,3,65
923,"Apartament cu 3 camere, Pet Friendly in zona Take Ionescu","Cetate, Timisoara, Timis",550,8.87,3,62
1220,"OX456 Central, prima inchiriere, mobilat si utilat","Elisabetin, Timisoara, Timis",550,9.02,2,61
801,"Apartament modern, ultracentral cu 2 camere si centrala proprie","Cetate, Timisoara, Timis",550,9.17,2,60
930,"Apartament cu 2 camere, 60mp, Open space, in zona Lipovei","Lipovei / Calea Sever Bocu, Timisoara, Timis",550,9.17,2,60
1000,"Apartament cu 2 camere la curte in zona Aradului, foarte spatios","Araduluri Est, Timisoara, Timis",550,9.17,2,60
944,"Apartament de lux cu 2 camere, open-space, in complex Grand Vivalia","Cetate, Timisoara, Timis",550,9.48,2,58
1177,"Apartament de lux, 2 camere, zona Take Ionescu (ISHO)","Cetate, Timisoara, Timis",550,9.48,2,58
533,"Apartament 2 camere, cu loc de parcare cu bariera in Take Ionescu.","Cetate, Timisoara, Timis",550,9.82,2,56
1048,"Apartament lux 2 camere, open space, in complex Grand Vivalia","Cetate, Timisoara, Timis",550,9.82,2,56
37,"Isho Parkside, Etaj 14, Loc de Parcare subteran, Amenajat Lux!!","Cetate, Timisoara, Timis",550,10,2,55
195,Apartament cu 2 camere | Vivalia Grand Timisoara,"Bulevardul Take Ionescu, Cetate, Timisoara, Timis",550,10,2,55
300,Apartament 55 mp Eugeniu de Savoya,"Iosefin, Timisoara, Timis",550,10,2,55
517,Apartament lux cu 2 camere si loc de parcare Take Ionescu (Vivalia),"Cetate, Timisoara, Timis",550,10,2,55
813,"Apartament cu 2 camere, 55mp, Semidecomandat, Ultracentral","Cetate, Timisoara, Timis",550,10,2,55
844,"SX130 City Of Mara, Loc Parcare, Etaj Intermediar","Gara Nord, Timisoara, Timis",550,10,2,55
1088,"Apartament 2 camere,LUX, City of Mara","Circumvalatiunii, Timisoara, Timis",550,10,2,55
1106,"Inchiriez apartament central deosebit, nou, 2 camere, Vivalia Grand","Cetate, Timisoara, Timis",550,10,2,55
1191,"Apartament de lux cu 2 camere ,Aradului","Araduluri Est, Timisoara, Timis",550,10,2,55
1234,"Apartament cu 2 camere, open space, in complexul Grand Vivalia","Cetate, Timisoara, Timis",550,10,2,55
576,Apartament lux cu 2 camere si loc de parcare Take Ionescu (Vivalia),"Cetate, Timisoara, Timis",550,10.38,2,53
898,"Apartament de lux cu 2 camere, open space, zona Take Ionescu (ISHO)","Cetate, Timisoara, Timis",550,10.58,2,52
1070,Apartament lux 2 camere in Zona Lipovei,"Lipovei / Calea Sever Bocu, Timisoara, Timis",550,11,2,50
1102,"Apartament de lux 2, open space, confort 1 sporit, zona Soarelui","Ciarda Rosie, Timisoara, Timis",550,11,2,50
1114,"Apartament 2 camere , zona 0, ultracentral, langa opera , 2 locuri de","Cetate, Timisoara, Timis",550,11,2,50
1020,"apartament cu 2 camere , str. E. Caruso","Strada Enrico Carusso, Cetate, Timisoara, Timis",550,12.22,2,45
995,"Apartament 1 camera, cu centrala proprie, in complexul Nord One","Cetate, Timisoara, Timis",550,14.47,1,38
688,Apartament open-space cu 2 camere si loc de parcare in Torontalului (I,"Circumvalatiunii, Timisoara, Timis",555,10.47,2,53
129,"Apartament 2 camere, 60 mp, P-ta Unirii","Strada Emanoil Ungureanu, Cetate, Timisoara, Timis",560,9.33,2,60
881,Apartament cu 3 camere in zona Dacia,"Araduluri Est, Timisoara, Timis",570,6.71,4,85
66,Inchiriez ap 2 camere in vila LUX 78mp Balcescu - Complex 570€ - NOU,"Cetate, Timisoara, Timis",570,7.31,2,78
1149,"Apartament cu 3 camere, semidecomandat, in zona Braytim","Cetate, Timisoara, Timis",570,7.5,3,76
1014,"Apartament zona Braytim, 3 camere, open space, 104 mp","Cetate, Timisoara, Timis",580,5.58,3,104
379,"Apartament cu 3 camere, decomandat, in zona Medicina","Araduluri Est, Timisoara, Timis",580,8.79,3,66
1097,Apartament cu 2 camere de închiriat - ISHO - comision 0%,"Bulevardul Take Ionescu, Badea Cartan, Timisoara, Timis",595,10.46,2,56.9
588,Apartament 3 camere Lux Complex DENYA ( ADORA) Lipovei -Dumbravita,"Cetate, Timisoara, Timis",599,8.56,3,70
398,"Apartament 3 camere, 2 băi, 131 mp, zona Bălcescu","Strada 1 Decembrie, Elisabetin, Timisoara, Timis",600,4.58,3,131
501,"Apartament cu 3 camere in cladire Istorica, 131mp, situat in Balcescu","Elisabetin, Timisoara, Timis",600,4.58,3,131
962,Braytim | Apartament 3 camere | Balcon,"Strada Mures, Plavat, Timisoara, Timis",600,5.83,3,103
989,"Apartament 3 camere, 100 mp, Braytim","Strada Mures, Plavat, Timisoara, Timis",600,6,3,100
261,Închiriez apartament,"Elisabetin, Timisoara, Timis",600,6.12,2,98
2,"Apartament cu 3 camere, 95mp, Decomandat, in zona Calea Martirilor","Calea Girocului, Timisoara, Timis",600,6.32,3,95
573,"Apartament cu 3 camere, semidecomandat, in zona Medicina","Araduluri Est, Timisoara, Timis",600,6.67,3,90
99,Închiriez apartament central,"Cetate, Timisoara, Timis",600,6.98,3,86
54,Apartament 3 camere Medicina,"Cetate, Timisoara, Timis",600,7.06,3,85
33,CM507 3 Camere | Decomandat | Centrala Proprie | COMPLEXUL STUDENTESC,"Campus Universitar, Timisoara, Timis",600,8,3,75
1235,"Apartament cu 3 camere, 75mp, zona Piatra Craiului - Central!","Iosefin, Timisoara, Timis",600,8,3,75
156,"Apartament 2 camere, etaj 3/4, 70mp, zona Centrala","Strada Vasile Goldis, Cetate, Timisoara, Timis",600,8.57,2,70
289,De inchiriat apartament cu 3 camere in spate la Decathlon,"Cetate, Timisoara, Timis",600,8.57,3,70
480,"Apartament 2 Camere, Lux, Central","Cetate, Timisoara, Timis",600,8.57,2,70
712,Apartament superb cu 2 camere | Zona Medicinei | Pet friendly,"Strada Vasile Goldis, Cetate, Timisoara, Timis",600,8.57,2,70
8,Isho Parkside | Apartament Doua Camere,"Bulevardul Take Ionescu, Cetate, Timisoara, Timis",600,9.68,2,62
1145,"Apartament de lux, 2 camere, open space, Take Ionescu (ISHO)","Cetate, Timisoara, Timis",600,9.68,2,62
814,"Apartament cu 2 camere, 60mp, Open space, in City of Mara","Circumvalatiunii, Timisoara, Timis",600,10,2,60
836,"WoW, Apartament 3 camere, Lipovei, 60mp","Strada Ion Ionescu de La Brad, Timisoara, Timis",600,10,3,60
912,"Apartament de lux cu 3 camere, open space, in Complex Denya Forest","Lipovei / Calea Sever Bocu, Timisoara, Timis",600,10,3,60
992,"Apartament cu 2 camere, open space, in Monarch Tower","Cetate, Timisoara, Timis",600,10,2,60
1206,"Apartament de lux,cu 3 camere, openspace in zona Circumvalatiunii, Fru","Circumvalatiunii, Timisoara, Timis",600,10.17,3,59
85,CM492 2 Camere | City of Mara | LUX | Circumvalatiunii,"Circumvalatiunii, Timisoara, Timis",600,10.34,2,58
86,Apartament lux cu 2 camere si loc de parcare in Circumvalatiunii (City,"Circumvalatiunii, Timisoara, Timis",600,10.34,2,58
126,"Apartament cu 2 camere in City of Mara, open space","Circumvalatiunii, Timisoara, Timis",600,10.34,2,58
181,Apartament Lux cu 2 Camere | Circumvalatiunii | City Of Mara,"Calea Circumvalatiunii, Blascovici, Timisoara, Timis",600,10.34,2,58
239,Central City Of Mara 2 Camere Lux | 58mp Utili | Mobilat si Utilat,"Strada Closca, Mehala, Timisoara, Timis",600,10.34,2,58
253,"Apartament 2 camere nou, modern | City Of Mara M8 | Circumvalatiunii","Cetate, Timisoara, Timis",600,10.34,2,58
1076,"Apartament 2 camere, open space, ISHO","Cetate, Timisoara, Timis",600,10.34,2,58
1137,"Apartament cu 2 camere, open space, in complexul rezidential NORD ONE","Araduluri Est, Timisoara, Timis",600,10.34,2,58
865,"Apartament cu 2 camere, 57mp, Decomandat, in City of Mara","Circumvalatiunii, Timisoara, Timis",600,10.53,2,57
972,"Apartament cu 2 camere, open space, in zona Take Ionescu(ISHO)","Cetate, Timisoara, Timis",600,10.53,2,57
762,Apartament modern cu 2 camere | ISHO | Take Ionescu,"Bulevardul Take Ionescu, Badea Cartan, Timisoara, Timis",600,10.71,2,56
834,"Apartament lux, cu 2 camere, de inchiriat, zona Aradului - ID C5043","Araduluri Est, Timisoara, Timis",600,10.71,2,56
1173,"Apartament de lux, 2 camere, open space, pe Take Ionescu (ISHO)","Cetate, Timisoara, Timis",600,10.71,2,56
268,Central Monarch Tower 2 Camere | 55mp Utili Etaj 10\/11 | Loc de Parc,"Strada Nicu Filipescu, Cetate, Timisoara, Timis",600,10.91,2,55
362,CM478 Ultracentral | 2 camere | Decomandat,"Cetate, Timisoara, Timis",600,10.91,2,55
382,"Apartament 2 camere, Bulevardul republici ULTRACENTRAL.","Piata Iancu Huniade, Cetate, Timisoara, Timis",600,10.91,2,55
602,"Apartament 3 camere semidecomandat, zona Daciei","Araduluri Est, Timisoara, Timis",600,10.91,3,55
743,Apartament superb cu 2 camere | Aradului,"Strada Rozelor, Timisoara, Timis",600,10.91,2,55
774,"Apartament cu doua camere, 55 mp, zona Aradului","Strada Armoniei, Araduluri Est, Timisoara, Timis",600,10.91,2,55
1103,"Apartament de lux cu 2 camere, terasa de 78mp, open space, confort 1,","Ciarda Rosie, Timisoara, Timis",600,10.91,2,55
748,CM430 Apartament 2 camere | Lux | Prima inchiriere,"Araduluri Est, Timisoara, Timis",600,11.11,2,54
826,"Apartament de lux cu 2 camere, decomadat, in zona Aradului","Araduluri Est, Timisoara, Timis",600,11.11,2,54
613,"Apartament 2 Camere, 2 Locuri de parcare, Take Ionescu","Cetate, Timisoara, Timis",600,11.32,2,53
438,Apartament deosebit cu 2 camere | Ultracentral,"Strada Piatra Craiului, Cetate, Timisoara, Timis",600,11.54,2,52
708,Apartament modern cu 2 camere | Monarch | Take Ionescu,"Bulevardul Take Ionescu, Badea Cartan, Timisoara, Timis",600,11.54,2,52
82,"OX518 Ateneo, Prima Inchiriere, Mobilat si Utilat","Aradului West, Timisoara, Timis",600,11.72,2,51.2
895,"Apartament cu 2 camere, open space, Monarch Tower, zona Take Ionescu","Cetate, Timisoara, Timis",600,11.76,2,51
1117,"Apartament cu 2 camere cu centrala termica, Ultracentral","Cetate, Timisoara, Timis",600,12,2,50
237,Închiriez vilă în zona Calea Șagului,"Calea Sagului, Timisoara, Timis",603.62,4.02,4,150
1171,"Apartament exclusivist, 4 camere, 120 mp, zona Blascovici","Strada Hasdeu Bog. Petricescu, Blascovici, Timisoara, Timis",620,5.17,4,120
698,Apartament superb cu 3 camere | Soarelui,"Calea Buziasului, Timisoara, Timis",625,7.91,3,79
454,"Apartament 2 camere, open space, in zona Calea Aradului","Araduluri Est, Timisoara, Timis",625,11.16,2,56
991,"Apartament cu 3 camere, 2 bai, open space, zona Braytim","Cetate, Timisoara, Timis",640,7.11,3,90
1051,"Apartament de lux cu 3 camere, in Essenza Residence, zona Iosefin","Iosefin, Timisoara, Timis",640,9.14,3,70
857,| Apartament in casa DUPLEX | 4 Camere | Terasa | Curte | Ciarda Rosie,"Strada Legumiculturii, Ciarda Rosie, Timisoara, Timis",650,5.42,4,120
212,Închiriez apartament 3 camere | City of Mara,"Cetate, Timisoara, Timis",650,8.12,3,80
900,"Apartament de lux cu 3 camere,open space,in zona Soarelui","Ciarda Rosie, Timisoara, Timis",650,8.23,3,79
766,"Apartament de lux cu 3 camere, open space, zona Lipovei","Lipovei / Calea Sever Bocu, Timisoara, Timis",650,9.03,3,72
428,"Apartament cu 3 camere , contract ANAF- Vivalia -Take Ionescu","Cetate, Timisoara, Timis",650,9.29,3,70
956,Apartament modern cu doua camere in City Of Mara,"Circumvalatiunii, Timisoara, Timis",650,10.32,2,63
781,"SUPER Apartament, 3 camere-zona Piata 700, 62 mp","Strada Herodot, Lunei, Timisoara, Timis",650,10.48,3,62
816,"Apartament cu 2 camere, 60mp, Decomandat, in Nord One","Cetate, Timisoara, Timis",650,10.83,2,60
1104,Apartament ultracentral de inchiriat,"Circumvalatiunii, Timisoara, Timis",650,10.83,2,60
831,Apartament de lux cu 2 camere | IRIS | Calea Aradului,"Strada Armoniei, Araduluri Est, Timisoara, Timis",650,11.82,2,55
1045,"Apartrament lux 2 camere, open space, complex Adora Forest","Lipovei / Calea Sever Bocu, Timisoara, Timis",650,11.82,2,55
1090,"Apartamnet 1 camera, lux, ISHO","Cetate, Timisoara, Timis",650,13,1,50
1019,Central Balcescu 2 Camere Lux | 45mp Etaj 2\/2 | Cladire Istorica Re,"Strada Romulus, Elisabetin, Timisoara, Timis",650,14.44,2,45
475,Apartament cu 3 camere Bloc nou Take Ionescu parcare subterana,"Cetate, Timisoara, Timis",675,9.38,3,72
488,"Apartament cu 3 camere, open space, zona Take Ionescu","Cetate, Timisoara, Timis",675,9.38,3,72
1001,BLASCOVICI | 4 CAMERE | BALCON | CENTRALA | PARCARE INTERNĂ|,"Strada Costinesti, Blascovici, Timisoara, Timis",680,5.67,4,120
1046,"Apartament cu 4 camere, circular, zona Piata Sfanta Maria","Iosefin, Timisoara, Timis",700,4.32,4,162
982,Apartament cu 4 camere in zona Circumvalatiunii,"Circumvalatiunii, Timisoara, Timis",700,5.83,4,120
828,"Apartament 4 camere, decomandat, 110 mp, zona Circumvalatiunii","Calea Circumvalatiunii, Circumvalatiunii, Timisoara, Timis",700,6.36,4,110
1148,"Apartament cu 3 camere, open space, zona Complexul Studentesc","Campus Universitar, Timisoara, Timis",700,8.24,3,85
1078,"Apartament de lux cu 2 camere, confort 1 sporit, zona Balcescu","Elisabetin, Timisoara, Timis",700,9.72,2,72
957,Apartament open-space cu 3 camere modern in Vivalia,"Cetate, Timisoara, Timis",700,10,3,70
128,Apartament superb cu 3 camere | City of Mara | Central,"Calea Circumvalatiunii, Blascovici, Timisoara, Timis",700,10.77,3,65
209,"Inchiriere de la proprietar, City of Mara","Cetate, Timisoara, Timis",700,11.67,3,60
1225,"Apartament cu 2 camere,centrala termica, Nord One","Circumvalatiunii, Timisoara, Timis",700,11.67,2,60
191,Apartament Deosebit cu 2 camere | ISHO,"Bulevardul Take Ionescu, Cetate, Timisoara, Timis",700,12.96,2,54
1167,"Apartament de lux, 2 camere, open space, Take Ionescu (ISHO)","Cetate, Timisoara, Timis",700,12.96,2,54
81,Apartament spatios situat la etajul 11 in cladirea ISHO Parkside D,"Bulevardul Take Ionescu, Badea Cartan, Timisoara, Timis",700,13.08,2,53.5
235,"Apartament de lux cu 2 camere, open space, zona Take Ionescu (ISHO)","Cetate, Timisoara, Timis",700,13.21,2,53
771,Apartament deosebit cu 3 camere | Zona Popa Sapca,"Cetate, Timisoara, Timis",700,15.56,3,45
1031,"Apartament 4 camere, 2 bai, 2 locuri de parcare in curte privata, zona","Iosefin, Timisoara, Timis",750,5,4,150
119,"Apartament de 3 camere, 2 locuri de parcare, terasa, zona Centrala","Bulevardul Take Ionescu, Cetate, Timisoara, Timis",750,7.14,3,105
125,"Apartament cu 3 camere la vila cu curte, zona Medicina","Araduluri Est, Timisoara, Timis",750,7.14,3,105
219,CM493 3 Camere | Medicina,"Cetate, Timisoara, Timis",750,7.14,3,105
240,Apartament modern cu 3 camere la curte comuna in zona Take Ionescu,"Cetate, Timisoara, Timis",750,7.14,3,105
130,2 Camere Decomandat Elisabetin | Mobilat si utilat | Loc de parcare,"Strada Memorandului, Elisabetin, Timisoara, Timis",750,7.73,2,97
595,"Comision 0%. Apartament de lux, 2 cam + terasa, zona Balcescu.","Strada Memorandului, Elisabetin, Timisoara, Timis",750,7.73,2,97
970,"Apartament 2 camere LUX, zona Elisabetin","Campus Universitar, Timisoara, Timis",750,7.73,2,97
395,"Apartament cu 3 camere, open space, in zona Aradului","Araduluri Est, Timisoara, Timis",750,10.71,3,70
1228,"Apartament de lux cu trei camere, open space, in zona Take Ionescu","Cetate, Timisoara, Timis",750,11.54,3,65
1087,"Apartament 5 camere, Printul Turcesc / Andrei Saguna","Fabric, Timisoara, Timis",800,6.67,5,120
701,Apartament modern cu 3 camere | Monarch | Take Ionescu,"Bulevardul Take Ionescu, Badea Cartan, Timisoara, Timis",800,9.76,3,82
1230,Comision 0%. Spatiu comercial de inchiriat in Timisoara.,"Calea Aradului, Timisoara, Timis",800,10.67,1,75
656,Apartament superb cu 2 camere | ISHO,"Bulevardul Take Ionescu, Badea Cartan, Timisoara, Timis",800,13.33,2,60
802,"Apartament cu doua camere, 60 mp, zona Take Ionescu","Bulevardul Take Ionescu, Badea Cartan, Timisoara, Timis",800,13.33,2,60
830,"SX142 ISHO, Prima inchiriere, Mobilat Utilat Premium","Cetate, Timisoara, Timis",800,13.33,2,60
994,"Apartament cu 2 camere, open space, in Monarch Tower","Cetate, Timisoara, Timis",800,13.33,2,60
924,"Apartament lux cu doua camere, prima inchiriere, Isho","Cetate, Timisoara, Timis",800,14.55,2,55
359,"Apartament cu 2 camere, open space, zona Take Ionescu (ISHO)","Cetate, Timisoara, Timis",800,15.38,2,52
681,Penthouse superb cu 2 camere si parcare | Elisabetin,"Strada Drubeta, Elisabetin, Timisoara, Timis",850,8.76,2,97
873,"Apartament 2 camere, unic în Timișoara, zona Elisabetin","Strada Protopop George Dragomir, Elisabetin, Timisoara, Timis",850,8.76,2,97
34,"Apartament de 3 camere, loc de parcare, zona Ultracentral","Strada Matei Corvin, Cetate, Timisoara, Timis",850,9.88,3,86
1227,"Apartament cu 3 camere, decomandat, Ultracentral","Cetate, Timisoara, Timis",850,9.88,3,86
839,"Apartament de lux cu 2 camere,open space,zona Take Ionescu(ISHO)","Cetate, Timisoara, Timis",850,15.45,2,55
534,"Apartament cu 3 camere, open space, in zona Take Ionescu","Cetate, Timisoara, Timis",900,7.5,3,120
829,"Apartament de inchiriat, spatios 120 mp, malul Begai (Cartan), parcare","Cetate, Timisoara, Timis",900,7.5,3,120
993,"Apartament cu 3 camere, open space, in Monarch Tower","Cetate, Timisoara, Timis",900,11.25,3,80
1044,"Apartament de lux 3 camere, 2 bai, open space, Monarch Tower, zona Tak","Cetate, Timisoara, Timis",900,11.39,3,79
1042,"Apartament de lux cu 3 camere, 2 bai, Monarch Tower, zona Take Ionescu","Cetate, Timisoara, Timis",950,11.88,3,80
24,Mehala Penthouse 2 Niveluri | 3 Camere 103mp Utili | Mobilat Complet,"Strada Moise Dobosan, Ronat, Timisoara, Timis",970,9.42,3,103
57,"Apartament de lux 3 camere, curte privata de 42 mp, Complex Monarch Ya","Mehala, Timisoara, Timis",970,9.42,3,103
986,"Apartament 200 mp, cladire istorica, zona Maria","Strada Timotei Cipariu, Elisabetin, Timisoara, Timis",1000,5,5,200
905,"Apartament cu 4 camere, circular, in zona Elisabetin","Campus Universitar, Timisoara, Timis",1000,6.9,4,145
1183,"Apartament 4 camere, terasa 60mp, 2 locuri de parcare,Calea Lipovei.","Lipovei / Calea Sever Bocu, Timisoara, Timis",1000,7.69,4,130
87,"Apartament smart de lux cu 3 camere, 2 bai, zona Iulius Mall","Araduluri Est, Timisoara, Timis",1000,8.33,3,120
1130,"Penthouse cu 3 camere in Ronat, centrala termica","Ronat, Timisoara, Timis",1000,11.11,3,90
1043,"Apartament de lux cu 3 camere, 2 bai, Monarch Tower, zona Take Ionescu","Cetate, Timisoara, Timis",1050,12.21,3,86
1041,"Apartament de lux 3 camere, 2 bai, open space, Monarch Tower, zona Tak","Cetate, Timisoara, Timis",1090,11.01,3,99
3,"Inchiriez apartament cu garaj, la casa","Cetate, Timisoara, Timis",1099,7.85,3,140
1039,"Apartament de lux 3 camere, 2 bai, open space, Monarch Tower, zona Tak","Cetate, Timisoara, Timis",1100,11,3,100
1120,"Penthouse de lux cu 3 camere, open space, zona Take Ionescu (ISHO)","Cetate, Timisoara, Timis",1190,14.88,3,80
800,"Apartament 4 camere, 180 mp si 2 locuri de parcare subteran, zona Take","Cetate, Timisoara, Timis",1200,6.67,4,180
1181,"Penthouse Lux, Complex Isho","Cetate, Timisoara, Timis",1200,14.63,3,82
1053,"Apartament cu 4 camere, 2 bai, Monarch Tower, zona Take Ionescu","Cetate, Timisoara, Timis",1230,12.18,4,101
1062,"Apartament cu 4 camere, 150 mp, zona Take Ionescu","Cetate, Timisoara, Timis",1500,10,4,150
1069,Apartament lux cu 4 camere si vedere spre Bega,"Cetate, Timisoara, Timis",1500,10,4,150
1056,"Apartament deosebit de 5 camere, 186 mp, piața Operei","Strada Piatra Craiului, Cetate, Timisoara, Timis",1550,8.33,5,186
732,"Penthouse lux cu 4 camere, 2 bai si terasa in zona Torontalului","Circumvalatiunii, Timisoara, Timis",1800,11.25,4,160
