,title,address,price,price_per_sqm,rooms,sqm
2841,Garsoniera conf.3 langa Facultatea de Medicina - Take Ionescu,"Strada Doctor Alexandru Martha, Cetate, Timisoara, Timis",14000,1273,1,11
125,Camera de vânzare/ Calea Buziașului,"Cetate, Timisoara, Timis",21000,1313,1,16
802,"Garsoniera de vanzare, Timisoara, Lugojului","Cetate, Timisoara, Timis",22500,1406,1,16
531,"Garsoniera Iulius Mall Timisoara [complet utilata, investitie ideala]","Cetate, Timisoara, Timis",22500,2045,1,11
243,"Garsoniera - camera camin, zona UMT, 16 mp","Strada Babadag, UMT, Timisoara, Timis",23000,1438,1,16
2014,"Garsoniera ,persoana fizica","Lipovei / Calea Sever Bocu, Timisoara, Timis",23000,1533,1,15
3180,"Garsoniera, renovata, zona Modern","Dorobantilor, Timisoara, Timis",23000,1917,1,12
1549,Garsoniera de vanzare in zona Soarelui,"Strada Pepinierei, Calea Girocului, Timisoara, Timis",23500,1679,1,14
2307,"Garsoniera de 12 mp, etaj intermediar, Dacia","Strada Labirint, Circumvalatiunii, Timisoara, Timis",23500,1958,1,12
339,Garsoniera Iulius Mall Timisoara - complet utilata,"Cetate, Timisoara, Timis",23500,2136,1,11
458,"Vand garsoniera cu baie proprie, direct de la proprietar, zona Iosefin","Cetate, Timisoara, Timis",23900,1992,1,12
459,"Vanzare garsoniera cu baie proprie, direct de la proprietar, zo","Cetate, Timisoara, Timis",23900,1992,1,12
268,Proprietar vând garsoniera zona Soarelui Judetean,"Cetate, Timisoara, Timis",23900,2173,1,11
2394,Garsoniera zona Soarelui,"Aleea Azurului, Zona Soarelui, Timisoara, Timis",23900,2173,1,11
141,Garsoniera Renovata Etaj 1,"Strada Babadag, UMT, Timisoara, Timis",24000,1500,1,16
1432,"Garsoniera, 16 mp, etaj intermediar, zona Electrotimis","Calea Buziasului, Calea Buziasului, Timisoara, Timis",24000,1500,1,16
648,GARSONIERĂ IOSEFIN ÎN ZONĂ ISTORICĂ,"Bulevardul 16 Decembrie 1989, Iosefin, Timisoara, Timis",24000,2000,1,12
2052,Ideal pentru investitie. Mobilat si utilat. Complex Studentesc.,"Stadion, Timisoara, Timis",24000,2000,1,12
2523,Garsoniera Etaj Intermediar Calea Girocului,"Intrarea Martir Ewinger Slobodanca, Calea Girocului, Timisoara, Timis",24500,2227,1,11
930,Garsoniera de Vanzare |Calea Buziasului | 16mp | Et2,"Ciarda Rosie, Timisoara, Timis",24990,1562,1,16
1383,"Garsoniera, 19 mp, zona Dambovita","Strada Vasile Lupu, Iosefin, Timisoara, Timis",25000,1316,1,19
242,"Garsoniera renovata, etaj intermediar, zona Dambovita","Bulevardul General Ion Dragalina, Iosefin, Timisoara, Timis",25000,1563,1,16
1468,"Garsoniera, 16 mp, Complex Studentesc","Strada Dumbrava Rosie, Lunei, Timisoara, Timis",25000,1563,1,16
429,Vand garsoniera | Zona Girocului,"Cetate, Timisoara, Timis",25000,1786,1,14
46,"Garsoniera, etaj intermediar, complet renovata, situata in zona Buzias","Zona Soarelui, Timisoara, Timis",25500,1500,1,17
882,Garsoniera Renovata Buziasului,"Strada Martir Marius Nemtoc, Ciarda Rosie, Timisoara, Timis",25500,1500,1,17
14,Garsoniera Renovata - De Vanzare | Zona Complexul Studentesc,"Stadion, Timisoara, Timis",25700,1606,1,16
572,"Complexul Studentesc, garsoniera, PRETABIL INVESTITII","Cetate, Timisoara, Timis",25700,1606,1,16
739,vînd o garsonera spatioasa cu balcon amenajat în camera(26000/ficx),"Freidorf, Timisoara, Timis",26000,929,1,28
340,garsoniera zona tipografilor,"Ciarda Rosie, Timisoara, Timis",26000,1444,1,18
1453,"Garsoniera, 18 mp, parter, Steaua","Strada Emile Zola, Steaua, Timisoara, Timis",26000,1444,1,18
79,Aradului - Garsoniera,"Aradului West, Timisoara, Timis",26000,1625,1,16
454,Garsoniera Parter zona Mircea cel Batran 26.000 euro,"Strada Mircea cel Batran, Mircea Cel Batran, Timisoara, Timis",26000,1625,1,16
1548,"Garsoniera de 19 mp, mobilata, zona UMT","Strada Lorena, Telegrafului, Timisoara, Timis",26500,1395,1,19
1050,"Garsoniera ,etaj intermediar, situata in zona Buziasului","Zona Soarelui, Timisoara, Timis",26500,1472,1,18
299,Proprietar vând garsonieră,"Dambovita, Timisoara, Timis",26500,1559,1,17
1475,"Garsoniera mobilata, primul etaj, 17 mp, UMT","Strada Macin, UMT, Timisoara, Timis",26500,1559,1,17
2144,Complex Studentesc - Garsoniera - Renovat recent,"Campus Universitar, Timisoara, Timis",26500,1559,1,17
2847,"Garsoniera renovata, Etajul 2, Zona UMT","UMT, Timisoara, Timis",26500,1559,1,17
36,"Complex Studentesc, 1 camera, renovat, PRETABIL INVESTITII","Campus Universitar, Timisoara, Timis",26500,1656,1,16
2048,Complexul Studentesc. Mobilat - utilat.,"Stadion, Timisoara, Timis",26500,1656,1,16
2054,Etaj intermediar. Mobilata. Baie cu cada. Blascovici.,"Blascovici, Timisoara, Timis",26800,1218,1,22
590,Garsoniera recent renovata in zona Soarelui,"Ciarda Rosie, Timisoara, Timis",26900,1681,1,16
444,Soarelui - Garsoniera,"Zona Timisoara Sud, Timisoara, Timis",26990,1687,1,16
2929,"Garsoniera, Zona Buziasului","Zona Soarelui, Timisoara, Timis",27000,1227,1,22
2543,"Garsoniera ,Zona Blascovici","Blascovici, Timisoara, Timis",27000,1350,1,20
224,CM499 1 Camera | DAMBOVITA,"Iosefin, Timisoara, Timis",27000,1588,1,17
266,Bulevardul Dambovita - Garsoniera - 17mp - Amenajata,"Dambovita, Timisoara, Timis",27000,1588,1,17
3231,"Garsoniera ,Zona UMT","Telegrafului, Timisoara, Timis",27000,1588,1,17
523,Complex Studentesc. Ideal pentru investitie. Etaj intermediar.,"Stadion, Timisoara, Timis",27000,1688,1,16
866,Oportunitate! garsoniera moderna 16 mp,"Strada Turda, Modern, Timisoara, Timis",27000,1688,1,16
2049,Complexul Studentesc. Etaj 2. Pozitie excelenta.,"Stadion, Timisoara, Timis",27000,1688,1,16
2815,Vand ap la curte comuna la demisol,"Cetate, Timisoara, Timis",27500,561,2,49
159,Vând garsoniera zona stadion.,"Cetate, Timisoara, Timis",27500,1719,1,16
412,Garsoniera Aradului aproape de pta Verde,"Cetate, Timisoara, Timis",27500,1719,1,16
1454,"Garsoniera, 12 mp, decomandat, Sagului","Strada Hebe, Calea Sagului, Timisoara, Timis",27500,2292,1,12
1821,Garsoniera de Vanzare | Zona Blascovici | 1100e/mp,"Blascovici, Timisoara, Timis",27990,1166,1,24
534,Vând apartament cu 1 camera comuna zona Iozefin,"Cetate, Timisoara, Timis",28000,1000,1,28
1254,"Garsoniera de vanzare, situata in zona Blascovici","Blascovici, Timisoara, Timis",28000,1167,1,24
160,Vand garsoniera in Timișoara zona Blascovici,"Cetate, Timisoara, Timis",28000,1400,1,20
1431,"Garsoniera 19 mp, Complex Studentesc","Aleea Studentilor, Campus Universitar, Timisoara, Timis",28000,1474,1,19
35,"Garsoniera, etajul 1, situata in zona Buziasului","Zona Soarelui, Timisoara, Timis",28000,1750,1,16
2663,"Garsoniera, Zona Buziasului","Zona Soarelui, Timisoara, Timis",28000,1750,1,16
2588,Complex - Garsoniera - 15 mp utili,"Stadion, Timisoara, Timis",28000,1867,1,15
1509,"Garsoniera, 22 mp, etaj 1, zona Steaua","Strada Eternitatii, Steaua, Timisoara, Timis",28500,1295,1,22
3114,"Garsoniera, zona Blascovici","Blascovici, Timisoara, Timis",28500,1295,1,22
2490,Blascovici – Garsoniera,"Cetate, Timisoara, Timis",28500,1357,1,21
1545,"Garsoniera de 20 mp, zona Soarelui","Strada Astrilor, Zona Soarelui, Timisoara, Timis",28500,1425,1,20
1956,Modern - Garsoniera - 16mp - Centrala Proprie - PARTER,"Modern, Timisoara, Timis",28500,1676,1,17
2951,"Garsoniera, Zona UMT","Telegrafului, Timisoara, Timis",28500,1676,1,17
974,Garsoniera luminoasa de vanzare | Complex,"Strada Ofcea, Campus Universitar, Timisoara, Timis",28500,1900,1,15
2336,"Garsoniera, 18 mp, etaj intermediar, Complex Studentesc","Strada Ofcea, Campus Universitar, Timisoara, Timis",28700,1594,1,18
1546,"Garsoniera de 23 mp, zona Blascovici","Strada Barzava, Blascovici, Timisoara, Timis",29000,1261,1,23
1490,"Garsoniera, 22 mp, Blascovici","Strada Veronica Micle, Blascovici, Timisoara, Timis",29000,1318,1,22
40,"Garsoniera, etaj intermediar, situata in zona Buziasului","Zona Soarelui, Timisoara, Timis",29000,1450,1,20
1824,Garsoniera de Vanzare - Complet Utilata | Zona Fratelia - Bujorilor,"Calea Sagului Parc Industrial, Timisoara, Timis",29000,1611,1,18
2915,"Garsoniera, Zona Complex Studentesc","Campus Universitar, Timisoara, Timis",29000,1611,1,18
247,"Oportunitate! Garsoniera, 17mp, renovata recent, zona Complex","Bulevardul Eroilor de La Tisa, Campus Universitar, Timisoara, Timis",29000,1706,1,17
2854,"Garsoniera in bloc de apartamente, zona Lipovei","Lipovei / Calea Sever Bocu, Timisoara, Timis",29000,1933,1,15
1706,"Blascovici, 1 camera, PRETABIL INVESTITIE","Blascovici, Timisoara, Timis",29500,1341,1,22
1711,Blascovici- et 1- o camera,"Blascovici, Timisoara, Timis",29500,1341,1,22
1494,"Garsoniera de 16 mp, zona Sagului","Bulevardul 16 Decembrie 1989, Iosefin, Timisoara, Timis",29500,1844,1,16
3121,"De vanzare garsoniera 18mp, zona Buziasului - AEM","Ciarda Rosie, Timisoara, Timis",29900,1661,1,18
740,Vând Urgent Garsoniera Aradului Vest,"Cetate, Timisoara, Timis",29900,1869,1,16
406,Garsoniera Etaj 2 zona complex Studentesc 29.990 euro,"Bulevardul Eroilor de La Tisa, Stadion, Timisoara, Timis",29990,1874,1,16
2513,Garsoniera de vanzare in rate in zona Aradului - ID V1264,"Aradului West, Timisoara, Timis",29990,2042,1,14.69
674,Blascovici - Garsoniera,"Blascovici, Timisoara, Timis",29999,1364,1,22
526,"Garsoniera, situata la parter, in zona Blascovici","Blascovici, Timisoara, Timis",30000,1364,1,22
3106,Vând garsonieră zona Modern,"Iosefin, Timisoara, Timis",30000,1364,1,22
419,Proprietar vând garsoniera in Blascovici 21 mp.,"Cetate, Timisoara, Timis",30000,1429,1,21
614,Garsoniera Blascovici,"Blascovici, Timisoara, Timis",30000,1429,1,21
688,"Proprietar, vând garsoniera situata la parter în zona Blascovici","Cetate, Timisoara, Timis",30000,1429,1,21
1527,"Apartament 1 camera, 21 mp, zona Buziasului","Strada Martir Marius Nemtoc, Ciarda Rosie, Timisoara, Timis",30000,1429,1,21
2753,1 Camera Et 3 Zona Blascovici,"Strada Maslinului, Blascovici, Timisoara, Timis",30000,1429,1,21
74,"Blascovici, 1 camera, etaj intermediar, POSIBILITATE INVESTITIE","Blascovici, Timisoara, Timis",30000,1500,1,20
925,"Garsoniera, etaj intermediar, situata in zona Buziasului","Zona Soarelui, Timisoara, Timis",30000,1500,1,20
2747,Garsoniera zona blascovici la etajul 3 pret 30 000 euro,"Blascovici, Timisoara, Timis",30000,1500,1,20
3088,Garsoniera situata la etaj intermediar in zona Buziasului,"Zona Soarelui, Timisoara, Timis",30000,1500,1,20
2866,"Garsoniera, Zona Buziasului","Zona Soarelui, Timisoara, Timis",30000,1667,1,18
198,Oferta noua. Garsoniera in Complexul Studentesc,"Strada Dumbrava Rosie, Lunei, Timisoara, Timis",30000,1875,1,16
1793,"Investitie! Garsoniera 16 mp, zona Stadion","Strada Cerna, Calea Buziasului, Timisoara, Timis",30000,1875,1,16
2050,Complex. Mobilat si utilat. Aproape de mijloacele de transport.,"Stadion, Timisoara, Timis",30000,1875,1,16
1984,Complex Studentesc - Garsoniera - 15mp - Renovat,"Campus Universitar, Timisoara, Timis",30000,2000,1,15
2455,Complex - Garsoniera - 15 mp utili,"Stadion, Timisoara, Timis",30000,2000,1,15
2456,Complex - Garsoniera - 15 mp utili,"Campus Universitar, Timisoara, Timis",30000,2000,1,15
2518,Garsoniera situata in Complexul Studentesc,"Campus Universitar, Timisoara, Timis",30000,2000,1,15
1386,"Apartament 1 camera, complet renovat, zona Fratelia","Strada Bujorilor, Calea Sagului Parc Industrial, Timisoara, Timis",30500,1694,1,18
2056,Aproape de Piata Verde. Mobilat. Ideal pentru investitie. Aradului.,"Aradului West, Timisoara, Timis",30500,2033,1,15
110,Garsoniera de vanzare in zona Take Ionescu,"Tipografilor, Timisoara, Timis",30900,1288,1,24
1743,Garsoniera de Vanzare | Zona Buziasului | Izolata | Centrala Imobil,"Ciarda Rosie, Timisoara, Timis",30990,1347,1,23
1132,Garsoniera de Vanzare | Complexul Studentesc,"Campus Universitar, Timisoara, Timis",30990,1937,1,16
2875,Garsoniera sitauta in zona Blascovici,"Blascovici, Timisoara, Timis",31000,1240,1,25
1710,"Garsoniera, ideala pentru investitie, situata in zona Buziasului","Zona Soarelui, Timisoara, Timis",31000,1348,1,23
150,Vând Garsoniera et 2,"Cetate, Timisoara, Timis",31000,1409,1,22
388,Vând garsoniera mobilata,"Iosefin, Timisoara, Timis",31000,1409,1,22
2632,Apartament cu o camera Buziasului,"Calea Buziasului, Ciarda Rosie, Timisoara, Timis",31000,1409,1,22
863,"Garsoniera, 21mp, etaj intermdiar, zona Iosefin","Strada Gheorghe Baritiu, Iosefin, Timisoara, Timis",31000,1500,1,20.67
830,Complex Studentesc - Garsoniera - 16mp - Renovata recent,"Campus Universitar, Timisoara, Timis",31000,1938,1,16
927,"Garsoniere complet renovate, zona Complexului Studentesc","Campus Universitar, Timisoara, Timis",31000,1938,1,16
2310,"Garsoniera semidecomandata, etaj intermediar, Complex Studentesc","Bulevardul Eroilor de La Tisa, Campus Universitar, Timisoara, Timis",31000,1938,1,16
2250,Apartament 1 camera zona Take Ionescu/Simion Barnutiu,"Fabric, Timisoara, Timis",31200,1040,1,30
759,Vând garsonieră zona blascovici,"Cetate, Timisoara, Timis",31500,1432,1,22
1609,"Oportunitate investiție! Garsonieră de 22 mp, zona AEM!","Strada Atomului, Ciarda Rosie, Timisoara, Timis",31500,1432,1,22
1974,IOSEFIN - 1 cam - mobilat - ZONA SEMICENTRAL,"Cetate, Timisoara, Timis",31500,1432,1,22
2871,"Garsoniera in zona Complexul Studentesc, etaj intermediar","Campus Universitar, Timisoara, Timis",31500,1432,1,22
2267,Buziașului- Apart. 1 Camera - Parter,"Ciarda Rosie, Timisoara, Timis",31500,1500,1,21
3095,"Garsoniera , Buziasului - AEM","Strada Martir Marius Nemtoc, Ciarda Rosie, Timisoara, Timis",31500,1500,1,21
3080,"Garsonieră de 15 mp, Complexul Studențesc","Aleea Studentilor, Campus Universitar, Timisoara, Timis",31500,2100,1,15
2051,Complexul Studentesc. Mobilat si utilat. Perfect pentru investitie.,"Stadion, Timisoara, Timis",31500,2423,1,13
2966,"Garsoniera, zona Blascovici","Blascovici, Timisoara, Timis",31700,1441,1,22
1662,Garsoniera de Vanzare | Blascovici | Etaj 2,"Blascovici, Timisoara, Timis",31800,1445,1,22
2478,"Garsoniera de Vanzare Pretabila Pentru Investitii, zona Aradului - ID","Araduluri Est, Timisoara, Timis",31990,1939,1,16.5
3013,"Blascovici, 1 camera, ZONA LINISTITA","Blascovici, Timisoara, Timis",32000,1455,1,22
3166,"Garsoniera sitata la etaj intermediar, zona Blascovici","Blascovici, Timisoara, Timis",32000,1455,1,22
260,"Garsoniera, 20 mp. Complex Studentesc","Bulevardul Eroilor de La Tisa, Stadion, Timisoara, Timis",32000,1600,1,20
2697,"Garsoniera, Zona Aradului","Araduluri Est, Timisoara, Timis",32000,1882,1,17
829,Complex Studentesc - Garsoniera - 16mp - Renovata,"Campus Universitar, Timisoara, Timis",32000,2000,1,16
2396,Garsoniera de vanzare,"Cetate, Timisoara, Timis",32000,2000,1,16
673,Aer conditionat. Izolat interior. Blascovici.,"Blascovici, Timisoara, Timis",32500,1477,1,22
1455,"Garsoniera, 22 mp, mobilata/utilata, Blascovici","Strada Lisabona, Blascovici, Timisoara, Timis",32500,1477,1,22
2969,"Garsoniera renovata, zona Blascovici, etaj intermediar","Blascovici, Timisoara, Timis",32500,1477,1,22
1978,Complex Studentesc - Garsoniera - 20mp - Amenajat,"Campus Universitar, Timisoara, Timis",32500,1625,1,20
468,Garsoniera complet renovata si mobilata | Complexul Studentesc,"Campus Universitar, Timisoara, Timis",32500,2167,1,15
1591,Ideal investitie!!! 32900 euro ... garsoniera Fabric,"Telegrafului, Timisoara, Timis",32900,1495,1,22
1820,Garsoniera de Vanzare | Renovata | Zona Blascovici,"Blascovici, Timisoara, Timis",32900,1645,1,20
1559,Garsoniera LA CHEIE - 26 mp,"Strada Wilhelm Tell, Freidorf Parc Industrial, Timisoara, Timis",32980,1268,1,26
1246,Garsoniera De Vanzare | 24mp | Zona Buziasului,"Calea Buziasului, Timisoara, Timis",32990,1375,1,24
2916,Garsoniera situata la etaj intermediar in zona Blascovici,"Blascovici, Timisoara, Timis",32990,1500,1,22
867,"Garsoniera 22 mp, Blașcovici","Strada Cosmonautilor, Blascovici, Timisoara, Timis",33000,1500,1,22
1523,"Garsoniera, 22 mp, Blascovici","Strada Lupeni, Blascovici, Timisoara, Timis",33000,1500,1,22
1301,Blascovici - Garsoniera - Renovat recent,"Blascovici, Timisoara, Timis",33000,1571,1,21
2322,"Garsoniera de 17 mp, decomandata, zona Aradului","Strada Martir Dan Carpin, Araduluri Est, Timisoara, Timis",33000,1941,1,17
2725,Garsoniera situata in zona Complexului Studentesc,"Campus Universitar, Timisoara, Timis",33000,1941,1,17
1464,"Garsoniera de 24 mp, Buziasului","Intrarea Saturn, Ciarda Rosie, Timisoara, Timis",33500,1396,1,24
2044,Buziasului. Pentru investitie. Aproape de mijloacele de transport,"Ciarda Rosie, Timisoara, Timis",33500,1675,1,20
1569,OFERTĂ! APARTAMENT 2 CAMERE TIP SAMANTHA 33MP,"Strada Barzava, Blascovici, Timisoara, Timis",34000,1063,2,32
2750,"Garsoniera 28 mp, zona Blascovici","Blascovici, Timisoara, Timis",34000,1214,1,28
1583,"Garsoniera de 26 mp, zona Fabric! Investitie!","Strada Costache Negruzzi, Fabric, Timisoara, Timis",34000,1308,1,26
2705,"Garsoniera la etaj intermediar, centrala proprie, zona Blascovici","Blascovici, Timisoara, Timis",34000,1360,1,25
1461,"Garsoniera, 24 mp, etaj intermediar, Complex Studentesc","Aleea Studentilor, Campus Universitar, Timisoara, Timis",34000,1417,1,24
1120,"Garsoniera de 22 mp, zona Blascovici","Strada Ciobanului, Blascovici, Timisoara, Timis",34000,1545,1,22
58,vând garsonieră la etajul 2 in Timisoara,"Cetate, Timisoara, Timis",34000,1700,1,20
1504,"Apartament 1 camera, 28 mp, etaj.2, zona Steaua","Strada Bujorilor, Calea Sagului Parc Industrial, Timisoara, Timis",34500,1232,1,28
2718,Apartament cu 1 camera 27 mp - ID V3922,"Freidorf Parc Industrial, Timisoara, Timis",34990,1296,1,27
318,Garsoniera de Vanzare | Blascovici | Renovata,"Blascovici, Timisoara, Timis",34990,1590,1,22
148,Vand garsoniera mobilata strada polona,"Calea Sagului, Timisoara, Timis",35000,1167,1,30
3045,"Garsoniera complet mobilata si utilata, etajul 1, centrala proprie, zo","Freidorf, Timisoara, Timis",35000,1250,1,28
3123,"Apartament o camera, 26mp, zona UMT","Telegrafului, Timisoara, Timis",35000,1346,1,26
1726,"Garsoniera mobilata si utilata,ideala pentru invesitie, zona Buziasulu","Zona Soarelui, Timisoara, Timis",35000,1458,1,24
2600,"Garsoniera spatioasa, zona Dambovita","Iosefin, Timisoara, Timis",35000,1458,1,24
335,Garsoniera de vanzare Timisoara.,"Cetate, Timisoara, Timis",35000,1591,1,22
516,Garsoniera Iosefin!,"Cetate, Timisoara, Timis",35000,1667,1,21
741,Vand garsoniera la parter,"Cetate, Timisoara, Timis",35000,1667,1,21
3082,"Garsoniera 21mp,Zona Iosefin","Iosefin, Timisoara, Timis",35000,1667,1,21
1435,"Garsoniera, 20 mp, Buziasului","Calea Buziasului, Ciarda Rosie, Timisoara, Timis",35000,1750,1,20
1568,"Garsoniera de 20 mp, zona Freidorf","Strada Nicolae Andreescu, Freidorf, Timisoara, Timis",35000,1750,1,20
989,Apartament luminos cu 1 camere | Girocului,"Strada Salcamilor, Plavat, Timisoara, Timis",35000,1944,1,18
496,Apartament cu o cameră compartimentat,"Cetate, Timisoara, Timis",35500,1365,1,26
1618,Garsoniera Complex Studentesc,"Fabric, Timisoara, Timis",35500,1614,1,22
60,vând garsonieră moderna renovata recent,"Cetate, Timisoara, Timis",35500,1775,1,20
169,1 Cam-Girocului-1 Min Spital Judetean-Mobilat-Centrala-25MP-36.000Euro,"Calea Girocului, Timisoara, Timis",36000,1440,1,25
1576,"Investitie! Garsoniera 25 mp, zona Piata Badea Cartan","Piata Romailor, Fabric, Timisoara, Timis",36000,1440,1,25
1443,"Garsoniera, 22 mp, mobilata, zona Dorobantilor","Strada Lorena, Telegrafului, Timisoara, Timis",36000,1636,1,22
2444,"Garsoniera situata le etaj intermediar, Zona Telegrafului","Kogalniceanu, Timisoara, Timis",36000,1636,1,22
631,Lipovei - etaj 1 - mobilat si utilat - 36.000 Euro,"Araduluri Est, Timisoara, Timis",36000,1800,1,20
782,"Garsonieră, Calea Sever Bocu (Lipovei)","Cetate, Timisoara, Timis",36000,1800,1,20
1099,Garsoniera cu Centrala zona Calea Girocului,"Strada Salcamilor, Elisabetin, Timisoara, Timis",36000,1800,1,20
1540,"Garsoniera de 20 mp, zona Blascovici","Strada Ciobanului, Blascovici, Timisoara, Timis",36000,1800,1,20
2878,"Complex Studentesc, 1 camera, PRETABIL INVESTITII","Campus Universitar, Timisoara, Timis",36000,2000,1,18
226,"Garsoniera de 24 mp, zona Brad","Bulevardul General Ion Dragalina, Iosefin, Timisoara, Timis",36500,1521,2,24
2454,"Garsoniera moderna,etaj intermediar","Telegrafului, Timisoara, Timis",36900,1604,1,23
1098,Decomandat Iulius Mall,"Strada Macilor, Mehala, Timisoara, Timis",37000,1321,1,28
2888,Vand garsoniera zona Soarelui,"Cetate, Timisoara, Timis",37000,2313,1,16
77,OCAZIE!!! 1 camera decomandat Circumvalatiunii 37 900 euro,"Circumvalatiunii, Timisoara, Timis",37900,1516,1,25
2584,"Garsoniera de vanzare, 34 mp, semidecomandata, zona Iosefin","Strada Gheorghe Pop de Basesti, Iosefin, Timisoara, Timis",37999,1118,1,34
1256,Apartament 1 camera Iosefin,"Cetate, Timisoara, Timis",38000,905,1,42
1562,"Garsoniera de 28 mp, investitie, zona Mircea cel Batran","Strada Mircea cel Batran, Mehala, Timisoara, Timis",38000,1357,1,28
38,"Garsoniera, etaju 1, situata in zona Buziasului","Zona Soarelui, Timisoara, Timis",38000,1652,1,23
477,Bega Buziasului - Garsoniera - 22mp - Amenajata,"Ciarda Rosie, Timisoara, Timis",38000,1727,1,22
1345,"Garsoniera la parter, 21,5mp utili, zona Garii, pret NEGOCIABIL","Strada Nufar, Iosefin, Timisoara, Timis",38000,1767,1,21.5
108,Garsoniera Etaj 1 Bdul Dambovita 38.000 euro,"Bulevardul Dambovita, Dambovita, Timisoara, Timis",38000,1810,1,21
3087,"Garsoniera, 21 mp, etaj intermediar, pe malul Begai","Splaiul Nicolae Titulescu, Iosefin, Timisoara, Timis",38000,1810,1,21
2311,"Garsoniera de 21 mp, zona Buziasului","Intrarea Saturn, Ciarda Rosie, Timisoara, Timis",38500,1833,1,21
2735,Apartament cu 2 camere situat in zona Sagului,"Steaua, Timisoara, Timis",39000,1219,2,32
1362,"Apartament 1 cam. decomandat, Lipovei","Strada Martir Alexandru Grama, Lipovei / Calea Sever Bocu, Timisoara, Timis",39000,1500,1,26
362,Proprietar vand garsoniera zona Buziasului- AEM,"Cetate, Timisoara, Timis",39000,1773,1,22
2042,"Centrala termica proprie, ideal pentru investitie, Girocului.","Zona Timisoara Sud, Timisoara, Timis",39000,1773,1,22
2047,Etaj 1. Aproape de Universitatea Tibisus. Complex.,"Stadion, Timisoara, Timis",39000,1950,1,20
2955,Calea Sagului- 16 Decembrie- Apart 1 camera - 40 mp,"Elisabetin, Timisoara, Timis",39500,988,1,40
1638,Garsoniera de Vanzare | Zona Complex - Stadion | Etaj 1,"Stadion, Timisoara, Timis",39500,1580,1,25
543,Garsoniera buziasului,"Cetate, Timisoara, Timis",39500,1795,1,22
920,"Apartament cu o camera, centrala proprie, situat in zona Blascovici","Blascovici, Timisoara, Timis",39800,1658,1,24
2598,Garsoniera LUX Totul NOU,"Splaiul Nicolae Titulescu, Iosefin, Timisoara, Timis",39900,1814,1,22
2533,"Apartament la casa zona Iosefin, Neuromed - ID V4511","Odobescu, Timisoara, Timis",39990,1025,1,39
1276,"COMISION 0% Apartament 1 camera, zona Lipovei - ID V4963","Lipovei / Calea Sever Bocu, Timisoara, Timis",39990,1538,1,26
1831,Apartament cu 2 camere de vanzare,"Cetate, Timisoara, Timis",39999,800,2,50
1331,OPORTUNITATE! APARTAMENT 2 CAMERE BALCESCU 43 MP,"Strada Coriolan Baran, Elisabetin, Timisoara, Timis",40000,930,2,43
656,apartament de vanzare,"Cetate, Timisoara, Timis",40000,1053,1,38
1077,Vand apartament 1 camera,"Cetate, Timisoara, Timis",40000,1053,1,38
1023,"Apartament cu 2 camere,etaj intermediar, situat in zona Sagului","Steaua, Timisoara, Timis",40000,1333,2,30
2999,Piata Doina-2 camere-zona de interes,"Cetate, Timisoara, Timis",40000,1333,2,30
538,2Camere Sagului Et 3 40000euro,"Strada Gavril Musicescu, Fratelia, Timisoara, Timis",40000,1429,2,28
296,Apartament de 1 camere in zona Lipovei,"Lipovei / Calea Sever Bocu, Timisoara, Timis",40000,1538,1,26
602,Decomandat cu Centrala Iulius Mall,"Strada Martir Gabriela Tako, Lipovei / Calea Sever Bocu, Timisoara, Timis",40000,1538,1,26
1648,"Apartament cu o camera, zona Lipovei","Lipovei / Calea Sever Bocu, Timisoara, Timis",40000,1538,1,26
2043,"Etaj intermediar, recent renovata si mobilata. Buziasului.","Ciarda Rosie, Timisoara, Timis",40000,1739,1,23
663,Garsoniera / Lipovei,"Cetate, Timisoara, Timis",40000,1818,1,22
735,Garsonieră de vânzare zona Buziașului,"Cetate, Timisoara, Timis",40000,1905,1,21
396,Garsoniera 20mp Timișoara zona Centrala,"Cetate, Timisoara, Timis",40000,2000,1,20
1292,"Garsoniera cu centrala proprie, zona Aradului","Araduluri Est, Timisoara, Timis",40000,2105,1,19
2040,Bloc izolat exterior. Mobilat si utilat. Girocului.,"Zona Timisoara Sud, Timisoara, Timis",40500,1350,1,30
1118,"In apropiere de Shopping City, posibilitate montare centrala. Sagului","Steaua, Timisoara, Timis",40500,1446,1,28
2361,Vând apartament 1 camera,"Ciarda Rosie, Timisoara, Timis",40500,1841,1,22
1434,"Apartament o camera, in Iosefin, 32 mp","Strada Mangalia, Iosefin, Timisoara, Timis",41000,1281,1,32
1699,Apartament cu 2 camere situat in zona Sagului,"Steaua, Timisoara, Timis",41000,1367,2,30
831,Blascovici - Apart. 1 Cam. - Decomandat - Renovat recent,"Blascovici, Timisoara, Timis",41000,1464,1,28
178,"CI280 Apartament 1 camera,Sagului,centrala","Dambovita, Timisoara, Timis",41000,1640,1,25
1565,"Apartament de 2 camere, 30 mp, zona Sagului","Aleea Inului, Calea Sagului, Timisoara, Timis",41500,1383,2,30
2879,"Apartament cu doua camere, etaj intermediar, zona Sagului, piata Doina","Steaua, Timisoara, Timis",41500,1383,2,30
2909,Calea Șagului - apartament 2 camere - investiție,"Plavat, Timisoara, Timis",41500,1482,2,28
2687,"Sagului, 1 camera, zona linistita","Steaua, Timisoara, Timis",41500,1660,1,25
2059,Zona Lipovei. Amenajat! Aproape de mijloacele de transport.,"Lipovei / Calea Sever Bocu, Timisoara, Timis",41500,1804,1,23
2410,"Apartament cu 2 camere, situat in zona Sagului","Steaua, Timisoara, Timis",41900,1496,2,28
1739,"Apartament 1 camera la curte comuna, 38 mp, zona Iosefin COMISION 0% -","Solventul, Timisoara, Timis",41990,1105,1,38
2953,Apartament de vanzare in Timisoara,"Cetate, Timisoara, Timis",42000,1050,2,40
2763,"Stadion, 1 camera, SPATIOASA, PRETABIL INVESTITII","Cetate, Timisoara, Timis",42000,1400,1,30
1156,"Apartament 1 cam. decomandat, et.2, centrala proprie, Blascovici","Strada Veronica Micle, Blascovici, Timisoara, Timis",42000,1615,1,26
1114,Apartament cu 1 camera \/ Zona Complex,"Strada Miorita, Fabric, Timisoara, Timis",42000,1680,1,25
2807,LUX Totul NOU cu Centrala,"Splaiul Nicolae Titulescu, Iosefin, Timisoara, Timis",42000,2000,1,21
816,"Garsoniera complet mobilata si utilata, zona Sagului","Steaua, Timisoara, Timis",42500,1771,1,24
980,Apartament luminos cu 2 camere | Sagului,"Strada Harniciei, Calea Sagului, Timisoara, Timis",42900,1532,2,28
2055,"Zona Blascovici, decomandat, aer conditionat.","Blascovici, Timisoara, Timis",42920,1332,1,32.23
1893,Apartament 1 camera cu centrala proprie- Zona Lipovei,"Strada Divizia 9 Cavalerie, Antene, Timisoara, Timis",42990,1720,1,25
1691,"Apartament cu 2 camere, decomandat, situat in zona Balcescu","Elisabetin, Timisoara, Timis",43000,1000,2,43
460,Apartament 1 camera,"Cetate, Timisoara, Timis",43000,1194,1,36
605,Apartament 1-2 Camere | Zona Lunei - Fabric,"Lunei, Timisoara, Timis",43000,1536,1,28
28,Apartament luminos cu 2 camere | Lunei,"Strada Torac, Calea Buziasului, Timisoara, Timis",43000,1720,1,25
39,"Lunei, 2 camere, etaj intermediar, MODEL DEOSEBIT","Lunei, Timisoara, Timis",43000,1720,2,25
103,"Proprietar vand apartament 25 mp, zona Lunei","Cetate, Timisoara, Timis",43000,1720,1,25
179,Vand apartament 2 camere - 25 mp,"Cetate, Timisoara, Timis",43000,1720,2,25
2057,Amenajat. Centrala proprie. Etaj 2.,"Lipovei / Calea Sever Bocu, Timisoara, Timis",43000,1720,1,25
521,Etaj 1. Simion Barnutiu.,"Badea Cartan, Timisoara, Timis",43000,2048,1,21
1675,Calea Sagului - Ap. 1 cam. - Decomandat - 36mp - Amenajat,"Elisabetin, Timisoara, Timis",43500,1208,1,36
683,"Apartament cu 2 camere, zona Sagului","Steaua, Timisoara, Timis",43500,1450,2,30
1129,"Zona Iosefin, 1 camera langa Kaufland. Etaj 2. Renovat complet.","Iosefin, Timisoara, Timis",43500,1611,1,27
1724,"Apartament cu o camera, etaj intermediar, zona Iosefin","Iosefin, Timisoara, Timis",43500,1611,1,27
719,Calea Sagului- Muzicescu- Apartament 2 camere- Renovat,"Dambovita, Timisoara, Timis",43900,1568,2,28
972,Apartament luminos cu 1 camera | Buziasului,"Strada Sudului, Calea Buziasului, Timisoara, Timis",43990,1375,1,32
1012,Proprietar vând ap 2 camere - zona Sagului,"Cetate, Timisoara, Timis",44000,1333,2,33
1719,Lipovei – Iulius Mall – Garsoniera,"Strada Holdelor, Lipovei / Calea Sever Bocu, Timisoara, Timis",44000,2200,1,20
2356,"Apartament 1 camera, decomandat, zona Dambovita Comision 0% - ID V4670","Calea Sagului, Timisoara, Timis",44490,1483,1,30
1697,Apartament cu 2 camere situat in zona Sagului,"Steaua, Timisoara, Timis",44500,1483,2,30
3046,"Persoana Fizica, Apartament 2 camere, zona Sagului","Cetate, Timisoara, Timis",44500,1483,2,30
1992,Apartament cu doua camere Ronat,"Ronat, Timisoara, Timis",45000,1184,2,38
298,Vand apartament cu o camera zona Dambovita IuliuManiu mobilat utilat,"Cetate, Timisoara, Timis",45000,1216,1,37
3012,Piata Doina-2 camere-zona de interes,"Cetate, Timisoara, Timis",45000,1364,2,33
62,vând apartament cu o camera decomandat / 32 mp utili + balcon închis,"Cetate, Timisoara, Timis",45000,1406,1,32
2604,Vand apartament in Zona Calea Sagului,"Cetate, Timisoara, Timis",45000,1406,2,32
1507,"Garsoniera decomandata, 30 mp, zona Sagului","Strada Lev Tolstoi, Odobescu, Timisoara, Timis",45000,1500,1,30
3027,"Apartamente cu 1 camera in zona Braytim, bloc nou, finisaje premium","Cetate, Timisoara, Timis",45000,1500,1,30
3008,SAgului-2camere-zona de interes,"Steaua, Timisoara, Timis",45000,1607,2,28
1174,CM322 1 Camera | CURTE COMUNA | Balcescu,"Odobescu, Timisoara, Timis",45000,1667,1,27
1473,"Garsoniera 27 mp, decomandat, Mircea Cel Batran","Strada Martir Petre Domasneanu, Mircea Cel Batran, Timisoara, Timis",45000,1667,1,27
2320,"Garsoniera de 24 mp, etaj intermediar, Calea Urseni","Strada Divizia 9 Cavalerie, Antene, Timisoara, Timis",45000,1875,1,24
3036,"Apartament cu 1 camera, zona Lipovei, Centrala proprie","Lipovei / Calea Sever Bocu, Timisoara, Timis",45000,1875,1,24
497,Garsoniera strada Lorena ( Badea Cartan) renovata total,"Cetate, Timisoara, Timis",45000,2045,1,22
1900,"Gara de Nord, 1 camera, PRELUARE CHIRIAS","Iosefin, Timisoara, Timis",45000,2250,1,20
3191,Garsoniera langa Isho cu balcon 4 mp,"Araduluri Est, Timisoara, Timis",45000,2500,1,18
639,"Apartament deosebit, 2cam. construit pe doua niveluri, Blascovici","Strada Veronica Micle, Blascovici, Timisoara, Timis",45500,1264,2,36
1392,"Apartament 2 camere, semidecomandat, SAGULUI","Strada Harniciei, Calea Sagului, Timisoara, Timis",45500,1300,2,35
2319,"Apartament 2 camere, 35 mp, etaj intermediar, zona Sagului","Strada Gavril Musicescu, Fratelia, Timisoara, Timis",45500,1300,2,35
1645,Disponibil imediat. Etaj 2. Ideal pt investitie. Sagului.,"Elisabetin, Timisoara, Timis",45500,2068,1,22
2280,"Dambovita - Apartament 2 camere, decomandat, centrala proprie","Dambovita, Timisoara, Timis",45990,1095,2,42
1492,"Apartament de 2 camere, 43 mp, zona Dambovita","Bulevardul Dambovita, Dambovita, Timisoara, Timis",46000,1070,2,43
2986,Dambovita-2 camere-centrala proprie-decomandat,"Iosefin, Timisoara, Timis",46000,1070,2,43
983,Apartament luminos cu 2 camere | Sagului,"Strada Gavril Musicescu, Fratelia, Timisoara, Timis",46000,1314,2,35
1531,"Garsoniera cocheta, 31 mp, zona Braytim","Bulevardul Sudului, Zona Soarelui, Timisoara, Timis",46000,1484,1,31
652,"Apartament cu 1 camera, centrala proprie, situat in zona Sagului","Steaua, Timisoara, Timis",46000,1586,1,29
287,Apartament cu 1 camera in zona lipovei,"Iosefin, Timisoara, Timis",46000,1643,1,28
336,"CI278 Apartament 1 camera,renovat,Lipovei","Lipovei / Calea Sever Bocu, Timisoara, Timis",46000,1643,1,28
604,LUX Etaj Intermediar Iulius Mall,"Strada Silistra, Lipovei / Calea Sever Bocu, Timisoara, Timis",46000,1643,1,28
1017,Apartament SPATIOS cu o camera | Bd Dambovita | comision 0,"Bulevardul Dambovita, Iosefin, Timisoara, Timis",46000,1691,1,27.2
223,CM498 1 Camera | Etaj 1 | Girocului,"Plavat, Timisoara, Timis",46000,1704,1,27
369,Garsonieră confort 1 Decomandată.,"Dorobantilor, Timisoara, Timis",46000,1704,1,27
2424,"Lipovei, 1 camera, CENTRALA PRORPIE","Lipovei / Calea Sever Bocu, Timisoara, Timis",46000,1840,1,25
1286,Apartament 1 camera zona strazii Timocului,"Cetate, Timisoara, Timis",46500,1011,1,46
3202,Apartament cu 3 camere situat in zona Sagului,"Steaua, Timisoara, Timis",46500,1163,3,40
726,Calea Sagului- Muzicescu- Apartament 2 camere- Renovat,"Plavat, Timisoara, Timis",46500,1661,2,28
646,Cu Centrala Proprie aproape de Complexul Studentesc,"Strada Noua, Lunei, Timisoara, Timis",46500,1722,1,27
1921,Apartament cu 2 camere in zona Dambovita ( Piata Aurora/Flavia ),"Calea Sagului, Timisoara, Timis",47000,940,2,50
519,Apartament 1 Camera cu Centrala Etaj 2,"Strada Adam Minckiewics, Ronat, Timisoara, Timis",47000,1175,1,40
533,Vand apartament cu o camera,"Ronat, Timisoara, Timis",47000,1175,2,40
1725,Apartament cu doua camere Ronat,"Ronat, Timisoara, Timis",47000,1237,2,38
3109,"Apartament cu 2 camere in zona Steaua, semidecomandat","Steaua, Timisoara, Timis",47000,1270,2,37
1465,"Garsoniera de 33 mp, decomandata, Girocului","Strada Martir Stefan Maris, Calea Girocului, Timisoara, Timis",47000,1424,1,33
1485,"Apartament 2 camere, 33 mp, mobilat/utilat, Sagului","Strada Gavril Musicescu, Calea Sagului, Timisoara, Timis",47000,1424,2,33
101,CI281 Apartament 1 camera Dorobantilor,"Dorobantilor, Timisoara, Timis",47000,1469,1,32
151,Apartament 1 cameră,"Cetate, Timisoara, Timis",47000,1567,1,30
87,Apartament luminos cu o camera | Girocului,"Plavat, Timisoara, Timis",47000,1880,1,25
233,"Apartament cu 1camera in CF + 1 camera extra CF, decomandat,...","Strada Andrei Saguna, Fabric, Timisoara, Timis",47500,1188,1,40
2913,Steaua - 2 camere- parter - mobilat/utilat,"Steaua, Timisoara, Timis",47500,1250,2,38
1185,Apartament 2 Camere | De Vanzare | Zona Sagului | Renovat,"Fratelia, Timisoara, Timis",47500,1439,2,33
2546,Apartament cu 1 camera si balcon in zona Braytim,"Mehala, Timisoara, Timis",47500,1532,1,31
2379,"Apartament cu 2 camere complet mobilat si utilat, centrala proprie, si","Freidorf, Timisoara, Timis",47990,1066,2,45
2631,"Apartament cu o camera, Zona Dambovita","Iosefin, Timisoara, Timis",48000,1412,1,34
31,Apartament cu o camera | Take Ionescu,"Strada Titan, Tipografilor, Timisoara, Timis",48000,1548,1,31
2843,Apartamente cu 1 camera in Braytim. Etaj intermediar.,"Cetate, Timisoara, Timis",48000,1548,1,31
2967,"Apartament cu 1 camera, Lipovei, etaj intermediar","Lipovei / Calea Sever Bocu, Timisoara, Timis",48000,1920,1,25
301,Propietar garsoniera TImisoara zona Lipovei,"Cetate, Timisoara, Timis",48000,2000,1,24
1846,Iosefin - Ap. 2 camere - Decomandat - 51mp - Renovat,"Iosefin, Timisoara, Timis",48500,951,2,51
1616,"Apartament de 2 camere cu o suprafata de 35 de mp, parter, zona AEM","Strada Martir Marius Nemtoc, Ciarda Rosie, Timisoara, Timis",48500,1386,2,35
2917,"Apartament 2 camere, parter, zona Buziasului","Zona Soarelui, Timisoara, Timis",48500,1386,2,35
1678,Lipovei – Garsoniera,"Calea Sever Bocu, Araduluri Est, Timisoara, Timis",48500,1796,1,27
2058,Lipovei. Etaj 3. Disponibil imediat.,"Lipovei / Calea Sever Bocu, Timisoara, Timis",48500,1796,1,27
2369,"Apartament RENOVABIL, 2 camere, Calea Sagului","Strada Giuseppe Verdi, Calea Sagului, Timisoara, Timis",49000,1167,2,42
912,"Apartament cu o camera, decomandat, centrala proprie, situat in zona F","Freidorf, Timisoara, Timis",49000,1289,1,38
1081,"Apartament 38 mp, centrala proprie, zona Ronat","Strada Grigore Ureche, Ronat, Timisoara, Timis",49000,1289,2,38
2112,"Apartamente cu 1 si 2 camere. Decomandat, cu bucatarie inchisa in Bray","Cetate, Timisoara, Timis",49000,1441,1,34
2670,"Apartamente cu 1 si 2 camere, bucatarie inchisa zona Braytim. Finaliza","Cetate, Timisoara, Timis",49000,1441,1,34
2565,Piata Doina-2 camere-zona de interes,"Cetate, Timisoara, Timis",49000,1581,2,31
928,"Apartament cu 3 camere, decomandat, situat in zona Buziasului","Zona Soarelui, Timisoara, Timis",49500,990,3,50
1452,"Apartament cu 2 camere, 43 mp, etaj intermediar, Sagului","Strada Gheorghe Ranetti, Calea Sagului, Timisoara, Timis",49500,1151,2,43
1222,"SC003 Apartament 2 camere, necesita renovari, Sagului","Dambovita, Timisoara, Timis",49500,1179,2,42
2285,( Schimb) ( Vând) Apartament 2 camere,"Cetate, Timisoara, Timis",49500,1179,2,42
312,"SC010 Apartament 1 camera transf in 2, Ronat","Ronat, Timisoara, Timis",49500,1238,2,40
1213,"AX408 Girocului, mobilat-utilat, centrala proprie","Blascovici, Timisoara, Timis",49500,1238,1,40
19,Decomandat Etaj Intermediar Calea Girocului,"Calea Martirilor 1989, Calea Girocului, Timisoara, Timis",49500,1303,1,38
2998,Piata Doina-2 camere-zona de interes,"Cetate, Timisoara, Timis",49500,1500,2,33
2041,Girocului. Etaj intermediar. Decomandat. Bloc izolat.,"Calea Girocului, Timisoara, Timis",49500,1547,1,32
1084,"Garsoniera 27mp, confort 1, Calea Lipovei","Strada Verde, Lipovei / Calea Sever Bocu, Timisoara, Timis",49500,1833,1,27
2557,Apartament mobilat,"Plavat, Timisoara, Timis",49800,1509,2,33
2471,"Apartament 2 camere, zona Blascovici, 49.900 euro","Gara Nord, Timisoara, Timis",49900,1248,2,40
892,CM450 Apartament 1 camera | Decomandat | Fraidorf,"Freidorf, Timisoara, Timis",49900,1313,1,38
949,Apartament cu o camera la mansarda | Soarelui,"Bulevardul Sudului, Zona Soarelui, Timisoara, Timis",49900,1386,1,36
1722,Spatios Iulius Mall,"Strada Timis, Circumvalatiunii, Timisoara, Timis",49900,1426,1,35
2499,Sagului - 3 camere - Centrala Proprie - 49900 Euro,"Elisabetin, Timisoara, Timis",49900,1468,3,34
1247,Apartament 2 Camere | De Vanzare | Zona Sagului | Renovat,"Odobescu, Timisoara, Timis",49990,1483,2,33.7
1394,"Apartament 2 camere, centrala, zona Sagului","Strada Gavril Musicescu, Calea Sagului, Timisoara, Timis",49999,1429,2,35
943,Apartament decomandat cu 2 camere si vedere catre Bega | Iosefin,"Iosefin, Timisoara, Timis",50000,833,3,60
2765,Baile Herculane apart. cu 2 camere decomandat langa strand Sara Son's,"Cetate, Timisoara, Timis",50000,1000,2,50
1551,"Apartament 2 camere, 43 mp, zona Freidorf","Intrarea Virgil Simionescu, Freidorf, Timisoara, Timis",50000,1163,2,43
3093,"Apartament cu 2 camere, semidecomandat, etajul 4/4, Zona Freidorf","Calea Sagului Parc Industrial, Timisoara, Timis",50000,1163,2,43
120,apartament cu 1 camera,"Cetate, Timisoara, Timis",50000,1250,1,40
285,"Apartament 1 camera,utilat si mobilat, zona de sud a orasului","Cetate, Timisoara, Timis",50000,1250,1,40
911,"Apartament cu 2 camere, zona Sagului","Steaua, Timisoara, Timis",50000,1250,2,40
1841,KIRIAC - Ap. 2 camere - Decomandat - CT. Proprie,"Odobescu, Timisoara, Timis",50000,1282,2,39
442,Etajul 2. Disponibil imediat. Zona linistita. Dambovita.,"Calea Sagului, Timisoara, Timis",50000,1316,2,38
3074,Apartament 1 Camera Girocului,"Strada Iovan Sterja Popovici, Calea Girocului, Timisoara, Timis",50000,1351,1,37
2197,"Apartament o camera (SAD), zona Kogalniceanu","Dorobantilor, Timisoara, Timis",50000,1389,1,36
2284,"Apartament cu 1 cameră (SAD), sup. 36 mp, complet mobilat","Cetate, Timisoara, Timis",50000,1389,1,36
2920,"ap.1 camera, 36 mp, zona Aradului, la 10 min de mers pe jos la MALL","Araduluri Est, Timisoara, Timis",50000,1389,1,36
553,Apartament nou cu o camera,"Cetate, Timisoara, Timis",50000,1667,2,30
1130,"Central - Piata 700, apartament in bloc izolat termic","Cetate, Timisoara, Timis",50000,1786,1,28
2881,"Take Ionescu, 1 cam, ZONA EXCELENTA","Cetate, Timisoara, Timis",50000,1786,1,28
2004,"Apartament 2 camere, bloc nou, Plopi","Calea Buziasului, Timisoara, Timis",50138,1090,2,46
1715,Apartament 2 Camere | De Vanzare | Musicescu,"Plavat, Timisoara, Timis",50500,1443,2,35
2834,"Apartament cu 2 camere, Take Ionescu","Cetate, Timisoara, Timis",51000,927,2,55
1892,"3 Proprietari,( frați) ,Ap. 3 camere,confort 3,et.4,semidecomandat","Fratelia, Timisoara, Timis",51000,1109,2,46
1317,Apartament 1 cameră | parter | loc de parcare | zona Braytim,"Fratelia, Timisoara, Timis",51000,1457,1,35
1889,"3 camere cu centrala .... Sagului , etajul 3 ... 51000 euro","Plavat, Timisoara, Timis",51000,1457,3,35
1570,"Garsoniera de 34 mp, balcon, zona Calea Urseni","Strada Neajlov, Ciarda Rosie, Timisoara, Timis",51000,1500,1,34
2501,"Apartamente cu 1 camera, centrala proprie, finisaje la alegere, zona B","Cetate, Timisoara, Timis",51000,1500,1,34
528,Ap. 1camera Circumvalatiunii,"Cetate, Timisoara, Timis",51000,1545,1,33
1128,"Dambovita, eaj 1. Decomandat. Centrala proprie.","Iosefin, Timisoara, Timis",51000,1594,1,32
1937,"Etaj 1, mobilat si utilat, cu posibilitate montare centrala. Sagului.","Calea Sagului, Timisoara, Timis",51000,1594,2,32
694,Vând apartament o camera circumvalatiunii,"Cetate, Timisoara, Timis",51000,1645,1,31
1731,"Centru, 1 camera, pretabil investitii, ETAJ INTERMEDIAR","Cetate, Timisoara, Timis",51000,2125,1,24
1945,Apartament cu 2 camere in zona Sagului,"Steaua, Timisoara, Timis",51500,1170,2,44
1503,"Apartament de 2 camere, 34 mp, zona Sagului","Strada Gavril Musicescu, Fratelia, Timisoara, Timis",51500,1515,2,34
338,"CI273 Apartament 1 camera Sagului,renovat","Elisabetin, Timisoara, Timis",51500,1717,1,30
1833,"Apartament o camera, 38mp, zona Simion Barnutiu","Dorobantilor, Timisoara, Timis",51900,1366,1,38
1896,51 900 euro!!! Apartament 1 camera Simion Barnutiu,"Modern, Timisoara, Timis",51900,1366,1,38
174,"Apartament 2 camere, 56 mp, zona Girocului","Strada Constantin Brailoiu, Calea Girocului, Timisoara, Timis",52000,929,2,56
1967,Zona Musicescu ap cu terasa si curte,"Cetate, Timisoara, Timis",52000,1040,2,50
2464,Freidorf- 2 camere-50 mp - renovat,"Freidorf Parc Industrial, Timisoara, Timis",52000,1040,2,50
3059,Apartament la casa,"Cetate, Timisoara, Timis",52000,1106,1,47
305,Apartament luminos cu 2 camere | Calea Sagului,"Strada Frunzei, Calea Sagului, Timisoara, Timis",52000,1238,2,42
2131,Zona Iosefin. Amenajat. Mobilat si utilat.,"Iosefin, Timisoara, Timis",52000,1253,2,41.5
2935,"Apartament decomandat cu 1 camera, zona Odobescu","Elisabetin, Timisoara, Timis",52000,1268,1,41
1031,2 camere Girocului et 5 52000euro,"Strada Pepinierei, Zona Soarelui, Timisoara, Timis",52000,1300,2,40
2889,"Apartament cu o camera ,Calea Sagului","Steaua, Timisoara, Timis",52000,1368,1,38
3220,"Apartament 1 camera, central, 35mp, Timisoara, zona Sinaia/Maria","Cetate, Timisoara, Timis",52000,1486,1,35
724,CM468 Apartament 1 camera | LIPOVEI,"Lipovei / Calea Sever Bocu, Timisoara, Timis",52000,1576,1,33
734,Apartament 1 camera Lipovei,"Cetate, Timisoara, Timis",52000,1576,1,33
746,"CI273 Apartament 1 camera,Sagului,renovat","Calea Sagului, Timisoara, Timis",52000,1733,1,30
371,Apartament de vanzare cu 2 camere,"Cetate, Timisoara, Timis",52500,972,2,54
2302,"Garsoniera decomandata, 40 mp, Sagului","Strada Gradinii, Calea Sagului, Timisoara, Timis",52500,1313,1,40
264,"Apartament 39 mp, imobil nou, lift, zona Torontalului","Strada Martin Gemeinhardt, Timisoara, Timis",52650,1350,1,39
467,"Investitia perfecta! Apartament cu o camera, 39 mp utili - Calea...","Calea Torontalului, Aradului West, Timisoara, Timis",52900,1356,1,39
2061,Apartament 2 camere I Etaj 1 - Renovat in 2022- Zona Sagului,"Strada Gavril Musicescu, Calea Sagului, Timisoara, Timis",52900,1603,2,33
811,"Apartament o camera, parter inalt, zona Lunei","Lunei, Timisoara, Timis",52900,1763,1,30
883,"Lunei, 1 camera, RENOVATA, PRETABIL INVESTITII","Lunei, Timisoara, Timis",52900,1763,1,30
2971,"Apartamente cu o camera, Torontalului","Circumvalatiunii, Timisoara, Timis",52933,1357,1,39
1899,COMPLEXUL STUDENTESC - 2 cam - pretabil pentru investitie,"Campus Universitar, Timisoara, Timis",52990,1262,2,42
1815,Apartament 1 Camera | Zona Centrala - Medicina |,"Cetate, Timisoara, Timis",52990,1559,1,34
83,"Piata Doina - Apartament 2 Camere, etaj 1","Plavat, Timisoara, Timis",52999,1656,2,32
916,Lunei - Apartament 1 Camera,"Lunei, Timisoara, Timis",52999,1893,1,28
98,Vand apartament cu 1 camera Timisoara,"Cetate, Timisoara, Timis",53000,1128,1,47
1181,"Apartament cu 1 camera, confort 1 sporit in zona Iosefin","Iosefin, Timisoara, Timis",53000,1128,1,47
63,vând apartament cu doua camere modern amenajat cu centrala,"Cetate, Timisoara, Timis",53000,1233,2,43
1281,Apartament 2 camere zona Dacia,"Cetate, Timisoara, Timis",53000,1233,2,43
29,Ieftin Complex Studentesc Olimpia,"Strada Prof. A. Paunescu-Podeanu, Stadion, Timisoara, Timis",53000,1262,2,42
1268,2 camere zona Stadion-Complex Studentesc,"Strada Prof. A. Paunescu-Podeanu, Stadion, Timisoara, Timis",53000,1262,2,42
778,"Apartament 2 camere, nedecomandat, zona Olimpia Stadion","Cetate, Timisoara, Timis",53000,1395,2,38
1231,"Apartament cu 2 camere, zona Dacia","Araduluri Est, Timisoara, Timis",53000,1395,2,38
3118,"Apartament decomandat, 37 mp - Calea Urseni","Strada Dimitrie Dinicu, Ciarda Rosie, Timisoara, Timis",53000,1432,1,37
649,Vând Apartament calea sagului 2 camera,"Cetate, Timisoara, Timis",53000,1514,2,35
153,Proprietar-2 Cam-Nou 2023-Spital Judetean-7 Min Centru-34MP-53.000Euro,"Calea Girocului, Timisoara, Timis",53000,1559,2,34
1789,"Apartament 2 camere, Calea Sagului,Ideal pentru investitie","Steaua, Timisoara, Timis",53000,1656,2,32
745,"Decomandat, mobilat si utilat nou, in bloc izolat","Strada Gheorghe Ranetti, Odobescu, Timisoara, Timis",53000,1710,1,31
587,"Zona Sagului .. 53000 euro .. 1 camera, S= 30 ... mobilat si utilat","Calea Sagului, Timisoara, Timis",53000,1767,1,30
998,"Apartament cu 1 camera de vânzare,zona Lunei","Cetate, Timisoara, Timis",53000,1767,1,30
1701,Apartament cu 2 camere situat in zona Sagului,"Steaua, Timisoara, Timis",53000,1767,2,30
571,"Apartament cu o camera, mobilat/utilat, zona Lunei","Strada Emilia Puhallo Lungu, Lunei, Timisoara, Timis",53000,1893,2,28
2009,Aproape de P-TA Dacia. Disponibil imediat.,"Circumvalatiunii, Timisoara, Timis",53500,1244,2,43
2212,Balcescu - Ap. 2 camere la Vila- 40 mp,"Elisabetin, Timisoara, Timis",53500,1338,2,40
777,"Apartament 2 camere, aproape de Shopping City","Fratelia, Timisoara, Timis",53890,1585,2,34
1458,"APARTAMENT 2 CAMERE, 38 MP, PARTER INALT, CALEA SAGULUI","Strada Ana Ipatescu, Fratelia, Timisoara, Timis",53900,1418,2,38
2957,"Apartament 2 camere in zona Sagului, etaj 4/4-P14820","Iosefin, Timisoara, Timis",53990,1421,2,38
90,"Apartament 3 Camere, Jimbolia, 70mp","Strada Sinaia, Blascovici, Timisoara, Timis",54000,771,3,70
992,Apartament decomandat cu 2 camere situat in zona Dambovita,"Iosefin, Timisoara, Timis",54000,1019,2,53
2097,Apartament 2 Camere | Etaj 4/4 | Intrarea Umbroasa Dacia,"Circumvalatiunii, Timisoara, Timis",54000,1256,2,43
1501,"Apartament de 2 camere, 41 mp, zona Iosefin","Strada Platanilor, Iosefin, Timisoara, Timis",54000,1317,2,41
801,"Apartament cu 2 camere, Timisoara, Sagului","Elisabetin, Timisoara, Timis",54000,1350,2,40
657,Vand apartamente la cheie 1 camere BRAYTIM dezvoltator imobiliar,"Cetate, Timisoara, Timis",54000,1459,1,37
2861,"Apartament 1 camere, Sagului , Lacului , Centrala proprie , bloc 2007","Strada Filateliei, Calea Sagului, Timisoara, Timis",54000,1588,1,34
48,OCAZIE !!! Apartament 1 camera decomandat PIATA MARASTI,"Cetate, Timisoara, Timis",54000,1742,1,31
24,Apartament 1 camere- Aradului- la 2 minute de Iulius Mall,"Cetate, Timisoara, Timis",54000,1800,2,30
383,"SX202, Timisoara, Torontalului, Finisate la Cheie","Timisoara, Timis",54257,1350,1,40.19
2021,Circumvalatiunii – Apartament 1 Camera – Amenajat,"Circumvalatiunii, Timisoara, Timis",54300,1810,1,30
1360,"Apartament cu 2 camere, 2 bai, etajul 1, BLASCOVICI","Strada Maslinului, Blascovici, Timisoara, Timis",54320,1132,2,48
1112,Apartament 2 Camere | Mansarda | Zona Sagului,"Calea Sagului, Timisoara, Timis",54500,1028,2,53
469,AV135 | Apartament 2 camere | Blascovici 48 mp,"Cetate, Timisoara, Timis",54500,1135,2,48
2870,"Apartament cu o camera, centrala proprie, zona Dambovita","Iosefin, Timisoara, Timis",54500,1363,1,40
3136,"Apartament cu o camera, Zona Freidorf","Freidorf, Timisoara, Timis",54500,1473,1,37
1079,"Apartament 2 camere, parter inalt, Calea Sagului","Strada Gavril Musicescu, Calea Sagului, Timisoara, Timis",54500,1703,2,32
1323,DEZVOLTATOR | 2 CAMERE | PISCINA | PARC | CARTIER MAGHERU | TIMISOARA,"Strada General Magheru, Campului, Timisoara, Timis",54696,1200,2,45.58
748,"LX012 Complexul Studentesc, Mobilat si Utilat, Amenajari Moderne","Calea Buziasului, Timisoara, Timis",54900,1277,2,43
1814,Apartament mobilat si utilat in zona Complexului Studentesc,"Fabric, Timisoara, Timis",54900,1277,2,43
1886,"Garsoniera 23 mp langa Opera, Ultracentral Timisoara","Cetate, Timisoara, Timis",54990,2391,1,23
2366,Apartament cu 2 camere perfect pentru investitie in zona Braytim,"Calea Buziasului, Timisoara, Timis",54999,1078,2,51
193,Vând Apartament Decomandat,"Cetate, Timisoara, Timis",55000,733,2,75
303,Apartament Utvin,"Lunei, Timisoara, Timis",55000,846,3,65
2950,"Apartament 2 camere, decomandat, Zona Traian","Fabric, Timisoara, Timis",55000,887,2,62
1089,Vand sau schimb apartament 2 camere timisoara,"Freidorf Parc Industrial, Timisoara, Timis",55000,917,2,60
835,Calea Urseni - 2 Camere - Etajul 2 - Finisaje la alegere,"Cetate, Timisoara, Timis",55000,1000,2,55
2211,"Apartamente in zona Braytim, 900 euro\/mp, disponibilitate la fiecare","Ciarda Rosie, Timisoara, Timis",55000,1000,2,55
2348,"Apartamente in zona Calea Urseni, 900 euro\/mp, disponibilitate la fi","Ciarda Rosie, Timisoara, Timis",55000,1000,2,55
1325,Apartament cu 2 camere \/ MOBILAT \/ decomandat,"Strada Martir Alex. Ferkel-Suteu, Plavat, Timisoara, Timis",55000,1058,2,52
2243,Apartament cu 2 camere in zona Spitalului Judetean,"Plavat, Timisoara, Timis",55000,1058,2,52
1133,"Apartament cu 2 camere, semidecomandat, situat in zona Sinaia","Blascovici, Timisoara, Timis",55000,1078,2,51
2293,"Apartament cu 2 camere, 50 mp, parter, Freidorf","Strada Polona, Freidorf Parc Industrial, Timisoara, Timis",55000,1100,2,50
1760,"Apartament 1 camera, 47 mp, etaj 1, zona Iosefin","Strada Ioszef Preyer, Iosefin, Timisoara, Timis",55000,1170,1,47
1334,APARTAMENT 2 CAMERE ZONA Dacia,"Strada Timis, Circumvalatiunii, Timisoara, Timis",55000,1279,2,43
1751,Vand apartament 2 camere zona Dacia,"Cetate, Timisoara, Timis",55000,1279,2,43
2911,"Apartament 2 camere, mansarda, Complexul Studentesc","Campus Universitar, Timisoara, Timis",55000,1310,2,42
1481,"Apartament la casa de 2 camere, 40 mp, teren 75 mp, Spitalul Judetean","Strada Cozia, Elisabetin, Timisoara, Timis",55000,1375,2,40
3203,"Apartament cu 2 camere, loc de parcare inclus, finisaje de calitate, l","Telegrafului, Timisoara, Timis",55000,1375,2,40
2890,"Girocului - Padurice, 2 camere, etaj 4/5, mobilat si utilat, logie!","Strada Pepinierei, Calea Girocului, Timisoara, Timis",55000,1434,2,38.35
325,"Dacia, 2 camere, Nerenovat","Strada Dropiei, Circumvalatiunii, Timisoara, Timis",55000,1447,2,38
357,Apartament cu două camere pe Măslinului.,"Blascovici, Timisoara, Timis",55000,1447,2,38
8,"Apartamente cu o camera, 37 mp utili, loc de parcare inclus","Steaua, Timisoara, Timis",55000,1486,1,37
317,"LX056 Studio Ciarda Rosie, curte 14 mp","Ciarda Rosie, Timisoara, Timis",55000,1486,1,37
144,Vând Apartament 2 Camera Calea sagului Shopping City,"Cetate, Timisoara, Timis",55000,1571,2,35
1667,Lipovei \/ Apartament cu 2 camere,"Calea Sever Bocu, Araduluri Est, Timisoara, Timis",55000,1571,2,35
485,vand apartament cu o camera,"Cetate, Timisoara, Timis",55000,1618,1,34
542,CM477 Apartament 1 camera | IOSEFIN,"Iosefin, Timisoara, Timis",55000,1618,1,34
2338,"Apartmaent cu 1 camera, 34 mp, demisol, Medicina","Piata Eftimie Murgu, Cetate, Timisoara, Timis",55000,1618,1,34
2524,"Apartament o camera, 34mp, zona Medicina","Araduluri Est, Timisoara, Timis",55000,1618,1,34
1374,"Apartament DE VANZARE, 2 camere, 33mp utili, zona Sagului","Calea Sagului, Calea Sagului, Timisoara, Timis",55000,1667,2,33
522,Bloc izolat exterior. Etaj intermediar. Decomandat. Girocului.,"Zona Timisoara Sud, Timisoara, Timis",55000,1719,1,32
1837,"Garsoniera cu loc de parcare in curte securizata, in zona Ultracentral","Cetate, Timisoara, Timis",55000,2292,1,24
3233,Apartament cu o camera de vanzare in Complexul Studentesc,"Campus Universitar, Timisoara, Timis",55200,1577,1,35
1319,"2 CAMERE, ETAJ 2, SAGULUI!","Strada Gradinii, Calea Sagului, Timisoara, Timis",55900,1331,2,42
1493,"Apartament de 2 camere, 52 mp, zona Girocului","Strada Maresal Alexandru Averescu, Plavat, Timisoara, Timis",56000,1077,2,52
2724,"Apartament cu 2 camere, decomandat, 5/5(mansarda), Zona Girocului","Calea Girocului, Timisoara, Timis",56000,1098,2,51
1158,"Apartament 2 camere, complet mobilat, zona Freidorf","Strada Polona, Freidorf Parc Industrial, Timisoara, Timis",56000,1120,2,50
1349,"Apartament 2 camere, etaj intermediar, zona Rusu Sireanu","Strada Hebe, Odobescu, Timisoara, Timis",56000,1217,2,46
3064,Badea Cartan – Apartament 2 Camere – Renovat,"Piata Badea Cartan, Badea Cartan, Timisoara, Timis",56000,1244,2,45
579,Apartament 2 Camere | Complexul Studentesc | Ideal pentru Investitie,"Stadion, Timisoara, Timis",56000,1302,2,43
1530,"Garsoniera cocheta, 43 mp, decomandata, Braytim","Strada Sirius, Zona Soarelui, Timisoara, Timis",56000,1302,1,43
2896,"Girocului - Padurice, 2 camere, an 2016, mobilat si utilat, centrala!","Strada Pepinierei, Calea Girocului, Timisoara, Timis",56000,1302,2,43.02
1686,"Zona Sagului, mobilat si utilat, cu centrala proprie.","Calea Sagului, Timisoara, Timis",56000,1333,2,42
3224,"Apartament cu 2 camere, decomandat, zona Sagului","Steaua, Timisoara, Timis",56000,1400,2,40
2937,"Apartament 2 camere, nedecomandat, Olimpia-Stadion","Cetate, Timisoara, Timis",56000,1474,2,38
1178,CM410 2 Camere | SAGULUI,"Elisabetin, Timisoara, Timis",56000,1600,2,35
819,Apartament 2 camere,"Cetate, Timisoara, Timis",56500,1046,2,54
2354,"AX303 Dambovita, mobilat-utilat, centrala proprie","Dambovita, Timisoara, Timis",56500,1130,2,50
1755,"Apartament 2 camere,decomandat,situat la etajul 1 in zona Blascovici","Blascovici, Timisoara, Timis",56500,1177,2,48
3119,Calea Urseni - 2 camere - 45 mp - etaj intermediar,"Calea Urseni, Ciarda Rosie, Timisoara, Timis",56500,1256,2,45
1673,"Apartament spațios, o camera, renovat recent","Iosefin, Timisoara, Timis",56500,1345,1,42
715,Apartament cu 2 camere. Langa Unicarm. Sagului. Mobilat.,"Fratelia, Timisoara, Timis",56500,1378,2,41
2563,Piata Doina-2 camere-zona de interes,"Cetate, Timisoara, Timis",56500,1413,2,40
3105,"Apartament cu o camera, decomandat, zona Steaua","Steaua, Timisoara, Timis",56500,1413,1,40
2677,"Apartament 2 camere, Iosefin, mobilat/utilat, 0% COMISION","Iosefin, Timisoara, Timis",56500,1569,2,36
2624,"Ocazie! Apartament 2 camere, la casa, 40 mp, in Balcescu","Strada Calin V., Iosefin, Timisoara, Timis",56900,1423,2,40
1961,Apartament 1 CAMERA decomandat zona Badea Cirtan,"Fabric, Timisoara, Timis",56990,1500,1,38
1266,"Spitalul Judetean - Apartament 2 Camere, centrala proprie","Calea Girocului, Timisoara, Timis",56999,1500,2,38
2494,De vanzare apartament 3 camere - telegrafului,"Telegrafului, Timisoara, Timis",57000,600,3,95
1260,"Apartament cu o camera, curte comuna, zona Iosefin","Iosefin, Timisoara, Timis",57000,905,1,63
221,AV139 | Apartament 2 camere Sagului | 55 mp,"Elisabetin, Timisoara, Timis",57000,1036,2,55
2665,Girocului - 2 camere - CT proprie - AC,"Plavat, Timisoara, Timis",57000,1036,2,55
1578,"Apartament de 2 camere, 54 mp, zona Girocului","Strada Maresal Alexandru Averescu, Plavat, Timisoara, Timis",57000,1056,2,54
1614,"Apartament 2 camere semidecomandat,50 mp, zona Sinaia","Bulevardul Regele Carol I, Iosefin, Timisoara, Timis",57000,1140,2,50
2023,Balcescu - Apart. 2 camere la casa - 49mp - Boxa CF - Renovat,"Elisabetin, Timisoara, Timis",57000,1163,2,49
1581,"Apartament de 2 camere, 43.02 mp, mobilat, zona Lidia","Strada Versului, Calea Girocului, Timisoara, Timis",57000,1325,2,43.02
2939,Complex-2 camere-zona de interes,"Campus Universitar, Timisoara, Timis",57000,1326,2,43
3226,Vând apartamente noi calea Urseni 57000 euro,"Cetate, Timisoara, Timis",57000,1326,1,43
1518,"Apartament decomandat, 1 camera, 41.21 mp, et.2, zona Steaua","Strada Bujorilor, Calea Sagului Parc Industrial, Timisoara, Timis",57000,1383,1,41.21
20,Spatios Decomandat langa Complexul Studentesc,"Strada Stefan cel Mare, Fabric, Timisoara, Timis",57000,1425,1,40
427,"Apartament 2 camere, centrala, zona Spital Judetean","Cetate, Timisoara, Timis",57000,1425,2,40
859,"2 camere , etaj intermediar , Calea Sagului","Calea Sagului, Calea Sagului, Timisoara, Timis",57000,1425,2,40
1680,"Apartament cu 2 camere, decomandat, situat in zona Spitalului Judetean","Calea Girocului, Timisoara, Timis",57000,1425,2,40
1708,"Apartament renovat cu 2 camere, zona Sagului","Steaua, Timisoara, Timis",57000,1425,2,40
2005,"Centrala proprie, mobilat si utilat, disponibil imediat. Girocului.","Calea Girocului, Timisoara, Timis",57000,1425,2,40
1264,"AX399 Judetean, centrala proprie, ideal pentru investitie","Calea Girocului, Timisoara, Timis",57000,1500,2,38
161,Apartament la casa cu 1 camera+centrala proprie- Zona Iosefin,"Strada Crizantemelor, Iosefin, Timisoara, Timis",57000,1629,1,35
2877,Calea Urseni - Giroc - Apartamente 1 camera decomandat,"Ciarda Rosie, Timisoara, Timis",57000,1676,1,34
2274,"Apartament 2 camere, etaj intermediar, Complexul Studentesc","Campus Universitar, Timisoara, Timis",57000,1781,2,32
1105,Apartament mobilat si utilat,"Plavat, Timisoara, Timis",57000,1900,2,30
908,DEZVOLTATOR | 2 CAMERE | PISCINA | PARC | CARTIER MAGHERU | TIMISOARA,"Strada General Magheru, Campului, Timisoara, Timis",57072,1200,2,47.56
813,Calea Sagului - Ap. 2 camere - Decomandat - CT. Proprie,"Elisabetin, Timisoara, Timis",57500,1278,2,45
2265,Comision 0 Lipovei decomandat,"Strada Perlei, Lipovei / Calea Sever Bocu, Timisoara, Timis",57500,1278,2,45
2227,"Apartament cu 2 camere , etaj 4, zona Calea Sagului","Cetate, Timisoara, Timis",57500,1438,2,40
660,Vand Apartamnt cu o camera in zona lipovei,"Cetate, Timisoara, Timis",57500,1513,1,38
2973,"Apartamente cu 2 camere, Torontalului","Circumvalatiunii, Timisoara, Timis",57685,1342,2,43
1598,"Apartament 2 camere, etaj intermediar, zona Torontalului","Strada Augustin Coman, Aradului West, Timisoara, Timis",57700,1443,2,40
1941,Dacia – Apartament 2 Camere,"Circumvalatiunii, Timisoara, Timis",57800,1521,2,38
527,"Comision 0% Apartament 2 camere de vanzare, Girocului - ID V4835","Plavat, Timisoara, Timis",57990,1289,2,45
1411,"Apartament cu 2 camere, 57 mp, Sagului","Aleea Actorilor, Calea Sagului, Timisoara, Timis",58000,1018,2,57
2405,Apartament cu 2 camere complet mobilat si utilat situat in zona Dambov,"Iosefin, Timisoara, Timis",58000,1018,2,57
1552,"Apartament 3 camere, 56 mp, zona Complex Studentesc","Strada Gloriei, Fabric, Timisoara, Timis",58000,1036,3,56
1936,Stadion-Olimpia - Ap 2 camere - 50mp,"Elisabetin, Timisoara, Timis",58000,1160,2,50
1953,"Apartament 2 camere, parter inalt, zona Simion Barnutiu","Dorobantilor, Timisoara, Timis",58000,1160,2,50
577,"Dacia, 3 camere, Centrala proprie","Strada Amforei, Circumvalatiunii, Timisoara, Timis",58000,1208,3,48
121,Apartament 2 camere Bulevardul Cetatii / artera !!,"Circumvalatiunii, Timisoara, Timis",58000,1261,2,46
2276,"Apartamente cu 2 camere, decomandate, Zona Calea Urseni","Ciarda Rosie, Timisoara, Timis",58000,1289,2,45
1786,Ideal pentru investitie. Mobilat si utilat. Bloc izolat. Complex.,"Stadion, Timisoara, Timis",58000,1381,2,42
1420,Torontalului-2 Camere-Bloc Nou,"Aradului West, Timisoara, Timis",58000,1450,2,40
2137,"Ideal pentru investitie, etajul 1, disponibil imediat. Sagului.","Calea Sagului, Timisoara, Timis",58000,1450,2,40
373,"Proprietar,vand apartament o camera","Cetate, Timisoara, Timis",58000,1611,1,36
1242,"Apartament 1 camere, zona Dambovita, persoana fizica","Cetate, Timisoara, Timis",58000,1813,2,32
1265,OCAZIE!!! 2 Camere confort 1 zona Simion Barnutiu 58 400 euro,"Telegrafului, Timisoara, Timis",58400,1217,2,48
1444,"Apartament 2 camere, 43 mp, Bogdanestilor","Strada Veronica Micle, Blascovici, Timisoara, Timis",58400,1358,2,43
632,"Apartament cu 2 camere, la curte comuna, etaj 1, pe malul Bega","Cetate, Timisoara, Timis",58500,1170,2,50
1097,Apartament 2 Camere Parter zona Modern,"Strada Renasterii, Telegrafului, Timisoara, Timis",58500,1170,2,50
2220,"Simion Barnutiu, 2 camere, POZITIE EXCELENTA","Dorobantilor, Timisoara, Timis",58500,1170,2,50
2372,2 Camere cu centrala proprie Zona Dacia,"Strada Stelelor, Circumvalatiunii, Timisoara, Timis",58500,1427,2,41
1164,"Dambovita, etaj 1, intr-un bloc izolat. Disponibil imediat.","Dambovita, Timisoara, Timis",58500,1463,2,40
1415,"Apartament de 2 camere, semidecomandat, etaj intermediar, Calea...","Strada Ana Ipatescu, Calea Sagului, Timisoara, Timis",58500,1463,2,40
1909,Complex Studentesc - Ap. 2 Camere - 40mp,"Campus Universitar, Timisoara, Timis",58500,1463,2,40
2259,Apartament 2 camere Dacia 58.500 euro,"Circumvalatiunii, Timisoara, Timis",58500,1463,2,40
2360,"Zona Dacia ... 58500 euro complet mobilat si utilat, cu centrala","Circumvalatiunii, Timisoara, Timis",58500,1463,2,40
915,Apartament cu 2 camere in zona Girocului,"Cetate, Timisoara, Timis",58500,1500,2,39
914,Apartament cu 2 camere | etaj 3 | zona Girocului,"Cetate, Timisoara, Timis",58500,1581,2,37
2903,Zona Pepiniera - Decomandat,"Cetate, Timisoara, Timis",58800,1153,2,51
2581,Freidorf - Ap 2 camere- 52 mp- Centrala proprie,"Freidorf, Timisoara, Timis",58900,1133,2,52
2275,"Apartament 2 camere, semidecomandat, Lipovei - ID V4686","Araduluri Est, Timisoara, Timis",58990,1770,2,33.33
97,Apartament 2 camereI ETAJ INTERMEDIAR- Zona Dacia,"Strada Teiului, Circumvalatiunii, Timisoara, Timis",58999,1553,2,38
152,2 Cam-Nou 2023-UMT-7 Min Iulius Town-Centrala Termica-53 MP-59.000 Eur,"UMT, Timisoara, Timis",59000,1113,2,53
951,Apartament cu 2 camere la mansarda | Continental | UMT,"Strada Babadag, UMT, Timisoara, Timis",59000,1113,2,53
550,"Apartamentul cu 3 camere, centrala proprie, zona Dacia","Araduluri Est, Timisoara, Timis",59000,1180,3,50
439,Apartament luminos cu 2 camere | Complex,"Strada Padurarilor, Stadion, Timisoara, Timis",59000,1204,2,49
2460,2 camere buziasului,"Strada Electronicii, Ciarda Rosie, Timisoara, Timis",59000,1204,2,49
386,vand apartament cu o camera in bloc nou Sagului 59000 euro,"Cetate, Timisoara, Timis",59000,1283,1,46
408,"Apartament cu 3 camere, zona Dacia","Araduluri Est, Timisoara, Timis",59000,1283,3,46
999,Apartament 3 camere Dacia zona linistita cu centrala termica,"Strada Dropiei, Circumvalatiunii, Timisoara, Timis",59000,1283,3,46
71,Proprietar vând apartament 3 camere semidecomandat,"Cetate, Timisoara, Timis",59000,1405,3,42
618,"Apartament 2 camere, Sagului","Cetate, Timisoara, Timis",59000,1405,2,42
783,"Apartament 2 camere, semidecomandat, Calea Sagului","Calea Sagului, Timisoara, Timis",59000,1405,2,42
3130,Apartament de vânzare,"Cetate, Timisoara, Timis",59000,1405,2,42
2450,"Apartament 2 camere , zona Sagului.","Fratelia, Timisoara, Timis",59000,1439,2,41
417,Vand apartament 2 camere in Calea Girocului,"Cetate, Timisoara, Timis",59000,1475,2,40
994,"Apartament de 2 camere, etaj intermediar, Calea Sagului","Bulevardul Dambovita, Calea Sagului, Timisoara, Timis",59000,1475,2,40
2593,"2 camere , bloc anvelopat , etaj intermediar","Aleea Poiana Ruscai, Calea Sagului, Timisoara, Timis",59000,1475,2,40
1587,"Apartament de 2 camere, 38 mp, zona Blascovici","Strada Martir Colonel Ioan Uta, Blascovici, Timisoara, Timis",59000,1553,2,38
3213,"Apartament cu 1 camera, centrala proprie, zona Braytim","Cetate, Timisoara, Timis",59000,1595,1,37
30,"AX477 Mobilat-Utilat, Pretabil Investitie, Etaj Intermediar","Circumvalatiunii, Timisoara, Timis",59000,1686,1,35
1368,"Apartament cu o camera, 37 mp, Zona Torontalului, rate la dezvoltator","Strada Bucovinei, Bucovina, Timisoara, Timis",59200,1600,1,37
76,Apartament cu 2 camere in zona Girocului ( Liceul AZUR ),"Elisabetin, Timisoara, Timis",59500,1082,2,55
1466,"Apartament 3 camere, decomandat, 54 mp, Sagului","Calea Sagului, Odobescu, Timisoara, Timis",59500,1102,3,54
2869,"Apartament cu 3 camere decomandat, centrala proprie, situat in zona Sa","Steaua, Timisoara, Timis",59500,1102,3,54
3116,Calea Urseni - 2 camere - 49 mp - etaj intermediar,"Calea Urseni, Ciarda Rosie, Timisoara, Timis",59500,1214,2,49
633,"Apartament 2 camere, semidecomandat, zona Olimpia-Stadion","Cetate, Timisoara, Timis",59500,1293,2,46
2327,"Apartament de 2 camere, 43 mp, parcare, UMT","Bulevardul General Ion Dragalina, Iosefin, Timisoara, Timis",59500,1368,2,43.5
2621,"Apartament de 2 camere, 40 mp, etaj intermediar, zona Sagului","Strada Ana Ipatescu, Calea Sagului, Timisoara, Timis",59500,1488,2,40
3100,"Apartament 2 camere, Zona Girocului","Calea Girocului, Timisoara, Timis",59500,1488,2,40
848,Apartament o cameră complex nou Torontalului,"Torontalului, Timisoara, Timis",59500,1608,1,37
2070,Sagului - Kiriac. 2 camere. Mobilat si utilat.,"Odobescu, Timisoara, Timis",59800,1173,2,51
162,Apartament 2 camere| Bld Dragalina | Comision 0%,"Iosefin, Timisoara, Timis",59900,1274,2,47
2960,Girocului - Apartament 2 Camere,"Calea Girocului, Timisoara, Timis",59900,1426,2,42
1594,"Apartament cu 2 camere, etaj intermediar, zona Dacia","Araduluri Est, Timisoara, Timis",59900,1461,2,41
720,Etaj intermediar. Zona Dacia. Geam la baie.,"Circumvalatiunii, Timisoara, Timis",59900,1498,2,40
1346,"APARTAMENT 2 CAMERE, ZONA DACIA","Strada Teiului, Circumvalatiunii, Timisoara, Timis",59900,1498,2,40
1720,"CS011 Apartament 2 camere, Et.3, Dacia","Cetate, Timisoara, Timis",59900,1498,2,40
1399,"Apartament o camera,cochet, 37 mp, in Torontalului","Strada Grigore Alexandrescu, Aradului West, Timisoara, Timis",59900,1619,1,37
2797,"Imopark Residence, apartamente tip studio, comision 0%","Strada Arthur Rubenstein, Torontalului, Timisoara, Timis",59900,1619,1,37
433,APARTAMENT TIP STUDIO CIARDA ROSIE 37MP+CURTE DE 17MP,"Timisoara, Timis",59950,1620,1,37
747,"Apartament 2 camere langa Judetean, complet mobilat si utilat","Calea Girocului, Timisoara, Timis",59990,1428,2,42
2923,Apartament cu 2 camere zona Spitalului Judetean,"Calea Girocului, Timisoara, Timis",59990,1428,2,42
2768,Apartament de vanzare cu 2 camere- Zona Spitalului Judetean,"Strada Martir Marius Ciopec, Calea Girocului, Timisoara, Timis",59990,1500,2,40
2898,"Apartament 1 camera in zona Sagului, etaj 4/5, decomandat-P15228","Calea Sagului, Timisoara, Timis",59990,1579,1,38
2944,"Apartament cu 2 camere, zona Buziasului","Zona Soarelui, Timisoara, Timis",60000,1017,2,59
2318,"Apartament 2 camere, 55 mp, mobilat/utilat, zona Sagului","Calea Sagului, Dambovita, Timisoara, Timis",60000,1091,2,55
2891,"Apartament la cheie, 2camere Bloc Nou! Girocului-Hotel IQ","Ciarda Rosie, Timisoara, Timis",60000,1091,2,55
3096,"2 camere 55 mp, Dambovita langa Lidl!","Strada Prahova, Iosefin, Timisoara, Timis",60000,1111,2,54
155,Proprietar-2 Cam-Nou 2023-Spital Judetean-7 Min Centru-43MP-60.000Euro,"Calea Girocului, Timisoara, Timis",60000,1154,2,52
321,2 balcoane. Model mare. Soarelui.,"Zona Soarelui, Timisoara, Timis",60000,1154,2,52
2784,Apartament cu 3 camere in zona Sagului,"Steaua, Timisoara, Timis",60000,1154,3,52
1539,"Apartament 2 camere, 50 mp, zona Exterior Vest","Strada Frunzei, Calea Sagului, Timisoara, Timis",60000,1200,2,50
1560,"Apartament de 2 camere, 50 mp, mobilat, zona Steaua","Calea Sagului, Dambovita, Timisoara, Timis",60000,1200,2,50
2442,"Apartament 2 camere, decomandat, 50 mp utili, zona Balcescu","Strada Virgil Madgearu, Elisabetin, Timisoara, Timis",60000,1200,2,50
1226,"AX405 Freidorf, etaj intermediar, centrala proprie","Freidorf Parc Industrial, Timisoara, Timis",60000,1277,2,47
1817,Apartament cu 2 camere la parter in Braytim. complet finalizat.,"Cetate, Timisoara, Timis",60000,1333,2,45
1438,"Apartament cu 2 camere, 44 mp, demisol, zona Centrala","Strada Jiul, Cetate, Timisoara, Timis",60000,1364,2,44
1476,"Apartament 2 camere, 44 mp, semidecomandat, Calea Sagului","Aleea Poiana Ruscai, Calea Sagului, Timisoara, Timis",60000,1364,2,44
1612,"Apartament primitor cu 2 camere, 44 mp, în Piața Bălcescu","Strada 1 Decembrie, Elisabetin, Timisoara, Timis",60000,1364,2,44
2171,"Central, confort 1, centrala proprie.","Cetate, Timisoara, Timis",60000,1364,2,44
1148,Apartament 2 camere Complexul Studentesc,"Strada Daliei, Campus Universitar, Timisoara, Timis",60000,1395,2,43
115,"Apartament 2 camere, etajul III, Zona Girocului","Stadion, Timisoara, Timis",60000,1429,2,42
705,Gh. Lazar. Etaj intermediar. Renovat recent.,"Circumvalatiunii, Timisoara, Timis",60000,1429,2,42
1063,Aparatment cu 2 camere \/ Judetean,"Strada Martir I. Claudiu Varcus, Calea Girocului, Timisoara, Timis",60000,1429,2,42
570,Apartament 2 camere | Dacia,"Strada Amforei, Circumvalatiunii, Timisoara, Timis",60000,1500,2,40
1707,"Dacia, 2 camere, Nedecomandat","Strada Teiului, Circumvalatiunii, Timisoara, Timis",60000,1500,2,40
2271,Apartament decomandat langa Nokia,"Iosefin, Timisoara, Timis",60000,1500,1,40
1371,"Apartament DE VANZARE, 2 camere, 38mp, zona Girocului","Strada Martir Stefan Maris, Calea Girocului, Timisoara, Timis",60000,1579,2,38
187,Apartament 1 camera COMPLEX TORONTO RESIDENCE,"Calea Torontalului, Timisoara, Timis",60000,1622,1,37
1187,Proprietar vând apartament cu o camera,"Cetate, Timisoara, Timis",60000,1622,1,37
506,Apartament modern cu 1 camera si magazie | Iosefin,"Strada Alexandru Vlahuta, Iosefin, Timisoara, Timis",60000,1714,1,35
2363,"Apartament deosebit cu 1 camera la curte comuna, zona Iosefin","Iosefin, Timisoara, Timis",60000,1714,1,35
124,Vand apartament 1 camera complex studentesc Timisoara,"Campus Universitar, Timisoara, Timis",60000,1875,1,32
672,Complex Studentesc. 1 camera. Decomandat. Bucatarie spatioasa.,"Stadion, Timisoara, Timis",60000,1974,1,30.4
627,Vand Apartament 1 camera strada Lorena,"Cetate, Timisoara, Timis",60000,2143,1,28
1297,STUDIO - Decomandat | 40mp + Terasa 9mp | Lift & Parcare | Mega Image,"Strada Albastrelelor, Plopi, Timisoara, Timis",60235,1506,1,40
2526,"Apartamente noi cu o camera, Torontalului","Circumvalatiunii, Timisoara, Timis",60252,1772,1,34
2634,SOL RESIDENCE | Apartament cu o camera | TIP G1,"Cetate, Timisoara, Timis",60258,1750,1,34.43
2457,"Apartament 2 camere, decomandat, 48mp utili, Zona Girocului P7501","Plavat, Timisoara, Timis",60490,1260,2,48
1781,Sagului. Decomandat. Centrala proprie.,"Odobescu, Timisoara, Timis",60500,1120,3,54
1245,2 camere Et 1 cu centrala proprie Zona Sagului,"Calea Sagului, Odobescu, Timisoara, Timis",60500,1551,2,39
1249,"Apartament 2 camere Calea Sagului -Profi, Emag, Carrefour","Elisabetin, Timisoara, Timis",60500,1551,2,39
3057,"Apartament cu 2 camere, mobilat, situat in zona Balcescu","Elisabetin, Timisoara, Timis",60999,1386,2,44
935,Apartament luminos cu 2 camere | Calea Sagului,"Aleea Poenitei, Calea Sagului, Timisoara, Timis",60999,1452,2,42
1828,Timisoara - Calea Urseni | Apartament 2 camere | Bloc nou | Comision 0,"Calea Urseni, Ciarda Rosie, Timisoara, Timis",61000,1109,2,55
1208,Barnutiu. Centrala termica proprie. Aproape de mijloacele de transport,"Dorobantilor, Timisoara, Timis",61000,1173,2,52
1526,"Apartament 2 camere, 51 mp, zona Iosefin","Bulevardul Iuliu Maniu, Iosefin, Timisoara, Timis",61000,1196,2,51
1471,"Apartament 3 camere, decomandat, 50 mp, Dambovita","Aleea Muzicii, Dambovita, Timisoara, Timis",61000,1220,3,50
913,Apartament superb cu doua camere si finisaje premium | Braytim,"Zona Timisoara Sud, Timisoara, Timis",61000,1298,2,47
1320,"Apartament 2 camere, decomandat, situat in zona Freidorf","Freidorf, Timisoara, Timis",61000,1298,2,47
2425,Apartament de vânzare,"Cetate, Timisoara, Timis",61000,1326,2,46
422,Apartament 2 camere,"Cetate, Timisoara, Timis",61000,1452,2,42
1046,Apartament cu 2 camere \/ Judetean \/ Etajul 2,"Strada Martir I. Claudiu Varcus, Calea Girocului, Timisoara, Timis",61000,1452,2,42
1749,"Persoana fizica,vand ap,2,cam,et,1 sau schomb cu o cam","Calea Sagului, Timisoara, Timis",61000,1452,2,42
397,Apartament luminos cu 3 camere | Complex,"Strada Carpati, Calea Buziasului, Timisoara, Timis",61000,1488,3,41
1014,Bloc izolat exterior. Centrala proprie. Etaj 1. Dambovita.,"Calea Sagului, Timisoara, Timis",61000,1525,2,40
1390,"Apartament 2 camere, 40mp, zona Girocului","Strada Martir Stefan Maris, Calea Girocului, Timisoara, Timis",61000,1525,2,40
2136,Aradului. Centrala proprie. Mobilat si utilat,"Aradului West, Timisoara, Timis",61000,1525,2,40
2434,Apartament cu 2 camere mobilat si utilat situat in zona Sagului,"Steaua, Timisoara, Timis",61000,1525,2,40
2862,Apartament 2 camere cu centrala proprie,"Aleea Poiana Ruscai, Calea Sagului, Timisoara, Timis",61000,1525,2,40
2635,SOL RESIDENCE | Apartament cu o camera | TIP G2,"Cetate, Timisoara, Timis",61010,1750,1,34.86
2693,"Torontalului, 2 camere, NOU","Circumvalatiunii, Timisoara, Timis",61183,1330,2,46
2636,SOL RESIDENCE | Apartament cu o camera | TIP G2,"Cetate, Timisoara, Timis",61227,1749,1,35
2675,"Apartament cu 2 camere, zona Sagului","Steaua, Timisoara, Timis",61500,1160,2,53
1656,Apartament 2 Camere | Zona Aradului | Mansarda - BCA | De Vanzare,"Araduluri Est, Timisoara, Timis",61500,1367,2,45
871,"Comision 0!! 2 camere, Olimpia-Stadion-Complexul studențesc","Aleea F. C. Ripensia, Stadion, Timisoara, Timis",61500,1430,2,43
1389,"Apartament MODERN de vanzare, 43mp , 2 camere, zona Dambovita","Strada Vulturilor, Calea Sagului, Timisoara, Timis",61500,1430,2,43
918,Apartament cu 2 camere la etaj 2 in zona Girocului,"Cetate, Timisoara, Timis",61500,1464,2,42
1514,"Apartament 2 camere, 42 mp, zona Blascovici","Strada Maslinului, Blascovici, Timisoara, Timis",61500,1464,2,42
2540,Apartament mobilat si utilat la etajul 1,"Elisabetin, Timisoara, Timis",61500,1538,2,40
1123,Dacia-2 Camere-Centrală Proprie,"Bucovina, Timisoara, Timis",61500,1618,2,38
3161,Apartament cu 2 camere complet mobilat si utilat situat in zona Sagulu,"Steaua, Timisoara, Timis",61900,1474,2,42
2564,Dambovita-2 camere-etaj intermediar,"Cetate, Timisoara, Timis",61900,1629,2,38
603,"Apartament 2 camere, parter, Complexul Studentesc","Campus Universitar, Timisoara, Timis",61900,1719,2,36
1624,Apartament cu 2 camere complet mobilat in apropiere de Stadion - ID V,"Ciarda Rosie, Timisoara, Timis",61990,1069,2,58
2823,"Apartament 2 camere, aproape de Agronomie, zona Aradului - ID V4573","Araduluri Est, Timisoara, Timis",61990,1550,2,40
441,Complex Studentesc - Apartament 2 Camere,"Stadion, Timisoara, Timis",61990,1823,2,34
2545,Apartament cu 2 camere in zona Braytim,"Circumvalatiunii, Timisoara, Timis",61999,1319,2,47
2511,"Investitie! Apartament 3 camere, 75 mp, zona Bucovina","Strada Constantin Stere, Bucovina, Timisoara, Timis",62000,827,3,75
1255,"Apartament cu 2 camere, bloc nou, zona Aradului","Araduluri Est, Timisoara, Timis",62000,969,2,64
1584,"Apartament 2 camere, 62 mp, zona Fabric! Investitie!","Strada Baba Dochia, Fabric, Timisoara, Timis",62000,1000,2,62
933,Apartament spatios cu 2 camere 58mp | Buziasului,"Strada Atomului, Ciarda Rosie, Timisoara, Timis",62000,1069,2,58
1396,"Apartament cu 2 camere, centrala proprie, zona Aradului","Araduluri Est, Timisoara, Timis",62000,1170,2,53
2949,Apartament cu 2 camere decomandat complet mobilat si utilat situat in,"Iosefin, Timisoara, Timis",62000,1170,2,53
2124,"Apartament in zona Iosefin, cu centrala proprie.","Iosefin, Timisoara, Timis",62000,1216,2,51
382,"ZONA SOARELUI - TIMISOARA, Apartament cu 2 camere - 50 mp","Zona Soarelui, Timisoara, Timis",62000,1240,2,50
3154,"Apartamente cu 1 si 2 camere. Decomandat, cu bucatarie inchisa in Bray","Cetate, Timisoara, Timis",62000,1240,2,50
803,"Sagului - Apartament 2 Camere, centrala proprie","Dambovita, Timisoara, Timis",62000,1265,2,49
1555,"Apartament 2 camere decomandate, Calea Urseni","Calea Urseni, Ciarda Rosie, Timisoara, Timis",62000,1265,2,49
1419,Apartament 2 camere Bălcescu semidecomandat 48mp utili,"Strada Gheorghe Doja, Elisabetin, Timisoara, Timis",62000,1292,2,48
3050,Zona Braytim - 2 Camere - Etaj 1 - Bloc nou,"Cetate, Timisoara, Timis",62000,1292,2,48
902,Apartament cu 3 camere | Dacia,"Strada Teiului, Circumvalatiunii, Timisoara, Timis",62000,1319,3,47
1791,"Apartament cu 2 camere, 47 mp, parter, Balcescu","Strada Evlia Celebi, Elisabetin, Timisoara, Timis",62000,1319,2,47
1477,"Apartament 2 camere, 46 mp, Soarelui","Strada Nicolae Iliesu, Calea Girocului, Timisoara, Timis",62000,1348,2,46
2352,Dacia – Apartament 2 Camere –Boxa CF,"Strada Labirint, Circumvalatiunii, Timisoara, Timis",62000,1442,2,43
3011,Spitalul Judetean-2 camere-zona de interes,"Calea Girocului, Timisoara, Timis",62000,1442,2,43
140,Apartament Renovat Iulius Mall,"Strada Stelelor, Circumvalatiunii, Timisoara, Timis",62000,1476,2,42
365,"Proprietar, vând apartament 2 camere Kaufland-Circumvalațiunii","Cetate, Timisoara, Timis",62000,1476,2,42
1693,Apartament 2 Camere | Zona Dacia | De Vanzare,"Circumvalatiunii, Timisoara, Timis",62000,1476,2,42
1288,Ap 2 camere Dacia -Direct Proprietar /Zona linistita/Etaj intermediar,"Cetate, Timisoara, Timis",62000,1512,2,41
2309,"Apartament de 2 camere, 41 mp, semidecomandat, zona Dacia","Strada Timis, Circumvalatiunii, Timisoara, Timis",62000,1512,2,41
1510,"Apartament de 2 camere, 40 mp, zona Calea Martirilor","Intrarea Vantului, Calea Girocului, Timisoara, Timis",62000,1550,2,40
407,"Apartament cu 2 camere, zona Circumvalatiunii","Circumvalatiunii, Timisoara, Timis",62000,1632,2,38
2811,"Investitie sigura! Garsoniera de 38 mp, zona Iulius Mall","Strada Martir Silviu Motohon, Lipovei / Calea Sever Bocu, Timisoara, Timis",62000,1632,1,38
410,"Apartament cu 1 camera, decomandat situat langa Parcul Botanic.","Cetate, Timisoara, Timis",62000,1722,1,36
490,"Vand apartament, zona centrala","Cetate, Timisoara, Timis",62000,1722,1,36
177,Vând apartament 2 camere,"Cetate, Timisoara, Timis",62273.64,1153.22,2,54
1694,Lipovei – Apartament 2 Camere – Boxa,"Strada Pisa, Lipovei / Calea Sever Bocu, Timisoara, Timis",62500,1078,2,58
613,"COMISION 0% Apartament 2 camere decomandat, 55mp , zona Soarelui","Cetate, Timisoara, Timis",62500,1136,2,55
129,"Apartament cu 2 camere, etaj intermediar, situat in zona Spitalului Ju","Calea Girocului, Timisoara, Timis",62500,1389,2,45
131,"Apartament cu 2 camere, etaj intermediar, situat in zona Sagului","Steaua, Timisoara, Timis",62500,1389,2,45
3192,"Apartament cu 2 camere, centrala proprie, zona Braytim","Cetate, Timisoara, Timis",62500,1389,2,45
2142,"Etajul 2. Aproape de Spitalul Judetean, zona Girocului.","Calea Girocului, Timisoara, Timis",62500,1563,2,40
2594,"Apartament o camera, zona Simion Barnutiu","Dorobantilor, Timisoara, Timis",62500,1689,1,37
986,Apartament luminos cu 2 camere | Dacia | Iulius Town,"Strada Brandusei, Circumvalatiunii, Timisoara, Timis",62800,1495,2,42
786,Blascovici. Centrala proprie. Mobilat.,"Blascovici, Timisoara, Timis",62900,1338,2,47
22,"Apartament cu o camera, etaj intermediar, situat in zona Torontalului","Circumvalatiunii, Timisoara, Timis",62900,1700,1,37
2345,Apartament 1 Camera 37mp | Comision 0%| Bloc Nou | Calea Torontalului,"Timisoara, Timis",62900,1700,1,37
751,Vand apartament 1 camera zona Torontalului - ID : RH-37410-property,"Cetate, Timisoara, Timis",62917,1700,1,37.01
2592,Apartament cu 2 camere in zona Aradului cu pod,"Araduluri Est, Timisoara, Timis",62990,1145,2,55
1048,Spitalul Judetean - Apartament 2 Camere,"Elisabetin, Timisoara, Timis",62990,1658,2,38
919,"Apartament cu 2 camere, zona Spitalului Judetean - ID V5173","Calea Girocului, Timisoara, Timis",62990,1664,2,37.85
2943,Apartament cu 3 camere in zona Calea Urseni. Etaj intermediar.,"Ciarda Rosie, Timisoara, Timis",63000,1050,2,60
2948,Apartament cu 3 camere in zona Calea Urseni. Etaj intermediar.,"Cetate, Timisoara, Timis",63000,1050,3,60
1199,"Apartament la mare in Spania, Orpesa, Castelo","Freidorf, Timisoara, Timis",63000,1145,3,55
1474,"Apartament 2 camere, 53 mp, decomandat, Sagului","Calea Sagului, Calea Sagului, Timisoara, Timis",63000,1189,2,53
1986,Apartament Deosebit cu 2 Camere| De Vanzare | Zona Dambovita,"Strada Dreptatea, Dambovita, Timisoara, Timis",63000,1189,2,53
2094,Zona Kiriac. Centrala Proprie. Mobilat si utilat.,"Cetate, Timisoara, Timis",63000,1189,2,53
1660,2 Camere \/ Zona Soarelui - AEM,"Strada Electronicii, Ciarda Rosie, Timisoara, Timis",63000,1212,2,52
1858,Renovat zona Sagului,"Aleea Inului, Calea Sagului, Timisoara, Timis",63000,1212,3,52
2558,"Apartament cu 2 camere, decomandat, la etajul al doilea","Zona Soarelui, Timisoara, Timis",63000,1212,2,52
2762,"Apartament cu 3 camere, centrala proprie, zona Sagului","Steaua, Timisoara, Timis",63000,1212,3,52
430,2 camere Chisoda 63000 euro,"Odobescu, Timisoara, Timis",63000,1260,2,50
1850,Apartament cu 2 camere in zona Sagului,"Steaua, Timisoara, Timis",63000,1260,2,50
2076,Frumos amenajat. Complet mobilat si utilat. Buziasului.,"Ciarda Rosie, Timisoara, Timis",63000,1260,2,50
2981,Soarelui-2 camere-zona de interes,"Ciarda Rosie, Timisoara, Timis",63000,1260,2,50
2236,"Apartament cu 2 camere decomandat, mobilat, situat in zona Soarelui","Ciarda Rosie, Timisoara, Timis",63000,1286,2,49
2355,"Apartament 2 camere, Nou zona Girocului HotelIQ","Fratelia, Timisoara, Timis",63000,1286,2,49
1190,"Apartament cu 2 camere, centrala proprie, zona Dacia","Araduluri Est, Timisoara, Timis",63000,1340,2,47
2398,"ap. 2 camere, Ghe. Lazar, 63.000 euro","Circumvalatiunii, Timisoara, Timis",63000,1340,2,47
322,"Langa scoala generala 30, etaj intermediar, luminos. Soarelui.","Zona Soarelui, Timisoara, Timis",63000,1370,2,46
391,Apartament cu 2 camere pozitie excelenta in zona Braytim,"Timisoara, Timis",63000,1400,2,45
2286,"Apartamente cu 2 camere, etajul1 in Braytim, la asfalt. Finalizat.","Cetate, Timisoara, Timis",63000,1400,2,45
2045,"Langa Eso si Profi, etaj intermediar, nou, Girocului.","Fratelia, Timisoara, Timis",63000,1482,2,42.5
583,"Apartament cu 2 camere,etaj intermediar, situat langa Spitalul Judetea","Calea Girocului, Timisoara, Timis",63000,1500,2,42
785,Apartament cu 2 camere la asfalt in zona Braytim,"Zona Soarelui, Timisoara, Timis",63000,1500,2,42
1038,"Apartament cu 2 camere, Semidecomandat, zona Girocului","Strada Martir I. Claudiu Varcus, Calea Girocului, Timisoara, Timis",63000,1500,2,42
2609,"Apartamente cu 2 camere, finisaje la alegere, zona Braytim","Cetate, Timisoara, Timis",63000,1500,2,42
1034,Apartament cu 2 camere in zona Spitalului Judetean. Pret negociabil,"Calea Girocului, Timisoara, Timis",63000,1575,2,40
1369,"Apartament DE VANZARE, 2 camere, 40mp utili, zona Sagului","Calea Sagului, Calea Sagului, Timisoara, Timis",63000,1575,2,40
2820,"Apartamente cu 1 camera, centrala proprie, zona Plopi","Calea Buziasului, Timisoara, Timis",63000,1575,1,40
609,"AX456 Girocului/Judetean, etaj intermediar,mobilat","Stadion, Timisoara, Timis",63000,1615,2,39
963,"Apartamente cu 1 camere, finisaje premium | Torontalului","Torontalului, Timisoara, Timis",63000,1658,1,38
327,Complex Studentesc - Ap. 1 camera - Amenajat - Dec.,"Campus Universitar, Timisoara, Timis",63000,1703,1,37
2169,Boxa. Aproape de Iulius Town. Circumvalatiunii.,"Aradului West, Timisoara, Timis",63000,1703,2,37
1588,"Garsoniera decomandata, 32 mp, zona Aradului","Strada Prof. Dr. Valeriu Alaci, Araduluri Est, Timisoara, Timis",63000,1969,1,32
1449,"ANSAMBLU NOU, garsoniera, terasa, parcare , zona Nord","Strada Vasile Lochita, Aradului West, Timisoara, Timis",63270,1808,1,35
846,2 camere confort unu Sguului City Mall Centrala Clima amenajat,"Cetate, Timisoara, Timis",63500,1270,2,50
3019,Apartament etaj intermediar langa Pompieri Sagului,"Steaua, Timisoara, Timis",63500,1270,2,50
290,"Apartament 2 camere, semidecomandat, Zona Girocului","Elisabetin, Timisoara, Timis",63500,1377,2,46.1
1155,AV106 Apartament 2 CAMERE | SOARELUI,"Elisabetin, Timisoara, Timis",63500,1380,2,46
1316,"AX389 Girocului, mobilat-utilat, centrala proprie","Calea Girocului, Timisoara, Timis",63500,1380,2,46
1039,"APARTAMENT 2 CAMERE, 44 MP, SPITALUL JUDETEAN","Bulevardul Dr. Iosif Bulbuca, Stadion, Timisoara, Timis",63500,1588,2,40
3107,Apartament mobilat si utilat cu centrala proprie,"Elisabetin, Timisoara, Timis",63500,1588,2,40
1634,"Apartament cu 2 camere, etaj intermediar, centrala proprie, zona Dacia","Araduluri Est, Timisoara, Timis",63500,1671,2,38
2232,"Ideal pentru investitie | 1 camera, aproape de Bega | Salia Residence","Strada Albastrelelor, Plopi, Timisoara, Timis",63748,1483,1,43
2510,"Apartament decomandat, 51 mp, centrala proprie, Lipovei","Strada Alva Thomas Edison, Lipovei / Calea Sever Bocu, Timisoara, Timis",63800,1251,2,51
3023,"Apartament 1 Camera zona Iosefin , renovat 2020","Iosefin, Timisoara, Timis",63900,1253,1,51
3067,Girocului – Apartament 2 Camere – Renovat,"Plavat, Timisoara, Timis",63900,1521,2,42
562,Martirilor / Girocului ! 2 cam bloc izolat Pret nou,"Cetate, Timisoara, Timis",64000,1016,2,63
1887,"Aradului Vest - Apartament 3 camere, decomandat, 2 balcoane!","Strada Orsova, Aradului West, Timisoara, Timis",64000,1163,3,55.03
2013,Gh. Lazar. Decomandat. Mobilat si utilat.,"Circumvalatiunii, Timisoara, Timis",64000,1208,2,53
1847,Apartament 3 Camere Etaj 2 zona Sagului,"Intrarea Cucului, Calea Sagului, Timisoara, Timis",64000,1255,3,51
1912,"Apartament decomandat cu 2 camere, centrala proprie, zona Bucovina","Circumvalatiunii, Timisoara, Timis",64000,1255,2,51
707,Simion Barnutiu. Etaj 2. Un balcon.,"Dorobantilor, Timisoara, Timis",64000,1280,2,50
1571,"Apartament de 2 camere, 50 mp, balcon, zona Girocului","Piata Aron Cotrus, Calea Girocului, Timisoara, Timis",64000,1280,2,50
2063,Bloc izolat exterior. Etaj 2. Baie cu geam. Dambovita.,"Calea Sagului, Timisoara, Timis",64000,1296,3,49.4
1450,"Apartament cu 2 camere, 47 mp, decomandat, Soarelui","Strada Astrilor, Zona Soarelui, Timisoara, Timis",64000,1362,2,47
257,2camere cf 1 zona Soarelui et 3 64000euro,"Strada Sirius, Zona Soarelui, Timisoara, Timis",64000,1391,2,46
926,"Apartament cu 2 camere, etaj intermediar, zona Soarelui","Ciarda Rosie, Timisoara, Timis",64000,1391,2,46
1590,"Apartamente 2 camere, zona Uzina de Apa","Zona Timisoara Sud, Timisoara, Timis",64000,1391,2,46
3085,"Apartament foarte luminos, 2 camere, decomandat, 42mp, zona Dacia","Aleea Libelulei, Circumvalatiunii, Timisoara, Timis",64000,1524,2,42
1013,Dezvoltator | 2 Camere | Gradina Proprie | Piscina | Cartier Magheru,"Strada General Magheru, Campului, Timisoara, Timis",64254,1410,2,45.58
1356,"Apartament de 1 camere, 40 mp utili, Torontalului","Strada Vasile Lochita, Aradului West, Timisoara, Timis",64300,1608,1,40
3044,"COMISION 0% Apartament 2 camere, decomandat, Giroc, zona Planetelor -","Fratelia, Timisoara, Timis",64490,1226,2,52.61
337,CI114 Apartament 2 camere Dorobantilor,"Dorobantilor, Timisoara, Timis",64500,1240,2,52
361,"Modern, 2 camere, Mansarda","Bulevardul Simion Barnutiu, Dorobantilor, Timisoara, Timis",64500,1372,2,47
194,Ap. 1 camera complet mobilat si utilat | Zona Braytim | Timisoara,"Cetate, Timisoara, Timis",64500,1573,1,41
300,Apartament cu o camera Timisoara,"Cetate, Timisoara, Timis",64500,1573,1,41
72,Vând apartament în casa la curte comuna,"Iosefin, Timisoara, Timis",64500,1613,2,40
1326,DEZVOLTATOR | 2 CAMERE | PISCINA | PARC | TIMISOARA,"Strada General Magheru, Campului, Timisoara, Timis",64584,1200,2,53.82
2680,"Apartament 2 camere, Zona Girocului","Calea Girocului, Timisoara, Timis",64900,1180,2,55
3081,"Apartament 2 camere, 55 mp, balcon închis, Calea Martirilor","Strada Martir Angela Sava, Calea Girocului, Timisoara, Timis",64900,1180,2,55
134,OCAZIE!!! 2 Camere decomandat zona SOARELUI-Scoala nr 30,"Zona Soarelui, Timisoara, Timis",64900,1352,2,48
2067,"Decomandat, mobilat si utilat, centrala proprie. Dambovita.","Calea Sagului, Timisoara, Timis",64900,1465,2,44.3
409,"LX025 Aradului, Centrala Proprie, EtaJ Intermediar","Araduluri Est, Timisoara, Timis",64900,1545,2,42
449,"Oportunitate! Apartament de 2 camere, decomandat, zona Centrala","Bulevardul Ion C. Bratianu, Cetate, Timisoara, Timis",64900,1583,2,41
218,OCAZIE!!! 2 camere Complex studentesc- Stadion,"Stadion, Timisoara, Timis",64990,1413,2,46
2301,"Ocazie! Apartament cu doua camere, 58 mp pe Take Ionescu","Strada Doctor Alexandru Martha, Cetate, Timisoara, Timis",65000,1121,2,58
2088,"Apartament in zona linistita, aproape de piata in Soarelui.","Zona Soarelui, Timisoara, Timis",65000,1182,2,55
2983,Dambovita -2 camere-decomandat,"Iosefin, Timisoara, Timis",65000,1182,2,55
743,2 Cam - Girocului-3 Min Spital Judetean - Centrala - 54 MP-65.000 Euro,"Plavat, Timisoara, Timis",65000,1204,2,54
3151,"TIMISOARA, Iosefin-Dambovita, Apartament cu 2 camere - 54 mp - PARTER","Iosefin, Timisoara, Timis",65000,1204,2,54
1487,"Apartament cu doua camere, 52 mp, langa Piata Iosefin","Strada Gelu, Iosefin, Timisoara, Timis",65000,1250,2,52
1505,"Apartament de 3 camere, 52 mp, zona Sagului","Calea Sagului, Dambovita, Timisoara, Timis",65000,1250,3,52
3164,Apartament spatios cu 2 camere situat in zona Dambovita,"Iosefin, Timisoara, Timis",65000,1250,2,52
1567,"Apartament de 2 camere, 51 mp, decomandat, zona Clabucet","Strada Bran, Calea Sagului, Timisoara, Timis",65000,1275,2,51
2826,"Apartament decomandat, cu 2 camere, Piata Doina","Steaua, Timisoara, Timis",65000,1275,2,51
358,Vand apartament 3 camere Dacia/Circumvalatiunii - Iulius Mall,"Cetate, Timisoara, Timis",65000,1300,3,50
1333,"Apartament de 3 camere, 50mp, zona Aradului","Aleea Scurta, Araduluri Est, Timisoara, Timis",65000,1300,3,50
1747,"Apartament cu 2 camere, decomandat, situat in zona Dambovita","Iosefin, Timisoara, Timis",65000,1300,2,50
1798,De vanzare apartament 2 camere,"Strada Filateliei, Calea Sagului, Timisoara, Timis",65000,1300,2,50
1827,Zona Soarelui \/ Apartament cu 2 camere decomandat,"Strada Astrilor, Zona Soarelui, Timisoara, Timis",65000,1300,2,50
2116,In bloc izolat. Cu centrala termica proprie. Simion Barnutiu.,"Fabric, Timisoara, Timis",65000,1300,2,50
2123,Sagului. Zona excelenta. Bloc anvelopat. Decomandat.,"Odobescu, Timisoara, Timis",65000,1300,2,50
2537,"Apartament cu 2 camere in zona Lipovei, semidecomandat","Lipovei / Calea Sever Bocu, Timisoara, Timis",65000,1300,2,50
2575,"Apartamente cu 2 camere in Braytim, etaj intermediar.","Cetate, Timisoara, Timis",65000,1300,2,50
2576,Apartament cu 2 camere si gradina in Braytim. Finalizat.,"Cetate, Timisoara, Timis",65000,1300,2,50
2672,"ap. 2 camere, decomandat, mobilat, utilat, zona Aradului","Araduluri Est, Timisoara, Timis",65000,1300,2,50
2838,Apartament cu 2 camere complet mobilat situat in zona Balcescu,"Elisabetin, Timisoara, Timis",65000,1300,2,50
2918,"Apartamente cu 2 camere, incalzire in pardoseala Calea Urseni","Ciarda Rosie, Timisoara, Timis",65000,1300,2,50
309,AV137 | Apartament 2 camere | Circumvalatiuni,"Circumvalatiunii, Timisoara, Timis",65000,1354,2,48
517,"Apartament cu 3 camere, zona Dacia","Strada Labirint, Circumvalatiunii, Timisoara, Timis",65000,1354,3,48
1233,"2 cam confort unu Sagului City Mall amenajat Centrala,Clima Mobilat","Cetate, Timisoara, Timis",65000,1354,2,48
1350,"Apartament 2 camere, parter, centrala, zona Dacia","Strada Timis, Circumvalatiunii, Timisoara, Timis",65000,1354,2,48
2775,"Torontalului, 2 camere, POZITIE EXCELENTA, centrala termica","Circumvalatiunii, Timisoara, Timis",65000,1354,2,48
2977,"Apartament 2 camere, decomandat, Olimpia-Stadion","Cetate, Timisoara, Timis",65000,1354,2,48
1433,"Apartament cu 2 camere, 47 mp, semidecomandat, Garii","Splaiul Nicolae Titulescu, Iosefin, Timisoara, Timis",65000,1383,2,47
1538,"Apartament 2 camere, 47 mp, zona Girocului","Strada Nicolae Iliesu, Calea Girocului, Timisoara, Timis",65000,1383,2,47
2120,"Bloc izolat, centrala proprie, mobilat si utilat, Girocului.","Calea Girocului, Timisoara, Timis",65000,1383,2,47
270,Apartament 2 camere proprietar,"Zona Soarelui, Timisoara, Timis",65000,1413,2,46
1101,Apartament Timisoara,"Cetate, Timisoara, Timis",65000,1413,3,46
1823,Apartament 2 camere Renovat Complet | Complexul Studentesc - Olimpia,"Stadion, Timisoara, Timis",65000,1413,2,46
51,Apartamente moderne cu 2 camere | Braytim,"Strada Gospodarilor, Fratelia, Timisoara, Timis",65000,1444,1,45
75,"Olimpia, 2 camere, POSIBILITATE INVESTITII","Cetate, Timisoara, Timis",65000,1444,2,45
654,"AX453 Timisoara-Sala Olimpia, parter inalt","Stadion, Timisoara, Timis",65000,1444,2,45
1403,"Apartament 2 camere semidecomandat, 45mp -Olimpia-Stadion","Strada Surorile Martir Caceu, Stadion, Timisoara, Timis",65000,1444,2,45
2802,Apartament cu 2 camere in zona Aradului,"Araduluri Est, Timisoara, Timis",65000,1444,2,45
3156,"Apartament cu 2 camere, decomandat, zona Aradului","Araduluri Est, Timisoara, Timis",65000,1444,2,45
308,Vând apartament cu 2 camere,"Calea Girocului, Timisoara, Timis",65000,1477,2,44
1661,"Apartament 2 camere, parter inalt, zona Stadion","Cetate, Timisoara, Timis",65000,1512,2,43
1104,Apartament mobilat si utilat,"Calea Girocului, Timisoara, Timis",65000,1548,2,42
874,Apartament aproape de Spitalul Judetean,"Calea Girocului, Timisoara, Timis",65000,1585,2,41
1836,Apartament cu 2 camere langa Spitalul Judetean,"Zona Timisoara Sud, Timisoara, Timis",65000,1585,2,41
5,2 camere dec etaj 3 Cetatii CENTRALA 65000EURO,"Bulevardul Cetatii, Mircea Cel Batran, Timisoara, Timis",65000,1625,2,40
17,Proprietar vand apartament 2 camere zona Cetatii,"Cetate, Timisoara, Timis",65000,1625,2,40
502,Apartament luminos cu 2 camere | Complex,"Stadion, Timisoara, Timis",65000,1625,2,40
3038,2 cam zona Aradului SAD bloc nou,"Strada Dr. Grigore T. Popa, Araduluri Est, Timisoara, Timis",65000,1625,2,40
551,Vand apartament 2 camere,"Gara Nord, Timisoara, Timis",65000,1667,2,39
503,Girocului - Mobilat si utilat - Potential Investitie - 65.000 Euro,"Calea Girocului, Timisoara, Timis",65000,1711,1,38
968,"Apartament cu o camera, bloc nou cu lift, zona Sagului","Steaua, Timisoara, Timis",65000,1711,1,38
1378,APARTAMENT TIP STUDIO CIARDA ROSIE 37MP+CURTE DE 15MP,"Strada Magnoliei, Ciarda Rosie, Timisoara, Timis",65000,1757,1,37
599,LUX Apartament 1 Camera Simion Barnutiu,"Bulevardul Simion Barnutiu, Telegrafului, Timisoara, Timis",65000,1857,1,35
1270,"Apartament o camera, complet renovat, zona Simion Barnutiu","Dorobantilor, Timisoara, Timis",65000,1857,1,35
225,"Apartament 2 camere, 32 mp, Circumvalatiunii","Calea Torontalului, Aradului West, Timisoara, Timis",65000,2031,2,32
2053,Investitie ideala. Model spatios. Complet renovat. Gh. Lazar.,"Circumvalatiunii, Timisoara, Timis",65000,2031,1,32
799,Ultracentral Etaj 1 Take Ionescu Medicina,"Bulevardul Take Ionescu, Cetate, Timisoara, Timis",65000,2241,1,29
3043,"COMISION 0% Apartament 2 camere, decomandat, Giroc, zona Planetelor -","Fratelia, Timisoara, Timis",65490,1239,2,52.84
279,Apartament cu 2 camere decomandat pozitie excelenta in zona Braytim,"Ciarda Rosie, Timisoara, Timis",65500,1310,2,50
3073,"Apartament cu 2 camere, complet mobilat si utilat, zona Sagului","Steaua, Timisoara, Timis",65500,1560,2,42
2473,"Apartament cu 2 camere plus TERASA, parter, Torontalului","Strada Vasile Lochita, Aradului West, Timisoara, Timis",65600,1640,2,40
907,2 Camere | Finisat | Centrala Proprie | Parcare Inclusa | Comision 0,"Calea Torontalului, Timisoara, Timis",65600,1652,2,39.7
2690,"Torontalului, 2 camere, NOU, LIFT","Circumvalatiunii, Timisoara, Timis",65838,1291,2,51
2134,"Bloc cu acoperis, izolat interior. Disponibil imediat. Aradului.","Aradului West, Timisoara, Timis",65900,1198,3,55
1217,Proprietar. Apartament 3 cam la Spitalul Județean.,"Cetate, Timisoara, Timis",65900,1292,3,51
1381,"Apartament decomandat 2 camere, 44mp centrala termica, Girocului piata","Strada Martir Angela Sava, Calea Girocului, Timisoara, Timis",65900,1498,2,44
1309,"Apartament 2 camere, decomandat, 53mp, etaj 5/5, zona Dambovita-Nora","Calea Sagului, Timisoara, Timis",65990,1245,2,53
3075,"COMISION 0% Apartament 2 camere, decomandat, Giroc, zona Planetelor -","Fratelia, Timisoara, Timis",65990,1268,2,52.05
2294,"Apartament cu 2 camere, 52 mp, decomandat, Dambovita","Strada Teatrului, Calea Sagului, Timisoara, Timis",65990,1269,2,52
1768,"Centrala proprie, spatios, bloc izolat, Girocului.","Calea Girocului, Timisoara, Timis",66000,1000,3,66
2583,"Apartament 2 camere, centrala proprie, zona Medicina","Araduluri Est, Timisoara, Timis",66000,1138,2,58
1405,"Apartament 3 camere, 56mp, zona Iulius Mall","Calea Torontalului, Bucovina, Timisoara, Timis",66000,1179,3,56
354,Dambotia - Str. Lacului - Aparatment 2 Camere - Etaj Intermediar,"Strada Lacului, Dambovita, Timisoara, Timis",66000,1200,2,55
2122,Dorobantilor. 2 Balcoane. Boxa.,"Fabric, Timisoara, Timis",66000,1200,2,55
2168,Apartament in apropiere de Punctele Cardinale. Centrala proprie.,"Cetate, Timisoara, Timis",66000,1200,2,55
1159,AV111 | 2 Camere | Take Ionescu | Pozitie excelenta,"Cetate, Timisoara, Timis",66000,1222,2,54
2707,Apartament cu 2 camere mobilat si utilat situat in zona Soarelui,"Ciarda Rosie, Timisoara, Timis",66000,1245,2,53
2764,"TIMISOARA -IOSEFIN, Apartament cu 2 cam. - 56 mp - etaj 2 /4","Calea Sagului, Timisoara, Timis",66000,1294,2,51
2799,"Apartament 2 cam,55mp in Iosefin-Dambovita, Str. Transilvania 9,Timis","Dambovita, Timisoara, Timis",66000,1294,2,51
2839,Apartament 2 camere Iosefin Timisoara,"Calea Sagului, Timisoara, Timis",66000,1302,2,50.7
1395,Apartament cu 2 camere in zona Dambovita,"Iosefin, Timisoara, Timis",66000,1320,2,50
1700,"Apartament cu 2 camere, etajul 1, zona Sagului","Steaua, Timisoara, Timis",66000,1320,2,50
2729,"Apartament cu 2 camere, la etajul al doilea, Calea Sagului","Steaua, Timisoara, Timis",66000,1320,2,50
3016,Complex-2 camere-decomandat-centrala proprie,"Campus Universitar, Timisoara, Timis",66000,1375,2,48
836,Braytim - Apartament cu 2 camere - etaj intermediar - disponibil imedi,"Cetate, Timisoara, Timis",66000,1404,2,47
3197,"Apartament cu 2 camere, etaj 2\/3, zona Braytim","Cetate, Timisoara, Timis",66000,1404,2,47
476,"Apartament cu 2 camere, disponibil imediat, zona Torontalului","Calea Torontalului, Torontalului, Timisoara, Timis",66000,1435,2,46
510,"Vand apartament 2 camere,Dacia","Cetate, Timisoara, Timis",66000,1650,2,40
1141,"SC005 Apartament 2 camere, centrala, Girocului","Cetate, Timisoara, Timis",66000,1650,2,40
122,Comision 0%!! Apartament 2 camere Central - Intrarea Doinei / Parter !,"Araduluri Est, Timisoara, Timis",66000,1784,2,37
2972,"Apartamente cu 2 camere, Torontalului","Circumvalatiunii, Timisoara, Timis",66028,1348,2,49
1024,"Apartament nou, 2 camere, Calea Torontalului","Calea Girocului, Timisoara, Timis",66029,1435,2,46
2694,"Torontalului, 2 camere, BLOC NOU!!","Circumvalatiunii, Timisoara, Timis",66125,1297,2,51
263,"Apartament 46 mp, imobil nou, lift, zona Torontalului","Strada George Ardelean, Timisoara, Timis",66150,1438,1,46
1402,"Apartament 2 camere, 50mp, etaj 4/5, zona Matei Basarab","Strada Hotinului, Bucovina, Timisoara, Timis",66490,1330,2,50
2252,Vand apartament cu 2 camere,"Cetate, Timisoara, Timis",66500,1357,2,49
3214,"Apartament cu 2 camere, centrala proprie, in zona Braytim","Cetate, Timisoara, Timis",66500,1511,2,44
61,vând apartament cu doua camere complet renovat cu centrala proprie,"Cetate, Timisoara, Timis",66500,1547,2,43
1482,"Apartament 2 camere, 38mp, etaj intermediar, zona Spitalul Judetean","Strada Martir Marius Ciopec, Calea Girocului, Timisoara, Timis",66500,1750,2,38
2522,"1 camera si curte, loc de parcare si tva inclus, Torontalului","Circumvalatiunii, Timisoara, Timis",66531,1798,1,37
2187,STUDIO Modern - Decomandat | 44.52 mp & Terasa 8.44 | Parcare & Lift,"Plopi, Timisoara, Timis",66891,1502,1,44.52
2989,LIPOVEI - 3 cam - dec - centrala,"Lipovei / Calea Sever Bocu, Timisoara, Timis",66900,1062,3,63
2392,"Doua apartamente alaturate la curte comuna, zona Iosefin - ID V4642","Iosefin, Timisoara, Timis",66990,957,2,70
1864,"Lipovei, 2 camere, ETAJ INTERMEDIAR","Lipovei / Calea Sever Bocu, Timisoara, Timis",66990,1264,2,53
1033,"Lipovei - Apartament 2 Camere, Decomandat","Lipovei / Calea Sever Bocu, Timisoara, Timis",66990,1340,2,50
815,"Comision 0% Apartament 2 camere, Circular, etaj 8, 49 mp, Sagului - ID","Calea Sagului, Timisoara, Timis",66990,1367,2,49
2963,"Apartament 3 camere, etaj 3/4, zona Piata Doina- P14786","Calea Sagului, Timisoara, Timis",66990,1425,3,47
2830,"Apartament la mansarda, 3 camere, Lipovei","Lipovei / Calea Sever Bocu, Timisoara, Timis",67000,1063,3,63
2222,"Vand apartament 2 camere,Timisoara, Gara -Dragalina, et.1","Cetate, Timisoara, Timis",67000,1081,2,62
1002,"Apartament cu 3 camere, decomandat, situat in zona Steaua","Steaua, Timisoara, Timis",67000,1117,3,60
1085,"APARTAMENT 2 CAMERE, 60 MP, GIROCULUI - PIATA","Strada Martir Nicoara Elena, Calea Girocului, Timisoara, Timis",67000,1117,2,60
2560,"Apartament cu 3 camere, zona Lipovei","Lipovei / Calea Sever Bocu, Timisoara, Timis",67000,1117,3,60
2489,"Apartament 2 camere, curte comuna, Zona Traian","Fabric, Timisoara, Timis",67000,1196,2,56
1093,Vand apartament semi decomandat 54mp 67 000€,"Cetate, Timisoara, Timis",67000,1241,2,54
728,Apartament de vanzare in Timisoara 2 camere decomandat 53 m' suprafata,"Cetate, Timisoara, Timis",67000,1264,2,53
1240,"Apartament cu 2 camere,decomandat. etaj intermediar, zona Lipovei","Lipovei / Calea Sever Bocu, Timisoara, Timis",67000,1264,2,53
1865,Apartament 2 camere in zona Lipovei,"Lipovei / Calea Sever Bocu, Timisoara, Timis",67000,1264,2,53
671,"Pretabil spatiu comercial, centrala termica proprie. Dambovita.","Calea Sagului, Timisoara, Timis",67000,1288,2,52
1688,Disponibil imediat. Bloc izolat. Decomandat. Lipovei.,"Lipovei / Calea Sever Bocu, Timisoara, Timis",67000,1340,2,50
1867,Apartament cu 2 camere - decomandat - Soarelui,"Strada Orion, Zona Soarelui, Timisoara, Timis",67000,1340,2,50
2386,"Apartamente cu 2 camere, bucatarie inchisa in Braytim, la asfalt. Fina","Cetate, Timisoara, Timis",67000,1340,2,50
2713,"Apartament cu 2 camere, zona Braytim","Cetate, Timisoara, Timis",67000,1340,2,50
3193,"Apartament cu 2 camere, centrala proprie, in zona Braytim","Cetate, Timisoara, Timis",67000,1396,2,48
2407,"ap.2 camere, decomandat, 2 balcoane, zona Lipovei","Calea Sever Bocu, Lipovei / Calea Sever Bocu, Timisoara, Timis",67000,1426,2,47
977,"Apartament cu 2 camere ,zona Nokia.","Iosefin, Timisoara, Timis",67000,1457,2,46
2509,"Apartament 3 camere, 46m, zona Piata Doina","Aleea Inului, Calea Sagului, Timisoara, Timis",67000,1457,3,46
2414,Dorobanti- etaj 2 -decomandat-centrala proprie,"Modern, Timisoara, Timis",67000,1489,2,45
2157,"Complexul Studentesc, renovat complet, mobilat si utilat.","Campus Universitar, Timisoara, Timis",67000,1523,2,44
206,Apartament cu o camera de vânzare,"Cetate, Timisoara, Timis",67000,1558,1,43
329,"CI249Take Ionescu/Tipografilor,2 camere,centrala","Cetate, Timisoara, Timis",67000,1558,2,43
637,"APARTAMENT 1 CAMERA, 43 MP, CALEA LIPOVEI","Strada Martir Silviu Motohon, Lipovei / Calea Sever Bocu, Timisoara, Timis",67000,1558,1,43
736,Ap 2 camere Parter,"Cetate, Timisoara, Timis",67000,1558,2,43
1122,"AX413 Semicentral-Zona Garii, mobilat-utilat, centrala","Iosefin, Timisoara, Timis",67000,1558,2,43
2515,"Apartament 2 camere, 43 mp, cochet, zona Spitalul Judetean","Intrarea Sepia, Calea Girocului, Timisoara, Timis",67000,1558,2,43
860,"AX431 Girocului-Padurice, mobilat-utilat, centrala proprie","Zona Timisoara Sud, Timisoara, Timis",67000,1595,2,42
889,CM452 Apartament 2 camere | Girocului,"Calea Girocului, Timisoara, Timis",67000,1595,2,42
1115,Sagului \/ 2 Camere,"Intrarea Curcubeului, Calea Sagului, Timisoara, Timis",67000,1595,2,42
1709,"Apartament cu 2 camere, etaj intermediar, situat in zona Calea Sagului","Steaua, Timisoara, Timis",67000,1595,2,42
1735,"CS010 Apartament 2 camere, etaj 3, Sagului","Elisabetin, Timisoara, Timis",67000,1595,2,42
2046,BRAYTIM - 1 Camera - Etajul 1 - Decomandat,"Cetate, Timisoara, Timis",67000,1634,1,41
1835,"Apartament cochet, cu 2 camere la curte comuna, in zona Iosefin","Iosefin, Timisoara, Timis",67000,1675,2,40
2170,Take Ionescu. 2 camere. BOXA inscrisa in CF.,"Tipografilor, Timisoara, Timis",67000,1675,2,40
509,"Dacia, 2 camere, Renovat","Strada Stelelor, Circumvalatiunii, Timisoara, Timis",67000,1763,2,38
675,Complet mobilat si utilat. Clima si centrala proprie. Lipovei.,"Lipovei / Calea Sever Bocu, Timisoara, Timis",67000,1763,1,38
1131,"Aradului, renovat complet, complet renovat, centrala proprie.","Araduluri Est, Timisoara, Timis",67000,1811,1,37
1556,"Garsoniera spatioasa, 30 mp, mobilat/utilat, in Complexul Studentesc","Strada Ofcea, Campus Universitar, Timisoara, Timis",67000,2233,1,30
1313,Comision 0% Apartament 1 cam in Braytim aproape de str Lidia,"Cetate, Timisoara, Timis",67099,1677,1,40
261,"Apartament 3 camere, 2 balcoane, Spitalul Judetean","Aleea Sanatatii, Calea Girocului, Timisoara, Timis",67500,1250,3,54
2608,"Apartamente cu 2 camere, finisaje la alegere, zona Braytim","Cetate, Timisoara, Timis",67500,1250,2,54
195,Confort cu Centrala Noul Mall,"Bulevardul Dambovita, Dambovita, Timisoara, Timis",67500,1298,2,52
443,"Buziasului - Apartament 2 Camere, centrala proprie","Ciarda Rosie, Timisoara, Timis",67500,1298,2,52
2390,"Apartamente cu 2 camere in Braytim, aproape de asfalt.","Cetate, Timisoara, Timis",67500,1350,2,50
3000,Complex - etaj 1 - renovat - mobilat si utilat!,"Campus Universitar, Timisoara, Timis",67500,1500,2,45
1870,Olimpia-Stadion - Ap. 2 camere - Decomandat - 43mp - Et. 1,"Campus Universitar, Timisoara, Timis",67500,1570,2,43
1627,Complexul Studentesc. Disponibil Imediat.,"Stadion, Timisoara, Timis",67500,1646,2,41
2323,"Apartament de 2 camere, 52 mp, zona Modern","Strada Alpinistilor, Modern, Timisoara, Timis",67900,1306,2,52
1534,"Apartament 3 camere, 50 mp, zona Centrala","Strada Tibiscum, Telegrafului, Timisoara, Timis",67900,1358,3,50
1857,Apartament 2 camere decomandat bloc reabilitat Lipovei,"Lipovei / Calea Sever Bocu, Timisoara, Timis",67900,1358,2,50
347,Apartament cu 3 camere si 2 bai zona Dambovita mobilat si utilat - ID,"Calea Sagului, Timisoara, Timis",67990,1172,3,58
2964,"Apartament 3 camere, decomandat, etaj 7/10, balcon mare, zona Sagului-","Calea Sagului, Timisoara, Timis",67990,1283,3,53
2242,Apartament cu 3 camere in zona Spitalului Judetean,"Plavat, Timisoara, Timis",67999,1193,3,57
939,Apartament cu 2 camere la parter inalt | Complex Studentesc,"Strada Cozia, Elisabetin, Timisoara, Timis",67999,1236,2,55
725,De vânzare apartament la casa cu 2 camere,"Odobescu, Timisoara, Timis",68000,1046,2,65
2572,Apartament 2 camere - Mircea cel Batran,"Mehala, Timisoara, Timis",68000,1046,2,65
313,Apartament Deosebit cu 3 Camere | De Vanzare | Zona Aradului,"Strada Linistei, Araduluri Est, Timisoara, Timis",68000,1133,3,60
984,Apartament luminos cu 3 camere | Aradului,"Strada Martir Dan Carpin, Araduluri Est, Timisoara, Timis",68000,1133,3,60
52,"Sx219 Timisoara, PIata Flavia, Mobilat Utilat","Calea Sagului, Timisoara, Timis",68000,1172,3,58
416,"Apartament 2 camere, Take Ionescu","Cetate, Timisoara, Timis",68000,1172,2,58
910,"Apartament cu 3 camere , 2 bai, 2 balcoane , situat in zona Dambovita","Iosefin, Timisoara, Timis",68000,1172,3,58
106,AV145 | Apartament 3 camere | Buziasului 57 mp,"Ciarda Rosie, Timisoara, Timis",68000,1193,3,57
2530,Apartament 3 camere,"Cetate, Timisoara, Timis",68000,1193,3,57
3009,Sinaia-2 camere-centrala proprie,"Blascovici, Timisoara, Timis",68000,1214,2,56
393,Apartament Cu Doua Camere NEGOCIABIL Timisoara Steaua,"Cetate, Timisoara, Timis",68000,1236,2,55
472,"Apartament spatios, 2 camere, 55 mp, aproape de Iulius Mall","Strada Cooperatiei, Lipovei / Calea Sever Bocu, Timisoara, Timis",68000,1236,2,55
857,"Apartament decomandat, cochet, de 2 camere, 55mp utili, Aradului","Strada Carei, Aradului West, Timisoara, Timis",68000,1236,2,55
2884,Lipovei – Apartament 2 Camere – Decomandat,"Lipovei / Calea Sever Bocu, Timisoara, Timis",68000,1236,2,55
2516,"Apartament cu 2 camere, decomandat, zona Lipovei","Lipovei / Calea Sever Bocu, Timisoara, Timis",68000,1259,2,54
2760,Apartament cu 2 camere mobilat,"Iosefin, Timisoara, Timis",68000,1259,2,54
511,"Apartament de 2 camere, 53mp, parter, zona Girocului","Strada Salcamilor, Calea Girocului, Timisoara, Timis",68000,1283,2,53
2135,Aradului. Zona linistita. Centrala proprie. Decomandat.,"Araduluri Est, Timisoara, Timis",68000,1283,2,53
737,Dâmbovița 2 camere 52 mp centrală gaz 68000 euro,"Dambovita, Timisoara, Timis",68000,1308,2,52
2696,"Apartament 2 camere, etaj intermediar, zona Buziasului","Zona Soarelui, Timisoara, Timis",68000,1308,2,52
2451,"Apartament 3 camere - 51m² - ETAJ 7/10, Timisoara - Calea Sagului","Odobescu, Timisoara, Timis",68000,1333,3,51
3040,Apartament Timisoara,"Odobescu, Timisoara, Timis",68000,1333,3,51.03
3052,R000131 Apartament 3 camere Iosefin (fara comision),"Dambovita, Timisoara, Timis",68000,1333,3,51.03
1239,"Apartament 2 camere, zona Take Ionescu","Araduluri Est, Timisoara, Timis",68000,1360,2,50
1788,Tipografilor. Disponibil imediat. Posibilitate centrala.,"Cetate, Timisoara, Timis",68000,1360,2,50
2155,"Zona Mircea cel Batran, pregatit pentru centrala, disponibil imediat.","Mircea Cel Batran, Timisoara, Timis",68000,1360,2,50
2166,"Mobilat, utilat. Boxa. Posibilitate centrala proprie. Circumvalatiunii","Bucovina, Timisoara, Timis",68000,1388,3,49
1674,Apartament cu 2 camere zona Girocului,"Strada Nicolae Iliesu, Calea Girocului, Timisoara, Timis",68000,1417,2,48
3184,"Apartament cu 2 camere, semidecomandat, etajul 4/5, Zona Sagului","Iosefin, Timisoara, Timis",68000,1417,2,48
1528,"Apartament 2 camere, 47 mp, bucatarie inchisa, zona Braytim","Bulevardul Sudului, Zona Soarelui, Timisoara, Timis",68000,1447,2,47
1529,"Apartament de 2 camere, 47 mp, cochet, zona Braytim","Bulevardul Sudului, Zona Soarelui, Timisoara, Timis",68000,1447,2,47
3155,"Apartament cu 2 camere, semidecomandat, etajul 4/5, in Zona Sagului","Calea Sagului, Timisoara, Timis",68000,1447,2,47
281,"Apartament cu 2 camere cu gradina ,pozitie excelenta in zona Braytim","Zona Timisoara Sud, Timisoara, Timis",68000,1478,2,46
165,Vând apartament 2 camere,"Cetate, Timisoara, Timis",68000,1511,2,45
2183,Decomandat. Langa Parc. Mobilat si utilat. Lipovei.,"Lipovei / Calea Sever Bocu, Timisoara, Timis",68000,1545,2,44
2339,"Apartament cu 1 camera, 40 mp, etaj intermediar, zona Simion Barnutiu","Intrarea Ioan Vasai, Kogalniceanu, Timisoara, Timis",68000,1700,1,40
248,"Apartament o camera, superb amenajat, Simion Barnutiu","Bulevardul Simion Barnutiu, Telegrafului, Timisoara, Timis",68000,1943,1,35
445,OCAZIE!! 3 Camere et 2 zona DACIA 68 400 euro,"Circumvalatiunii, Timisoara, Timis",68400,1341,3,51
1854,"Apartament o camera, bloc nou, zona Torontalului","Circumvalatiunii, Timisoara, Timis",68400,1900,1,36
3147,"Comision 0%! Apartamente noi, 1 și 2 camere, loc de parcare, Braytim!","Strada Vasile Zbegan, Ciarda Rosie, Timisoara, Timis",68493,1700,1,40.29
1295,"Apartament cu 3 camere, etaj intermediar, zona Dacia","Araduluri Est, Timisoara, Timis",68500,1202,3,57
2689,Apartament cu 3 camere decomandat complet mobilat si utilat situat in,"Iosefin, Timisoara, Timis",68500,1202,3,57
2737,"ap.2 camere, parter, zona Aradului","Araduluri Est, Timisoara, Timis",68500,1522,2,45
1947,Apartament Dacia etaj intermediar renovat centrala,"Araduluri Est, Timisoara, Timis",68500,1713,2,40
2000,"Etaj intermediar, cu posibilitate montare centrala. Iosefin.","Iosefin, Timisoara, Timis",68500,1713,2,40
665,Apartament 3 camere - Mansarda - 68.750 €,"Calea Sagului, Timisoara, Timis",68750,1250,3,55
1816,Apartament Spatios 3 Camere | Calea Martirilor,"Calea Girocului, Timisoara, Timis",68900,1077,3,64
1676,Apartament 2 Camere - Spatios | Zona Sagului / Rebreanu,"Calea Sagului, Timisoara, Timis",68900,1325,2,52
2449,"Apartament 2 camere, etaj 1, Complexul Studentesc","Campus Universitar, Timisoara, Timis",68900,1723,2,40
1092,"Studio Ateneo - apartament 1 camera, Trevi 2, Lidl Torontalului","Cetate, Timisoara, Timis",68900,1914,1,36
3128,PROPRIETAR VAND apartament 2 camere in zona complexului studențesc,"Cetate, Timisoara, Timis",68990,1725,2,40
2978,"Compex Studentesc, 2 camere, ETAJ 1","Campus Universitar, Timisoara, Timis",68990,1769,2,39
2364,Apartament cu 2 camere si terasa 43 mp in zona Braytim,"Fratelia, Timisoara, Timis",68999,1302,2,53
895,Apartamente superb cu 2 camere | Complexul studentesc,"Stadion, Timisoara, Timis",68999,1533,2,45
2676,3 camere Decomandat Girocului,"Cetate, Timisoara, Timis",69000,986,3,70
3035,Gara de Nord - ap. 69mp utili - mobilat,"Iosefin, Timisoara, Timis",69000,1000,2,69
1170,Langa Nora. Decomandat. Centrala proprie. Dambovita.,"Calea Sagului, Timisoara, Timis",69000,1113,3,62
3101,"Apartament 2 camere, semidecomandat, Zona Mircea cel Batran","Blascovici, Timisoara, Timis",69000,1113,2,62
2193,Decomandat. Adecvat pentru spatiu de birouri. Circumvalatiunii.,"Circumvalatiunii, Timisoara, Timis",69000,1150,2,60
1839,"Apartament 2 camere,zona Telegrafului cu centrala proprie","Telegrafului, Timisoara, Timis",69000,1169,2,59
2776,"Apartament 2 camere, Complexul Studentesc, Centrala Proprie","Campus Universitar, Timisoara, Timis",69000,1169,2,59
3176,"Apartament 2 camere, semidecomandat, zona Modern","Dorobantilor, Timisoara, Timis",69000,1232,2,56
1451,"Apartament 2 camere, 55 mp, curte comuna, zona Iosefin","Bulevardul Regele Carol I, Iosefin, Timisoara, Timis",69000,1255,2,55
2780,"Apartament semidecomandat cu 2 camere, Lipovei","Lipovei / Calea Sever Bocu, Timisoara, Timis",69000,1255,2,55
1119,Fabric - Baba Dochia. Parter Inalt.,"Lunei, Timisoara, Timis",69000,1266,2,54.5
493,"Apartament cu 2 camere, situat la parter inalt, in zona Sinaia.","Blascovici, Timisoara, Timis",69000,1278,2,54
684,"Apartament cu 2 camere, etaj intermediar, situat in zona Buziasului","Zona Soarelui, Timisoara, Timis",69000,1278,2,54
3159,Apartament 2 camere 2 balcoane zona Aradului,"Araduluri Est, Timisoara, Timis",69000,1278,2,54
767,"Apartament cu 2 camere, balcon, parter, zona Sagului","Bulevardul Dambovita, Dambovita, Timisoara, Timis",69000,1302,2,53
2880,Proiect nou Braytim bloc P+2+M / Apartament 2cam,"Plavat, Timisoara, Timis",69000,1302,2,53
772,Apartament 2 Camere | De Vanzare | Zona Dâmboviţa | Parter,"Iosefin, Timisoara, Timis",69000,1327,2,52
1200,Centrala proprie. Clima. Aproape de Pescada. Lipovei.,"Lipovei / Calea Sever Bocu, Timisoara, Timis",69000,1380,2,50
1338,"Apartament doua camere, parter, Bulevardul Gheorghe Lazar","Splaiul Tudor Vladimirescu, Iosefin, Timisoara, Timis",69000,1380,2,50
2383,"Apartament 2 camere, decomandat, parter","Fabric, Timisoara, Timis",69000,1380,2,50
2574,Apartament cu 3 camere in zona Sagului,"Steaua, Timisoara, Timis",69000,1380,3,50
2612,"Apartament cu 2 camere, 50 mp, decomandat, Dambovita","Aleea Citadelei, Dambovita, Timisoara, Timis",69000,1380,2,50
2827,"AX165 Apartamente cu 2 si 3 camere, gradina proprie, finisate la cheie","Timisoara, Timis",69000,1438,2,48
1862,Olimpia -2 cam - bucatarie spatioasa- renovat - zona buna!,"Cetate, Timisoara, Timis",69000,1468,2,47
3177,"Apartament 2 camere, ideal investitie, zona Complex","Cetate, Timisoara, Timis",69000,1468,2,47
2562,"Apartament cu 2 camere, zona centrala","Cetate, Timisoara, Timis",69000,1500,2,46
1908,"Complexul Studentesc, 1 camera, centrala proprie, ETAJ 1, POZITIE EXCE","Campus Universitar, Timisoara, Timis",69000,1533,1,45
1926,"Complexul Studentesc, 2 camere, Renovat","Bulevardul Eroilor de La Tisa, Campus Universitar, Timisoara, Timis",69000,1533,2,45
1774,Apartament cu 2 camere in zona Dambovita,"Dambovita, Timisoara, Timis",69000,1605,2,43
2715,Apartament 2 Camere cu Centrala Iulius Mall,"Strada Labirint, Circumvalatiunii, Timisoara, Timis",69000,1643,2,42
1962,Apartament 2 camere I Etaj 1 - Zona Complex Studentesc,"Bulevardul Eroilor de La Tisa, Stadion, Timisoara, Timis",69000,1725,2,40
2205,Complex Studentesc - 2 camere - Et. 1 - Renovat,"Campus Universitar, Timisoara, Timis",69000,1725,2,40
2298,"Apartament cu 2 camere, etaj 1, Complex Studentesc","Strada Deliblata, Stadion, Timisoara, Timis",69000,1725,2,40
3212,"Proprietar, vand apartament Timisoara","Cetate, Timisoara, Timis",69000,1725,1,40
1646,Etaj intermediar. Posibilitatea de montare centrala proprie. Complex.,"Campus Universitar, Timisoara, Timis",69000,1769,2,39
717,Aproape de mijloacele de transport si de Iulius Town. Circumvalatiunii,"Circumvalatiunii, Timisoara, Timis",69000,1816,2,38
211,3 camere cf 1 dec Girocului 69500euro,"Strada Martir Dumitru Juganaru, Plavat, Timisoara, Timis",69500,1022,3,68
2107,Langa PARCUL GH. DOJA. Ideal pt.investitie.Disponibil imediat. Central,"Cetate, Timisoara, Timis",69500,1158,2,60
761,Apartament 2 Camere - Girociului Str. Lidia - Etaj 1,"Strada Maresal Alexandru Averescu, Plavat, Timisoara, Timis",69500,1363,2,51
1939,"In vecinatatea Spitalului Judetean, etaj intermediar, Girocului.","Calea Girocului, Timisoara, Timis",69500,1448,3,48
1291,Apartament decomandat 2 camere+ terasa 25 mp- Zona Traian,"Piata Traian, Fabric, Timisoara, Timis",69800,1551,2,45
2154,Complex Studentesc. Centrala Proprie. Disponibilitate imediata.,"Campus Universitar, Timisoara, Timis",69900,1226,2,57
2198,Complex Studentesc - Ap. 2 camere - 57mp - centrala proprie - BOXA CF,"Campus Universitar, Timisoara, Timis",69900,1226,2,57
1227,69900 euro ... 3 camere Aradului conf 1 .. S=55 mp,"Aradului West, Timisoara, Timis",69900,1271,3,55
2766,"Apartament cu 3 camere, etaj intermediar, piata Doina","Cetate, Timisoara, Timis",69900,1294,3,54
1175,Etaj intermediar. Centrala proprie. Disponibil imediat. Buziasului.,"Ciarda Rosie, Timisoara, Timis",69900,1344,2,52
1263,"Apartament cu 2 camere, mobilat, parter inalt, zona Dambovita","Iosefin, Timisoara, Timis",69900,1344,2,52
2683,2 CAMERE conf 1 Complex - Bld Parvan 69900euro,"Campus Universitar, Timisoara, Timis",69900,1398,2,50
1951,Apartament cu 2 camere in Complexul Studentesc,"Campus Universitar, Timisoara, Timis",69900,1553,2,45
1283,Apartament de 2 camere in zona centrala,"Kogalniceanu, Timisoara, Timis",69900,1626,2,43
2787,"Apartament 2 camere in zona Iosefin, etaj 3/10, semidecomandat-P15505","Iosefin, Timisoara, Timis",69990,1186,2,59
2269,"Apartament cu 2 camere, decomandat, complet mobilat si utilat, situat","Steaua, Timisoara, Timis",69990,1228,2,57
2940,"Apartament 2 camere zona Dambovita, etaj 4/5-P14923","Dambovita, Timisoara, Timis",69990,1273,2,55
1959,"Apartament 2 camere, etaj 1, 52mp, lift, loc parcare, finalizat, Zona","Fratelia, Timisoara, Timis",69990,1346,2,52
780,"Apartament cu 2 camere, Calea Girocului|PROPRIETAR|","Badea Cartan, Timisoara, Timis",69990,1458,2,48
1296,COMISION 0% Apartament 2 camere 48 mp zona Girocului - ID V5003,"Calea Girocului, Timisoara, Timis",69990,1458,2,48
1167,"Apartament spatios dotat cu centrala proprie, decomandat!","Calea Sagului, Timisoara, Timis",69999,1265,2,55.33
1060,"Elisabetin - Mihai Viteazu, 2 camere, decomandat, 71 mp, curte privata","Strada Virgil Madgearu, Elisabetin, Timisoara, Timis",70000,985,2,71.06
1022,"Apartament cu o camera si spatiu comercial, zona Simion Barnutiu","Dorobantilor, Timisoara, Timis",70000,1000,2,70
2264,"OPORTUNITATE ! Apartament 3 dormitoare, living open space, zona...","Strada Martir Marius Ciopec, Calea Girocului, Timisoara, Timis",70000,1020,4,68.6
997,Vand Apartament 2 camere confort 1,"Cetate, Timisoara, Timis",70000,1029,2,68
2754,"Apartament cu 3 camere si terasa, situat in zona Steaua","Steaua, Timisoara, Timis",70000,1061,3,66
1480,"Apartament de 3 camere, decomandat, 65 mp, Calea Girocului","Strada Martir Ioan Stanciu, Calea Girocului, Timisoara, Timis",70000,1077,3,65
3188,"Apartament cu 3 camere, decomandat, etajul 4, in Zona Girocului","Elisabetin, Timisoara, Timis",70000,1094,3,64
3232,Apartament cu 2 camere in zona Traian,"Fabric, Timisoara, Timis",70000,1129,2,62
1535,"Apartament 2 camere, 60 mp, zona Freidorf","Strada Ion Slavici, Freidorf, Timisoara, Timis",70000,1167,2,60
2321,"Apartament de 2 camere, 60 mp, balcon, zona Soarelui","Aleea Cristalului, Zona Soarelui, Timisoara, Timis",70000,1167,2,60
3174,"Apartament cu 2 camere in zona Garii, semidecomandat","Iosefin, Timisoara, Timis",70000,1186,2,59
158,"Apartament cu 2 camere, zona Aradului","Cetate, Timisoara, Timis",70000,1228,2,57
3018,Soarelui-2 camere-decomandat-centrala proprie,"Ciarda Rosie, Timisoara, Timis",70000,1228,2,57
3189,"Apartament cu 2 camere situat in zona Garii de N, etaj intermediar.","Iosefin, Timisoara, Timis",70000,1228,2,57
1427,Apartament cu 2 camere decomandat,"Freidorf, Timisoara, Timis",70000,1250,2,56
1511,"Apartament de 2 camere, 56 mp, zona Fabric","Strada Ion Neculce, Lunei, Timisoara, Timis",70000,1250,2,56
3003,Lunei-2 camere-decomandat-centrala proprie,"Lunei, Timisoara, Timis",70000,1250,2,56
1558,"Apartament de 2 camere, 55 mp, Calea Urseni","Strada Jupiter, Ciarda Rosie, Timisoara, Timis",70000,1273,2,55
2089,"2 camere, mobilat si utilat, Soarelui, pozitie excelenta.","Zona Soarelui, Timisoara, Timis",70000,1273,2,55
2458,"Apartament cu 2 camere, etaj intermediar, zona Steaua","Steaua, Timisoara, Timis",70000,1273,2,55
3117,"Apartament decomandat, 2 camere, 55 mp - Calea Urseni","Strada Dimitrie Dinicu, Ciarda Rosie, Timisoara, Timis",70000,1273,2,55
1922,Sagului - Kiriac. 2 camere. Model cu 2 balcoane.,"Odobescu, Timisoara, Timis",70000,1296,2,54
1969,Aparatament cu 2 camere in zona Braytim la asfalt!,"Fratelia, Timisoara, Timis",70000,1296,2,54
3115,"Apartament cu 2 camere, complet renovat, centrala proprie, situat in z","Freidorf, Timisoara, Timis",70000,1296,2,54
2985,Sagului-3 camere-etaj2-PRET ATRACTIV,"Steaua, Timisoara, Timis",70000,1321,3,53
2083,Zona Kiriac. Mobilat si utilat. Centrala proprie.,"Calea Sagului, Timisoara, Timis",70000,1346,2,52
2103,"Etaj intermediar, aproape de Scoala 25, zona Girocului.","Plavat, Timisoara, Timis",70000,1373,3,51
2566,"Complex Studentesc, 2 camere, CLIMA","Campus Universitar, Timisoara, Timis",70000,1373,2,51
1069,"Bloc izolat exterior, centrala proprie, langa PESCADA. Lipovei.","Lipovei / Calea Sever Bocu, Timisoara, Timis",70000,1400,2,50
2844,"Apartamente cu 2 camere in Braytim, etaj intermediar.","Cetate, Timisoara, Timis",70000,1400,2,50
3179,"Apartament cu 2 camere, complet mobilat si utilat, zona Girocului","Steaua, Timisoara, Timis",70000,1400,2,50
844,"Comision 0% ! Apartamente cu 2 sau 3 camere , Penthouse.","Cetate, Timisoara, Timis",70000,1458,2,48
901,Apartament luminos cu 2 camere | Garaj | Circumvalatiunii,"Strada Amforei, Circumvalatiunii, Timisoara, Timis",70000,1458,2,48
1336,"APARTAMENT 2 CAMERE, 48 MP, CALEA LIPOVEI","Strada C-Tin Radulescu Motru, Lipovei / Calea Sever Bocu, Timisoara, Timis",70000,1458,2,48
2500,"Apartamente cu 2 camere, finisaje la alegere, zona Braytim","Cetate, Timisoara, Timis",70000,1489,2,47
2734,"Apartamente NOI cu 2 camere in zona Braytim, finisaje de cea mai inalt","Cetate, Timisoara, Timis",70000,1489,2,47
537,"Vând apartament 2 camere plus boxa, zona complex","Cetate, Timisoara, Timis",70000,1522,2,46
701,Bloc izolat. Mobilat si utilat. Decomandat. Aradului.,"Aradului West, Timisoara, Timis",70000,1628,2,43
985,Apartament luminos cu 2 camere | Tipografilor,"Strada Alexandru Golescu, Tipografilor, Timisoara, Timis",70000,1628,2,43
1605,Aproape de Take Ionescu. 2 camere. Centrala proprie.,"Cetate, Timisoara, Timis",70000,1628,2,43
1343,"Aprtament 2 camere, etaj intermediar, Calea Sagului","Intrarea Clopotului, Calea Sagului, Timisoara, Timis",70000,1667,2,42
1446,"Apartament 2 camere, parter, zona Take Ionescu","Kogalniceanu, Timisoara, Timis",70000,1707,2,41
453,"Apartament cu 2 camere, decomandat, situat in zona Sagului","Calea Girocului, Timisoara, Timis",70000,1750,2,40
1516,"Apartament 1 camera, 40 mp, zona Aradului","Strada Calan, Aradului West, Timisoara, Timis",70000,1750,1,40
1636,"Take Ionescu, 2 camere, ZONA EXCELENTA","Cetate, Timisoara, Timis",70000,1842,2,38
1421,"Apartament de 2 camere, 54 mp, zona Braytim","Strada Boema, Zona Timisoara Sud, Timisoara, Timis",70200,1300,2,54
960,CM 332 Apartament 3 Camere | CALEA SAGULUI,"Elisabetin, Timisoara, Timis",70500,1410,3,50
385,"SX203, Timisoara, Torontalului, Finisate la Cheie","Timisoara, Timis",70565,1350,2,52.27
995,"Apartament superb, decomandat, 2 Camere, 53 mp Zona Girocului","Strada Mures, Plavat, Timisoara, Timis",70810,1336,2,53
1166,Centrala proprie. Disponibil imediat. Dambovita.,"Calea Sagului, Timisoara, Timis",70900,1289,3,55
2539,"Apartament cu 2 camere, constructie noua, ideal pentru un cuplu","Timisoara, Timis",70900,1356,2,52.27
380,Apartament 2 camere decomandat / centrala termica Lipovei !!,"Lipovei / Calea Sever Bocu, Timisoara, Timis",70900,1509,2,47
647,"Apartament cu 2 camere, renovat, decomandat, situat in zona Sagului","Steaua, Timisoara, Timis",70990,1365,2,52
635,Apartament 2 Camere - Spatios | Zona Sagului | Comision 0!,"Fratelia, Timisoara, Timis",70990,1377,2,51.57
653,"SC006 Apartament 2 camere, decomandat, renovat total, Sagului","Elisabetin, Timisoara, Timis",70990,1392,2,51
2700,"Apartament 2 camere in zona Complex Studentesc, etaj 4/4, semidecomand","Campus Universitar, Timisoara, Timis",70990,1420,2,50
644,"AX454 Sagului, renovat, parter inalt","Calea Sagului, Timisoara, Timis",70990,1510,2,47
2239,Apartament cu 3 camere decomandat zona Girocului,"Calea Girocului, Timisoara, Timis",71000,1029,3,69
2233,"Apartamente cu 2 camere, decomandate, rate de la dezvoltator, zona Cal","Ciarda Rosie, Timisoara, Timis",71000,1246,2,57
2993,GIROC - 2 Camere - Finisaje de Lux - Supraveghere Video,"Cetate, Timisoara, Timis",71000,1246,2,57
2619,"Apartament 2 camere, Calea Urseni, 2 locuri de parcare incluse in pret","Calea Urseni, Ciarda Rosie, Timisoara, Timis",71000,1248,2,56.87
12,Apartament cu 2 camere decomandat situat in zona Dambovita,"Iosefin, Timisoara, Timis",71000,1268,2,56
2538,Apartament cu 2 camere zona Soarelui,"Zona Soarelui, Timisoara, Timis",71000,1291,2,55
232,"Apartament 2 camere, 54 mp, Girocului","Strada Maresal Alexandru Averescu, Plavat, Timisoara, Timis",71000,1315,2,54
378,2 camere Dambovita etajul 2 model mare mobilat si utilat.,"Strada Vulturilor, Dambovita, Timisoara, Timis",71000,1315,2,54
1630,"Apartament spatios, intr-un bloc izolat, Dambovita!","Calea Sagului, Timisoara, Timis",71000,1340,2,53
2617,"Apartament 2 camere, 52.08mp, 2 locuri de parcare, Calea Urseni","Calea Urseni, Ciarda Rosie, Timisoara, Timis",71000,1363,2,52.08
207,Apartament 3 camere,"Lipovei / Calea Sever Bocu, Timisoara, Timis",71000,1365,3,52
2731,"Apartament cu 2 camere, centrala proprie, Calea Urseni","Ciarda Rosie, Timisoara, Timis",71000,1365,2,52
348,"2 camere Decomandate, Etajul 1, 2 balcoane, zona Girocului-Lidia","Strada Maresal Alexandru Averescu, Elisabetin, Timisoara, Timis",71000,1392,2,51
721,Calea Timisoarei- Apart. 2 camere - Încălzire in pardoseala- 51 mp,"Fratelia, Timisoara, Timis",71000,1392,2,51
2032,"Nou, decomandat, langa Eso si Profi-Girocului.","Zona Timisoara Sud, Timisoara, Timis",71000,1392,2,51
2433,Apartament cu 3 camere mobilat si utilat situat in zona Dambovita,"Iosefin, Timisoara, Timis",71000,1392,2,51
2475,Ai auzit? Se vinde apartament cu 2 camere in constructie noua...,"Calea Torontalului, Torontalului, Timisoara, Timis",71000,1406,2,50.5
1127,PROPRIETAR - Predare imediata - Calea Urseni - RATE DEZVOLTATOR,"Cetate, Timisoara, Timis",71000,1420,2,50
2739,"2 camere, decomandat, zona Aradului, et.3","Araduluri Est, Timisoara, Timis",71000,1420,3,50
2958,"Apartament 2 camere, semidecomandat, etaj 4/4, Complexul Studentesc","Fabric, Timisoara, Timis",71000,1420,2,50
1376,"Apartament 2 camere, 49mp, zona Calea Urseni","Strada Dimitrie Dinicu, Ciarda Rosie, Timisoara, Timis",71000,1449,2,49
2093,"Elisabetin, Aproape de Universitatea de Vest. Ideal pentru investitie.","Elisabetin, Timisoara, Timis",71000,1479,2,48
1150,"Apartament 2 camere, ideal pentru investitii in zona Ultracentrala.","Cetate, Timisoara, Timis",71000,1651,2,43
1250,Ultracentral - Apart. 2 camere - Demisol - Pretabil investitie,"Cetate, Timisoara, Timis",71000,1651,2,43
1025,"Apartament nou, 2 camere, Calea Torontalului","Calea Girocului, Timisoara, Timis",71118,1394,2,51
2691,"Torontalului, 2 camere, NOU, INCALZIRE PARDOSEALA","Circumvalatiunii, Timisoara, Timis",71138,1293,2,55
2620,Apartament 2 camere in zona gării,"Bulevardul General Ion Dragalina, Iosefin, Timisoara, Timis",71500,1233,2,58
692,Apartament finalizat cu 2 camere in zona Calea Urseni,"Ciarda Rosie, Timisoara, Timis",71500,1349,2,53
2717,Apartament cu 2 camere etajul 1,"Strada Papadiei, Ciarda Rosie, Timisoara, Timis",71500,1375,2,52
2992,GIROC - 2 Camere - Etajul 1 - Finisaje de Lux,"Cetate, Timisoara, Timis",71500,1375,2,52
1996,Aradului – Apartament 2 Camere – Amenajat,"Calea Aradului, Araduluri Est, Timisoara, Timis",71500,1459,2,49
658,Apartament 2 camere semidecomandat Aradului,"Cetate, Timisoara, Timis",71500,1490,2,48
1153,APARTAMENT SOARELUI 2 CAMERE 48MP,"Aleea Martir Andrei Istvan, Zona Soarelui, Timisoara, Timis",71500,1490,2,48
262,"Apartament 2 camere,imobil nou, lift, zona Torontalului","Calea Aradului, Timisoara, Timis",71550,1403,2,51
2842,Apartamente cu 2 camere in Braytim.Complet finalizate.,"Cetate, Timisoara, Timis",71800,1436,2,50
2399,LIPOVEI - 3 cam - 2 bai - ETAJ 3 - CLIMA,"Lipovei / Calea Sever Bocu, Timisoara, Timis",71900,1073,3,67
2105,Decomandat. Centrala proprie. Girocului.,"Calea Girocului, Timisoara, Timis",71900,1331,2,54
2027,"Apartament cu 2 camere si 2 balcoane, decomandat, zona Bucovina","Circumvalatiunii, Timisoara, Timis",71900,1383,2,52
1869,Apartament de 3 camere in zona Lipovei,"Lipovei / Calea Sever Bocu, Timisoara, Timis",71900,1438,3,50
2864,Vand apartament cu 3 camere,"Cetate, Timisoara, Timis",71999,1532,3,47
622,Apartament 3 camere+ 2 bai- ETAJ INTERMEDIAR- Zona Lipovei,"Strada Ion Ionescu de La Brad, Lipovei / Calea Sever Bocu, Timisoara, Timis",72000,1075,3,67
2395,Apartament cu trei camere etaj intermediar Lipovei,"Lipovei / Calea Sever Bocu, Timisoara, Timis",72000,1075,3,67
1071,"Model mare, decomandat. Bloc izolat, centrala proprie. Sagului.","Calea Sagului, Timisoara, Timis",72000,1108,3,65
3185,"Apartament cu 3 camere mobilat si utilat situat, centrala proprie, sit","Iosefin, Timisoara, Timis",72000,1143,3,63
840,Proprietar Apartament 3 camere Decomandat,"Cetate, Timisoara, Timis",72000,1241,3,58
2086,Steaua. Decomandat. Mobilat si utilat.,"Dambovita, Timisoara, Timis",72000,1263,2,57
1157,"Apartament cu 3 camere, spatios, luminos, zona Gheorghe Lazar","Strada Labirint, Circumvalatiunii, Timisoara, Timis",72000,1286,3,56
1491,"Apartament 2 camere, 56 mp, zona Sinaia","Strada Emanoil Gojdu, Iosefin, Timisoara, Timis",72000,1286,2,56
2849,"Apartament 3 camere, decomandat, comision 0%","Dambovita, Timisoara, Timis",72000,1286,3,56
1041,Apartament 2 camere Soarelui decomandat,"Cetate, Timisoara, Timis",72000,1309,2,55
2982,Sagului-2 camere-decomandat-spatios,"Steaua, Timisoara, Timis",72000,1309,2,55
95,Apartament 2 camere,"Cetate, Timisoara, Timis",72000,1333,2,54
2886,0% Comision - Apartament 2 camere - La cheie - Etaj 1 - Braytim,"Zona Timisoara Sud, Timisoara, Timis",72000,1370,2,52.54
283,Vand apartament 2 camere 52 mp,"Cetate, Timisoara, Timis",72000,1385,2,52
1776,Apartament 2 camere Zona Soarelui - Decomandat - Confort 1,"Cetate, Timisoara, Timis",72000,1385,2,52
532,"Apartament 2 camere, Timisoara Calea Sagului","Cetate, Timisoara, Timis",72000,1412,2,51
987,"Apartament cu 2 camere, complex Iris Armoniei","Strada Armoniei, Araduluri Est, Timisoara, Timis",72000,1412,2,51
1802,"Apartament 2 camere,decomandat,confort 1,zona Soarelui","Zona Soarelui, Timisoara, Timis",72000,1412,2,51
139,"Lipovei-2 camere, confort 1 sporit, centrala proprie","Cetate, Timisoara, Timis",72000,1440,2,50
360,"apartament 2 camere,zona Dambovita","Dambovita, Timisoara, Timis",72000,1440,2,50
589,"apartament 2 camere,zona Dambovita","Calea Sagului, Timisoara, Timis",72000,1440,2,50
727,Apartament 2 camere Aradului,"Cetate, Timisoara, Timis",72000,1440,2,50
1543,"Apartament cu 2 camere, garaj si boxa, zona Odobescu","Elisabetin, Timisoara, Timis",72000,1440,2,50
2149,"Complexul Studentesc,disponibilitate imediata. 3 Camere.","Campus Universitar, Timisoara, Timis",72000,1440,3,50
2174,Tipografilor. Centrala Proprie. Disponibil imediat.,"Cetate, Timisoara, Timis",72000,1440,2,50
2202,Lipovei. Complet mobilat si utilat. Centrala. Decomandat,"Cetate, Timisoara, Timis",72000,1440,2,50
2342,"Apartament cu 2 camere, 50 mp, decomandat, Lipovei","Strada Silistra, Lipovei / Calea Sever Bocu, Timisoara, Timis",72000,1440,2,50
2376,2 camere Aradului ... 72000 euro,"Aradului West, Timisoara, Timis",72000,1440,2,50
2401,Apartament decomandat Piata Verde cu boxa,"Araduluri Est, Timisoara, Timis",72000,1440,2,50
3010,"Lipovei, 2 camere, decomandat, CENTRALA PRORPIE","Lipovei / Calea Sever Bocu, Timisoara, Timis",72000,1440,2,50
2382,"AX293 Aradului, parter inalt, boxa","Aradului West, Timisoara, Timis",72000,1469,2,49
2810,"Apartament 3 camere, intermediar, zona Spitalul Județean","Strada Dr. Ioan Muresan, Calea Girocului, Timisoara, Timis",72000,1469,3,49
3234,"Apartament cu 2 camere, centrala proprie, zona Soarelui","Ciarda Rosie, Timisoara, Timis",72000,1469,2,49
1341,"Apartament de 2 camere, semidecomandat, 48 mp, Girocului","Strada Martir Constantin Garjoaba, Calea Girocului, Timisoara, Timis",72000,1500,2,48
1666,Apartament cu 2 camere zona Girocului,"Strada Martir Constantin Garjoaba, Calea Girocului, Timisoara, Timis",72000,1500,2,48
1019,Apartament 2 dormitoare,"Strada Dej, Aradului West, Timisoara, Timis",72000,1520,2,47.38
1931,Bloc izolat exterior. Etaj intermediar. Baie cu geam. Dambovita.,"Dambovita, Timisoara, Timis",72000,1532,3,47
1785,Etaj 1. Centrala proprie. Balcon.,"Calea Girocului, Timisoara, Timis",72000,1565,2,46
2671,"2 cam. Aradului, la 10 min. de Iulius Mall, parter, mobilat si utilat","Araduluri Est, Timisoara, Timis",72000,1565,2,46
1977,Apartament 2 camere | 45 mp | Calea Urseni,"Ciarda Rosie, Timisoara, Timis",72000,1600,2,45
2219,"Apartamente de vanzare in zona Braytim, disponibile la fiecare etaj","Cetate, Timisoara, Timis",72100,1387,2,52
3062,"Apartament 3 camere - 72m² - etaj 4/4, Parcul LIDIA - Timisoara","Zona Soarelui, Timisoara, Timis",72434.61,1006.04,3,72
3041,Apartament 3 camere Timisoara,"Zona Soarelui, Timisoara, Timis",72434.61,1063.65,3,68.1
271,"Iosefin - ap. 2 cam - 73,7mp utili - curte comuna","Iosefin, Timisoara, Timis",72500,820,2,88.4
3111,"Apartament cu 2 camere, stare buna, Zona Sagului","Iosefin, Timisoara, Timis",72500,1250,2,58
3113,Apartament cu 2 camere complet mobilat si utilat situat in zona Sagulu,"Steaua, Timisoara, Timis",72500,1250,2,58
3186,"Apartament cu 2 camere, zona Aradului","Araduluri Est, Timisoara, Timis",72500,1318,2,55
215,"Apartament 2 camere , zona Aradului iulius Town","Cetate, Timisoara, Timis",72500,1343,2,54
84,"3 CAMERE, BLOC IZOLAT, CENTRALA TERMICA, DACIA LANGA BISERICA!","Strada Amforei, Circumvalatiunii, Timisoara, Timis",72500,1450,3,50
897,Apartament spatios cu 2 camere | Lipovei,"Strada Holdelor, Lipovei / Calea Sever Bocu, Timisoara, Timis",72500,1450,2,50
2618,"Apartament cu doua camere si boxa, 47 mp, in Balcescu","Strada Cozia, Elisabetin, Timisoara, Timis",72500,1450,2,50
1716,"Apartament 2 camere, etajul I, Aradului","Araduluri Est, Timisoara, Timis",72500,1480,2,49
2121,Bloc izolat exterior. Decomandat. Centrala proprie. Sagului.,"Odobescu, Timisoara, Timis",72500,1510,2,48
845,"RL041 Apartament 2 camere, parter, Lipovei/Iulius Mall","Cetate, Timisoara, Timis",72500,1648,2,44
2732,"Apartament cu 2 camere, centrala proprie, Calea Urseni","Ciarda Rosie, Timisoara, Timis",72900,1402,2,52
2616,"Apartament 2 camere, 50 mp, parcare, Calea Urseni","Calea Urseni, Ciarda Rosie, Timisoara, Timis",72900,1444,2,50.49
1663,Ocazie!!!! 3 camere Lipovei ... 72990 euro .. etajul 3,"Lipovei / Calea Sever Bocu, Timisoara, Timis",72990,1123,3,65
978,Aradului - Apartament 1 Camera,"Araduluri Est, Timisoara, Timis",72990,1460,1,50
1806,Apartament cu 3 camere in zona Spitalul Judetean,"Calea Girocului, Timisoara, Timis",72999,1460,3,50
154,3 Cam-Nou-Girocului-Centrala-3Min Spital Jud-66MP-Balcon 3MP-73.000Eur,"Calea Girocului, Timisoara, Timis",73000,1106,3,66
1410,"Apartament 3 camere semidecomandat, 67mp-Lipovei","Strada Horia Macelariu, Lipovei / Calea Sever Bocu, Timisoara, Timis",73000,1141,3,64
2761,"Apartament cu 2 camere, centrala proprie, zona Sagului","Steaua, Timisoara, Timis",73000,1177,4,62
3183,"Apartament 3 camere, semidecomandat, etaj 5(mansarda), Dambovita","Dambovita, Timisoara, Timis",73000,1237,3,59
1948,Apartament cu 2 camere în zona Steaua,"Strada Bujorilor, Fratelia, Timisoara, Timis",73000,1281,2,57
2296,"Apartament cu 3 camere, 57 mp, semidecomandat, Spitalul Judetean","Strada Dr. Ioan Muresan, Calea Girocului, Timisoara, Timis",73000,1281,3,57
2730,"Apartament cu 2 camere, centrala proprie, Calea Urseni","Ciarda Rosie, Timisoara, Timis",73000,1281,2,57
107,Apartament spatios cu centrala proprie,"Dambovita, Timisoara, Timis",73000,1304,2,56
2148,Etajul 1. Mobilat si utilat. Balcon inchis. Girocului,"Calea Girocului, Timisoara, Timis",73000,1304,3,56
2201,Lipovei. Langa scoala Generala nr. 7. Etaj intermediar,"Araduluri Est, Timisoara, Timis",73000,1304,3,56
2893,"Apartament la cheie, 2 camere Bloc Nou! Girocului-Hotel IQ","Ciarda Rosie, Timisoara, Timis",73000,1327,2,55
3205,"Apartament cu 3 camere, semidecomandat, etajul 4/5, in Zona Girocului","Stadion, Timisoara, Timis",73000,1352,3,54
862,Apartament 3 camere – Dambovita- 5157,"Aleea Poiana Ruscai, Calea Sagului, Timisoara, Timis",73000,1404,3,52
2216,"Bucovina, 2 camere, Decomandat","Strada Matei Basarab, Bucovina, Timisoara, Timis",73000,1404,2,52
2104,Girocului. Decomandat. Mobilat si utilat.,"Plavat, Timisoara, Timis",73000,1431,2,51
332,AP 2 Camere Etaj 3 zona Olimpia Stadion 73.000 euro,"Aleea F. C. Ripensia, Stadion, Timisoara, Timis",73000,1460,2,50
489,Proprietar vând ap 3 cam zona sagului et 1 vizavi de scoala,"Cetate, Timisoara, Timis",73000,1460,3,50
2096,Apartament amenajat. Mobilat si utilat. Aproape de Gara de Nord,"Iosefin, Timisoara, Timis",73000,1460,2,50
2714,Apartament la etajul 1 cu centrala proprie,"Elisabetin, Timisoara, Timis",73000,1460,3,50
2745,"Apartament cu 2 camere, etaj 1, centrala proprie, zona Buziasului","Zona Soarelui, Timisoara, Timis",73000,1460,2,50
2152,Complex. Etaj intermediar. Aproape de mijloacele de transport.,"Campus Universitar, Timisoara, Timis",73000,1521,2,48
132,"Apartament cu 3 camere,decomandat, situat in zona Sagului","Steaua, Timisoara, Timis",73000,1553,3,47
138,"Apartament cu 2 camere, decomandat, situat in zona Sagului","Steaua, Timisoara, Timis",73000,1553,2,47
2887,Apartament cu 3 camere langa Spitalul Judetean,"Calea Girocului, Timisoara, Timis",73000,1553,3,47
2100,Garii. Aproape de NOKIA. 2 camere.,"Iosefin, Timisoara, Timis",73000,1587,2,46
1126,"Apartament 2cam mobilat si utilat | bloc nou,parter/1| SOARELUI","Zona Soarelui, Timisoara, Timis",73000,1659,2,44
957,"Apartament cu 2 camere, centrala proprie, in zona Torontalului","Circumvalatiunii, Timisoara, Timis",73000,1698,2,43
1928,Apartament decomandat cu 3 camere în Timișoara,"Calea Sagului, Timisoara, Timis",73500,1313,3,56
555,Vând apartament FC Ripensia,"Cetate, Timisoara, Timis",73500,1387,2,53
1744,Apartament 2 Camere | Zona Sagului | Etaj 8 | Centrala Proprie,"Fratelia, Timisoara, Timis",73500,1441,2,51
1440,"Apartament cu 3 camere, 50 mp, decomandat, Sagului","Strada Glad, Odobescu, Timisoara, Timis",73500,1470,3,50
1059,"Apartament cu 2 camere, situat in Giroc, decomandat, la etajul 1","Cetate, Timisoara, Timis",73500,1598,2,46
1037,"Apartament 2 camere, 44 mp, Zona Girocului","Strada Apelor, Calea Girocului, Timisoara, Timis",73500,1670,2,44
1536,"Apartament 2 camere, 50 mp, zona Girocului","Strada Ivan Petrovici Pavlov, Fratelia, Timisoara, Timis",73700,1474,2,50
1210,Apartament 2 Camere | Zona Soarelui -AEM | Bloc din 2013 | De Vanzare,"Ciarda Rosie, Timisoara, Timis",73964,1681,2,44
1253,Apartament cu 3 camere in zona Spitalului Judetean,"Plavat, Timisoara, Timis",73999,1298,3,57
2855,Girocului- 3 Camere decomandat -2 bai-75mp,"Plavat, Timisoara, Timis",74000,987,3,75
1913,Apartament de 3 camre in zona Lipovei,"Araduluri Est, Timisoara, Timis",74000,1104,3,67
142,"Vand apartament 3 camere+uscatorie ,Sagului,str. Intr. POGONICI","Cetate, Timisoara, Timis",74000,1138,3,65
2852,Apartament 2 camere Traian,"Fabric, Timisoara, Timis",74000,1156,2,64
3,Apartament direct de la propietar an 1980,"Calea Sagului, Timisoara, Timis",74000,1233,2,60
954,Apartament decomandat cu 3 camere | Lipovei,"Strada Ion Roata, Lipovei / Calea Sever Bocu, Timisoara, Timis",74000,1321,3,56
1348,"APARTAMENT 3 CAMERE, ZONA LIPOVEI, 56MP","Strada Silistra, Lipovei / Calea Sever Bocu, Timisoara, Timis",74000,1321,3,56
2180,Apartament decomandat. Centrala proprie. Zona linistita. Lipovei.,"Lipovei / Calea Sever Bocu, Timisoara, Timis",74000,1321,3,56
2400,"3 camere, Lipovei, 74,000 eu negociabil","Lipovei / Calea Sever Bocu, Timisoara, Timis",74000,1321,3,56
2497,"Apartament 3 camere, decomandat, zona Lipovei","Strada Sf. Apost. Petru si Pavel, Lipovei / Calea Sever Bocu, Timisoara, Timis",74000,1321,3,56
2814,"Apartament 3 camere, 56 mp, centrala, zona Lipovei","Strada Holdelor, Lipovei / Calea Sever Bocu, Timisoara, Timis",74000,1321,3,56
2934,"Apartament cu 2 camere si 2 balcoane, in zona Bucovina,","Circumvalatiunii, Timisoara, Timis",74000,1321,2,56
993,"Comision 0! Apartament 2 camere, pozitie excelenta, Gh Lazar !","Strada Martir Remus Tasala, Circumvalatiunii, Timisoara, Timis",74000,1345,2,55
1340,"APARTAMENT 3 CAMERE, 53 MP+BALCON, ZONA MODERN","Strada Tibiscum, Telegrafului, Timisoara, Timis",74000,1396,3,53
1993,"Etaj intermediar, zona buna, aproape de Nora, Dambovita.","Calea Sagului, Timisoara, Timis",74000,1423,2,52
2196,Etaj intermediar. Boxa. Centrala proprie. Circumvalatiunii.,"Circumvalatiunii, Timisoara, Timis",74000,1423,2,52
2277,Torontalui aproape de Mall)- 2 cam- lift- centrala p,"Circumvalatiunii, Timisoara, Timis",74000,1423,2,52
1457,"Apartament cu 2 camere, 51 mp, parter, Aradului","Strada Prof. Dr. Valeriu Alaci, Araduluri Est, Timisoara, Timis",74000,1451,2,51
1783,Aproape de Iulius Town si Piata verde. Bucatarie spatioasa. Aradului.,"Araduluri Est, Timisoara, Timis",74000,1451,2,51
1894,Aradului – Apartament 2 Camere,"Calea Aradului, Araduluri Est, Timisoara, Timis",74000,1451,2,51
3015,Plavat II-2 camere-decomandat,"Cetate, Timisoara, Timis",74000,1451,2,51
2204,"Model MARE, Piata Dacia, etaj INTERMEDIAR, CENTRALA proprie.","Circumvalatiunii, Timisoara, Timis",74000,1480,2,50
2402,"AX281 Torontalului, mobilat-utilat, centrala proprie","Aradului West, Timisoara, Timis",74000,1480,2,50
2853,"Torontalului, 2 camere, CENTRALA PROPRIE","Circumvalatiunii, Timisoara, Timis",74000,1542,2,48
1202,Etaj 1. Langa parc. Sagului,"Calea Sagului, Timisoara, Timis",74000,1574,3,47
1533,"Apartament 3 camere, 47 mp, zona Girocului","Strada Constantin Brailoiu, Calea Girocului, Timisoara, Timis",74000,1574,3,47
1687,Aproape de Piata Verde. Centrala proprie. Decomandat. Aradului.,"Araduluri Est, Timisoara, Timis",74000,1574,2,47
2060,Apartament 2 Camere | Etaj 8/10 Lift | Calea Torontalului-Petrom,"Aradului West, Timisoara, Timis",74000,1609,2,46
1137,"RL039 Apartament 2 camere, centrala, Soarelui/Aem","Cetate, Timisoara, Timis",74000,1682,2,44
1163,"Apartament cu 2 camere, decomandat, situat in zona Buziasului","Zona Soarelui, Timisoara, Timis",74000,1682,2,44
1243,"AX402 Buziasului, centrala, loc de parcare","Ciarda Rosie, Timisoara, Timis",74000,1682,2,44
1021,Apartament zona Lipovei,"Lipovei / Calea Sever Bocu, Timisoara, Timis",74500,1242,3,60
217,"Proprietar, vand partament 3 camere, decomandat, Calea Sagului","Cetate, Timisoara, Timis",74500,1263,3,59
220,"Apartament 2 camere, 56 mp, mobilat, zona Circumvalatiunii","Aleea Viilor, Mehala, Timisoara, Timis",74500,1330,2,56
1787,Decomandat. Langa pizzeria Giovanna. Centrala proprie. Bucovina.,"Torontalului, Timisoara, Timis",74500,1490,2,50
3209,Propietar vand sau schimb cu apartament în bloc nou,"Cetate, Timisoara, Timis",74500,1490,3,50
2673,"Apartament 2 camere SAD, zona centrala","Kogalniceanu, Timisoara, Timis",74500,1774,2,42
252,"Apartament de 2 camere, 52 mp utili, zona Braytim","Strada Vasile Mioc, Zona Timisoara Sud, Timisoara, Timis",74550,1434,2,52
2448,"Proprietar, Comision 0 ,Apartament 3 camere, Lunei-Eroilor, Curte Comu","Strada Gheorghe Asachi, Lunei, Timisoara, Timis",74900,913,3,82
2541,BOGDANESTILOR - 3 cam - LIFT - decomandat,"Blascovici, Timisoara, Timis",74900,1040,3,72
1321,"2 cam Steaua, etaj 1, 57 mp utili, 2 balcoane CENTRALA","Strada Bujorilor, Steaua, Timisoara, Timis",74900,1314,2,57
1563,"Apartament de 2 camere, garaj, 56 mp, zona Steaua","Calea Sagului, Dambovita, Timisoara, Timis",74900,1338,2,56
2115,Simion Barnutiu. Etaj 2. Model mare.,"Badea Cartan, Timisoara, Timis",74900,1338,2,56
771,Apartament 2 Camere | Zona Sagului - Ana Ipatescu | Etaj 1,"Fratelia, Timisoara, Timis",74900,1362,2,55
1745,Apartament cu 2 camere in zona Steaua,"Iosefin, Timisoara, Timis",74900,1440,2,52
789,Apartament cu 2 camere situat in zona Sagului,"Steaua, Timisoara, Timis",74900,1469,2,51
611,OCAZIE!! 2 Camere decomandate SU 50mp et 1 SOARELUI,"Zona Soarelui, Timisoara, Timis",74900,1498,2,50
1380,"Apartament cu 2 camere,Calea Aradului","Strada Cugir, Aradului West, Timisoara, Timis",74900,1702,2,44
2278,SAGULUI - 3 cam - decomandat - centrala - clima - bloc izolat,"Steaua, Timisoara, Timis",74990,1210,3,62
2534,"Apartament 2 camere, decomandat, 54mp utili, 2 balcoane -Zona Soarelu","Zona Soarelui, Timisoara, Timis",74990,1339,2,56
2531,"Apartament cu doua camere, decomandat in Giroc - ID V1409","Fratelia, Timisoara, Timis",74990,1389,2,54
630,"Apartament cu 2 camere, etajul 1, zona Soarelui","Ciarda Rosie, Timisoara, Timis",74990,1470,2,51
2447,"COMISION 0% Apartament 2 camere, etaj 3, Torontalului - ID V4527","Torontalului, Timisoara, Timis",74990,1504,2,49.85
2462,"Apartament 2 camere, decomandat, etat 1, bloc izolat, zona Soarelui P7","Zona Soarelui, Timisoara, Timis",74990,1562,2,48
2255,3 Cam-Sagului-5 Min de Centru-Centrala-Mobilat-84MP-Balcon-75.000Euro,"Calea Sagului, Timisoara, Timis",75000,893,3,84
2316,"Apartament 3 camere, 70 mp, decomandat, zona Girocului","Strada Martir Dumitru Juganaru, Plavat, Timisoara, Timis",75000,1071,3,70
2599,"Apartament cu 3 camere, decomandat, zona Dambovita","Iosefin, Timisoara, Timis",75000,1172,3,64
2686,Aradului – Apartament 2 Camere,"Calea Aradului, Araduluri Est, Timisoara, Timis",75000,1172,2,64
3153,"Apartament 3 camere, zona Aradului","Araduluri Est, Timisoara, Timis",75000,1190,3,63
1617,Proprietar vinde apartament 2 camere. Dorobanților,"Dorobantilor, Timisoara, Timis",75000,1250,2,60
2010,Disponibil imediat. Decomandat. Centrala proprie. Lipovei.,"Lipovei / Calea Sever Bocu, Timisoara, Timis",75000,1250,3,60
2614,"Apartament 2 camere, 60 mp, mobilat si utilat, zona Bucovina","Strada Matei Basarab, Bucovina, Timisoara, Timis",75000,1250,2,60
2075,Girocului-Spitalul Judetean- 4 camere -Et 2,"Calea Girocului, Timisoara, Timis",75000,1293,4,58
2153,"Girocului, 2 balcoane, etaj 2.","Plavat, Timisoara, Timis",75000,1293,4,58
128,"Apartament cu 2 camere, parter inalt, situat in zona Sagului","Steaua, Timisoara, Timis",75000,1316,2,57
275,"Apartament de vanzare, zona Steaua","Cetate, Timisoara, Timis",75000,1316,2,57
1146,"Apartament cu 2 camere, decomandat, situat in zona Sagului","Steaua, Timisoara, Timis",75000,1316,2,57
1658,Apartament 2 camere complet mobilat si utilat | Dambovita,"Iosefin, Timisoara, Timis",75000,1316,2,57
2314,"Apartament de 2 camere, 57 mp, decomandat, zona Fabric","Strada Soarelui, Lunei, Timisoara, Timis",75000,1316,2,57
1968,Ap. 2 camere complet mobilat si utilat | Zona Simion Barnutiu,"Modern, Timisoara, Timis",75000,1339,2,56
3138,Dacia – Apartament 3 Camere – Renovat,"Calea Circumvalatiunii, Circumvalatiunii, Timisoara, Timis",75000,1339,3,56
580,Apartament cu 2 camere zona Soarelui,"Zona Soarelui, Timisoara, Timis",75000,1364,2,55
1622,Dezvoltator - Apartament 2 Camere - Torontalului - 0% Comision,"Timisoara, Timis",75000,1364,2,55
1628,Centrala Proprie. Spatios. Mobilat si Utilat.,"Telegrafului, Timisoara, Timis",75000,1364,2,55
1653,Proprietar vand apartament in Complex,"Strada Daliei, Campus Universitar, Timisoara, Timis",75000,1415,2,53
1927,"Modern, 3 camere, Mansarda","Bulevardul Simion Barnutiu, Telegrafului, Timisoara, Timis",75000,1415,3,53
2095,"Spatios, etaj intermediar, izolat exterior, aproape de Mall. Sagului.","Calea Sagului, Timisoara, Timis",75000,1415,3,53
2790,Apartamente 2 camere+loc de parcare subteran comision 0%,"Strada Arthur Rubenstein, Torontalului, Timisoara, Timis",75000,1415,2,53
25,"Soarelui, 2 camere, Centrala proprie","Bulevardul General Ion Dragalina, Iosefin, Timisoara, Timis",75000,1442,2,52
405,Etaj 1. Decomandat. Centrala proprie. Baie cu geam. Soarelui.,"Zona Soarelui, Timisoara, Timis",75000,1442,2,52
558,CM473 Apartament 2 camere | Soarelui | Decomandat,"Zona Soarelui, Timisoara, Timis",75000,1442,2,52
582,"AX462 Soarelui, centrala proprie, etaj intemediar","Calea Buziasului, Timisoara, Timis",75000,1442,2,52
584,"AV392 Apartament 2 camere, decomandat, CENTRALA,Et.1, Soarelui","Zona Soarelui, Timisoara, Timis",75000,1442,2,52
591,Soarelui-2 Camere-Etaj 1,"Zona Soarelui, Timisoara, Timis",75000,1442,2,52
598,Decomandat Etaj Intermediar Dorobantilor,"Bulevardul Simion Barnutiu, Telegrafului, Timisoara, Timis",75000,1442,2,52
661,"Proprietar vand apartament cu 2 camere, etaj 1, decomandat, centrala","Cetate, Timisoara, Timis",75000,1442,2,52
749,"Decomandat cu 2 balcoane, mobilat si utilat lux, centrala propie","Strada Iancu Flondor, Bucovina, Timisoara, Timis",75000,1442,2,52
922,Comision 0%-apartament 2 camere Badea Cartan,"Cetate, Timisoara, Timis",75000,1442,2,52
991,"Apartament 2 camere, decomandat, etaj intermediar","Modern, Timisoara, Timis",75000,1442,2,52
2031,"Apartament decomandat, 2 camere, zona Dambovita","Strada Lacului, Calea Sagului, Timisoara, Timis",75000,1442,2,52
2160,Torontalului – Apartament 2 Camere – Amenajat,"Calea Torontalului, Bucovina, Timisoara, Timis",75000,1442,2,52
2795,"Apartamente 2 camere+loc de parcare subteran, Torontalului.","Strada Arthur Rubenstein, Torontalului, Timisoara, Timis",75000,1442,2,52
566,Apartament 2 camere DECOMANDAT ( ETAJUL 1)+ centrala proprie- Zona Soa,"Strada Martir Vasile Balmus, Zona Soarelui, Timisoara, Timis",75000,1471,2,51
1028,"Apartament cu 2 camere, decomandat, situat in zona Sagului","Steaua, Timisoara, Timis",75000,1471,2,51
2317,"Apartament 2 camere, 51 mp, decomandat, zona Soarelui","Strada Gheorghe Pop de Basesti, Iosefin, Timisoara, Timis",75000,1471,2,51
2681,"Apartament 2 camere, decomandat, zona Soarelui","Ciarda Rosie, Timisoara, Timis",75000,1471,2,51
3227,soarelui 2 camere-decomandat-Mobilat-Utilat-centrala proprie,"Cetate, Timisoara, Timis",75000,1471,2,51
334,CI198 Apartament 2 camere Tipografilor,"Cetate, Timisoara, Timis",75000,1500,2,50
440,"Soarelui - Apartament 2 Camere, decomandat, centrala proprie","Zona Soarelui, Timisoara, Timis",75000,1500,2,50
617,2 camere .. etajul 1 cu centrala ... Soarelui 75000 euro,"Calea Buziasului, Timisoara, Timis",75000,1500,2,50
711,Dorobantilor. Decomandat. Etaj intermediar.,"Crisan, Timisoara, Timis",75000,1500,2,50
755,Apartament renovat Liviu Rebreanu etajul intai,"Steaua, Timisoara, Timis",75000,1500,3,50
1370,"Apartament DE VANZARE, 3 camere, 50mp, zona Sagului","Aleea Sagetii, Calea Sagului, Timisoara, Timis",75000,1500,3,50
2418,Cetatii - 3 cam - centrala - boxa,"Circumvalatiunii, Timisoara, Timis",75000,1500,3,50
2709,"Dacia, 3 camere, Renovat","Strada Labirint, Circumvalatiunii, Timisoara, Timis",75000,1500,3,50
3024,"Take Ionescu, 2 cam, LOCATIE EXCELENTA","Cetate, Timisoara, Timis",75000,1500,2,50
1769,"Etaj intermediar, decomandat, centrala proprie, Dambovita!","Dambovita, Timisoara, Timis",75000,1531,2,49
473,"Ap 2 camere complet mobilat si utilat | Giroc, zona Calea Urseni","Ciarda Rosie, Timisoara, Timis",75000,1563,2,48
730,Proprietar vand ap 2 camere,"Cetate, Timisoara, Timis",75000,1563,2,48
873,"Apartament de 2 camere - in zona Aradului, bine pozitionat","Araduluri Est, Timisoara, Timis",75000,1563,2,48
1314,"Apartament cu 2 camere, centrala proprie, situat in zona Sagului","Steaua, Timisoara, Timis",75000,1563,2,48
1339,APARTAMENT 2 CAMERE ZONA Aradului,"Strada Academician Romulus Radulet, Araduluri Est, Timisoara, Timis",75000,1596,2,47
1606,Central - Victor Babes. Aproape de UVT.,"Campus Universitar, Timisoara, Timis",75000,1596,2,47
2210,"AX316 Take Ionescu, parter inalt, mobilat-utilat","Cetate, Timisoara, Timis",75000,1596,2,47
529,Apartament 2 camere complet mobilat și utilat Giroc,"Timisoara, Timis",75000,1630,2,46
817,EXCLUSIVITATE | Apartament cu 2 Camere | De Vanzare | Zona Aradului,"Strada Orsova, Aradului West, Timisoara, Timis",75000,1630,2,46
1643,Ap. 2 camere complet mobilat si utilat | curte proprie | Braytim,"Cetate, Timisoara, Timis",75000,1630,2,46
370,"Proprietar, vand apartament Giroc","Cetate, Timisoara, Timis",75000,1667,2,45
548,apartament 2 camere zona Tipografilor,"Cetate, Timisoara, Timis",75000,1667,2,45
1412,"Apartament cu 2 camere, 45 mp, etaj intermediar, Gara de Nord","Splaiul Tudor Vladimirescu, Iosefin, Timisoara, Timis",75000,1667,2,45
1225,Soarelui - Ap. 2 cam. - Decomandat - CT. Proprie - PARTER,"Zona Soarelui, Timisoara, Timis",75000,1705,2,44
1852,"Apartament 2 camere Aradului, aproape de Piata Verde","Aradului West, Timisoara, Timis",75000,1721,2,43.57
1061,"AX415 Dacia, mobilat -utilat, renovat complet","Circumvalatiunii, Timisoara, Timis",75000,1744,2,43
1989,Tipografilor. 2 camere. Disponibil imediat.,"Cetate, Timisoara, Timis",75000,1744,2,43
764,"Apartament cu 2 camere, etaj intermediar, bloc nou, zona Aradului","Araduluri Est, Timisoara, Timis",75000,1786,2,42
1794,"Apartament cu 1 cameră, 40 mp pe Calea Aradului","Strada Armoniei, Araduluri Est, Timisoara, Timis",75000,1875,2,40
491,Apartament deosebit cu doua camere | Aradului,"Strada Armoniei, Araduluri Est, Timisoara, Timis",75000,1923,2,39
156,2 Cam-Piata Unirii- Str. Eugeniu de Savoya -36MP-Etaj 1-75.000 de Euro,"Cetate, Timisoara, Timis",75000,2083,2,36
2306,"Garsoniera de 33 mp, parcare, zona Fabric","Piata Traian, Fabric, Timisoara, Timis",75000,2273,1,33
1843,Apartament cu 3 camere in zona Dambovita,"Calea Sagului, Timisoara, Timis",75490,1078,3,70
379,Vând apartament2 cam,"Cetate, Timisoara, Timis",75500,1094,2,69
3058,Girocului-Calea Martirilor -Ap. 3 camere- CT- AC -68mp,"Calea Girocului, Timisoara, Timis",75500,1110,3,68
2273,Apartament 3 camere in zona Aradului,"Aradului West, Timisoara, Timis",75500,1348,3,56
606,2 cam dec etaj 2 Badea Cartan \/Kaufland CENTRALA PROPRIE,"Strada Mihail Kogalniceanu, Kogalniceanu, Timisoara, Timis",75500,1373,2,55
2997,BRAYTIM - 2 Camere - Bloc Nou,"Cetate, Timisoara, Timis",75500,1398,2,54
2601,Apartament 2 camere zona Torontalului,"Torontalului, Timisoara, Timis",75500,1425,2,53
1121,"Apartament 3 camere Lipovei , comision 0 %","Araduluri Est, Timisoara, Timis",75500,1507,3,50.09
2991,Dambovitei-2 camere-decomandat-centrala proprie,"Iosefin, Timisoara, Timis",75500,1510,2,50
982,Apartament luminos cu 2 camere | Tipografilor,"Strada Bucuresti, Tipografilor, Timisoara, Timis",75500,1606,2,47
1436,"Apartament cu o camera, 34 mp, parter, Circumvalatiunii","Strada Sinaia, Blascovici, Timisoara, Timis",75600,2224,1,34
2722,Girocului-Calea Martirilor -Ap. 3 camere- CT- AC -68mp,"Zona Timisoara Sud, Timisoara, Timis",75900,1116,3,68
585,"Apartament 2 camere, decomandat, Complexul Studentesc","Campus Universitar, Timisoara, Timis",75900,1518,2,50
130,Apartament 2 camere decomandat COMPLEXUL STUDENTESC,"Campus Universitar, Timisoara, Timis",75900,1687,2,45
567,Apartament de vanzare cu 2 camere- ETAJ INTERMEDIAR- Zona Dorobantilor,"Intrarea Topologului, Dorobantilor, Timisoara, Timis",75990,1357,2,56
539,Apartament 3 camere - zona bucovina,"Cetate, Timisoara, Timis",76000,1013,3,75
722,Steaua. In apropiere de Shopping City. Decomandat. Centrala Proprie.,"Dambovita, Timisoara, Timis",76000,1118,2,68
2102,Bloc izolat exterior. Etaj 2. Model cu 2 bai. Girocului.,"Calea Girocului, Timisoara, Timis",76000,1169,3,65
3086,"Apartament spatios cu 3 camere, decomandat, situat in zona Dambovita","Iosefin, Timisoara, Timis",76000,1169,3,65
1074,Zona Soarelui. Decomandat. Centrala proprie. 2 bai.,"Calea Buziasului, Timisoara, Timis",76000,1188,3,64
251,APARTAMENT 4 CAMERE GIROCULUI 58MP,"Strada Versului, Calea Girocului, Timisoara, Timis",76000,1310,4,58
2118,Dambovita- 2 cam- et 2- mobilat!,"Iosefin, Timisoara, Timis",76000,1333,2,57
554,Vând sau schimb 2 apartamente cu casă,"Kogalniceanu, Timisoara, Timis",76000,1357,2,56
1406,"Apartament 2 camere decomandate, 56 mp-Bucovina","Strada Munteniei, Bucovina, Timisoara, Timis",76000,1357,2,56
1652,Modern - Ap 2 cam - 56mp - boxa + 15mp curte in CF,"Modern, Timisoara, Timis",76000,1357,2,56
1901,"Apartament 2 camere, etaj intermediar, zona Modern","Dorobantilor, Timisoara, Timis",76000,1357,2,56
1930,Etaj intermediar. Bloc izolat. Disponibil imediat. Dorobantilor.,"Telegrafului, Timisoara, Timis",76000,1357,2,56
2391,"Apartament decomandat, zona Bucovina","Circumvalatiunii, Timisoara, Timis",76000,1357,2,56
2008,Decomandat. Boxa. Centrala Proprie.Bucovina.,"Bucovina, Timisoara, Timis",76000,1362,2,55.78
1274,"Apartament cu 2 camere, etaj intermediar, zona Dambovita","Iosefin, Timisoara, Timis",76000,1382,2,55
1884,Apartament Deosebit cu 3 Camere | De Vanzare | Zona Aradului,"Strada Liege, Aradului West, Timisoara, Timis",76000,1382,3,55
333,CI 215 Apartament 2 camere Dorobantilor/centrala,"Dorobantilor, Timisoara, Timis",76000,1407,2,54
1018,"apartament 2 camere, zona Calea Aradului","Araduluri Est, Timisoara, Timis",76000,1407,2,54
1124,"AX411 Dacia, renovat complet, centrala proprie","Circumvalatiunii, Timisoara, Timis",76000,1407,3,54
2237,Apartament 3 camere mobilate si utilate | complet renovat | Dacia,"Cetate, Timisoara, Timis",76000,1407,3,54
2245,"Apartament 2 camere, decomandat, centrala proprie","Modern, Timisoara, Timis",76000,1407,2,54
2270,Dacia- 3 cam- central p- mobilat,"Araduluri Est, Timisoara, Timis",76000,1407,3,54
1484,"Apartament 3 camere, 53 mp, decomandat, Circumvalatiunii","Bulevardul Cetatii, Bucovina, Timisoara, Timis",76000,1434,3,53
2833,"AX250 Aradului, mobilat-utilat,centrala proprie","Bucovina, Timisoara, Timis",76000,1434,3,53
284,"CI279 Dorobantilor,2camere,Et.2,centrala","Dorobantilor, Timisoara, Timis",76000,1462,2,52
773,Apartament 2 Camere | Complexul Studentesc | Investitie,"Stadion, Timisoara, Timis",76000,1520,2,50
784,"Complex Studentesc, 2 camere, spatios, CENTRALA PROPRIE","Campus Universitar, Timisoara, Timis",76000,1520,2,50
1995,"Simion Barnutiu, 2 camere, BLOC IZOLAT","Dorobantilor, Timisoara, Timis",76000,1520,2,50
2011,"Apartament cu 2 camere, 50 mp, la casa, Iosefin","Strada Iancu Vacarescu, Iosefin, Timisoara, Timis",76000,1520,2,50
2164,RENOVAT COMPLET. Zona linistita. Aproape de Iulius Mall. Dacia.,"Mehala, Timisoara, Timis",76000,1520,3,50
2215,"Dacia, 3 camere, Renovat","Strada Amforei, Circumvalatiunii, Timisoara, Timis",76000,1520,3,50
2463,Buziasului 2 camere etaj 2 mobilat,"Calea Buziasului, Ciarda Rosie, Timisoara, Timis",76000,1520,2,50
3004,Dacia-3 camere-centrala proprie-zona de interes,"Araduluri Est, Timisoara, Timis",76000,1520,3,50
1379,"Apartament de 2 camere, 48 mp, la casa, zona Iosefin","Strada Alexandru Vlahuta, Iosefin, Timisoara, Timis",76000,1583,2,48
1497,"Apartament 3 camere, 65 mp, decomandat, zona Sagului","Bulevardul Dambovita, Calea Sagului, Timisoara, Timis",76500,1177,3,65
355,Apartament cu 2 camere pozitie excelenta in zona Braytim,"Fratelia, Timisoara, Timis",76500,1234,2,62
1194,"Girocului, etaj 1, mobilat si utilat.","Cetate, Timisoara, Timis",76500,1275,2,60
1160,"Apartament 2 camere in zona Steaua, comision 0 %","Fratelia, Timisoara, Timis",76500,1360,2,56.25
714,Zona ARADULUI. Centrala proprie. Confort 1.,"Araduluri Est, Timisoara, Timis",76500,1366,2,56
2254,Apartament 2 Camere cu Centrala Lipovei,"Strada Silistra, Lipovei / Calea Sever Bocu, Timisoara, Timis",76500,1391,2,55
297,Apartament 3 camere,"Cetate, Timisoara, Timis",76500,1471,3,52
2947,Apartament decomandat in Complexul Studentesc,"Stadion, Timisoara, Timis",76500,1471,2,52
3208,3 camere - pozitie excelenta - Timisoara Bd. Cetatii,"Bulevardul Cetatii, Circumvalatiunii, Timisoara, Timis",76500,1471,3,52
2803,"Apartamente cu 2 camere, decomandate, in zona Braytim, finisaje de lux","Cetate, Timisoara, Timis",76500,1500,2,51
2771,Apartament cu 2 camere decomandat in Complex,"Campus Universitar, Timisoara, Timis",76500,1530,2,50
3021,GIROC - 2 camere - ZONA LINISTITA,"Cetate, Timisoara, Timis",76500,1530,2,50
1990,Complexul Studentesc. Aproape de Facultatea de Drept. Centrala proprie,"Stadion, Timisoara, Timis",76500,1913,2,40
1026,"Apartament nou, 2 camere, Calea Torontalului","Calea Girocului, Timisoara, Timis",76586,1392,2,55
1599,"Apartament spatios, 2 camere, 55 mp utili, Torontalului","Calea Torontalului, Torontalului, Timisoara, Timis",76800,1396,2,55
2928,"Apartament 3 camere, Zona Dacia","Circumvalatiunii, Timisoara, Timis",76900,1326,3,58
970,Apartament luminos cu 2 camere | Medicina,"Strada Bucuresti, Tipografilor, Timisoara, Timis",76900,1538,2,50
2315,"Apartament 1 camera, 37 mp, mobilat/utilat, zona Aradului","Strada Armoniei, Araduluri Est, Timisoara, Timis",76900,2078,1,37
2435,SAGULUI - 3 cam - centrala - clima,"Steaua, Timisoara, Timis",76980,1327,3,58
1982,"RL025 Merita vazut! Apartament 2 camere, decomandat, Et.2, Lipovei","Cetate, Timisoara, Timis",76990,1711,2,45
1772,Apartament cu 2 camere in zona Soarelui,"Calea Girocului, Timisoara, Timis",76999,1426,2,54
1970,Apartament la asfalt cu 2 camere in zona Braytim,"Plavat, Timisoara, Timis",76999,1453,2,53
3194,"Apartament cu 3 camere, 71 mp, NOU, in Timisoara zona Simion Barnutiu","Strada Lugojului, Telegrafului, Timisoara, Timis",77000,1085,3,71
1416,"Apartament cu 3 camere, 70 mp, in Dambovita","Strada Lacului, Dambovita, Timisoara, Timis",77000,1100,3,70
204,Comision 0%! OFERTĂ - Ap 3 cam str. Iancu Văcărescu,"Iosefin, Timisoara, Timis",77000,1149,3,67
3083,Apartment de vanzare,"Cetate, Timisoara, Timis",77000,1242,3,62
559,"Girocului-Atos, Etaj 3, Decomandat, 2 Balcoane!!","Cetate, Timisoara, Timis",77000,1283,3,60
500,Apartamente de 2 Camere - De la Dezvoltator-0%Comision - Zona Braytim,"Zona Timisoara Sud, Timisoara, Timis",77000,1296,2,59.4
1537,"Apartament 3 camere, 58 mp, zona Sagului","Aleea Poiana Ruscai, Calea Sagului, Timisoara, Timis",77000,1328,3,58
69,"Zona Steaua - Shopping City, Etaj 2, Decomandat, Cu centrala!","Cetate, Timisoara, Timis",77000,1375,2,56
2084,Steaua. Langa Shoping City. Amenajat. Model spatios.,"Dambovita, Timisoara, Timis",77000,1375,2,56
2028,Circumvalatiunii – Apartament 2 Camere – Parter Inalt,"Calea Circumvalatiunii, Circumvalatiunii, Timisoara, Timis",77000,1400,2,55
2066,Dambovita. Amenajat frumos. Mobilat si utilat. Centrala proprie.,"Calea Sagului, Timisoara, Timis",77000,1400,3,55
560,Apartament de vanzare,"Cetate, Timisoara, Timis",77000,1426,2,54
1354,"Apartament 3 camere, decomandat 54 mp","Strada Amforei, Circumvalatiunii, Timisoara, Timis",77000,1426,3,54
2209,Modern - Apartament 2 camere - 54mp - PARTER,"Modern, Timisoara, Timis",77000,1426,2,54
1704,Buziasului - 2 Camere - Bloc nou - Parcare inclusa,"Cetate, Timisoara, Timis",77000,1453,2,53
872,"Apartament 3 camere, 52 mp, zona calea sagului","Strada Rusu Sirianu, Odobescu, Timisoara, Timis",77000,1481,3,52
1072,Sagului. Decomandat. Centrala proprie. Etaj intermediar,"Calea Sagului, Timisoara, Timis",77000,1481,3,52
1275,"AX397 Girocului, mobilat-utilat, centrala proprie","Zona Timisoara Sud, Timisoara, Timis",77000,1481,2,52
2994,SAgului-3 camere-centrala prorie,"Steaua, Timisoara, Timis",77000,1481,3,52
596,"Proprietar vand apartament 3 camere, Calea Sagului","Cetate, Timisoara, Timis",77000,1510,3,51
878,"Apartament cu 3 camere, centrala proprie, zona Sagului","Steaua, Timisoara, Timis",77000,1510,3,51
1934,Langa Judetean. Etaj 1. Baie cu geam. Girocului.,"Calea Girocului, Timisoara, Timis",77000,1510,2,51
2667,"Proprietar 2 camere Campeador City , Parter cu Terasa de 23 m","Calea Torontalului, Timisoara, Timis",77000,1510,2,51
1888,Apartament cu 2 camere complet mobilat in Braytim la parter.,"Cetate, Timisoara, Timis",77000,1540,2,50
2195,Aproape de Kaufland si Iulius Town. Decomandat. Circumvalatiunii,"Circumvalatiunii, Timisoara, Timis",77000,1540,2,50
3060,"Apartament 2 camere, semidecomandat, etaj 1, Zona Spitalul Judetean","Calea Girocului, Timisoara, Timis",77000,1571,2,49
1001,Braytim - la parter - 2 camere - 48 de mp - complet mobilat si utilat,"Cetate, Timisoara, Timis",77000,1604,2,48
1859,"AX360 Giroc/Cartierul Florilor, mobilat-utilat. loc de parcare","Timisoara, Timis",77000,1604,2,48
659,Apartament 1 camera cu loc parcare,"Cetate, Timisoara, Timis",77000,1925,1,40
1906,Apartament cu 2 camere+ loc de parcare- Zona Girocului,"Strada Maresal Alexandru Averescu, Plavat, Timisoara, Timis",77000,1925,2,40
708,Etaj 1. Decomandat. Centrala proprie. Steaua.,"Steaua, Timisoara, Timis",77500,1360,2,57
713,Aproape de Complexul Studentesc. Lunei. 57 mp utili. Vedere pe 2 parti,"Lunei, Timisoara, Timis",77500,1360,2,57
1036,"Apartament 2 camere, parter inalt, zona Lunei","Lunei, Timisoara, Timis",77500,1360,2,57
2721,Zona Posta mare langa Facultatea de Medicina,"Cetate, Timisoara, Timis",77500,1409,2,55
1284,Centrala Proprie | 2 Camere | Finisat | Parcare Inclusa | Comision 0,"Calea Torontalului, Timisoara, Timis",77500,1529,2,50.7
431,"Apartament 2 camere, Calea Aradului","Araduluri Est, Timisoara, Timis",77500,1550,2,50
1805,SAGULUI - 3 cam LIFT - ETAJ 3 - centrala - clima - BLOC IZOLAT,"Steaua, Timisoara, Timis",77500,1550,3,50
1143,"Ap.2cam mobilat si utilat | curte,loc de parcare | BRAYTIM | TIMISOARA","Zona Timisoara Sud, Timisoara, Timis",77500,1685,2,46
474,"Apartament 2 camere, bloc nou - Calea Torontalului","Bucovina, Timisoara, Timis",77500,1938,2,40
513,Apartament 1 camera 40mp Buziasului bloc nou,"Strada Electronicii, Ciarda Rosie, Timisoara, Timis",77500,1938,1,40
381,AV134 Apartament cu 2 camere | Torontalului | Decomandat,"Bucovina, Timisoara, Timis",77800,1525,2,51
3182,Apartament 4 camere Zona Steaua,"Steaua, Timisoara, Timis",77900,875,4,89
1898,Zona CIrcumvalatiunii - Gh. Lazar,"Cetate, Timisoara, Timis",77900,1012,3,77
2674,LIPOVEI - 3 cam - dec - centrala - 2 bai,"Lipovei / Calea Sever Bocu, Timisoara, Timis",77900,1113,3,70
2611,"Apartament 2 camere, 53 mp, in Giroc","Strada Diminetii, Fratelia, Timisoara, Timis",77900,1470,2,53
586,"AV393 Apartament 2 camere, Et.3, Aradului","Araduluri Est, Timisoara, Timis",77990,1393,2,56
1102,Apartament IDEAL PENTRU INVESTITIE- Universitatea de POLITEHNICA,"Bulevardul Mihai Viteazu, Campus Universitar, Timisoara, Timis",77990,1418,2,55
693,Comision 0% Apartament 2 camere de vanzare langa Iulius Mall - ID V520,"Torontalului, Timisoara, Timis",77990,1444,2,54
1116,"Apartament 2 camere, 52 mp, Timisoara","Ciarda Rosie, Timisoara, Timis",77990,1500,2,52
2970,"Apartament 2 Camere, 52MP UTILI, Zona Spitalul Judetean - ID V4006","Calea Girocului, Timisoara, Timis",77990,1500,2,52
191,"Calea Aradului- 2 camere, etaj intermediar, mobilat si utilat","Cetate, Timisoara, Timis",77999,1393,2,56
400,"AX466 Aradului, etaj intermediar, mobilat-utilat","Araduluri Est, Timisoara, Timis",77999,1393,2,56
595,Apartament 2 Camere 56m2 .Calea Aradului Etaj 3,"Araduluri Est, Timisoara, Timis",77999,1393,2,56
898,Apartament spatios cu 2 camere | Iulius Mall,"Calea Torontalului, Aradului West, Timisoara, Timis",77999,1418,2,55
1522,"Apartament 3 camere decomandat, 75 mp, zona Soarelui","Strada Uranus, Zona Soarelui, Timisoara, Timis",78000,1040,3,75
2065,"Apartament 3 camere, mobilat utilat, centrala proprie. Zona Dambovita.","Calea Sagului, Timisoara, Timis",78000,1083,3,72
2858,Apartament 3 camere,"Cetate, Timisoara, Timis",78000,1114,3,70
1463,"Apartament 3 camere, 69 mp, decomandat, zona Lipovei","Strada Oravita, Lipovei / Calea Sever Bocu, Timisoara, Timis",78000,1130,4,69
2527,"Apartament cu 3 camere, decomandat, zona Soarelui","Ciarda Rosie, Timisoara, Timis",78000,1164,3,67
2549,"Apartament cu 3 camere, etaj intermediar, bloc cu lift, zona Dambovita","Iosefin, Timisoara, Timis",78000,1258,3,62
3222,"Apartament cu 2 camere, foarte spatios, zona Sagului","Steaua, Timisoara, Timis",78000,1279,2,61
793,"Apartament cu 2 camere, 58mp, zona Dorobantilor","Strada Lalelelor, Dorobantilor, Timisoara, Timis",78000,1345,2,58
2857,"2 camere , 58 mp utili , etaj 1","Strada Lev Tolstoi, Odobescu, Timisoara, Timis",78000,1345,2,58
3092,"Apartament cu 3 camere, etaj intermediar, Gh Lazar","Circumvalatiunii, Timisoara, Timis",78000,1345,3,58
501,De vânzare Apartament,"Cetate, Timisoara, Timis",78000,1368,2,57
2326,"Apartament de 3 camere, 57 mp +6mp de terasa, parcare, zona Ghiroda","Strada Pelican, Ghiroda, Timisoara, Timis",78000,1368,3,57
1759,"Apartament 2 camere, 56 mp, etaj intermediar, zona Barnutiu","Bulevardul Simion Barnutiu, Dorobantilor, Timisoara, Timis",78000,1393,2,56
1983,Vand apartament 2 camere,"Freidorf, Timisoara, Timis",78000,1393,2,56
2582,"Dambovita, 3 camere, Renovat","Strada Transilvania, Calea Sagului, Timisoara, Timis",78000,1393,3,56
3102,Lipovei – Apartament 2 camere – Decomandat,"Calea Sever Bocu, Lipovei / Calea Sever Bocu, Timisoara, Timis",78000,1393,2,56
1456,"Apartament 2 camere, 55 mp, Buziasului","Calea Buziasului, Ciarda Rosie, Timisoara, Timis",78000,1418,2,55
2194,"Zona excelenta, langa Iulius Town. Etaj intermediar. Circumvalatiunii.","Aradului West, Timisoara, Timis",78000,1418,2,55
2551,Apartament cu 3 camere in zona Centrala,"Cetate, Timisoara, Timis",78000,1418,3,55
1470,"Apartament 3 camere, 54 mp, zona Dacia","Strada Amforei, Circumvalatiunii, Timisoara, Timis",78000,1444,3,54
1932,Sagului. Centrala proprie. Etaj intermediar.,"Calea Sagului, Timisoara, Timis",78000,1444,3,54
2990,"Torontalului, 2 camere, ZONA BUNA","Circumvalatiunii, Timisoara, Timis",78000,1444,2,54
790,"Apartament cu 3 camere, etajul 1, zona Sagului","Steaua, Timisoara, Timis",78000,1472,3,53
923,SU 53mp !!! 2 CAMERE dec Zona Soarelui,"Zona Soarelui, Timisoara, Timis",78000,1472,2,53
1472,"Apartament 2 camere, 53 mp, in Giroc","Strada Vanatorilor, Fratelia, Timisoara, Timis",78000,1472,2,53
3150,"Apartament cu 2 camere, decomandat, zona Soarelui","Ciarda Rosie, Timisoara, Timis",78000,1472,2,53
91,"apartament semidecomandat de 2 camere, 52mp, zona Torontalului","Calea Torontalului, Aradului West, Timisoara, Timis",78000,1500,2,52
452,Apartament 3 camere iulius town,"Cetate, Timisoara, Timis",78000,1500,3,52
967,Apartamente superbe cu 2 camere | Torontatului,"Torontalului, Timisoara, Timis",78000,1500,2,52
1486,"Apartament 2 camere, 52 mp, semidecomandat, Dambovita","Strada Vasile Lupu, Iosefin, Timisoara, Timis",78000,1500,2,52
1873,"Apartament NOU cu 2 camere - Torontalului, Timisoara","Bucovina, Timisoara, Timis",78000,1500,2,52
1987,Balcescu. 2 camere. Partial mobilat.,"Elisabetin, Timisoara, Timis",78000,1500,2,52
2512,"Apartament de 2 camere, 52mp, etaj intermediar, zona Spitalului...","Strada Dr. Ioan Muresan, Calea Girocului, Timisoara, Timis",78000,1500,2,52
3066,"Apartament cu 2 camere, decomandat, etaj intermediar,Lipovei","Lipovei / Calea Sever Bocu, Timisoara, Timis",78000,1529,2,51
1234,"SX162 Sagului, Centrala Proprie, Etaj Intermediar","Dambovita, Timisoara, Timis",78000,1560,3,50
2082,"Decomandat. Vedere pe 2 parti. Centrala proprie, zona Soarelui.","Zona Soarelui, Timisoara, Timis",78000,1560,2,50
2772,"Apartament cu 2 camere, etajul 1, zona Cetatii","Circumvalatiunii, Timisoara, Timis",78000,1560,2,50
2313,"Apartament 2 camere, 49 mp, zona Dambovita","Bulevardul Dambovita, Calea Sagului, Timisoara, Timis",78000,1592,2,49
3002,Dambovitei-2 camere-decomandat -centrala proprie,"Iosefin, Timisoara, Timis",78000,1625,2,48
655,"AX452 Timisoara/Braytim, mobilat-utilat, gradina generoasa","Plavat, Timisoara, Timis",78000,1696,2,46
1849,"Dacia, 2 camere, Lux","Strada Dropiei, Circumvalatiunii, Timisoara, Timis",78000,2053,2,38
196,"SX214 Timisoara-Torontalului, Loc parcare, Finisate la cheie","Timisoara, Timis",78045,1500,2,52.03
752,Vand apartament 2 camere zona Torontalului - ID : RH-37402-property,"Cetate, Timisoara, Timis",78225,1500,2,52.15
2723,Apartament cu 2 camere situat in zona Mircea cel Batran,"Mehala, Timisoara, Timis",78500,1266,2,62
1259,"2 camere, decomandat, amenajat, centrala termica, Sagului!","Strada Gheorghe Ranetti, Odobescu, Timisoara, Timis",78500,1287,2,61
1310,Decomandat cu centrala si 2 balcoane bloc izolat langa profi amenajat,"Strada Gheorghe Ranetti, Odobescu, Timisoara, Timis",78500,1287,2,61
3112,Zona Dacia – Apartament 3 Camere –Boxa – Garaj,"Strada Labirint, Circumvalatiunii, Timisoara, Timis",78500,1402,3,56
1512,"Apartament 3 camere, 52 mp, zona Sagului","Calea Sagului, Calea Sagului, Timisoara, Timis",78500,1510,3,52
1860,"Sagului - Apartament cu 3 camere, complet mobilat","Calea Sagului, Timisoara, Timis",78500,1510,3,52
530,Apartament 2 camere Calea Urseni,"Cetate, Timisoara, Timis",78500,1539,2,51
576,"Ap 2 camere complet mobilat si utilat | Giroc, zona Calea Urseni","Ciarda Rosie, Timisoara, Timis",78500,1539,2,51
1216,Vând apartament mobilat cu 2 camere,"Cetate, Timisoara, Timis",78500,1539,2,51
1664,Apartamente cu 2-3 camere - Direct de la proprietar,"Cetate, Timisoara, Timis",78771,1313,2,60
3195,Shopping City - Calea Șagului - 3 camere dec - Renovat,"Calea Sagului, Timisoara, Timis",78900,1214,3,65
807,Apartament 2 Camere | De Vanzare | Zona Lunei | Parter,"Lunei, Timisoara, Timis",78900,1384,2,57
6,Vând apartament 3 cam 81 mp,"Fratelia, Timisoara, Timis",79000,975,3,81
2268,Complex- 3 cam- centrala p- zona frumoasa!,"Campus Universitar, Timisoara, Timis",79000,1068,3,74
1838,De vanzare 3 camere spatios bloc izolat posibilitate centrala pe gaz,"Strada Martir Marius Ciopec, Calea Girocului, Timisoara, Timis",79000,1274,3,62
709,Zona Sagului. Etaj 2. Aproape de mijloace de transport si de magazine,"Elisabetin, Timisoara, Timis",79000,1339,3,59
1006,"TIMISOARA - CALEA ARADULUI, Apartament cu 2 camere decomandate - 55 mp","Araduluri Est, Timisoara, Timis",79000,1436,2,55
310,Apartament 2 camere decomandat-Aradului- etaj 4/4,"Cetate, Timisoara, Timis",79000,1463,2,54
608,"AX458 Liviu Rebreanu, renovat complet, etaj intermediar","Elisabetin, Timisoara, Timis",79000,1463,2,54
818,"Favorit, 2 camere, centrala proprie, ZONA BUNA","Cetate, Timisoara, Timis",79000,1463,2,54
1047,Soarelui - Apartament cu 2 camere - Decomandat,"Strada Martir Vasile Balmus, Zona Soarelui, Timisoara, Timis",79000,1463,2,54
2305,"Apartament 2 camere, 54 mp, cu loc de parcare, in Giroc","Strada Martir Ioan Ciordas, Fratelia, Timisoara, Timis",79000,1463,2,54
1717,"Apartament 2 camere, decomandat, parter, Zona Soarelui","Zona Soarelui, Timisoara, Timis",79000,1477,2,53.5
104,Apartament 2 camere Gheorghe Lazar,"Circumvalatiunii, Timisoara, Timis",79000,1491,2,53
1177,Apartament cu 2 camere decomandate. Lipovei. Direct de la proprietar.,"Cetate, Timisoara, Timis",79000,1491,2,53
1230,"OX508 Gheorghe Lazar,Priveliste Panoramica,Mobilat-Utilat","Circumvalatiunii, Timisoara, Timis",79000,1491,2,53
2508,"Apartamente cu 2 camere in zona Braytim, etaj intermediar, se pot aleg","Cetate, Timisoara, Timis",79000,1491,2,53
57,Apartament renovat cu 3 camere in zona Dambovita,"Iosefin, Timisoara, Timis",79000,1519,3,52
184,Apartament 3 Camere | Calea Sagului- Aleea Poenitei | Etaj 3,"Calea Sagului, Timisoara, Timis",79000,1519,3,52
352,"AX467 Dambovita, etaj intermediar, mobilat-utilat","Dambovita, Timisoara, Timis",79000,1519,3,52
366,CM490 2 Camere | Torontalului | Decomandat,"Bucovina, Timisoara, Timis",79000,1519,2,52
525,"RL047 Apartament 3 camere, Et.3, Sagului","Elisabetin, Timisoara, Timis",79000,1519,3,52
535,Vând urgent apartament 3 camere,"Cetate, Timisoara, Timis",79000,1519,3,52
806,Apartament 2 Camere | De Vanzare | Zona Torontalului | Etaj 3,"Circumvalatiunii, Timisoara, Timis",79000,1519,2,52
1045,"Apartament 2 cam.,decomandat de 55 mp, Calea Aradului nr. 30, Timisoar","Araduluri Est, Timisoara, Timis",79000,1519,2,52
1911,"Apartamente cu 2 camere, loc de parcare inclus","Steaua, Timisoara, Timis",79000,1519,2,52
696,Apartament 2 camere Timisoara,"Aradului West, Timisoara, Timis",79000,1521,2,51.95
2863,Apartament cu 3 camere de vânzare în zona Take Ionescu,"Bulevardul Take Ionescu, Tipografilor, Timisoara, Timis",79000,1546,3,51.1
80,"Torontalului, 2 camere, centrala proprie, ETAJ INTERMEDIAR","Circumvalatiunii, Timisoara, Timis",79000,1580,2,50
254,"Apartament de 2 camere, Calea Aradului","Strada Cugir, Aradului West, Timisoara, Timis",79000,1580,2,50
483,"LX022 Ciarda Rosie, Finisat La Cheie, Parcare","Ciarda Rosie, Timisoara, Timis",79000,1580,2,50
669,"AX450 Torontalului-Lidl, etaj intermediar, centrala proprie","Torontalului, Timisoara, Timis",79000,1580,2,50
776,Apartament modern si decomandat cu 2 camere- Zona Gheorghe Lazar,"Strada Gheorghe Lazar, Circumvalatiunii, Timisoara, Timis",79000,1580,2,50
1943,Etaj 2. Mobilat. Bloc izolat. Lipovei.,"Lipovei / Calea Sever Bocu, Timisoara, Timis",79000,1580,2,50
2085,"Soarelui. Etaj intermediar cu boxa, langa piata.","Zona Soarelui, Timisoara, Timis",79000,1580,2,50
2536,"Apartament cu 3 camere, semidecomandat, etajul 2/4, in Zona Sagului","Calea Sagului, Timisoara, Timis",79000,1580,3,50
1337,"APARTAMENT 2 CAMERE, 46 MP, CALEA GIROCULUI","Intrarea Bizet Georges, Zona Timisoara Sud, Timisoara, Timis",79000,1717,2,46
314,"LIPOVEI- 2 camere, etaj 1, mobilat si utilat, loc de parcare, bloc nou","Cetate, Timisoara, Timis",79000,1756,2,45
1718,"Apartament 2 camere, parter, Zona Tipografilor","Tipografilor, Timisoara, Timis",79000,1795,2,44
2150,Mobilat si utilat. Etajul 2. Zona Complexului Studentesc.,"Campus Universitar, Timisoara, Timis",79000,1881,2,42
1696,Ciarda Rosie - 2 Camere - Etaj intermediar - Parcare cu telecomanda,"Cetate, Timisoara, Timis",79200,1389,2,57
1822,Apartament cu 4 Camere de Vanzare | 89MP | Zona Steaua,"Calea Sagului, Timisoara, Timis",79500,893,4,89
280,"CI 270 Dorobantilor,2 camere,et.2,renovat","Dorobantilor, Timisoara, Timis",79500,1420,2,56
2389,"Apartamente cu 3 camere in Braytim, aproape de asfalt.","Cetate, Timisoara, Timis",79500,1420,3,56
3132,2cammere 54mp 2 balc,"Cetate, Timisoara, Timis",79500,1472,2,54
729,"Apartament confort I, decomandat, spațios, zonă foarte bună","Cetate, Timisoara, Timis",79500,1500,2,53
1168,Langa NORA. Etajul 1. Centrala proprie. Mobilat si utilat. Dambovita.,"Calea Sagului, Timisoara, Timis",79500,1590,2,50
1307,Vând apartament ultracentral in Timișoara,"Cetate, Timisoara, Timis",79500,1590,2,50
2380,"Apartament cu 2 camere, etaj 1, centrala proprie, zona Buziasului","Cetate, Timisoara, Timis",79500,1590,2,50
3160,Apartament de vanzare cu 2 camere- Zona Dambovita,"Strada Vulturilor, Calea Sagului, Timisoara, Timis",79500,1590,2,50
2809,"Apartament 2 camere de vanzare, zona Lunei - ID V4579","Strada Noua, Lunei, Timisoara, Timis",79790,1400,2,57
1740,Apartament 2 Camere| Decomandat | Zona Girocului | Etaj 1,"Calea Girocului, Timisoara, Timis",79800,1506,2,53
1162,Apartament 2 camere dec et 1 zona Girocului,"Plavat, Timisoara, Timis",79800,1565,2,51
34,Apartament 2 Camere Zona Lipovei- Restaurant Caprice,"Lipovei / Calea Sever Bocu, Timisoara, Timis",79800,1596,2,50
877,"Apartament cu 2 camere, etajul 1, centrala proprie, zona Girocului","Calea Girocului, Timisoara, Timis",79800,1596,2,50
2039,3 Camere cu Centrala si Garaj Iulius Mall,"Strada Traian Novac, Circumvalatiunii, Timisoara, Timis",79900,1141,3,70
1237,Apartament 2 camere | etaj 1 | loc de parcare | Calea Torontalului,"Bucovina, Timisoara, Timis",79900,1567,2,51
756,"AX444 Lipovei, etaj intermediar, centrala proprie","Lipovei / Calea Sever Bocu, Timisoara, Timis",79900,1598,2,50
1496,"Apartament 2 camere, 50 mp, etaj intermediar, zona Soarelui","Strada Gloriei, Fabric, Timisoara, Timis",79900,1598,2,50
1728,"Apartament 2 camere decomandat,situat la etajul 1, zona Calea Sagului","Steaua, Timisoara, Timis",79900,1598,2,50
2080,"Soarelui, etaj 1, decomandat, 2 balcoane, centrala proprie.","Zona Soarelui, Timisoara, Timis",79900,1598,2,50
3125,"Apartament 2 camere, decomandat, etaj 1, zona Soarelui","Ciarda Rosie, Timisoara, Timis",79900,1598,2,50
2247,Apartament 2 camere complet mobilate si utilate | Braytim,"Cetate, Timisoara, Timis",79900,1700,2,47
2528,"Apartament nou ,2 camere,complet mobilat si utilat,zona Braytim","Cetate, Timisoara, Timis",79900,1700,2,47
981,Apartament modern cu 2 camere | Soarelui,"Strada Atomului, Ciarda Rosie, Timisoara, Timis",79900,1737,2,46
2782,CALEA SAGULUI - 3 CAMERE - CENTRALA PROPRIE,"Steaua, Timisoara, Timis",79980,1481,3,54
2777,"Apartament 4 camere, decomandat, zona Steaua - ID V1870","Steaua, Timisoara, Timis",79990,1000,4,80
2959,Apartament cu 3 camere de vanzare in Lipovei - ID V4018,"Araduluri Est, Timisoara, Timis",79990,1000,3,80
763,Apartament 3 cam - Dambovita,"Calea Sagului, Timisoara, Timis",79990,1231,3,65
2412,Bucovina - 3 cam - dec - centrala,"Circumvalatiunii, Timisoara, Timis",79990,1231,3,65
2393,"Apartament 3 camere, renovat complet, langa Shopping City - ID V4641","Steaua, Timisoara, Timis",79990,1311,3,61
1741,"Ap cu 3 camere, semidec, 55mp, Parter, zona Dacia - Iulius Town!","Circumvalatiunii, Timisoara, Timis",79990,1454,3,55
1,Apartament decomandat cu 2 camere\/ ETAJ 2 + centrala proprie- Zona L,"Strada Verde, Lipovei / Calea Sever Bocu, Timisoara, Timis",79990,1481,2,54
758,"RL043 Apartament cochet, 2 camere, decomandat, Sagului/Dambovita","Iosefin, Timisoara, Timis",79990,1509,2,53
760,"Apartament cu 2 camere, decomandat, zona Dambovita","Iosefin, Timisoara, Timis",79990,1509,2,53
770,Apartament 2 Camere | Zona Dambovita | Etaj 2,"Dambovita, Timisoara, Timis",79990,1509,2,53
2018,"Apartament cu 3 camere, Comision 0, zona Sagului","Steaua, Timisoara, Timis",79990,1666,3,48
853,"OX513 COMISION 0%, Bulevardul Cetatii, Boxa","Mehala, Timisoara, Timis",79999,1143,3,70
779,"Ap. 2 camere Sagului - Nora, etaj 2","Strada Transilvania, Dambovita, Timisoara, Timis",79999,1509,2,53
1640,Apartament de vanzare,"Cetate, Timisoara, Timis",80000,889,3,90
2078,Zona STEAUA. Aproape de Shopping City. Decomandat.,"Steaua, Timisoara, Timis",80000,909,4,88
1056,vand apartament 3 camerev Lipovei 80000 euro,"Cetate, Timisoara, Timis",80000,952,3,84
2899,Apartament spatios cu 3 camere,"Iosefin, Timisoara, Timis",80000,1067,3,75
900,Apartament spatios cu 3 camere | Centrala Proprie | Dacia,"Strada Matei Basarab, Bucovina, Timisoara, Timis",80000,1111,3,72
2073,Mobilat si utilat. Centrala proprie. Model cu 2 bai. Soarelui.,"Calea Buziasului, Timisoara, Timis",80000,1111,3,72
2738,"Apartament cu 3 camere si 2 bai, zona Sagului","Steaua, Timisoara, Timis",80000,1111,3,72
2788,"Zona Soarelui, Apartament 3 camere - 72mp - et. 4/4, Parcul Lidia","Zona Soarelui, Timisoara, Timis",80000,1111,3,72
2507,Apartament cu 3 camere decomandat zona Sagului,"Calea Sagului, Timisoara, Timis",80000,1143,3,70
1771,"Apartament la mansarda inalta, 68 mp utili, zona Aradului","Araduluri Est, Timisoara, Timis",80000,1176,3,68
2312,"Apartament 3 camere, 67 mp, zona Aradului","Strada Felix, Aradului West, Timisoara, Timis",80000,1194,3,67
235,"Apartament 3 camere, 65 mp, Lipovei","Strada Albinelor, Lipovei / Calea Sever Bocu, Timisoara, Timis",80000,1231,3,65
3072,"Gheorghe Lazar, 3 camere, Renovat","Strada Gheorghe Lazar, Circumvalatiunii, Timisoara, Timis",80000,1231,3,65
2822,Apartament 3 camere Timisoara,"Zona Soarelui, Timisoara, Timis",80000,1247,3,64.17
3198,"Apartament 3 camere decomandat, zona Soarelui, Timisoara","Zona Soarelui, Timisoara, Timis",80000,1250,3,64
3103,"Apartament cu 3 camere, 2 bai, 2 balcoane, zona Bucovina","Circumvalatiunii, Timisoara, Timis",80000,1270,3,63
2163,Zona Dacia. Centrala termica proprie. Etaj intermediar.,"Circumvalatiunii, Timisoara, Timis",80000,1290,4,62
414,"RL049 Apartament 2 camere, decomandat, Et,3, Sagului","Elisabetin, Timisoara, Timis",80000,1311,2,61
556,CM475 Apartament 2 camere | Sagului | Decomandat,"Elisabetin, Timisoara, Timis",80000,1311,2,61
619,2 Camere Decomandat In bloc izolat,"Cetate, Timisoara, Timis",80000,1311,2,61
1373,"Apartament DE VANZARE, 2 camere, 60mp utili, zona Freidorf","Intrarea Virgil Simionescu, Freidorf, Timisoara, Timis",80000,1333,2,60
2071,Balcescu. Situat in apropiere de centru si facultati. Garaj.,"Elisabetin, Timisoara, Timis",80000,1333,3,60
2179,Decomandat. 2 bai si 2 balcoane. Mobiliat si utilat. Lipovei.,"Lipovei / Calea Sever Bocu, Timisoara, Timis",80000,1333,3,60
3167,"Apartament cu 3 camere, decomandat, Lipovei","Lipovei / Calea Sever Bocu, Timisoara, Timis",80000,1333,3,60
1010,"Apartament 2 camere, decomandat","Cetate, Timisoara, Timis",80000,1379,2,58
2529,"Apartament cu 2 camere decomandat, zona Mircea cel Batran, Cetății","Mircea Cel Batran, Timisoara, Timis",80000,1379,2,58
2774,"Apartament deosebit cu 2 camere, zona Bucovina","Circumvalatiunii, Timisoara, Timis",80000,1404,2,57
827,Proprietar vând apartament 2 camere,"Cetate, Timisoara, Timis",80000,1429,2,56
2556,"Apartament cu 2 camere la parter în Braytim. La asfalt, bloc finalizat","Cetate, Timisoara, Timis",80000,1429,2,56
42,Vând apartament decomandat 2 camere calea Aradului,"Cetate, Timisoara, Timis",80000,1455,2,55
319,Lunei. 2 camere. Centrala proprie.,"Lunei, Timisoara, Timis",80000,1455,2,55
820,Apartment 3 camere complet mobilat,"Cetate, Timisoara, Timis",80000,1455,3,55
1192,"Complexul Studentesc, etaj intermediar, aproape de Sala Olimpia.","Campus Universitar, Timisoara, Timis",80000,1455,2,55
1756,Complex- lift nou- centrala proprie- spatios- 2 cam,"Campus Universitar, Timisoara, Timis",80000,1455,2,55
2161,Centrala termica. Etaj Intermediar. Vedere pe 2 parti. Bucovina.,"Bucovina, Timisoara, Timis",80000,1455,2,55
796,Proprietar Vând Apartament,"Cetate, Timisoara, Timis",80000,1481,2,54
797,Proprietar Vând apartament,"Cetate, Timisoara, Timis",80000,1481,2,54
1564,"Apartament de 3 camere, 54 mp, zona Sagului","Strada Ciprian Porumbescu, Odobescu, Timisoara, Timis",80000,1481,3,54
2181,Etaj Intermediar. Decomandat. Centrala termica proprie. Lipovei.,"Lipovei / Calea Sever Bocu, Timisoara, Timis",80000,1481,2,54
2415,Odobescu-2 camere -decomandat,"Elisabetin, Timisoara, Timis",80000,1481,2,54
2466,Odobescu - 2 camere - decomandat - centrala,"Elisabetin, Timisoara, Timis",80000,1481,2,54
2547,"Apartament cu 2 camere, decomandat, situat in zona Odobescu","Elisabetin, Timisoara, Timis",80000,1481,2,54
1207,Etajul 1. Decomandat. Boxa. Circumvalatiunii.,"Circumvalatiunii, Timisoara, Timis",80000,1509,3,53
2109,Decomandat. Disponibil imediat. Simion Barnutiu.,"Kogalniceanu, Timisoara, Timis",80000,1509,2,53
2343,DACIA - Ap. 3 camere - boxa C.F.,"Strada Labirint, Circumvalatiunii, Timisoara, Timis",80000,1509,3,53
2568,Dacia - apartament 3 camere - garaj intabulat - renovat - Iulius Town(,"Circumvalatiunii, Timisoara, Timis",80000,1509,3,53
1361,"Apartament 2 camere, 52.75 mp, zona Giroc","Strada Alexandru Rogojan, Zona Timisoara Sud, Timisoara, Timis",80000,1517,2,52.75
364,CM491 2 Camere | Braytim | 2 locuri de Parcare,"Plavat, Timisoara, Timis",80000,1518,2,52.7
273,Decomandat Etaj 2 zona Dorobantilor,"Strada Eugen Pop, Dorobantilor, Timisoara, Timis",80000,1538,2,52
399,Vand apartament 3 camere Timisoara zona Dacia 4/4,"Cetate, Timisoara, Timis",80000,1538,3,52
1065,"Apartament cochet în zona Aradului, mobilat și utilat","Aradului West, Timisoara, Timis",80000,1538,2,52
1280,Apart 2 camere 52 mp,"Freidorf, Timisoara, Timis",80000,1538,2,52
812,"Apartament 2 camere, zona Dorobantilor","Dorobantilor, Timisoara, Timis",80000,1569,2,51
2182,Lipovei. Etaj intermediar. Decomandat. Centrala proprie.,"Lipovei / Calea Sever Bocu, Timisoara, Timis",80000,1569,2,51
3022,"Apartament spatios cu 3 camere, renovat, situat in zona Sagului","Steaua, Timisoara, Timis",80000,1569,3,51
508,Apartament 2 camere complet mobilate si utilate | Calea Martirilor,"Calea Girocului, Timisoara, Timis",80000,1600,2,50
1681,Renovat complet. Centrala proprie. Etaj intermediar. Circumvalatiunii.,"Circumvalatiunii, Timisoara, Timis",80000,1600,2,50
3048,SOARELUI - 2 cam ETAJ 2 - decomandat,"Ciarda Rosie, Timisoara, Timis",80000,1600,2,50
93,Apartament 2 cam. decomandat Et 2 Lipovei centrala termica !!,"Lipovei / Calea Sever Bocu, Timisoara, Timis",80000,1633,2,49
1080,"Apartament 2 camere, 47 mp, zona Soarelui","Strada Oglinzilor, Zona Soarelui, Timisoara, Timis",80000,1702,2,47
1303,"AX392 Dambovita, etaj intermediar, renovat complet","Dambovita, Timisoara, Timis",80000,1702,2,47
387,Ap2cam complet mobilate si utilate | zona CORA | Dumbravita,"Timisoara, Timis",80000,1739,2,46
934,Apartament renovat cu 2 camere | Centrala | Dacia,"Strada Burebista, Circumvalatiunii, Timisoara, Timis",80000,1739,2,46
979,Apartament spatios cu 2 camere | Braytim,"Strada Aristide Briand, Zona Timisoara Sud, Timisoara, Timis",80000,1739,2,46
481,Apartament Decomandat | 2 Camere Etajul 1 | Strada Cugir Aradului,"Aradului West, Timisoara, Timis",80000,1778,2,45
3108,"Apartament 2 camere, curte comuna, zona Simion Barnutiu","Dorobantilor, Timisoara, Timis",80000,1778,2,45
2755,"Apartament cu 2 camere in bloc nou, zona Soarelui","Ciarda Rosie, Timisoara, Timis",80000,1818,2,44
2965,De vanzare apartament Vasile Lucaci Medicina Ultracentral Investitie,"Cetate, Timisoara, Timis",80000,1818,2,44
931,Apartamente superb cu 2 camere | Zona Dacia,"Strada Dropiei, Circumvalatiunii, Timisoara, Timis",80000,2000,2,40
2003,"Apartament 3 camere, bloc nou, zona Plopi","Calea Buziasului, Timisoara, Timis",80685,1105,3,73
1845,Apartament cu 3 camere in zona Sagului ( Bv. Liviu Rebreanu ),"Elisabetin, Timisoara, Timis",80990,1473,3,55
662,Apartament cu 4 camere in zona Dacia,"Cetate, Timisoara, Timis",81000,1141,3,71
2548,"Apartament cu 3 camere, decomandat, panorama superba, zona Sagului","Steaua, Timisoara, Timis",81000,1157,3,70
2921,"Apartament cu 3 camere, zona Dacia, etaj intermediar","Araduluri Est, Timisoara, Timis",81000,1209,3,67
1874,"Girocului, 3 camere, Decomandat","Strada Martir Marius Ciopec, Calea Girocului, Timisoara, Timis",81000,1246,3,65
2200,"Lipovei, decomandat,vedere pe 2 parti, cu centrala proprie.","Araduluri Est, Timisoara, Timis",81000,1246,3,65
2230,"Ocazie, apartament cu 3 camere sub prețul pieței în zona Girocului","Strada Maresal Constantin Prezan, Zona Timisoara Sud, Timisoara, Timis",81000,1266,3,64
1238,"SC002 Apartament 2 camere, decomandat, Steaua","Steaua, Timisoara, Timis",81000,1350,2,60
1689,Centrul Bancar. Etaj intermediar. Izolat exterior. Circumvalatiunii.,"Bucovina, Timisoara, Timis",81000,1350,3,60
1498,"Apartament 2 camere, 57 mp, mobilat/utilat, zona Bucovina","Strada Munteniei, Mehala, Timisoara, Timis",81000,1421,2,57
1574,"Apartament 2 camere, 54 mp, zona Odobescu","Intrarea Calin Nemes, Odobescu, Timisoara, Timis",81000,1500,2,54
44,"AX474 Soarelui, parter inalt, mobilat-utilat","Calea Buziasului, Timisoara, Timis",81000,1558,2,52
372,Proprietar apartament zona soarelui,"Cetate, Timisoara, Timis",81000,1558,2,52
2666,"Apartament cu 2 camere, decomandat, cu gradina, zona Calea Urseni","Ciarda Rosie, Timisoara, Timis",81000,1558,2,52
2894,"Apartament nou cu gradina de 50 mp, Calea Urseni","Ciarda Rosie, Timisoara, Timis",81000,1558,2,52
3077,"Apartament cu 2 camere, langa Iulius Mall","Circumvalatiunii, Timisoara, Timis",81000,1558,2,52
1520,"Apartament 2 camere, 51 mp, zona Lipovei","Strada Petre Olariu, Lipovei / Calea Sever Bocu, Timisoara, Timis",81000,1588,2,51
1600,"Apartament 2 camere + terasa 23 mp la parter, TORONTALULUI","Calea Torontalului, Torontalului, Timisoara, Timis",81000,1604,2,50.5
636,"Apartament 2 camere, 47 mp, Braytim","Strada Maresal Constantin Prezan, Zona Soarelui, Timisoara, Timis",81000,1723,2,47
3033,"Apartament 2 camere, decomandat, etajul 3, Zona Lipovei","Lipovei / Calea Sever Bocu, Timisoara, Timis",81000,1723,2,47
2474,"Apartament de 2 camere plus TERASA, parter, zona TORONTALULUI","Calea Torontalului, Torontalului, Timisoara, Timis",81200,1606,2,50.55
2692,"Torontalului, 2 camere, CLADIRE NOUA","Circumvalatiunii, Timisoara, Timis",81250,1477,2,55
1981,"Apartament 2 camere, etaj 1, bloc 2008, loc de parcare privat, Zona Gi","Fratelia, Timisoara, Timis",81490,1455,2,56
488,"Apartament 4 camere, semidecomandat in zona Balcescu.","Elisabetin, Timisoara, Timis",81500,906,4,90
1585,"Apartament 2 camere la etaj intermediar, 67 mp, zona Soarelui","Intrarea Vega, Zona Soarelui, Timisoara, Timis",81500,1216,2,67
732,Vand apartament 3 camere decomandat,"Cetate, Timisoara, Timis",81500,1273,3,64
1203,"Zona Iosefin, centrala proprie, vedere pe 2 parti.","Odobescu, Timisoara, Timis",81700,1219,3,67
2786,Apartament cu 3 camere decomandat situat in zona Iosefin,"Iosefin, Timisoara, Timis",81700,1219,3,67
2996,IOSEFIN - 3 cam - dec - centrala - clima,"Iosefin, Timisoara, Timis",81700,1219,3,67
896,Apartament luminos cu 3 camere | Iosefin,"Intrarea Lunga, Iosefin, Timisoara, Timis",81700,1318,3,62
1773,Apartament cu 3 camere in zona Iosefin,"Iosefin, Timisoara, Timis",81700,1318,3,62
2850,"Apartament cu 3 camere, etajul 4/4, decomandat, in Zona Iosefin","Iosefin, Timisoara, Timis",81700,1318,3,62
2626,"Apartament 2 camere, etaj intermediar, Iulius Mall","Calea Circumvalatiunii, Circumvalatiunii, Timisoara, Timis",81700,1571,2,52
906,DEZVOLTATOR | 3 CAMERE | PISCINA | PARC | CARTIER MAGHERU | TIMISOARA,"Strada General Magheru, Campului, Timisoara, Timis",81816,1200,3,68.18
1277,3 Camere confort 1 decomandat Zona Spitalul Judetean,"Strada Martir Marius Ciopec, Calea Girocului, Timisoara, Timis",81900,1343,3,61
3005,Gheorghe Lazar - dec - centrala - culori calde - instalatii noi!,"Circumvalatiunii, Timisoara, Timis",81900,1489,2,55
2933,"Apartament cu 2 camere in zona Gheorghe Lazar, decomandat","Circumvalatiunii, Timisoara, Timis",81900,1575,2,52
2349,"Apartament cu 3 camere, decomandat, complet mobilat si utilat, situat","Steaua, Timisoara, Timis",81990,1188,3,69
808,Apartament cu 4 camere langa Iulius Mall - ID V5202,"Aradului West, Timisoara, Timis",81990,1281,4,64
2,Apartament 2 camere+ centrala proprie I ETAJ 1- Zona Aradului,"Calea Aradului, Aradului West, Timisoara, Timis",81990,1640,2,50
2017,"Girocului - Apartament 3 Camere, decomandat, centrala proprie","Plavat, Timisoara, Timis",81999,1123,3,73
851,Apartament modern cu 2 camere | Calea Urseni,"Ciarda Rosie, Timisoara, Timis",81999,1640,2,50
2553,"AX263 Girocului, pozitie buna, centrala proprie","Plavat, Timisoara, Timis",82000,1093,3,75
1241,"AX404 Girocului, spatios, mobilat-utilat","Elisabetin, Timisoara, Timis",82000,1123,3,73
1920,"Girocului, 3 camere, Mansarda","Strada Maresal Constantin Prezan, Calea Girocului, Timisoara, Timis",82000,1123,3,73
1963,Ap. 3 camere complet mobilat si utilat | Calea Girocului,"Calea Girocului, Timisoara, Timis",82000,1123,3,73
2437,"Apartament cu 3 camere, 2 bai si 2 balcoane, Lugojului","Telegrafului, Timisoara, Timis",82000,1139,3,72
2138,"Apartament cu 3 camere, Timisoara, Lipovei , parter,centrala proprie","Cetate, Timisoara, Timis",82000,1171,3,70
868,"Proprietar, Apartament 3 camere Calea Torontalului, parcare inclusa","Cetate, Timisoara, Timis",82000,1188,3,69
1196,"Sagului, apartament 3 camere, etaj 2, centrala proprie.","Odobescu, Timisoara, Timis",82000,1206,3,68
2072,"Model cu vedere pe 2 parti, 2 bai si 2 balcoane, centrala, Soarelui.","Zona Soarelui, Timisoara, Timis",82000,1206,3,68
887,"Apartament cu 3 camere, decomandat, zona Dambovita","Iosefin, Timisoara, Timis",82000,1224,3,67
1469,"Apartament cu 3 camere, 67 mp, decomandat, Dacia","Strada Teiului, Circumvalatiunii, Timisoara, Timis",82000,1224,3,67
1029,"SX178 Girocului, Bloc reabilitat termic, Mobilat Utilat","Zona Soarelui, Timisoara, Timis",82000,1262,3,65
1553,"Apartament 3 camere, boxa, 65 mp, zona Calea Sagului","Aleea Inului, Calea Sagului, Timisoara, Timis",82000,1262,3,65
3020,"Apartament 3 camere, decomandat, Complexul Studentesc","Campus Universitar, Timisoara, Timis",82000,1262,3,65
804,CM462 Apartament 4 camere | IULIUS MALL | Aradului,"Araduluri Est, Timisoara, Timis",82000,1281,4,64
2225,"Apartament 3 camere, etaj intermediar, in zona Iosefin","Iosefin, Timisoara, Timis",82000,1302,3,63
3229,Tip Penthouse zona pepiniera - horticultura,"Cetate, Timisoara, Timis",82000,1302,3,63
1960,Suprafata mare cu centrala ....zona Lunei .... 82000 euro ... mobila,"Lunei, Timisoara, Timis",82000,1367,2,60
2159,POZITIE EXCELENTA. 4 Camere. Etajul 1. Take Ionescu.,"Badea Cartan, Timisoara, Timis",82000,1367,4,60
1035,"Apartament cu 2 camere, centrala proprie, zona Steaua","Steaua, Timisoara, Timis",82000,1390,2,59
2912,"Apartament cu 3 camere, semidecomandat, etajul 3/4, Zona Dambovita","Odobescu, Timisoara, Timis",82000,1390,3,59
64,vând apartament cu doua camere decomandat in bloc nou la etajul 1,"Cetate, Timisoara, Timis",82000,1439,2,57
50,Apartamente moderne cu 2 camere | Braytim,"Strada Gospodarilor, Fratelia, Timisoara, Timis",82000,1491,2,55
2520,Aradului – Apartament 2 Camere – Iulius Town,"Calea Torontalului, Bucovina, Timisoara, Timis",82000,1491,2,55
157,Apartament zona Dacia,"Cetate, Timisoara, Timis",82000,1519,3,54
2922,"Apartamente noi cu 2 camere, Aradului","Araduluri Est, Timisoara, Timis",82000,1519,2,54
363,PROPRIETAR Vand apartament cu doua camere,"Cetate, Timisoara, Timis",82000,1577,2,52
1076,Apartament cu două camere,"Lipovei / Calea Sever Bocu, Timisoara, Timis",82000,1577,2,52
2038,"Gradina de 50 mp, bucatarie separata, finisaje premium.","Fratelia, Timisoara, Timis",82000,1577,2,52
66,vând apartament cu doua camere aproape de Iulius Mall,"Cetate, Timisoara, Timis",82000,1608,2,51
81,"Proprietar , vand ap.2 camere Bul.Dambovita et,3 82000 euro","Cetate, Timisoara, Timis",82000,1608,2,51
146,"APARTAMENT 2 CAMERE, DECOMANDAT, CALEA ARADULUI","Strada Cugir, Aradului West, Timisoara, Timis",82000,1708,2,48
685,Apartament două camere zona centrală,"Circumvalatiunii, Timisoara, Timis",82000,2050,2,40
394,"Proprietar, vand apartament cu doua camere","Cetate, Timisoara, Timis",82199,1581,2,52
2090,Garaj SUB BLOC . Boxa in CF. Centrala proprie. Sagului.,"Elisabetin, Timisoara, Timis",82500,1269,3,65
788,"RL042 Apartament 2 camere, decomandat, centrala, Lipovei","Cetate, Timisoara, Timis",82500,1557,2,53
304,Apartament 2 camere in zona Lipovei,"Lipovei / Calea Sever Bocu, Timisoara, Timis",82500,1618,2,51
200,Grand Park Tower Timisoara | 2 camere | TORONTALULUI,"Calea Torontalului, Torontalului, Timisoara, Timis",82600,1796,2,46
1267,Grand Park Tower Timisoara | 2 camere | TORONTALULUI,"Calea Torontalului, Torontalului, Timisoara, Timis",82600,1872,2,44.13
2189,Apartament 2 camere | Terasa 12 mp | Lift | Vedere spre Bega&Padure,"Strada Albastrelelor, Plopi, Timisoara, Timis",82674,1452,2,56.92
1973,Apartament NOU cu 2 camere de vanzare in Timisoara,"Cetate, Timisoara, Timis",82676,1450,2,57
457,Apartament 3 camere decomandat et 2 ...82 900 euro,"Circumvalatiunii, Timisoara, Timis",82900,1275,3,65
569,"COMISION 0% Apartament 2 camere decomandat, Lipovei - ID V5221","Lipovei / Calea Sever Bocu, Timisoara, Timis",82990,1657,2,50.09
1223,"Apartament cu 2 camere, open space, Torontalului","Circumvalatiunii, Timisoara, Timis",82999,1509,2,55
1327,"Apartament 2 camere, etaj 6 , loc de parcare | Calea Torontalului","Calea Torontalului, Aradului West, Timisoara, Timis",82999,1509,2,55
1855,Apartament cu 3 camere zona Soarelui ( Lidia ),"Zona Timisoara Sud, Timisoara, Timis",83000,1153,3,72
884,"AX429 Steaua, loc propriu de parcare,lift","Fratelia, Timisoara, Timis",83000,1277,2,65
1117,"Proprietar,vând apart spațios și parcare","Cetate, Timisoara, Timis",83000,1277,3,65
1780,Decomandat. Etaj intermediar. Disponibil imediat. Circumvalatiunii.,"Circumvalatiunii, Timisoara, Timis",83000,1277,3,65
1985,"Apartament 3 camere in zona Calea Girocului, rog fara Intermediari!!","Cetate, Timisoara, Timis",83000,1277,3,65
2340,"Apartament cu 3 camere, 65 mp, decomandat, Soarelui","Strada Noua, Lunei, Timisoara, Timis",83000,1277,3,65
2446,"Apartament spatios cu 2 camere, zona Steaua","Steaua, Timisoara, Timis",83000,1277,2,65
402,"Apartament cu 3 camere, decomandat, situat in zona Freidorf","Freidorf, Timisoara, Timis",83000,1297,3,64
2706,Apartament cu Curte Braytim - Soarelui,"Cetate, Timisoara, Timis",83000,1297,2,64
791,"AX438 Lipovei, mobilat-utilat. centrala-AC","Lipovei / Calea Sever Bocu, Timisoara, Timis",83000,1431,3,58
1397,"Apartament 3 camere, 58mp, etaj 4/4, aproape de Iulius Mall","Aleea Franz Liebhard, Lipovei / Calea Sever Bocu, Timisoara, Timis",83000,1431,3,58
2370,"Apartament cu 3 camere, centrala proprie, zona Lipovei","Lipovei / Calea Sever Bocu, Timisoara, Timis",83000,1431,3,58
838,"Apartament 2 camere, decomandat, zona Lunei","Lunei, Timisoara, Timis",83000,1482,2,56
1423,"Apartament 3 camere, 55 mp, renovat, Calea Aradului","Strada Liege, Aradului West, Timisoara, Timis",83000,1509,3,55
1592,"Bloc nou, langa Eso-Giroc, terase mari, finisaje excelente.","Fratelia, Timisoara, Timis",83000,1509,2,55
470,Fara Comision BLOC NOU Etaj 1 Mobilat si Utilat,"Calea Martirilor 1989, Plavat, Timisoara, Timis",83000,1660,2,50
1062,SOARELUI 2 Camere \/ Etaj 2 \/ Decomandat \/ Renovat,"Strada Protopop George Dragomir, Elisabetin, Timisoara, Timis",83000,1660,2,50
1103,Fara Comision LUX Bloc Nou zona Girocului,"Calea Martirilor 1989, Plavat, Timisoara, Timis",83000,1660,2,50
1721,"PROPRIETAR Vand apartament in zona Ciarda Rosie, Buziasului","Ciarda Rosie, Timisoara, Timis",83000,1660,2,50
1950,Apartament 2 camere + loc de parcare rezidential- Zona Soarelui,"Aleea Martir Nagy Eugen, Zona Soarelui, Timisoara, Timis",83000,1766,2,47
961,"Apartamente cu 2 camere, finisaje premium | Torontatului","Torontalului, Timisoara, Timis",83200,1600,2,52
1355,"Apartament de 2 camere, 52mp utili, Zona Torontalului","Strada Vasile Lochita, Aradului West, Timisoara, Timis",83200,1600,2,52
1367,"Apartament de 2 camere, 52mp utili, Torontalului, rate la dezvoltator","Strada Orsova, Aradului West, Timisoara, Timis",83200,1600,2,52
2346,Apartament 2 Camere Decomandat | Comision 0%| Calea Torontalului,"Iosefin, Timisoara, Timis",83200,1600,2,52
1489,"Apartament de 2 camere, decomandat, 50mp, zona Ciarda Rosie","Strada Zambilelor, Ciarda Rosie, Timisoara, Timis",83345,1654,2,50.4
3042,"2 camere, loc de parcare si tva inclus, lift, Torontalului","Circumvalatiunii, Timisoara, Timis",83363,1603,2,52
2872,SOARELUI - 3 cam - dec - centrala - renovat,"Ciarda Rosie, Timisoara, Timis",83400,1283,3,65
1812,Soarelui-3 cam- decomandat- centrala proprie!,"Ciarda Rosie, Timisoara, Timis",83500,1193,3,70
3207,"Apartament 3 camere decomandat, Zona Aradului","Aradului West, Timisoara, Timis",83500,1193,3,70
723,C. Sagului-P-ta Doina-3 camere decomandat-CT-AC,"Elisabetin, Timisoara, Timis",83500,1246,3,67
1856,Apartament cu 3 camere zona Soarelui,"Ciarda Rosie, Timisoara, Timis",83500,1285,2,65
3122,"AX144 Soarelui, decomandat, boxa individuala","Plavat, Timisoara, Timis",83500,1285,3,65
2504,Girocului - 2 camere- 54 mp - amenajari - lux,"Calea Girocului, Timisoara, Timis",83500,1546,2,54
546,Apartament 2 camere zona Bucovina 50 mp decomandat.,"Strada Soroca, Bucovina, Timisoara, Timis",83500,1606,2,52
2113,Complex- 2 cam- centrala p- et 3- mobilat,"Campus Universitar, Timisoara, Timis",83500,1777,2,47
119,"Apartament o camere, open space, zona Tipografilor","Cetate, Timisoara, Timis",83636,2201,1,38
1757,"Apartament cu 3 camere, etaj intermediar, zona Modern","Modern, Timisoara, Timis",83700,1329,3,63
891,CM451 Apartament 3 camere | Gheorghe Lazar,"Circumvalatiunii, Timisoara, Timis",83800,1524,3,55
1287,"Dezvoltator vand Apartament cu 2 camere, Imobil Nou , Timisoara","Torontalului, Timisoara, Timis",83884,1430,2,58.67
3199,"Dezvoltator vand Apartament cu 2 camere,Imobil Nou, in Timisoara","Torontalului, Timisoara, Timis",83884,1430,2,58.67
2292,Gh. Lazar - etaj 1 - renovat - mobilat - zona semicentrala,"Circumvalatiunii, Timisoara, Timis",83900,1525,3,55
1161,"Apartament 3 camere in Sagului, comision 0%","Calea Sagului, Timisoara, Timis",83900,1568,3,53.5
623,Apartament 2 camere- ETAJUL 2- Zona Medicina,"Aleea Teodor Mihaly, Tipografilor, Timisoara, Timis",83990,1826,2,46
1639,Apartament pe doua nivele in zona Girocului,"Zona Timisoara Sud, Timisoara, Timis",83999,1024,4,82
929,AV119 | Apartament 2 Camere | Langa Shopping CITY,"Steaua, Timisoara, Timis",84000,1151,2,73
1632,"Mircea cel Batran, 3 camere, 2 bai, Decomandat","Strada Mircea cel Batran, Mircea Cel Batran, Timisoara, Timis",84000,1200,3,70
3152,Bucovina - Ap.3cam. - decomandat - conf.1 - 69 mp utili,"Bucovina, Timisoara, Timis",84000,1217,3,69
2931,"Apartament cu 3 camere in zona Lipovei, decomandat","Lipovei / Calea Sever Bocu, Timisoara, Timis",84000,1254,3,67
1629,"Apartament cu 3 camere si 2 bai, etaj intermediar, zona Aradului","Araduluri Est, Timisoara, Timis",84000,1313,3,64
2295,"Apartament cu 3 camere, 64 mp, balcon, Steaua-Fratelia","Intrarea Peru, Fratelia, Timisoara, Timis",84000,1313,3,64
3181,Apartament cu 2 camere situat in zona Aradului,"Araduluri Est, Timisoara, Timis",84000,1400,2,60
1064,Girocului \/ 2 Camere \/ Etajul 1 \/ Mobilat,"Strada Dr. Ioan Muresan, Calea Girocului, Timisoara, Timis",84000,1448,2,58
1087,"Apartament 3 cam, et.1, decomandat, zona piata Dacia","Strada Burebista, Circumvalatiunii, Timisoara, Timis",84000,1474,3,57
754,"Apartament 2 camere, complet mobilat si utilat | Simion Barnutiu","Telegrafului, Timisoara, Timis",84000,1500,2,56
2498,"Apartamente cu 2 camere, finisaje la alegere, zona Braytim","Cetate, Timisoara, Timis",84000,1500,2,56
3051,"Apartament 2 camere, Zona Olimpia","Stadion, Timisoara, Timis",84000,1556,2,54
1282,Vand apartament 3 cam/Dacia,"Cetate, Timisoara, Timis",84000,1585,3,53
638,"Wow! Apartament de 2 camere, 52mp utili, cochet, Torontalului","Strada Augustin Coman, Aradului West, Timisoara, Timis",84000,1611,2,52.15
2479,"Imopark Residence, 1,2,3 camere, parcare inclusa, comison 0%.","Strada Arthur Rubenstein, Torontalului, Timisoara, Timis",84000,1615,2,52
2480,"Imopark Residence, 1,2,3 camere, zona Torontalului, comision 0%.","Strada Arthur Rubenstein, Torontalului, Timisoara, Timis",84000,1615,2,52
2481,"Imopark Residence, apartamente 2 camere+terasa, comison 0%","Strada Arthur Rubenstein, Torontalului, Timisoara, Timis",84000,1615,2,52
2720,"2 camere, loc de parcare inclus, suprafete utile intre 52,15 si 64,75","Circumvalatiunii, Timisoara, Timis",84000,1615,2,52
2792,"Dezvoltator. Apartamente 2 camere+loc de parcare, Torontalului!","Strada Arthur Rubenstein, Torontalului, Timisoara, Timis",84000,1615,2,52
238,"CS028 Apartament 2 camere, CENTRALA, Buziasului","Cetate, Timisoara, Timis",84000,1680,2,50
395,Apartament 2 camere complet utilat,"Cetate, Timisoara, Timis",84000,1680,2,50
757,"Dacia, 3 camere, Renovat","Strada Burebista, Circumvalatiunii, Timisoara, Timis",84000,1680,3,50
1746,"AX372 Bogdanestilor/Circumvalatiunii, etaj intermediar, lift","Circumvalatiunii, Timisoara, Timis",84000,1680,2,50
2630,"Apartament 2 camere, curte, 50 mp, in Giroc","Strada Diminetii, Fratelia, Timisoara, Timis",84000,1680,2,50
2387,"Apartament 3 camere,pozitie excelenta, zona Dacia","Strada Amforei, Circumvalatiunii, Timisoara, Timis",84000,1783,3,47.1
2175,Zona Tipografilor. Etaj 2. Centrala proprie.,"Cetate, Timisoara, Timis",84000,1787,2,47
2758,"Apartament 2 camere, etaj 2, zona Tipografilor","Cetate, Timisoara, Timis",84000,1787,2,47
1285,Finisat | 2 Camere | Centrala Proprie | Parcare Inclusa | Comision 0,"Calea Torontalului, Timisoara, Timis",84300,1552,2,54.3
230,"Apartament 3 camere, 75 mp, Girocului","Splaiul Nicolae Titulescu, Iosefin, Timisoara, Timis",84700,1129,3,75
2459,Girocului - ap. 2 cam - 83mp utili - amenajat lux,"Plavat, Timisoara, Timis",84900,1023,2,83
3091,"Apartament cu 2 camere + mansarda, spatios, etajul 4+5, Girocului","Elisabetin, Timisoara, Timis",84900,1035,3,82
2303,"Apartament 3 camere, decomandat, 70 mp, Sagului","Strada Ana Ipatescu, Calea Sagului, Timisoara, Timis",84900,1213,3,70
3069,"3 CAMERE, DECOMANDAT, RENOVAT, CENTRALA TERMICA, TORONTALULUI!","Calea Torontalului, Torontalului, Timisoara, Timis",84900,1306,3,65
938,Apartament luminos cu 3 camere | Zona Lipovei,"Strada Luminita Botoc, Lipovei / Calea Sever Bocu, Timisoara, Timis",84900,1327,3,64
2022,Apartament de 3 camere in zona Lipovei,"Lipovei / Calea Sever Bocu, Timisoara, Timis",84900,1327,3,64
1917,DACIA - 3 cam - dec - centrala - ETAJ 2 - BOXA CF,"Araduluri Est, Timisoara, Timis",84900,1415,3,60
2919,Apartament 3 camere Take Ionescu centrala termica 57 mp !!,"Cetate, Timisoara, Timis",84900,1489,3,57
2819,"Apartamente cu 2 camere, complex nou, zona Plopi","Calea Buziasului, Timisoara, Timis",84900,1516,2,56
109,AV144 | Apartament cu 3 camere | Lipovei 54mp,"Araduluri Est, Timisoara, Timis",84900,1572,3,54
219,2 CAMERE conf 1 decomandat langa IULIUS MALL-Parcul Botanic,"Circumvalatiunii, Timisoara, Timis",84900,1633,2,52
805,CM459 Apartament 2 camere | TAKE IONESCU,"Tipografilor, Timisoara, Timis",84900,1806,2,47
1665,"Apartament cu 2 camere, curte 60 mp, zona Braytim","Cetate, Timisoara, Timis",84900,1806,2,47
787,Apartament luminos cu 2 camere si curte privata | Braytim,"Zona Timisoara Sud, Timisoara, Timis",84900,1887,2,45
1729,SAGULUI - 3 cam LIFT - decomandat - clima - BLOC IZOLAT,"Steaua, Timisoara, Timis",84990,1133,3,75
3104,"Apartament 3 camere, etaj 2/4, decomandat, 69mp, izolat, Girocului- Ka","Calea Girocului, Timisoara, Timis",84990,1232,3,69
1670,"Apartament 3 camere, decomandat, izolat | Freidorf COMISION 0% - ID V4","Freidorf, Timisoara, Timis",84990,1252,3,67.88
2751,"Apartament 3 camere, decomandat, 2 bai, centrala Noua, etat 3/4, zona","Zona Timisoara Sud, Timisoara, Timis",84990,1269,3,67
2470,"AX266 Sagului, mobilat-utilat, centrala proprie","Dambovita, Timisoara, Timis",84990,1288,3,66
56,"Apartament cu 2 camere, etaj 2, centrala proprie, zona Lipovei","Lipovei / Calea Sever Bocu, Timisoara, Timis",84990,1574,2,54
2569,Apartament cu 2 camere | Decomandant | Finisaje Moderne | Giroc - ID V,"Zona Timisoara Sud, Timisoara, Timis",84990,1647,2,51.6
2570,Apartament cu 2 camere | Decomandant | Finisaje Moderne | Giroc - ID,"Zona Timisoara Sud, Timisoara, Timis",84990,1647,2,51.6
2571,"Apartament cu doua camere, decomandat in Giroc - ID V1369","Zona Timisoara Sud, Timisoara, Timis",84990,1647,2,51.6
2029,Lipovei – Apartament 3 Camere – Decomandat,"Strada Silistra, Lipovei / Calea Sever Bocu, Timisoara, Timis",84999,1545,3,55
471,Apartament 4 Camere zona Dambovita,"Strada Mangalia, Iosefin, Timisoara, Timis",85000,1000,4,85
643,IOSEFIN - 4 Cam - Etajul 1 - Centrala proprie - Clima - Garaj + spa&#5,"Iosefin, Timisoara, Timis",85000,1000,4,85
600,"Oportunitate! Apartament 3 camere, 82 mp, zona Lipovei","Strada Ion Roata, Lipovei / Calea Sever Bocu, Timisoara, Timis",85000,1037,3,82
1607,Apartament 4 camere Spitalul Județean,"Cetate, Timisoara, Timis",85000,1037,4,82
1935,"2 bai, 2 balcoane, posibilitate montare centrala. Girocului.","Calea Girocului, Timisoara, Timis",85000,1037,4,82
1169,"Apartament 2 camere, in zona istorica Sinaia.","Cetate, Timisoara, Timis",85000,1063,2,80
1495,"Apartament 3 camere, 79 mp, mobilat/utilat, zona Matei Basarab","Strada Constantin Stere, Bucovina, Timisoara, Timis",85000,1076,3,79
1106,Decomandat Spatios Modern,"Strada Tibiscum, Telegrafului, Timisoara, Timis",85000,1090,3,78
85,Apartament 3 camere zona Bucovina Timisoara,"Cetate, Timisoara, Timis",85000,1104,3,77
700,Langa Profi. Decomandat. Spatios. Buziasului.,"Ciarda Rosie, Timisoara, Timis",85000,1164,3,73
2726,"Apartament cu 3 camere, etaj intermediar, zona Garii","Iosefin, Timisoara, Timis",85000,1197,3,71
3196,"Apartament 3 camere, decomandat, Zona Baba-Dochia","Fabric, Timisoara, Timis",85000,1197,3,71
881,Decomandat Iulius Mall,"Strada Matei Basarab, Bucovina, Timisoara, Timis",85000,1214,3,70
1561,"Apartament de 3 camere, 70 mp, zona Lipovei","Strada Arhitect Ioan Mincu, Lipovei / Calea Sever Bocu, Timisoara, Timis",85000,1214,3,70
2297,"Apartament cu 3 camere, 70 mp, decomandat, Soarelui","Strada Orion, Calea Buziasului, Timisoara, Timis",85000,1214,3,70
1767,"Apartament 3 camere decomandat,Cal.Girocului","Cetate, Timisoara, Timis",85000,1250,3,68
47,"Proprietar, ap 3 camere etaj 3/4 si boxa, zona Circumvalatiunii","Cetate, Timisoara, Timis",85000,1269,3,67
86,"Vand ap 3 camere etaj 3/4 si boxa Circumvalatiunii, Timisoara","Cetate, Timisoara, Timis",85000,1269,3,67
1070,Vedere pe 2 parti. 2 bai. Centrala proprie. Buziasului.,"Ciarda Rosie, Timisoara, Timis",85000,1269,3,67
1342,"APARTAMENT 4 CAMERE, ETAJ INTERMEDIAR, LIVIU REBREANU","Strada Hebe, Odobescu, Timisoara, Timis",85000,1269,4,67
2491,Comision 0 Torontalului decomandat cu 2 bai,"Calea Torontalului, Bucovina, Timisoara, Timis",85000,1269,3,67
620,"APARTAMENT DE VANZARE, 3 CAMERE, 66MP, ZONA FRATELLIA","Intrarea Peru, Fratelia, Timisoara, Timis",85000,1288,3,66
1171,Soarelui. 2 bai. Centrala proprie. Aproape de Parcul Sudului.,"Zona Soarelui, Timisoara, Timis",85000,1288,3,66
2001,"Apartament cu 3 camere, centrala proprie, zona Soarelui","Ciarda Rosie, Timisoara, Timis",85000,1288,3,66
116,"Apartament 3 camere, decomandat, parter, Zona Lipovei","Lipovei / Calea Sever Bocu, Timisoara, Timis",85000,1308,3,65
1195,"Apartament 3 camere, parter, zona Lipovei","Lipovei / Calea Sever Bocu, Timisoara, Timis",85000,1308,3,65
2173,Disponibil imediat. Decomandat. Centrala. I.I. de la Brad.,"Lipovei / Calea Sever Bocu, Timisoara, Timis",85000,1308,3,65
2176,Etaj intermediar. Decomandat. 2 balcoane. Lipovei.,"Lipovei / Calea Sever Bocu, Timisoara, Timis",85000,1308,3,65
2178,Centrala termica. Ocupabil imediat. 2 bai si 2 balcoane. Lipovei.,"Lipovei / Calea Sever Bocu, Timisoara, Timis",85000,1308,3,65
2773,"Apartament cu 3 camere in zona Lipovei, etaj intermediar","Lipovei / Calea Sever Bocu, Timisoara, Timis",85000,1308,3,65
2892,"Apartament la cheie, 3camere+terasa Bloc Nou,Girocului-Hotel IQ","Ciarda Rosie, Timisoara, Timis",85000,1308,3,65
3084,"Apartament 3 camere, 65 mp, etaj intermediar, Sagului","Strada Letea, Calea Sagului, Timisoara, Timis",85000,1308,3,65
320,Etaj intermediar. Decomandat. Model cu 2 bai. Steaua.,"Cetate, Timisoara, Timis",85000,1328,3,64
1682,Centrala proprie. Decomandat. Garaj. Lunei.,"Lunei, Timisoara, Timis",85000,1328,2,64
2378,"Apartament cu 3 camere, centrala proprie","Lipovei / Calea Sever Bocu, Timisoara, Timis",85000,1328,3,64
612,Apartament de 3 camere la etaj intermediar in zona Lipovei,"Antene, Timisoara, Timis",85000,1349,3,63
640,"Apartament 4 camere, semidecomandat, LIVIU REBREANU, 63mp","Strada Iris, Calea Sagului, Timisoara, Timis",85000,1349,4,63
762,LIPOVEI. Etajul 3. 2 balcoane. 2 bai,"Araduluri Est, Timisoara, Timis",85000,1349,3,63
2218,"Apartament 4 camere , Liviu Rebreanu cu centrala proprie","Elisabetin, Timisoara, Timis",85000,1349,4,63
2291,Sagului- 4 cam- centrala proprie- etaj 1,"Steaua, Timisoara, Timis",85000,1349,4,63
2357,"Apartament renovat, cu 4 camere, complet mobilat si utilat, situat in","Steaua, Timisoara, Timis",85000,1349,4,63
2426,Vând apartament 4 camere Sagului,"Cetate, Timisoara, Timis",85000,1349,4,63
2133,"Etajul 1, centrala proprie, mobilat si utilat. Sagului.","Elisabetin, Timisoara, Timis",85000,1358,4,62.61
1042,"SX176 Dorobantilor, Etaj Intermediat, Mobilat Utilat","Telegrafului, Timisoara, Timis",85000,1393,3,61
486,Apartament 3 Camere calea Lipovei Etaj 2,"Calea Sagului, Timisoara, Timis",85000,1417,3,60
876,Ap. 2 cam complet mobilat si utilat | loc de parcare | Cal. Sagului,"Elisabetin, Timisoara, Timis",85000,1417,2,60
1679,"Lipovei, 2 camere, centrala proprie, BLOC IZOLAT, GARAJ CU CF","Lipovei / Calea Sever Bocu, Timisoara, Timis",85000,1417,2,60
2633,Spitalul Judetean-3 camere-centrala proprie,"Calea Girocului, Timisoara, Timis",85000,1491,3,57
2695,"Apartament decomandat cu centrala proprie, 2 camere, zona Bucovina","Circumvalatiunii, Timisoara, Timis",85000,1491,2,57
610,AV132 | Apartament 2 camere | Lipovei,"Lipovei / Calea Sever Bocu, Timisoara, Timis",85000,1574,2,54
1140,Apartament renovat cu 2 camere in zona Sagului,"Steaua, Timisoara, Timis",85000,1574,2,54
1619,Apartament 3 camere decomandat Soarelui parter !!,"Zona Soarelui, Timisoara, Timis",85000,1574,3,54
1808,Ap. 2 camere complet mobilat si utilat | Calea Sagului,"Dambovita, Timisoara, Timis",85000,1574,2,54
2688,"Circumvalatiunii, 2 camere, LIFT","Circumvalatiunii, Timisoara, Timis",85000,1574,2,54
209,"Oportunitate! Apartament cu 2 camere,zona Lipovei","Strada Ion Roata, Lipovei / Calea Sever Bocu, Timisoara, Timis",85000,1604,2,53
505,"3 camere, Decomandate, Parter, Soarelui, Balcon, Boxa","Strada Uranus, Zona Soarelui, Timisoara, Timis",85000,1604,3,53
607,vand apartamanet 2 camere decomandat lipovei,"Cetate, Timisoara, Timis",85000,1604,2,53
676,Apartament de 2 camere in Lipovei,"Lipovei / Calea Sever Bocu, Timisoara, Timis",85000,1604,2,53
1796,Gheorghe Lazar-2 cam- decomandat- centrala proprie,"Circumvalatiunii, Timisoara, Timis",85000,1604,2,53
1404,"Oferta! Apartament de 2 camere, 52mp utili, cochet, Torontalului","Strada Pelbartus, Aradului West, Timisoara, Timis",85000,1630,2,52.15
3007,Zona Braytim - 2 Camere - Gradina Proprie - Bloc FINALIZAT,"Cetate, Timisoara, Timis",85000,1635,2,52
1211,"Apartament cu 2 camere, open space, Torontalului","Circumvalatiunii, Timisoara, Timis",85000,1667,2,51
289,Apartament 2 camere | loc de parcare | etaj 4 | zona Torontalului,"Bucovina, Timisoara, Timis",85000,1700,2,50
2733,Apartament cu 2 camere in zona Circumvalatiunii,"Circumvalatiunii, Timisoara, Timis",85000,1700,2,50
456,2camere confort 1 zona Take Ionescu etaj 2,"Strada Bucuresti, Tipografilor, Timisoara, Timis",85000,1809,2,47
809,"Apartament 2 camere, etaj intermediar, zona Tipografilor","Cetate, Timisoara, Timis",85000,1809,2,47
331,"AX469 Tipogragrafilor, etaj intermediar, ocupabil imediat","Cetate, Timisoara, Timis",85000,1848,2,46
479,Etaj 3. Take Ionescu. 2 camere.,"Cetate, Timisoara, Timis",85000,1932,2,44
1135,"Apartament cu 2 camere, decomandat, situat in zona Braytim","Cetate, Timisoara, Timis",85000,1977,2,43
16,Grand Park Tower Timisoara | 2 camere | TORONTALULUI,"Calea Torontalului, Torontalului, Timisoara, Timis",85200,1852,2,46
3110,Apartament 3 camere Girocului Soarelui,"Cetate, Timisoara, Timis",85500,1188,3,72
2101,"Centrala proprie, bloc izolat exterior, etaj 2. Girocului.","Calea Girocului, Timisoara, Timis",85500,1315,3,65
2221,Apartament 3 camere in zona Lipovei,"Lipovei / Calea Sever Bocu, Timisoara, Timis",85500,1357,3,63
2186,Etajul 1. Clima. Disponibil imediat. Gh. Lazar.,"Circumvalatiunii, Timisoara, Timis",85500,1555,3,55
2002,"Apartament 3 camere, cu gradina, bloc nou, zona Plopi","Calea Buziasului, Timisoara, Timis",85685,1174,3,73
940,Apartament istoric renovat complet cu 2 camere | Iosefin,"Bulevardul Iuliu Maniu, Iosefin, Timisoara, Timis",85900,1332,2,64.5
2062,"Apartament 3 camere, 2 bai, Timisoara","Ciarda Rosie, Timisoara, Timis",85990,1410,3,61
420,Apartament Deosebit cu 3 Camere | De Vanzare | Zona Bucovina,"Strada Soroca, Bucovina, Timisoara, Timis",86000,1229,3,70
718,Decomandat. 2 bai. 2 balcoane. Mircea cel Batran.,"Mircea Cel Batran, Timisoara, Timis",86000,1229,3,70
1515,"Apartament 3 camere, 70 mp, zona Dambovita","Strada Vulturilor, Dambovita, Timisoara, Timis",86000,1229,3,70
2158,Amenajat. Centrala si clima. Bucovina,"Circumvalatiunii, Timisoara, Timis",86000,1229,3,70
3129,Apartament de vanzare cu 3 camere decomandat- Zona Girocului,"Strada Martir I. Claudiu Varcus, Calea Girocului, Timisoara, Timis",86000,1229,3,70
2535,"Apartament cu 3 camere in zona Gheorghe Lazar, decomandat","Circumvalatiunii, Timisoara, Timis",86000,1265,3,68
1991,Dorobantilor. Decomandat. Debara.,"Crisan, Timisoara, Timis",86000,1284,3,67
742,"Apartament modern, situat aproape de Iulius Mall","Cetate, Timisoara, Timis",86000,1323,3,65
716,"AX445 Zona Modern, mobilat-utilat, etaj intermediar","Telegrafului, Timisoara, Timis",86000,1344,3,64
1713,"STADION `DAN PALTINISANU`, Apartament cu 3 camere - 64 mp ETAJ 4/10","Stadion, Timisoara, Timis",86000,1344,3,64
2413,Iosefin- 2 camere- semidecomandat- centrala proprie,"Iosefin, Timisoara, Timis",86000,1344,2,64
2443,"Apartament cu 2 camere,complet renovat, cladire istorica, in zona Iose","Iosefin, Timisoara, Timis",86000,1344,2,64
228,"Apartament 3 camere , 63 mp , Mircea cel Batran","Strada Ioan Plavosin, Mircea Cel Batran, Timisoara, Timis",86000,1365,3,63
1220,Apartament 3 camere decomandat zona de nord,"Strada Orsova, Aradului West, Timisoara, Timis",86000,1387,3,62
2151,Mircea cel Batran. 3 camere. 2 bai. 2 balcoane. Centrala proprie.,"Circumvalatiunii, Timisoara, Timis",86000,1387,3,62
2503,Aradului – Apartament 2 Camere – Renovat,"Strada Cugir, Aradului West, Timisoara, Timis",86000,1433,2,60
2968,Aradului – Apartament 3 Camere –Renovat,"Calea Aradului, Araduluri Est, Timisoara, Timis",86000,1536,3,56
702,"Apartament cu 3 cam. et.2, lift, decomandat, Gheorghe Lazar","Strada Labirint, Circumvalatiunii, Timisoara, Timis",86000,1564,3,55
1095,AV112 | Apartament 3 camere | Gheorghe Lazar | Iulius Mall,"Circumvalatiunii, Timisoara, Timis",86000,1564,3,55
1289,"Apartament 2 camere, Dumbrăvița","Stadion, Timisoara, Timis",86000,1720,2,50
250,"Apartament de 2 camere, 52 mp utili, zona Braytim","Strada Dr. Luis Turcanu, Zona Timisoara Sud, Timisoara, Timis",86100,1656,2,52
1712,"2 camere, suprafete cuprinse intre 47.6 si 57 utili, bucatarie inchisa","Mehala, Timisoara, Timis",86300,1798,2,48
1043,COMISION 0 % Apartament decomandat 3 camere Circumvalatiunii - ID V514,"Calea Circumvalatiunii, Circumvalatiunii, Timisoara, Timis",86490,1517,3,57
269,Vand apartament 3 camere -zona foarte bună,"Cetate, Timisoara, Timis",86500,1236,3,70
2016,Apartament 3 camere zona Modern Lugojului Dorobanților proprietar,"Cetate, Timisoara, Timis",86500,1272,3,68
704,Etaj 2. Decomandat. Vedere pe 2 parti. Girocului.,"Calea Girocului, Timisoara, Timis",86500,1331,3,65
1086,"Apartament spatios, 3 cam, decomandat, sup. 64,11mp, centrala...","Strada Cugir, Aradului West, Timisoara, Timis",86500,1352,3,64
2119,3 camere. Dorobantilor. Centrala proprie.,"Fabric, Timisoara, Timis",86500,1352,3,64
1671,DOROBANTILOR - 3 cam - decomandat - 2 bai - ETAJ 3,"Modern, Timisoara, Timis",86500,1418,3,61
2429,"Proprietar, vand apartament la 3 minute de centru cu centrala proprie","Cetate, Timisoara, Timis",86500,1491,3,58
1387,"Oferta! Apartament de 2 camere, 53.8mp utili, cochet, Torontalului","Strada Pelbartus, Aradului West, Timisoara, Timis",86500,1608,2,53.8
418,"Comision 0! Langa Vox Technology, decomandat, centrala, garaj","Strada Orsova, Aradului West, Timisoara, Timis",86522,1492,2,58
597,"Comision 0! Langa Vox Technology, et 2, centrala, posibilitate garaj","Cetate, Timisoara, Timis",86522,1492,2,58
2699,"Apartament cu 2 camere in zona Torontalului, bloc nou","Circumvalatiunii, Timisoara, Timis",86730,1971,2,44
1966,Bloc Nou cu terasa - Zona Soarelui str.Mures,"Cetate, Timisoara, Timis",86800,1315,2,66
1305,"Apartament cu 2 camere, etaj intermediar, zona Spitalul Judetean","Calea Girocului, Timisoara, Timis",86800,1702,2,51
1649,Apartament 3 camere in zona Aradului + garaj,"Gara Nord, Timisoara, Timis",86890,1337,3,65
2757,"Apartament 3 camere, decomandat, zona Modern","Modern, Timisoara, Timis",86900,1224,3,71
461,3 camere decomandat Dorobanti,"Strada Eugen Pop, Dorobantilor, Timisoara, Timis",86900,1241,3,70
390,"Lipovei - Apartament 3 Camere, 2 Bai, Decomandat, Etaj 1","Lipovei / Calea Sever Bocu, Timisoara, Timis",86900,1337,3,65
1866,LIPOVEI - 3 cam - ETAJ 1 - decomandat - 2 bai - BOXA,"Lipovei / Calea Sever Bocu, Timisoara, Timis",86900,1379,3,63
973,"Apartament spatios cu 3 camere, comision o %","Calea Girocului, Timisoara, Timis",86980,1359,3,64
1322,"Vand ap. 3 camere Aradului, decomandat","Cetate, Timisoara, Timis",87000,1225,3,71
822,Vand apartament 3 camere,"Cetate, Timisoara, Timis",87000,1243,3,70
65,vând apartament cu trei camere decomandat 68 mp utili / 2 bai,"Cetate, Timisoara, Timis",87000,1279,3,68
1082,"Apartament la mansarda in calea girocului 2 camere, 69mp mobilat","Strada Nicolae Iliesu, Calea Girocului, Timisoara, Timis",87000,1279,2,68
1232,"Apartament cu 3 camere, etaj intermediar, zona Steaua","Steaua, Timisoara, Timis",87000,1279,3,68
166,Apartament - Cal. Torontalui/Iulius Mall,"Cetate, Timisoara, Timis",87000,1318,3,66
1188,"Apartament cu 3 camere si centrala proprie, langa Iulius Mall","Circumvalatiunii, Timisoara, Timis",87000,1318,3,66
2132,"Complexul Studentesc, centrala Proprie. Etaj Intermediar. Panorama","Campus Universitar, Timisoara, Timis",87000,1318,3,66
245,"APARTAMENT 3 CAMERE, 65 MP, CALEA LIPOVEI","Strada Verde, Lipovei / Calea Sever Bocu, Timisoara, Timis",87000,1338,3,65
353,"SC009 Apartament 3 camere, decomandat, Lipovei","Cetate, Timisoara, Timis",87000,1338,3,65
575,"Apartament 3 camere, decomandat + centrala proprie Lipovei","Cetate, Timisoara, Timis",87000,1338,3,65
712,Centrala proprie. Bloc izolat. Aproape de Piata verde. Aradului.,"Aradului West, Timisoara, Timis",87000,1338,3,65
2007,Centrala proprie. 2 balcoane. 2 bai. Mircea cel Batran.,"Mircea Cel Batran, Timisoara, Timis",87000,1338,3,65
2685,"Mircea cel Batran, 3 camere, Decomandat.","Strada Mircea cel Batran, Mircea Cel Batran, Timisoara, Timis",87000,1338,3,65
1914,"zona buziașului, apartament 3 camere, etaj 2, 2 locuri de parcare","Ciarda Rosie, Timisoara, Timis",87000,1426,3,61
3162,"Apartamet 2 camere+birou+loc de parcare, Torontalului! comision 0%","Strada Arthur Rubenstein, Torontalului, Timisoara, Timis",87000,1450,2,60
1366,"Apartament 2 camere, finisat modern, zona Girocului","Plavat, Timisoara, Timis",87000,1554,2,56
2409,"APARTAMENT 2 CAMERE, 55 MP, DECOMANDAT, ETAJ 10.","Cetate, Timisoara, Timis",87000,1582,2,55
2476,"Apartament 2 camere, 55 mp + TERASA la parter 23 mp, Torontalului","Calea Torontalului, Torontalului, Timisoara, Timis",87000,1582,2,55
2941,Lipovei 3 Camere | Parter 64mp | Complet Renovat | Boxa + Garaj,"Strada Luminita Botoc, Lipovei / Calea Sever Bocu, Timisoara, Timis",87000,1582,3,55
1125,"Apartament cu 3 camere, decomandat, situat in zona Soarelui","Ciarda Rosie, Timisoara, Timis",87000,1611,3,54
1861,"Apartament 2 camere, decomandat, etajul I, Zona Olimpia-Stadion","Stadion, Timisoara, Timis",87000,1617,2,53.81
1009,Apartament 2 camere,"Cetate, Timisoara, Timis",87000,1740,2,50
888,COMISION 0% | Grand Park Tower | Torontalului,"Bucovina, Timisoara, Timis",87255,1963,2,44.45
2532,"Apartament cu doua camere, decomandat in Giroc - ID V1403","Plavat, Timisoara, Timis",87490,1620,2,54
1499,"Apartament de 3 camere, 59 mp, zona Lipovei","Strada Silistra, Lipovei / Calea Sever Bocu, Timisoara, Timis",87500,1483,3,59
282,AP 2 Camere zona Centrala Balcescu 87.500 euro,"Bulevardul Vasile Parvan, Elisabetin, Timisoara, Timis",87500,1620,2,54
536,Apartament Central 2 camere direct de la proprietar,"Cetate, Timisoara, Timis",87500,1620,2,54
2856,"AX243 Balcescu, renovat complet","Elisabetin, Timisoara, Timis",87500,1750,2,50
464,Grand Park Tower Timisoara | 2 camere | TORONTALULUI,"Calea Torontalului, Torontalului, Timisoara, Timis",87500,1823,2,48
3157,Mehala – Apartament Nou 2 Camere – Curte,"Mehala, Timisoara, Timis",87500,2083,2,42
1832,"Mehala, 2 camere, BLOC NOU, CENTRALA PRORPIE","Mehala, Timisoara, Timis",87600,1864,2,47
924,GH LAZAR- Kaufland 3 camere confort 1,"Circumvalatiunii, Timisoara, Timis",87700,1271,3,69
2334,"Apartament luminos, 2 camere, 55 mp si terasa 23 mp, Torontalului","Calea Torontalului, Torontalului, Timisoara, Timis",87750,1595,2,55
512,Ocazie Apartament 4 camere 85 mp Spitalul Judetean,"Aleea Sanatatii, Zona Soarelui, Timisoara, Timis",87900,1072,4,82
1459,"Apartament cu 3 camere, 70 mp, decomandat, Dorobantilor","Strada Cornel Lazar, Dorobantilor, Timisoara, Timis",87900,1256,3,70
518,"LX021 Ciarda Rosie, Gradina Spatioasa, Finisaje La Alegere","Ciarda Rosie, Timisoara, Timis",87900,1690,2,52
3187,Apartament 3 Camere – Aradului,"Strada Gheorghe Ostrogovich, Araduluri Est, Timisoara, Timis",88000,1189,3,74
1032,"Apartament cu 3 camere, 2 bai, centrala proprie, zona Steaua","Steaua, Timisoara, Timis",88000,1257,3,70
1244,Apartament 3 Camere | Complexul Studentesc - Ripensia | 70mp,"Campus Universitar, Timisoara, Timis",88000,1257,3,70
1521,"Apartament 3 camere decomandat, 70 mp, zona Soarelui","Aleea Martir Nagy Eugen, Zona Soarelui, Timisoara, Timis",88000,1257,3,70
946,Apartament decomandat cu 3 camere | Dorobantilor | Modern,"Strada Eugen Pop, Dorobantilor, Timisoara, Timis",88000,1294,3,68
2550,"Apartament cu 4 camere in zona Dacia, semidecomandat","Araduluri Est, Timisoara, Timis",88000,1294,4,68
54,Apartament 3 Camere -Complet Renovat -Mobilat și Utilat - 0% Comision,"Strada Polona, Freidorf Parc Industrial, Timisoara, Timis",88000,1313,3,67
350,Apartament spatios 3 camere zona Dambovita,"Cetate, Timisoara, Timis",88000,1354,3,65
2818,"Apartament cu 3 camere in zona Aradului, decomandat","Araduluri Est, Timisoara, Timis",88000,1354,3,65
1792,OFERTĂ! APARTAMENT 3 CAMERE CALEA ARADULUI,"Strada Felix, Aradului West, Timisoara, Timis",88000,1375,3,64
403,"AL173 Apartament 3 camere, 2 bai, CT, Soarelui","Zona Soarelui, Timisoara, Timis",88000,1397,3,63
1351,"Apartament 3 camere, Sagului, in curs de renovare","Intrarea Mierlei, Calea Sagului, Timisoara, Timis",88000,1397,3,63
1703,Buziasului - 3 Camere - 2 Bai - Bloc nou - Parcare inclusa,"Cetate, Timisoara, Timis",88000,1467,3,60
1946,Decomandat. Etaj 1. Circumvalatiunii. Centrala Proprie.,"Circumvalatiunii, Timisoara, Timis",88000,1600,3,55
2203,"Circumvalatiunii, decomandat.Etaj 1.Lift Nou.Centrala Proprie","Circumvalatiunii, Timisoara, Timis",88000,1600,3,55
1400,"Oportunitate! Apartament cu 2 camere,Calea Aradului, 2 locuri de...","Strada Felix, Aradului West, Timisoara, Timis",88000,1630,2,54
307,"LX062 Ciarda Rosie-2 camere, gradina proprie","Iosefin, Timisoara, Timis",88000,1692,2,52
2664,"Apartament modern cu 2 camere , zona Circumvalatiunii Iulius Town","Circumvalatiunii, Timisoara, Timis",88000,1803,2,48.8
1601,DEZVOLTATOR | 3 CAMERE | PISCINA | PARC | CARTIER MAGHERU | TIMISOARA,"Strada General Magheru, Campului, Timisoara, Timis",88320,1200,3,73.6
2467,Girocului- Etajul 1 -3 Camere decomandat -2 bai-75mp,"Calea Girocului, Timisoara, Timis",88500,1180,3,75
1998,Etaj 2. Mobilat si utilat. Centrala proprie. Girocului.,"Calea Girocului, Timisoara, Timis",88600,1704,2,52
1750,IOSEFIN - 3 cam LIFT - decomandat - rulouri PVC,"Iosefin, Timisoara, Timis",88900,1270,3,70
842,"LX002 Soarelui, Decomandat, Mobilat si Utilat","Calea Buziasului, Timisoara, Timis",88900,1411,3,63
2804,"Apartament cu 3 camere in zona Iosefin, etaj intermediar, centrala pro","Iosefin, Timisoara, Timis",88990,1156,3,77
2308,"Apartament deosebit 3 camere, 74 mp, zona Freidorf","Strada Ardealului, Freidorf, Timisoara, Timis",89000,1203,3,74
167,3 Cam-Nou-Soarelui-3 Min Spital Judetean-72 MP-2 Balcoane-89.000 Euro!,"Zona Timisoara Sud, Timisoara, Timis",89000,1236,3,72
2808,Apartament in Maria,"Bulevardul 16 Decembrie 1989, Iosefin, Timisoara, Timis",89000,1254,2,71
2846,Apartament semicentral,"Elisabetin, Timisoara, Timis",89000,1254,2,71
794,"AX437 Judetean, mobilat-utilat, centrala proprie","Elisabetin, Timisoara, Timis",89000,1309,3,68
870,"CS025 Apartament 3 camere, et.3, Aradului/Lipovei/Iulius Mall","Araduluri Est, Timisoara, Timis",89000,1309,3,68
1136,Judetean \/ 3 camere \/ decomandat,"Strada Martir I. Claudiu Varcus, Calea Girocului, Timisoara, Timis",89000,1309,3,68
1191,"Soarelui, decomandat, vedere pe 2 parti.","Zona Soarelui, Timisoara, Timis",89000,1309,3,68
1364,"Comision 0 ! Apartament 4 camere, pozitie excelenta, zona Dacia","Strada Brandusei, Circumvalatiunii, Timisoara, Timis",89000,1309,4,68
1955,"Apartament 3 camere, 2 bai, decomandat, zona Dorobantilor","Strada Lalelelor, Dorobantilor, Timisoara, Timis",89000,1309,3,68
1424,"Apartament de 3 camere, 67 mp, zona Iosefin","Strada Iancu Vacarescu, Iosefin, Timisoara, Timis",89000,1328,3,67
2282,Aradului- 3 cam- et 2- dec- centrala p!,"Araduluri Est, Timisoara, Timis",89000,1328,3,67
2351,"Apartament 3 camere, Zona Aradului","Aradului West, Timisoara, Timis",89000,1328,3,67
2824,"Apartamente noi, decomandate, cu 3 camere in zona Braytim, se pot aleg","Cetate, Timisoara, Timis",89000,1369,3,65
1139,Av113 | Apartament 3 camere | Girocului,"Calea Girocului, Timisoara, Timis",89000,1391,3,64
1269,Spitalul Judetean-3 cam- centrala proprie- mobilat!,"Calea Girocului, Timisoara, Timis",89000,1391,3,64
1641,Spitalul Judetean-3 cam- centrala proprie- mobilat- decomandat!,"Calea Girocului, Timisoara, Timis",89000,1391,3,64
1271,"Apartament 3 camere, piata Flavia, comision 0%","Calea Sagului, Timisoara, Timis",89000,1410,3,63.1
1631,"Apartament decomandat cu 3 camere, renovat complet, zona Spitalul Jude","Calea Girocului, Timisoara, Timis",89000,1413,3,63
145,Apartament 3 camere Complex Studentesc 60mp,"Calea Buziasului, Timisoara, Timis",89000,1483,3,60
306,LX063 Apartament 3 camere Ciarda Rosie-finalizare toamna,"Ciarda Rosie, Timisoara, Timis",89000,1483,3,60
324,Complet mobilat. Etaj 3. Centrala proprie. Lipovei.,"Lipovei / Calea Sever Bocu, Timisoara, Timis",89000,1483,3,60
563,"Apartament 3 camera, decomandat, Zona Lipovei","Cetate, Timisoara, Timis",89000,1483,3,60
1919,Ap. 2 camere complet mobilat si utilat | zona Soarelui,"Zona Soarelui, Timisoara, Timis",89000,1483,2,60
2779,Soarelui-2 camere-centrala proprie-LUX,"Ciarda Rosie, Timisoara, Timis",89000,1483,2,60
2785,"Apartament cu 2 camere complet mobilat si utilat de lux, situat in zon","Ciarda Rosie, Timisoara, Timis",89000,1483,2,60
495,"Apartament 3 camere, decomandat, etajul III, Zona Lipovei","Lipovei / Calea Sever Bocu, Timisoara, Timis",89000,1589,3,56
549,"Apartament renovat, cu 3 camere, centrala proprie, zona Lipovei","Lipovei / Calea Sever Bocu, Timisoara, Timis",89000,1589,3,56
677,Apartament de 3 camere in zona Lipovei,"Lipovei / Calea Sever Bocu, Timisoara, Timis",89000,1589,3,56
255,Super ocazie Apartament semicentral 2 camere 55 mp etaj 2,"Strada Calin V., Iosefin, Timisoara, Timis",89000,1618,2,55
3206,Apartament 2 camere - zona Tipografilor,"Strada Vasile Lucaci, Tipografilor, Timisoara, Timis",89000,1618,2,55
176,"LX066 Apartament 2 camere-Dumbravita, pozitie excelenta","Cetate, Timisoara, Timis",89000,1854,2,48
1979,"Apartament cu 3 camere, 2 bai, zona Soarelui","Ciarda Rosie, Timisoara, Timis",89500,1297,3,69
581,Apartament 3 camere complet mobilate si utilate | Zona Soarelui,"Zona Soarelui, Timisoara, Timis",89500,1316,3,68
3210,Aradului 3 Camere | 64mp Utili | Etajul 2 | Centrala Proprie,"Strada Orsova, Aradului West, Timisoara, Timis",89500,1398,3,64
1184,Apartament cu 3 camere zona Circumvalatiunii,"Circumvalatiunii, Timisoara, Timis",89500,1421,3,63
2781,Apartament cu 3 camere recent renovat in zona Complexul Studentesc,"Campus Universitar, Timisoara, Timis",89500,1467,3,61
277,Penthouse cu terasa de 30 mp pozitie excelenta in zona Braytim,"Zona Timisoara Sud, Timisoara, Timis",89500,1492,2,60
1813,"Apartament 3 camere, finisaje de lux, 53 mp, zona Dacia","Circumvalatiunii, Timisoara, Timis",89500,1689,3,53
847,Apartament 2 camere complex nou Torontalului,"Aradului West, Timisoara, Timis",89500,1721,2,52
2793,Dezvoltator.Apartamente 2 camere+terasa Torontalului!,"Strada Arthur Rubenstein, Torontalului, Timisoara, Timis",89500,1721,2,52
1302,Grand Park Tower Timisoara | 2 camere | TORONTALULUI,"Calea Torontalului, Torontalului, Timisoara, Timis",89700,1857,2,48.31
2655,SOL RESIDENCE | Apartament cu 2 camere | TIP H1,"Cetate, Timisoara, Timis",89740,1750,2,51.28
2544,"Apartamente noi cu 2 camere, Torontalului","Circumvalatiunii, Timisoara, Timis",89775,1760,2,51
2644,SOL RESIDENCE | Apartament cu 2 camere | TIP AS3,"Cetate, Timisoara, Timis",89866,1750,2,51.35
2595,Fabric 3 Camere | 62mp Utili Etaj 4 | Bloc Complet Renovat,"Strada Andrei Saguna, Fabric, Timisoara, Timis",89900,1450,3,62
170,Proprietar - Vând apartament 3 camere - confort 1 - decomandat,"Aradului West, Timisoara, Timis",89900,1498,3,60
2224,"Apartament Dumbravita, zona Decathlon, 2 camere- ID V4714","Strada Tristan Tzara, Timisoara, Timis",89900,1774,2,50.67
1834,"Apartament 2 camere, zona Take Ionescu - Renovat","Tipografilor, Timisoara, Timis",89900,2140,2,42
971,"Apartament deosebit cu 1 camera, cladire istorica | Ultracentral","Strada George Cosbuc, Cetate, Timisoara, Timis",89900,2809,1,32
2030,"Apartament 2 camere, spatios 78 mp, etaj 1 aproape de Shopping City","Calea Sagului, Timisoara, Timis",89990,1154,2,78
3076,"COMISION 0% Apartament cu trei camere, 2 bai, Giroc, zona Planetelor -","Plavat, Timisoara, Timis",89990,1202,3,74.85
2559,CIRCUMVALATIUNII - 3 cam - decomandat,"Circumvalatiunii, Timisoara, Timis",89990,1384,3,65
1915,Apartament 1 camera- ideal investitie- Zona Pietei Unirii,"Strada George Cosbuc, Cetate, Timisoara, Timis",89999,2727,1,33
2590,"Apartament 3 Camere, Etaj 1, Zona Iosefin","Iosefin, Timisoara, Timis",90000,928,3,97
89,Vând apartament 3 camere,"Cetate, Timisoara, Timis",90000,1047,3,86
3025,"Apartament cu 2 camere, spatios si luminos, etajul 1, zona","Iosefin, Timisoara, Timis",90000,1125,2,80
945,Apartament spatios cu 2 camere | Mehala,"Strada Martir Spiru Blanaru, Mircea Cel Batran, Timisoara, Timis",90000,1169,2,77
2469,"Mircea cel Batran, 3 camere, Decomandat","Strada Mircea cel Batran, Mehala, Timisoara, Timis",90000,1169,3,77
2502,Apartament cu trei camere doua balcoane Odobescu,"Elisabetin, Timisoara, Timis",90000,1200,3,75
2728,"Apartament cu 3 camere, decomandat, etajul 4/5, Zona Freidorf","Freidorf, Timisoara, Timis",90000,1216,3,74
1388,"Apartament 3 camere, 72 mp, semidecomandat, Girocului","Piata Aron Cotrus, Calea Girocului, Timisoara, Timis",90000,1250,3,72
1579,"Oportunitate! Apartament de 3 camere, 71 mp, decomandat, zona...","Strada Astrilor, Zona Soarelui, Timisoara, Timis",90000,1268,3,71
664,Dâmbovița-3 Camere-Garaj,"Dambovita, Timisoara, Timis",90000,1286,3,70
1413,"Apartament 3 camere, 70 mp, Calea Sagului","Bulevardul Constantin Brancoveanu, Odobescu, Timisoara, Timis",90000,1286,3,70
1437,"Apartament cu 3 camere, 70 mp, parter, Dambovita","Bulevardul Dambovita, Iosefin, Timisoara, Timis",90000,1286,3,70
1875,"Apartament 3 camere, 70MP, decomandat, zona Fabric","Strada Vasile Carlova, Baba Dochia, Timisoara, Timis",90000,1286,3,70
2288,"Apartament 3 camere, 70 mp, etaj intermediar, zona Girocului","Bulevardul General Ion Dragalina, Iosefin, Timisoara, Timis",90000,1286,3,70
3070,"Girocului, 3 camere, Renovat","Strada Salcamilor, Elisabetin, Timisoara, Timis",90000,1286,3,70
3071,"Girocului, 3 camere, Centrala proprie","Strada Drubeta, Plavat, Timisoara, Timis",90000,1286,3,70
2703,"Apartament cu 3 camere, etaj intermediar, zona Circumvalatiunii","Circumvalatiunii, Timisoara, Timis",90000,1304,3,69
3133,Apartament trei camere decomandat parter langa Nora,"Iosefin, Timisoara, Timis",90000,1304,3,69
126,Apartament 3 camere,"Cetate, Timisoara, Timis",90000,1324,3,68
1596,"Apartament 4 camere zona Dambovita centrala proprie, direct proprietar","Cetate, Timisoara, Timis",90000,1324,4,68
2962,Apartament cu 3 camere complet mobilat si utilat situat in zona Freido,"Freidorf, Timisoara, Timis",90000,1324,3,68
852,"Apartament cu 3 camere, 2 bai, centrala proprie, etaj 2, zona Aradului","Araduluri Est, Timisoara, Timis",90000,1385,3,65
1083,APARTAMENT 3 CAMERE STEAUA 65MP,"Strada Steaua, Steaua, Timisoara, Timis",90000,1385,3,65
2199,"Bucovina, decomandat, Centrala proprie, 2 bai, 2 balcoane inchise.","Mehala, Timisoara, Timis",90000,1385,3,65
37,"SX220 Timisoara- Lipovei, Centrala proprie","Lipovei / Calea Sever Bocu, Timisoara, Timis",90000,1429,3,63
1878,Lipovei 3 Camere 2 Bai | 63mp Utili Etaj 1 | Ion Ionescu de la Brad,"Strada Trailescu Cornel, Lipovei / Calea Sever Bocu, Timisoara, Timis",90000,1429,3,63
2359,"Vând apart. 2 camere /schimb cu casa,Privat","Cetate, Timisoara, Timis",90000,1579,2,57
2791,"Apartamente 2 camere+loc de parcare, zona Torontalului! comision 0%","Strada Arthur Rubenstein, Torontalului, Timisoara, Timis",90000,1579,2,57
484,Apartament 3 camere Gheorghe Lazăr,"Cetate, Timisoara, Timis",90000,1607,3,56
1385,"Apartament de 2 camere, 56mp utili, cochet, cu parcare, Torontalului","Strada Augustin Coman, Aradului West, Timisoara, Timis",90000,1607,2,56
1513,"Apartament 3 camere, 56 mp, zona Circumvalațiunii","Strada Regiment 6 Artilerie Grea, Mircea Cel Batran, Timisoara, Timis",90000,1607,3,56
1971,2cam complet mobilat+utilat|complex cu piscina+loc joaca copii | Giroc,"Calea Girocului, Timisoara, Timis",90000,1667,2,54
1797,Apartament cu 2 camere - decomandat - etajul 1,"Strada Gospodarilor, Fratelia, Timisoara, Timis",90000,1698,2,53
70,Apartament 2 camere decomandat,"Cetate, Timisoara, Timis",90000,1800,2,50
1442,"Apartament cu 2 camere, la casa, 47 mp, Simion Barnutiu","Bulevardul Simion Barnutiu, Dorobantilor, Timisoara, Timis",90000,1915,3,47
3135,Piata Unirii- 1 cam- renovat lux- potential investional,"Cetate, Timisoara, Timis",90000,2727,1,33
2190,"SPATIOS&LUMINOS, 2 camere, 62mp | Lift&Parcare | Terasa 9mp | Com. 0%","Strada Albastrelelor, Plopi, Timisoara, Timis",90055,1453,2,62
10,"2 camere, 49.5 mp utili, decomandat, 2 terase, Mehala","Mehala, Timisoara, Timis",90200,1804,2,50
1229,"Apartament cu 3 camere, 2 bai, centrala proprie, situat in zona Dambov","Iosefin, Timisoara, Timis",90500,1371,3,66
384,"SX204, Timisoara, Torontalului, Finisate la Cheie","Timisoara, Timis",90531,1350,3,67.06
2876,"Apartament 2 camere, bloc complet renovat, zona Fabric","Fabric, Timisoara, Timis",90770,1441,2,63
2419,ANDREI SAGUNA - 3 cam - 2 bai -ETAJ 3 - BOXA 20mp CF,"Fabric, Timisoara, Timis",90890,1212,3,75
810,"Apartament 3 camere, etaj intermediar, zona Fabric","Fabric, Timisoara, Timis",90900,1165,3,78
947,Apartament spatios cu 3 camere si balcon si boxa | Fabric,"Strada Baba Dochia, Baba Dochia, Timisoara, Timis",90900,1174,3,77.42
2111,Fabric. Etaj intermediar. Spatios.,"Fabric, Timisoara, Timis",90900,1299,3,70
163,Vand apartament 3 camere,"Fratelia, Timisoara, Timis",90900,1398,3,65
2440,"Apartament cu 3 camere,partial renovat, cladire istorica, in zona Sina","Blascovici, Timisoara, Timis",91000,1034,3,88
1752,"Apartament 3 camere, zona Fabric / Andrei Saguna","Fabric, Timisoara, Timis",91000,1071,3,85
1008,Apartament 3 camere decomandat. Rusu Sirianu/ Brancoveanu,"Bulevardul Constantin Brancoveanu, Odobescu, Timisoara, Timis",91000,1444,3,63
703,"Apartament 3 camere, et.2 din 5, cu lift, centrala termica, Sagului","Strada Vegetatiei, Calea Sagului, Timisoara, Timis",91000,1517,3,60
3094,De vanzare apartament 3 camere Take Ionescu,"Bulevardul Take Ionescu, Tipografilor, Timisoara, Timis",91000,1517,3,60
73,Apartament Side Avenue-59mp utili! Soarelui-Rebreanu!,"Cetate, Timisoara, Timis",91000,1542,2,59
21,Apartament cu 2 camere mobilat și utilat în bloc cu lift,"Araduluri Est, Timisoara, Timis",91000,1596,2,57
1214,"Apartament cu 2 camere, open space, Torontalului","Circumvalatiunii, Timisoara, Timis",91000,1685,2,54
904,Apartamente decomandate cu 2 camere de lux | LIPOVEI,"Strada Martir Silviu Motohon, Lipovei / Calea Sever Bocu, Timisoara, Timis",91000,1750,2,52
3098,Ap 2cam complet mobilat+utilat+terasa12mp|zona CORA|DUMBRAVITA,"Timisoara, Timis",91000,2022,2,45
2975,Apartament cu 3 camere deosebit pe Gheorghe Lazar - ID V4267,"Circumvalatiunii, Timisoara, Timis",91490,1694,3,54
1252,"SX157 Torontalului, Loc Parcare, Finisat la Cheie","Timisoara, Timis",91500,1326,3,69
689,Vand Apartament 2 Camere Aleea Ghirodei,"Cetate, Timisoara, Timis",91500,1452,2,63
1566,"Apartament de 3 camere, boxa, 80 mp, zona Fabric","Strada Andrei Saguna, Fabric, Timisoara, Timis",91900,1149,3,80
894,Proprietar! Ap 3 camere! langa ESO.,"Cetate, Timisoara, Timis",91900,1459,3,63
1840,DOROBANTILOR - 3 cam - ETAJ 2 - clima - 2 bai - 1 debara,"Modern, Timisoara, Timis",91990,1415,3,65
2069,"Odobescu, aproape de Colegiul Banatean. 4 camere. Model mare.","Elisabetin, Timisoara, Timis",92000,968,4,95
78,Vand apartament 3 camere plus garaj in CF,"Cetate, Timisoara, Timis",92000,1070,3,86
2128,"Etaj intermediar. Spatios. Centrala proprie, aer conditionat. Iosefin.","Iosefin, Timisoara, Timis",92000,1095,2,84
1733,"Iosefin, 2 camere, spatios, CENTRALA PROPRIE","Iosefin, Timisoara, Timis",92000,1150,2,80
1620,"Proprietar Vând ap. 3 camere zona Steaua, decomandat, 78 m,renovat","Cetate, Timisoara, Timis",92000,1179,3,78
1430,"Apartament cu 3 camere, 2 bai, 2 balcoane in zona Mircea Cel Batran","Strada Mircea cel Batran, Mehala, Timisoara, Timis",92000,1195,3,77
2238,Mircea cel batran- 3 cam- centrala- et 3,"Mehala, Timisoara, Timis",92000,1195,3,77
2127,Aradului. Zona excelenta. Complet mobilat si utilat. Centrala proprie.,"Araduluri Est, Timisoara, Timis",92000,1227,4,75
1541,"Apartament de 3 camere, 70 mp, etaj intermediar, zona Central","Strada Gheorghe Lazar, Circumvalatiunii, Timisoara, Timis",92000,1314,3,70
1547,"Apartament 3 camere, 70 mp, zona Bucovina","Strada Invatatorului, Bucovina, Timisoara, Timis",92000,1314,3,70
2087,"Apartament decomandat, model spatios. Mobilat si utilat. Garii.","Iosefin, Timisoara, Timis",92000,1314,3,70
3126,Vand apartament 2 camere spatios zona Steaua,"Cetate, Timisoara, Timis",92000,1314,2,70
1795,"Apartament cu 3 camere, etaj 2, zona Soarelui","Ciarda Rosie, Timisoara, Timis",92000,1333,3,69
955,Apartament decomandat cu 3 camere | Centrala proprie | Soarelui,"Aleea Azurului, Zona Soarelui, Timisoara, Timis",92000,1415,3,65
2037,"Model spatios, 2 terase, finisaje premium.","Timisoara, Timis",92000,1426,2,64.5
1621,"Apartament 3 camere, decomandat.","Odobescu, Timisoara, Timis",92000,1460,3,63
1554,"Apartament spatios de 3 camere, 60 mp, Take Ionescu","Strada Tapia, Tipografilor, Timisoara, Timis",92000,1533,3,60
2374,Lipovei 2 Camere | 56mp Utili + Terasa Spatioasa | Etaj 2 - Bloc Nou,"Strada Ion Ionescu de La Brad, Lipovei / Calea Sever Bocu, Timisoara, Timis",92000,1643,2,56
1377,APARTAMENT 2 CAMERE 53MP CIARDA ROSIE,"Strada Zambilelor, Ciarda Rosie, Timisoara, Timis",92000,1736,2,53
800,"Apartament cu 2 camere, Timisoara, Piata 700","Cetate, Timisoara, Timis",92000,1840,2,50
1881,"Apartament 2 camere, etaj 1, Ultracentral","Cetate, Timisoara, Timis",92000,1917,2,48
959,CM412 2 Camere | PIATA 700 | INVESTITIE,"Cetate, Timisoara, Timis",92000,2140,2,43
2167,"Central, etaj 1. Aproape de Opera. Disponibil imediat.","Cetate, Timisoara, Timis",92000,2140,2,43
3017,"Centru, 2 camere, POZITIE EXCELENTA","Cetate, Timisoara, Timis",92000,2140,2,43
240,"Apartament 2 camere, semidecomandat, 53mp utili, zona Aradului","Strada Dr. Grigore T. Popa, Araduluri Est, Timisoara, Timis",92400,1743,2,53
3034,"Apartamente noi cu 3 camere, loc de parcare inclus, Timisoara","Ciarda Rosie, Timisoara, Timis",92500,1402,3,66
3204,"Apartamente 2 camere, constructie solida noua, zona Aradului","Araduluri Est, Timisoara, Timis",92500,1652,2,56
3056,3 Camere Decomandat Et 3 Zona Andrei Saguna,"Strada Andrei Saguna, Fabric, Timisoara, Timis",92800,1190,3,78
601,Apartament cu 2 camere 80mp | Iosefin,"Strada Gheorghe Pop de Basesti, Iosefin, Timisoara, Timis",92900,1161,2,80
833,"Apartament 2 camere, zona Garii de nord","Iosefin, Timisoara, Timis",92900,1161,2,80
2936,Apartament 3 camere decomandat 78mp utili Andrei Saguna,"Lunei, Timisoara, Timis",92900,1191,3,78
2942,UNICAT!!!! 78 mp ... etaj 3 ... 3 camere plus boxa de 20 mp,"Fabric, Timisoara, Timis",92900,1191,3,78
1714,SAGULUI - 3 cam PARTER INALT - decomandat - centrala proprie - 2 bai,"Steaua, Timisoara, Timis",92900,1346,3,69
1650,"Soarelui, 3 camere, Renovat","Strada Uranus, Zona Soarelui, Timisoara, Timis",92900,1548,3,60
1800,Soarelui - Apartament cu 3 camere decomandat,"Zona Soarelui, Timisoara, Timis",92900,1548,3,60
2077,Zona Soarelui. Etaj 2. Decomandat. Centrala proprie.,"Calea Buziasului, Timisoara, Timis",92900,1548,3,60
2217,"Soarelui - Apartament 3 Camere, Decomandat, Centrala proprie","Zona Soarelui, Timisoara, Timis",92900,1548,3,60
2241,"Apartament cu 3 camere, etaj intermediar, zona Soarelui","Ciarda Rosie, Timisoara, Timis",92900,1548,3,60
2223,"AX309 Soarelui, etaj intermediar, mobilat-utilat","Stadion, Timisoara, Timis",92900,1659,3,56
3201,"Apartament, 2 camere, zona Iosefin - ID V2389","Iosefin, Timisoara, Timis",92990,1162,2,80
2417,Aradului - 4 cam - dec - centrala,"Araduluri Est, Timisoara, Timis",92990,1388,4,67
421,"Comision 0% Apartament 3 camere - Parcare + Pod, Freidorf - ID V5015","Freidorf, Timisoara, Timis",92990,1453,3,64
903,Apartament spatios cu 3 camere si subsol | Dorobantilor,"Strada Lalelelor, Dorobantilor, Timisoara, Timis",92999,1292,3,72
1586,"Apartament 4 camere, 86 mp + garaj de 22 mp, centrala termica,...","Strada Anul 1848, Fratelia, Timisoara, Timis",93000,1081,4,86
854,Decomandat Gh Lazar Central,"Strada Gheorghe Lazar, Circumvalatiunii, Timisoara, Timis",93000,1163,3,80
1000,"Apartament cu 2 camere,centrala proprie, situat in zona Garii","Iosefin, Timisoara, Timis",93000,1163,2,80
2835,Apartament 4 camere decomandat – Zona Iosefin,"Strada Iancu Vacarescu, Iosefin, Timisoara, Timis",93000,1224,4,76
3144,"Apartament cu 3 camere, etajul 1, zona Iosefin","Iosefin, Timisoara, Timis",93000,1240,3,75
1677,"Apartament cu 3 camere, 2 bai, situat in zona Dambovita","Iosefin, Timisoara, Timis",93000,1348,3,69
18,Apartament in Girocului 3 camere spatios,"Calea Girocului, Timisoara, Timis",93000,1368,3,68
515,"Girocului, 3 camere, Decomandat","Strada Maresal Alexandru Averescu, Plavat, Timisoara, Timis",93000,1368,3,68
520,Decomandat. SPATIOS. Braytim - Musicescu. 2 bai. Terasa mare.,"Zona Timisoara Sud, Timisoara, Timis",93000,1368,3,68
2873,"De vanzare apartament cu 2 camere, bloc nou zona Aradului - Iris","Aradului West, Timisoara, Timis",93000,1691,2,55
2375,Lipovei 2 Camere | Etaj 8\/11 Bloc Nou | 53mp Utili | Liziera Padurii,"Calea Sever Bocu, Araduluri Est, Timisoara, Timis",93000,1755,2,53
2907,"Dezvoltator vand Apartament cu 2 camere, imobil NOU, in Timisoara","Torontalului, Timisoara, Timis",93442,1639,2,57
948,Apartament decomandat cu 3 camere | Gheorghe Lazar | Circumvalatiunii,"Calea Circumvalatiunii, Circumvalatiunii, Timisoara, Timis",93500,1336,3,70
3001,Torontalului - decomandat - 2 bai - renovat - 60 m2 utili!,"Circumvalatiunii, Timisoara, Timis",93500,1558,2,60
1830,"Mehala, 1 camera, pozitie excelenta, BLOC NOU, CENTRALA PRORPIE","Mehala, Timisoara, Timis",93500,2125,1,44
1328,DEZVOLTATOR | 3 CAMERE | PISCINA | PARC | CARTIER MAGHERU | TIMISOARA,"Strada General Magheru, Campului, Timisoara, Timis",93504,1252,3,74.67
1623,Dezvoltator - Apartament 3 Camere - Torontalului - 0% Comision,"Timisoara, Timis",93600,1216,3,77
1204,"Etaj INTERMEDIAR, DECOMANDAT, model cu 2 bai. Circumvalatiunii.","Circumvalatiunii, Timisoara, Timis",93700,1339,3,70
185,Proprietar! Ap 3 camere Girocului langa ESO.,"Cetate, Timisoara, Timis",93900,1490,3,63
1575,"Apartament 2 camere, 80mp, cladire cu arhitectura istorica, zona...","Strada Gheorghe Baritiu, Iosefin, Timisoara, Timis",94000,1175,2,80
733,"Perosna fizica,vand apartament 3 camere ,semidecomandat,","Cetate, Timisoara, Timis",94000,1343,3,70
1550,"Apartament de 3 camere, 70 mp, zona Garii","Bulevardul General Ion Dragalina, Iosefin, Timisoara, Timis",94000,1343,3,70
2897,De vanzare apartament cu 3 camere zona Dambovita - Sagului,"Calea Sagului, Timisoara, Timis",94000,1343,3,70
1347,"APARTAMENT LA CASA, 2 CAMERE, ZONA ODOBESCU","Strada Alexandru Odobescu, Elisabetin, Timisoara, Timis",94000,1362,2,69
1053,"Apartament 2 camere decomandat, in zona Odobescu.","Elisabetin, Timisoara, Timis",94000,1403,2,67
2649,SOL RESIDENCE | Apartament cu 2 camere | TIP AS5,"Cetate, Timisoara, Timis",94070,1874,2,50.2
1448,"ANSAMBLU NOU, apartament 2 camere, balcon, parcare , zona Nord","Calea Aradului, Timisoara, Timis",94359,1815,2,52
625,Apartament 3 camere cu centrala proprie- Zona Soarelui,"Strada Astrilor, Zona Soarelui, Timisoara, Timis",94400,1573,3,60
214,Apartament cu 3 camere 70 mp Utilat si Mobilat,"Cetate, Timisoara, Timis",94500,1350,3,70
294,"Apartament cu 3 camere, etaj 2, centrala proprie, zona Aradului","Araduluri Est, Timisoara, Timis",94500,1350,3,70
651,"Apartament cu 3 camere, etaj intermediar, situat in zona Olimpia-Stadi","Cetate, Timisoara, Timis",94500,1350,3,70
222,"AX472 Aradului, centrala proprie, etaj intermediar","Araduluri Est, Timisoara, Timis",94500,1390,3,68
323,Aradului Est. Etajul 2. Model cu 2 bai. Mobilat si utilat.,"Araduluri Est, Timisoara, Timis",94500,1390,3,68
921,Apartament spatios cu 3 camere | Calea Torontalului,"Strada Orsova, Aradului West, Timisoara, Timis",94500,1390,3,68
2505,"Imopark Residence, parcare subterana, lift, comision 0%","Strada Atanasie Demian, Torontalului, Timisoara, Timis",94500,1602,2,59
1933,Iosefin- Apart 2 camere- Etaj 1- 80mp -CT proprie,"Iosefin, Timisoara, Timis",94700,1184,2,80
2646,SOL RESIDENCE | Apartament cu 2 camere | TIP AS4,"Cetate, Timisoara, Timis",94766,1750,2,54.15
1517,"Apartament 4 camere, 99 mp, zona Freidorf","Intrarea Gheorghe Sarbu, Freidorf, Timisoara, Timis",94900,959,4,99
2452,FREIDORF - 4 cam -ETAJ 3 - centrala proprie - decomandat - 2 bai,"Freidorf, Timisoara, Timis",94900,959,4,99
2748,Apartament spatios cu 4 camere complet mobilat si utilat situat in zon,"Freidorf, Timisoara, Timis",94900,1032,4,92
2988,ARADULUI - 3 cam - dec - centrala - ET 3,"Araduluri Est, Timisoara, Timis",94980,1461,3,65
2987,SPITALUL JUDETEAN - 3 cam - LUX,"Calea Girocului, Timisoara, Timis",94980,1583,3,60
341,"Apartament 3 camere, decomandat, aproape de magazine si transport","Elisabetin, Timisoara, Timis",94990,1638,3,58
568,Apartament lux cu 2 camere SEMIDECOMANDAT I COMPLEX RING - Zona Aradul,"Strada Vasile Lochita, Aradului West, Timisoara, Timis",94990,1939,2,49
2946,Apartament de vanzare cu 3 camere- Zona Aradului,"Strada Orsova, Aradului West, Timisoara, Timis",94999,1397,3,68
2117,Dorobantilor. Spatios. Centrala proprie.,"Fabric, Timisoara, Timis",95000,990,4,96
2586,"Apartament 4 camere, decomandat, zona Dorobantilor","Modern, Timisoara, Timis",95000,1056,4,90
3131,"Apartament cu 4 camere, 2 bai, 2 balcoane, zona Odobescu","Elisabetin, Timisoara, Timis",95000,1056,4,90
1236,"Dacia, 4 camere, Renovat","Strada Timis, Circumvalatiunii, Timisoara, Timis",95000,1080,4,88
346,Apartament cu 4 camere - 81 mp (Zona Sagului - Turist) Comision 0%,"Strada Ana Ipatescu, Calea Sagului, Timisoara, Timis",95000,1173,4,81
2206,Apartament cu 3 camere - 81 mp (Zona Sagului - Turist) Comision 0%,"Strada Ana Ipatescu, Calea Sagului, Timisoara, Timis",95000,1173,3,81
1096,"SX172 Timisoara-Dacia, Boxa, Centrala Proprie","Circumvalatiunii, Timisoara, Timis",95000,1188,4,80
944,Apartament renovat cu 3 camere | Aradului | Iulius Mall,"Strada Academician Romulus Radulet, Araduluri Est, Timisoara, Timis",95000,1203,3,79
246,"Apartament spatios 3 camere,decomandat, Calea Lipovei","Strada Horia Creanga, Lipovei / Calea Sever Bocu, Timisoara, Timis",95000,1218,3,78
398,Vând Apartament 3 camere + Garaj - zona Odobescu,"Cetate, Timisoara, Timis",95000,1218,2,78
1049,"Apartament cu 3 camere, 2 bai,decomandat, situat in zona Steaua","Steaua, Timisoara, Timis",95000,1218,3,78
3014,"Apartament decomandat 3 camere, zona Bucovina","Circumvalatiunii, Timisoara, Timis",95000,1218,3,78
1073,Dambovita. Aproape de Restaurant Nora. Model cu 2 bai.,"Calea Sagului, Timisoara, Timis",95000,1284,3,74
1205,Centrala proprie. Boxa. Decomandat. Circumvalatiunii.,"Circumvalatiunii, Timisoara, Timis",95000,1357,3,70
2172,Centrala proprie. Vedere pe 2 parti. Mobilat si utilat. Lipovei.,"Lipovei / Calea Sever Bocu, Timisoara, Timis",95000,1357,3,70
2924,Apartament in zona Sinaia,"Iosefin, Timisoara, Timis",95000,1357,3,70
2976,"Apartament pretabil pentru salon, birouri, etc","Iosefin, Timisoara, Timis",95000,1357,3,70
839,"AX434 Dambovita, parter inalt, mobilat-utilat","Dambovita, Timisoara, Timis",95000,1377,3,69
3142,"2 camere, etaj 1, 2 balcoane, 69 mp, parcare, zona Braytim","Strada Boema, Zona Timisoara Sud, Timisoara, Timis",95000,1377,2,69
171,"Apartament 3 camere, semidecomandat, 68mp, LUNEI","Strada Cretu Vasile, Campului, Timisoara, Timis",95000,1397,3,68
1916,"Decomandat, renovat, mobilat si utilat","Strada Martir Vasile Balmus, Zona Soarelui, Timisoara, Timis",95000,1397,3,68
2130,Etaj intermediar. Centrala proprie. Bloc izolat. Aradului.,"Aradului West, Timisoara, Timis",95000,1397,3,68
2525,"Apartament cu 3 camere, etaj intermediar, centrala proprie","Araduluri Est, Timisoara, Timis",95000,1397,3,68
2906,"Apartament de 3 camere, 68 mp, decomandat in zona Aradului","Strada Orsova, Aradului West, Timisoara, Timis",95000,1397,3,68
3097,"Apartament 3 camere, etajul 3, Zona Aradului","Bucovina, Timisoara, Timis",95000,1397,3,68
3143,Aradulului- 3 cam- et 3- centrala proprie!,"Araduluri Est, Timisoara, Timis",95000,1397,3,68
292,Se vinde apartament cu 3 camere in Calea Girocului,"Cetate, Timisoara, Timis",95000,1418,3,67
1723,"Apartament cu 3 camere, etajul 1, zona Spitalului Judetean","Calea Girocului, Timisoara, Timis",95000,1418,3,67
1826,Apartament cu 3 camere decomandat situat in zona Dambovita,"Iosefin, Timisoara, Timis",95000,1418,3,67
2341,"Apartament cu 3 camere, 67 mp, parter, Baba-Dochia","Strada Baba Dochia, Fabric, Timisoara, Timis",95000,1418,3,67
3215,"Apartament cu 3 camere, centrala proprie, in zona Braytim","Cetate, Timisoara, Timis",95000,1418,3,67
552,Apartament 3 camere - Calea Aradului - super pret,"Cetate, Timisoara, Timis",95000,1439,3,66
1193,"Aradului, spatios, decomandat, centrala proprie.","Araduluri Est, Timisoara, Timis",95000,1462,3,65
1198,"Zona Girocului, bloc izolat, etaj 1, mobilat si utilat.","Calea Girocului, Timisoara, Timis",95000,1462,3,65
2627,"Apartament 4 camere, 65 mp, total renovat, zona Aradului","Strada Cugir, Aradului West, Timisoara, Timis",95000,1462,4,65
2831,"Sagului , 3 camere, Renovat","Strada Rusu Sirianu, Odobescu, Timisoara, Timis",95000,1484,3,64
1825,Buziasului- et 3- lift- spatios- terasa de 10 m2,"Zona Soarelui, Timisoara, Timis",95000,1557,2,61
1642,"AX381 Judetean, mobilat-utilat, centrala proprie, lift","Elisabetin, Timisoara, Timis",95000,1583,3,60
2428,Proprietar vand apartament cu 2 camere Calea Sagului,"Cetate, Timisoara, Timis",95000,1583,2,60
2585,"Apartament 2 camere, 60 mp, decomandat, Soarelui","Aleea Martir Andrei Istvan, Zona Soarelui, Timisoara, Timis",95000,1583,2,60
2752,Proprietar vand apartament cu 3 camere vis a vis de S. Judetean,"Cetate, Timisoara, Timis",95000,1583,3,60
557,CM474 Apartament 3 camere | Spitalul Judetean | Decomandat,"Elisabetin, Timisoara, Timis",95000,1638,3,58
593,Apartament modern si decomandat cu 3 camere- ETAJ 2- Zona Spitalului J,"Calea Martirilor 1989, Calea Girocului, Timisoara, Timis",95000,1638,3,58
2980,"Aradului, 2 camere, BLOC NOU, LIFT","Araduluri Est, Timisoara, Timis",95000,1696,2,56
2411,"Complex Studentesc, 2 camere, RENOVAT LUX","Campus Universitar, Timisoara, Timis",95000,1727,2,55
2860,xTower apart. mobilat,"Cetate, Timisoara, Timis",95000,1727,2,55
1051,Apartament tip penthouse bloc nou Aradului,"Cetate, Timisoara, Timis",95000,1792,2,53
343,Proprietar vând apartament 2 camere,"Cetate, Timisoara, Timis",95000,1827,2,52
286,"Apartament 3 camere, calea Torontalului, parter","Calea Torontalului, Aradului West, Timisoara, Timis",95000,1900,3,50
798,CM457 Apartament deosebit | 3 camere | Aradului - Iulius Town,"Araduluri Est, Timisoara, Timis",95000,1900,3,50
932,Apartament superb cu 3 camere | Iulius Mall,"Calea Torontalului, Aradului West, Timisoara, Timis",95000,1900,3,50
1176,Apartament de vanzare- Torontalului- Timisoara,"Bucovina, Timisoara, Timis",95000,1900,3,50
1580,"Apartament 3 camere , zona Iulius Town.","Antene, Timisoara, Timis",95000,1900,3,50
2026,Apartament Deosebit cu 3 Camere | De Vanzare | Zona Torontalului,"Calea Torontalului, Torontalului, Timisoara, Timis",95000,1900,3,50
2114,Torontalului-3 cam- renovat- centrala proprie,"Circumvalatiunii, Timisoara, Timis",95000,1900,3,50
2836,"AX249 Torontalului, parter inalt, renovat complet","Aradului West, Timisoara, Timis",95000,1900,3,50
2851,Apartament de vanzare semidecomandat cu 3 camere- Zona Aradului,"Calea Aradului, Aradului West, Timisoara, Timis",95000,1900,3,50
3047,Ap.3 camere complet renovat 2022 | Iulius Town | Torontalului,"Bucovina, Timisoara, Timis",95000,1900,2,50
3099,"Apartament cu 3 camere, renovat complet, zona Torontalului, la 2 minut","Circumvalatiunii, Timisoara, Timis",95000,1900,3,50
594,"LX020 COMISION 0%, Mobilat si Utilat, Parcare Proprie","Strada Zambilelor, Ciarda Rosie, Timisoara, Timis",95000,1979,2,48
423,Apartament Dumbravita zona Decathlon,"Timisoara, Timis",95000,2111,2,45
2289,"Apartament cu 2 camere , Zona Medicinei","Cetate, Timisoara, Timis",95000,2111,2,45
199,Ap. 1 camera complet mobilat/utilat | Aradului | North Star Residence,"Araduluri Est, Timisoara, Timis",95000,2209,1,43
203,Direct Dezvoltator 0% Comision | Apartament 2 camere 55.8 mp | ESSENZA,"Strada Mangalia, Iosefin, Timisoara, Timis",95025,1703,2,55.8
2643,SOL RESIDENCE | Apartament cu 2 camere | TIP AS2,"Cetate, Timisoara, Timis",95082,1750,2,54.33
753,Vand apartament 2 camere zona Torontalului - ID : RH-37372-property,"Cetate, Timisoara, Timis",95230,1676,2,56.82
2648,SOL RESIDENCE | Apartament cu 2 camere | TIP AS4,"Cetate, Timisoara, Timis",95292,1750,2,54.45
2645,SOL RESIDENCE | Apartament cu 2 camere | TIP AS4,"Cetate, Timisoara, Timis",95585,1750,2,54.62
2642,SOL RESIDENCE | Apartament cu 2 camere | TIP AS2,"Cetate, Timisoara, Timis",95779,1750,2,54.73
2647,SOL RESIDENCE | Apartament cu 2 camere | TIP AS4,"Cetate, Timisoara, Timis",95804,1750,2,54.74
3163,Apartament 4 camere Bucovina,"Circumvalatiunii, Timisoara, Timis",96000,1079,4,89
2845,Apartament cu 3 camere si 2 bai in Braytim.,"Cetate, Timisoara, Timis",96000,1280,3,75
2613,"Apartament spatios de 3 camere, 72 mp, in zona Soarelui","Strada Maresal Constantin Prezan, Zona Soarelui, Timisoara, Timis",96000,1333,3,72
2141,Etaj intermediar. Mobilat si utilat. Decomandat cu 2 bai. Lipovei.,"Lipovei / Calea Sever Bocu, Timisoara, Timis",96000,1352,4,71
67,vând apartament cu trei camere cu centrala /2 bai / 2 balcoane,"Cetate, Timisoara, Timis",96000,1477,3,65
1483,"Apartament 3 camere, 61 mp, zona Freidorf","Strada Ion Slavici, Freidorf, Timisoara, Timis",96000,1574,3,61
32,Apartament modern cu 2 camere | Buziasului,"Strada Zambilelor, Ciarda Rosie, Timisoara, Timis",96000,1778,2,54
2333,"Apartament cu 3 camere (54mp) - plus garaj, LIPOVEI","Strada Leandrului, Araduluri Est, Timisoara, Timis",96000,1778,3,54
2377,"Apartament cu 3 camere, etaj intermediar, complet renovat, zona Lipove","Lipovei / Calea Sever Bocu, Timisoara, Timis",96000,1778,3,54
2335,"Apartament 3 camere, 50 mp, Calea Torontalului","Calea Torontalului, Torontalului, Timisoara, Timis",96000,1920,3,50
2521,"2 camere si curte 100 mp, loc de parcare si tva inclus Torontalului","Circumvalatiunii, Timisoara, Timis",96019,1847,2,52
1040,"Proprietar, vand apartament 4 camere decomandate, 2 bai, zona Torontal","Aradului West, Timisoara, Timis",96500,1270,4,76
1189,"Apartament cu 4 camere si 2 bai, etaj intermediar, zona Torontalului","Circumvalatiunii, Timisoara, Timis",96500,1270,4,76
3124,APARTAMENT LA PARTER,"Modern, Timisoara, Timis",96500,1340,3,72
650,Apartament Timisoara Lipovei. 3 camere. Centrala proprie.,"Strada Martir Gabriela Tako, Lipovei / Calea Sever Bocu, Timisoara, Timis",96500,1379,3,70
2035,"2 bai, terasa 8 mp, langa Intenso Fitness, Aradului.","Araduluri Est, Timisoara, Timis",96500,1399,3,69
311,AV138 | Apartament 3 camere | Fabric 68mp,"Fabric, Timisoara, Timis",96500,1419,3,68
1384,"Apartament de 2.5camere, 60 mp utili, cu parcare, in Torontalului","Strada Augustin Coman, Aradului West, Timisoara, Timis",96500,1608,3,60
2483,"Dezvoltator.Apartamente 2 camere+birou, zona Torontaului!!comision 0%","Strada Arthur Rubenstein, Torontalului, Timisoara, Timis",96500,1608,2,60
2796,"Apartamet 2 camere+birou+loc de parcare, Torontalului! comision 0%","Strada Arthur Rubenstein, Torontalului, Timisoara, Timis",96500,1608,2,60
1173,Apartament de vanzare- C. Lipovei- Timisoara,"Araduluri Est, Timisoara, Timis",96500,1755,3,55
1308,"SX145 Aradului, Renovat, Garaj","Araduluri Est, Timisoara, Timis",96500,1755,3,55
1312,"CS020 Apartament 3 camere, decomandat, totul nou, Lipovei","Cetate, Timisoara, Timis",96500,1755,3,55
507,"Apartament cu 2 camere si garaj, complet renovat | Lipovei","Araduluri Est, Timisoara, Timis",96500,1787,3,54
1261,"Apartament 3 camere, complet renovat + garaj | Calea Lipovei","Araduluri Est, Timisoara, Timis",96500,1787,3,54
253,"Apartament de 2 camere, 53 mp utili, gradina de 111mp, zona Braytim","Intrarea Mihai Banarescu, Zona Timisoara Sud, Timisoara, Timis",96600,1823,2,53
1803,"Apartament cu 3 camere, decomandat, situat in zona Soarelui","Strada Martir Vasile Balmus, Calea Buziasului, Timisoara, Timis",96900,1425,3,68
1964,2camere CENTRALA et 2 zona Tipografilor,"Strada Bucuresti, Tipografilor, Timisoara, Timis",96900,2019,2,48
1201,"Apartament cu 2 camere cartier rezidential modern, Torontalului - ID V","Aradului West, Timisoara, Timis",96990,1979,2,49
1544,"Torontalului, 2 camere, BLOC NOU","Circumvalatiunii, Timisoara, Timis",96990,1979,2,49
1997,Langa Judetean. Complet renovat. Centrala proprie. Girocului.,"Calea Girocului, Timisoara, Timis",97000,1141,4,85
480,Etaj 1. Aradului. Model cu 2 Bai.,"Cetate, Timisoara, Timis",97000,1276,4,76
682,AP 4 Camere 2 Bai 2 Balcoane Mobilat 75mp zona Lipovei 97.000 euro,"Strada Martir Constantin Zabulica, Lipovei / Calea Sever Bocu, Timisoara, Timis",97000,1293,4,75
149,Vând apartament 3 camere decomandat Calea Lipovei,"Cetate, Timisoara, Timis",97000,1386,3,70
905,Apartament spatios cu 3 camere | Central | Nokia,"Bulevardul General Ion Dragalina, Iosefin, Timisoara, Timis",97000,1386,3,70
2577,"Apartament 3 camere, zona Telegrafului-Take Ionescu.","Kogalniceanu, Timisoara, Timis",97000,1386,3,70
2240,"Apartament 3 camere Bucovina , Boxa , Centrala Proprie","Strada Bucovinei, Torontalului, Timisoara, Timis",97000,1426,3,68
1352,"Apartament cu 3 camere, decomandat, în zona Buziașului","Intrarea Meseriasilor, Ciarda Rosie, Timisoara, Timis",97000,1448,3,67
374,Apartament 3 cam decomandat cu boxa si garaj,"Cetate, Timisoara, Timis",97000,1492,3,65
841,"AX433 Aradului,Piata Verde, mobilat-utilat, etaj intermediar","Aradului West, Timisoara, Timis",97000,1492,3,65
2214,"Buziasului, 3 camere, Renovat","Intrarea Venus, Calea Buziasului, Timisoara, Timis",97000,1492,3,65
2258,Soarelui - etaj 2 - centrala proprie - mobilat!,"Ciarda Rosie, Timisoara, Timis",97000,1492,3,65
2767,"Apartament 3 camere zona de Nord, 10 min de Iulius Town.","Aradului West, Timisoara, Timis",97000,1492,3,65
258,"Apartament cu 2 camere,Calea Aradului","Calea Aradului, Aradului West, Timisoara, Timis",97000,1980,2,49
1020,Torontal Ring 2 Camere | 49mp Etaj 2\/7 | Mobilat si Utilat,"Strada Vasile Lochita, Aradului West, Timisoara, Timis",97000,1980,2,49
1147,"AX410 Complex Rezidential Ring-Torontalului, mobilat-utilat","Aradului West, Timisoara, Timis",97000,1980,2,49
1439,Ap.2 camere mobilat si utilat|terasa 11mp|Torontalului|The RING,"Bucovina, Timisoara, Timis",97000,1980,2,49
1290,"Apartament de vanzare cu 3 camere, zona Ciarda Rosie - ID V5059","Ciarda Rosie, Timisoara, Timis",97150,1450,3,67
2650,SOL RESIDENCE | Apartament cu 2 camere | TIP AS5,"Cetate, Timisoara, Timis",97358,1939,2,50.2
2036,"Aproape de Decathlon-Dumbravita, nou, bucatarie inchisa.","Timisoara, Timis",97500,1453,3,67.1
691,"Apartament cu 3 camere, constructie noua, ideal pentru o familie","Timisoara, Timis",97500,1455,3,67
202,Apartament 2 camere - ESSENZA RESIDENCE - Comision 0 - Finalizat,"Strada Mangalia, Iosefin, Timisoara, Timis",97545,1699,2,57.4
2952,SAGULUI - 4 cam ET 1 - dec - centrala - clima -bloc izolat - BOXA,"Steaua, Timisoara, Timis",97900,979,4,100
2033,BUCOVINA - 3 cam - decomandat - centrala - 2 bai - PARTER INALT,"Cetate, Timisoara, Timis",97900,1113,3,88
2423,SOARELUI - 4 cam - dec - ETAJ 3,"Ciarda Rosie, Timisoara, Timis",97900,1165,4,84
2638,SOL RESIDENCE | Apartament cu 2 camere | TIP AS1,"Cetate, Timisoara, Timis",97969,1749,2,56
2783,"Apartament 4 camere, zona Soarelui - ID V3697","Zona Soarelui, Timisoara, Timis",97990,1167,4,84
1952,TELEGRAFULUI - 3 cam - decomandat - centrala proprie,"Kogalniceanu, Timisoara, Timis",97990,1273,3,77
1005,"OX510 4 Camere, Etaj Intermediar, Renovat","Fratelia, Timisoara, Timis",97999,1289,4,76
1994,Etaj 1. Aproape de Shooping City. Centrala proprie. Sagului.,"Dambovita, Timisoara, Timis",98000,951,4,103
2081,"Steaua. Decomandat, vedere pe doua parti. Centrala proprie.","Steaua, Timisoara, Timis",98000,1010,3,97
2885,"Apartament cu 3 camere, 2 bai, parter inalt, situat in zona Steaua","Steaua, Timisoara, Timis",98000,1021,3,96
2678,Apartament spatios in zona Odobescu,"Odobescu, Timisoara, Timis",98000,1089,4,90
2813,"Apartament 4 camere, 90 mp, balcon, zona Odobescu","Strada Virgil Madgearu, Elisabetin, Timisoara, Timis",98000,1089,4,90
330,Apartament Deosebit cu 3 Camere | De Vanzare | Zona Bucovina,"Strada Maria Tanase, Bucovina, Timisoara, Timis",98000,1114,3,88
1306,"Apartament cu 3 camere, centrala proprie, zona Bucovina","Circumvalatiunii, Timisoara, Timis",98000,1114,3,88
2249,"Apartament cu 3 camere, in Sinaia, 85 mp","Strada Emanoil Gojdu, Iosefin, Timisoara, Timis",98000,1153,3,85
3200,"Soarelui, 4 camere, Renovat","Aleea Cristalului, Zona Soarelui, Timisoara, Timis",98000,1167,4,84
2304,"Oportunitate! Apartament 4 camere, 82 mp, zona Soarelui","Bulevardul General Ion Dragalina, Iosefin, Timisoara, Timis",98000,1195,4,82
1685,Simion Barnutiu. 3 camere. Centrala proprie.,"Badea Cartan, Timisoara, Timis",98000,1361,3,72
2328,"Apartament de 3 camere, 71 mp, loc de parcare, zona Torontalului","Bulevardul General Ion Dragalina, Iosefin, Timisoara, Timis",98000,1380,3,71
2587,"Apartament 3 camere bloc nou, cu loc de parcare in curte – Elisabetin","Strada Prutul, Plavat, Timisoara, Timis",98000,1400,3,70
2825,"Apartament 3 camere, decomandat, Zona Aradului","Aradului West, Timisoara, Timis",98000,1452,3,67.5
834,OFERTĂ! APARTAMENT 2 CAMERE DE LUX COMPLEX,"Aleea Studentilor, Campus Universitar, Timisoara, Timis",98000,1750,2,56
880,LUX Ultracentral Take Ionescu Medicina,"Bulevardul Take Ionescu, Cetate, Timisoara, Timis",98000,1782,2,55
1597,"2 camere, 54 mp utili,10 mp TERASA, parcare inclusa in pret","Strada Siemens, Calea Buziasului, Timisoara, Timis",98000,1815,2,54
465,"Apartament nou, decomandat cu 2 camere in zona Lipovei","Cetate, Timisoara, Timis",98000,1885,2,52
267,Propietar Apartament două camere Timișoara,"Cetate, Timisoara, Timis",98000,1960,2,50
2641,SOL RESIDENCE | Apartament cu 2 camere | TIP AS1,"Cetate, Timisoara, Timis",98136,1749,2,56.1
686,Apartament cu 4 camere zona Torontalului,"Gara Nord, Timisoara, Timis",98500,1368,4,72
342,Direct de la proprietar !! 3 camere Aradului - centrală proprie,"Cetate, Timisoara, Timis",98500,1589,3,62
540,"Proprietar vând apartament cu 3 camere, zona Aradului","Cetate, Timisoara, Timis",98500,1589,3,62
3039,Dumbravita - str. Constructorilor - Galaxy shopping,"Cetate, Timisoara, Timis",98800,1411,3,70
201,Direct Dezvoltator | Apartament 2 camere 58.3 mp | ESSENZA - Timisoara,"Strada Mangalia, Iosefin, Timisoara, Timis",98963,1697,2,58.3
2106,Central. Apartament spatios aproape de centrul orasului.,"Cetate, Timisoara, Timis",99000,990,3,100
499,AP 3 Camere 96mp Etaj 1 zona Iozefin 99.000 euro,"Strada Iancu Vacarescu, Iosefin, Timisoara, Timis",99000,1031,3,96
2337,"Apartament 4 camere, 90mp utili, complet renovat, zona Spitalul...","Aleea Sanatatii, Calea Girocului, Timisoara, Timis",99000,1100,4,90
2828,"Apartament deosebit cu 2 camere, foarte spatios, zona Iosefin","Iosefin, Timisoara, Timis",99000,1151,2,86
2006,Suprafata Generoasa! Pozitie Excelenta! Garaj! Zona Lipovei!,"Lipovei / Calea Sever Bocu, Timisoara, Timis",99000,1165,4,85
1957,"Apartament cu 4 camere, etaj 3, zona Soarelui","Ciarda Rosie, Timisoara, Timis",99000,1207,4,82
837,Apartament 4 camere zona Soarelui,"Zona Soarelui, Timisoara, Timis",99000,1216,4,81.4
2591,"Girocului, 4 camere, Renovat.","Bulevardul Liviu Rebreanu, Calea Girocului, Timisoara, Timis",99000,1238,4,80
1016,Pozitie Excelenta! Iulius Mall! 15 Min De Centru! Aradului!,"Araduluri Est, Timisoara, Timis",99000,1286,3,77
1186,"Bucovina, 4 camere, Decomandat","Strada Bucovinei, Torontalului, Timisoara, Timis",99000,1286,4,77
2129,Aradului. Etaj 1. Cu centrala proprie. Mobilat si utilat.,"Aradului West, Timisoara, Timis",99000,1414,3,70
2961,"Apartament cu 3 camere, mobilat utilat, Cetatii","Circumvalatiunii, Timisoara, Timis",99000,1500,3,66
2185,Gh. Lazar. Confort 1. Centrala proprie. Renovat.,"Circumvalatiunii, Timisoara, Timis",99000,1512,3,65.46
53,Ap. 2 camere+loc parcare subteran | Timisoara | Liviu Rebreanu,"Cetate, Timisoara, Timis",99000,1678,2,59
1611,"Apartament 3 camere, 55 mp, zona Girocului","Calea Martirilor 1989, Zona Timisoara Sud, Timisoara, Timis",99000,1800,3,55
574,SOARELUI \/ Apartament cu 2 camere - bloc nou - etaj 1,"Strada Boema, Zona Timisoara Sud, Timisoara, Timis",99000,1833,2,54
1980,vând apartament zona lidia/soarelui,"Cetate, Timisoara, Timis",99000,1833,2,54
172,"Apartament lux 3 camere, 52 mp- RONAT","Strada Livezilor, Ronat, Timisoara, Timis",99000,1904,3,52
710,Medicina. Etaj 1. Disponibil imediat.,"Cetate, Timisoara, Timis",99000,2357,2,42
2110,Apartament spatios. Vedere pe doua parti. Centrala proprie. Fabric,"Fabric, Timisoara, Timis",99500,948,4,105
272,Apartament 3 camere la curte comuna,"Iosefin, Timisoara, Timis",99500,1047,2,95
463,Apartament 3 camere Sagului langa Shopping City,"Cetate, Timisoara, Timis",99500,1327,3,75
359,Apartament superb cu 3 camere | Aradului,"Strada Orsova, Aradului West, Timisoara, Timis",99500,1605,3,62
890,Apartament 4 camere Bucovina/Torontal,"Cetate, Timisoara, Timis",99800,1248,4,80
1182,"Torontal, 4 camere, Decomandat","Strada Augustin Coman, Aradului West, Timisoara, Timis",99800,1313,4,76
487,"Apartament 2 camere decomandate, langa Medicina.","Araduluri Est, Timisoara, Timis",99800,1349,2,74
769,"Apartament 4 camere, zona Torontalului/Vox","Strada Orsova, Aradului West, Timisoara, Timis",99800,1490,4,67
2244,Sagului-4 cam- et 1- centrala proprie- decomandat,"Steaua, Timisoara, Timis",99900,961,4,104
2468,"Etaj 1 in bloc izolat termic, amenajat complet","Calea Sagului, Fratelia, Timisoara, Timis",99900,970,4,103
2019,"Apartament de 3 camere, spatios in zona Aradului","Antene, Timisoara, Timis",99900,1332,3,75
1154,AV109 | Apartament 3 camere | Complex,"Campus Universitar, Timisoara, Timis",99900,1448,3,69
1273,Vand apartament 3 camere Timisoara,"Cetate, Timisoara, Timis",99900,1448,3,69
1683,Garaj. Model cu 2 bai si 2 balcoane. Fabric.,"Stadion, Timisoara, Timis",99900,1448,3,69
990,"AX424 Mircea cel Batran, renovat, etaj intermediar","Circumvalatiunii, Timisoara, Timis",99900,1491,3,67
1958,ARADULUI - 3 camere - decomandat - GARAJ - PARTER INALT,"Araduluri Est, Timisoara, Timis",99900,1491,3,67
1219,"Apartament 3 camere, semidecomandat, Complexul Studentesc","Campus Universitar, Timisoara, Timis",99900,1561,3,64
3127,Central – Apartament 2 Camere,"Strada Coriolan Brediceanu, Cetate, Timisoara, Timis",99900,1850,2,54
2421,MIRCEA CEL BATRAN - 4 cam - dec - centrala,"Mehala, Timisoara, Timis",99990,1020,4,98
3054,"Apartament decomandat, 4 camere, de vanzare, Mircea cel Batran - V2933","Mircea Cel Batran, Timisoara, Timis",99990,1020,4,98
2974,DOROBANTILOR - 3 cam ETAJ 1 - dec - centrala - clima - BOXA CF,"Modern, Timisoara, Timis",99990,1250,3,80
2702,BUCOVINA - 4 cam - ETAJ 2 - dec - clima,"Circumvalatiunii, Timisoara, Timis",99990,1282,4,78
2024,MIRCEA CEL BATRAN - 3 cam - decomandat - centrala - clima - ETAJ 3,"Mehala, Timisoara, Timis",99990,1428,3,70
824,Apartament 3 Camere | Zona Mircea cel Batran | Etaj 3 - Decomandat,"Mehala, Timisoara, Timis",99990,1538,3,65
825,"Apartament 3 camere de vanzare, Zona Spitalului Judetean - ID V5188","Calea Girocului, Timisoara, Timis",99990,1724,3,58
1790,APARTAMENT MIRCEA CEL BĂTRÂN 4 CAMERE,"Strada Martir Spiru Blanaru, Mircea Cel Batran, Timisoara, Timis",100000,1020,4,98
2147,"Model Mare, Decomandat, Amenajat, Luminos. Mircea cel Batran.","Circumvalatiunii, Timisoara, Timis",100000,1020,4,98
1525,"Apartament 4 camere, 96 mp, semidecomandat, zona Dorobantilor","Aleea Padurea Verde, Padurea Verde, Timisoara, Timis",100000,1042,4,96
2895,"Apartament cu 3 camere, la parter, in stare buna, Zona Sagului","Steaua, Timisoara, Timis",100000,1042,3,96
950,Apartament decomandat cu 3 camere | Zona Bucovina,"Strada Bucovinei, Torontalului, Timisoara, Timis",100000,1136,3,88
2597,"Bucovina, 3 camere, Decomandat","Strada Ioan Plavosin, Bucovina, Timisoara, Timis",100000,1136,3,88
2602,"Apartament 3 camere Bucovina -Parter , Centrala proprie, 88 mp","Strada Bucovinei, Torontalului, Timisoara, Timis",100000,1136,3,88
1692,Soarelui- 4 cam- dec- centrala p- spatios!,"Ciarda Rosie, Timisoara, Timis",100000,1163,4,86
2555,Apartament cu Centrala Complex Studentesc Olimpia,"Aleea F. C. Ripensia, Stadion, Timisoara, Timis",100000,1176,4,85
2074,Soarelui. Langa Parcul Lidia. 4 camere. Model decomandat. 2 bai.,"Zona Soarelui, Timisoara, Timis",100000,1190,4,84
2143,Priveliste deosebita. Complex Studentesc. Centrala proprie.,"Campus Universitar, Timisoara, Timis",100000,1190,4,84
2579,"Apartament 4 camere, zona Aradului","Araduluri Est, Timisoara, Timis",100000,1190,4,84
1779,"4 camere, etaj 1, decomandat, centrala termica, Sagului!","Strada Frunzei, Calea Sagului, Timisoara, Timis",100000,1250,4,80
2741,"Apartament cu 4 camere, etajul 2, zona Bucovina","Circumvalatiunii, Timisoara, Timis",100000,1250,4,80
2156,"Bucovina. Aproape de parc, zona linistita, decomandat, model spatios.","Aradului West, Timisoara, Timis",100000,1282,4,78
293,"Apartament cu 4 camere, etaj intermediar, situat in zona Sagului","Steaua, Timisoara, Timis",100000,1316,4,76
2146,"Complexul Studentesc, apartament in bloc izolat, cu acoperis. Centrala","Campus Universitar, Timisoara, Timis",100000,1333,3,75
2408,Tip Penthouse in Dumbravita vecinatatea Calea Aradului,"Cetate, Timisoara, Timis",100000,1333,3,75
2606,"Modern, 3 camere, Decomandat","Bulevardul Simion Barnutiu, Telegrafului, Timisoara, Timis",100000,1333,3,75
768,"Apartament cu 2 camere, parter, zona Centrala","Strada Regimentul 13 Calarasi, Cetate, Timisoara, Timis",100000,1351,2,74
234,"Apartament 3 camere, 70 mp, Mehala","Strada Vrancea, Mehala, Timisoara, Timis",100000,1429,3,70
1298,Mircea cel Batran- 3 cam- dec-et 3- centrala proprie!,"Mehala, Timisoara, Timis",100000,1429,3,70
1633,"Mircea cel Batran, 3 camere, Decomandat","Strada Mircea cel Batran, Mircea Cel Batran, Timisoara, Timis",100000,1429,3,70
1134,Apartament 3 camere \/ Aradului \/ Garaj inclus in pret,"Strada Rasaritului, Araduluri Est, Timisoara, Timis",100000,1493,3,67
641,Apartament Deosebit cu 3 Camere | De Vanzare | Zona Lipovei,"Strada Martir Gabriela Tako, Lipovei / Calea Sever Bocu, Timisoara, Timis",100000,1538,3,65
1942,Etaj intermediar. Centrala proprie. 2 bai. Mircea cel Batran.,"Mircea Cel Batran, Timisoara, Timis",100000,1538,3,65
2068,"Dambovita, centrala termica proprie, 2 bai, parcari in zona.","Calea Sagului, Timisoara, Timis",100000,1538,3,65
2719,Apartament cu 3 camere si terasa spatioasa situat in zona Garii,"Iosefin, Timisoara, Timis",100000,1538,3,65
1293,"Apartament cu 3 camere, etaj intermediar, zona Circumvalatiunii","Circumvalatiunii, Timisoara, Timis",100000,1818,3,55
100,Apartament 2 camere TAKE IONESCU,"Cetate, Timisoara, Timis",100000,1887,2,53
2743,"Apartament cu 2 camere, bloc nou, zona Aradului","Araduluri Est, Timisoara, Timis",100000,1887,2,53
351,"Piata Victoriei, 2 camere, Renovat","Piata Victoriei, Cetate, Timisoara, Timis",100000,2500,2,40
3061,4 camere decomandat centrala Aradului,"Strada Emanoil Ungureanu, Cetate, Timisoara, Timis",100500,1129,4,89
1604,DEZVOLTATOR | 3 CAMERE | PISCINA | GRADINA PROPRIE | CARTIER MAGHERU,"Strada General Magheru, Campului, Timisoara, Timis",100680,1368,3,73.6
2064,"Dambovita. Etajul 1, bloc izolat termic, centrala proprie.","Calea Sagului, Timisoara, Timis",101000,1202,4,84
1782,Aproape de Complexul Studentesc. Renovat complet. Etaj 3.,"Fabric, Timisoara, Timis",101000,1485,3,68
216,Apartament 3 camere decomandat,"Cetate, Timisoara, Timis",101000,1603,3,63
1654,Grand Park Tower Timisoara | 2 camere | TORONTALULUI,"Calea Torontalului, Torontalului, Timisoara, Timis",101600,1836,2,55.35
2995,SAGULUI - 4 cam - decomandat - centrala - PARTER INALT - BLOC IZOLAT,"Steaua, Timisoara, Timis",101900,1171,4,87
2279,CALEA URSENI - 3 cam ETAJ 2 - dec - incalzire pardoseala - 2 bai - loc,"Ciarda Rosie, Timisoara, Timis",102000,1500,3,68
375,"Apartament de 3 camere, cochet, 55mp, parcare, zona Dumbravita","Strada Constructorilor, Araduluri Est, Timisoara, Timis",102000,1855,3,55
744,Apartament 2 camere Zona Soarelui,"Calea Buziasului, Timisoara, Timis",102000,1855,2,55
2654,SOL RESIDENCE | Apartament cu 2 camere | TIP AS7,"Cetate, Timisoara, Timis",102569,1750,2,58.61
1698,Buziasului - 3 Camere - Etaj 1 - Decomandat - Parcare inclusa,"Cetate, Timisoara, Timis",102900,1391,3,74
1577,"Apartament de 3 camere, decomandat, 72 mp, zona Modern","Strada Uzinei, Crisan, Timisoara, Timis",102999,1431,3,72
573,Apartament 3 camere complet mobilate si utilate | Calea Sagului,"Elisabetin, Timisoara, Timis",103000,1108,3,93
588,"Apartament cu 3 camere, etaj intermediar, zona Sagului","Steaua, Timisoara, Timis",103000,1373,3,75
678,Vând Apartament 3 camere,"Cetate, Timisoara, Timis",103000,1471,3,70
2623,"Apartament de 3 camere, 65mp, decomandat, cochet, Spitalul Judetean","Bulevardul Dr. Iosif Bulbuca, Stadion, Timisoara, Timis",103000,1585,3,65
2484,"Apartamente 2 camere+terasa 36 mp , zona Torontalului.","Strada Arthur Rubenstein, Torontalului, Timisoara, Timis",103000,1746,2,59
2770,Dezvoltator: Apartamente noi în zona blvd. Cetății !,"Mircea Cel Batran, Timisoara, Timis",103000,1749,2,58.9
482,"LX023 Penthouse, Terasa de 50 MP, Finiaje Moderne","Ciarda Rosie, Timisoara, Timis",103000,2146,2,48
197,"SX212 Timisoara-Torontalului, Loc parcare, Finisate la cheie","Timisoara, Timis",103305,1502,3,68.76
92,"Apartament decomandat de 3 camere, 69mp, zona Torontalului","Calea Torontalului, Aradului West, Timisoara, Timis",103500,1500,3,69
962,Apartamente superbe cu 3 camere | Torontatului,"Torontalului, Timisoara, Timis",103500,1500,3,69
2639,SOL RESIDENCE | Apartament cu 2 camere | TIP AS 1,"Cetate, Timisoara, Timis",103780,1750,2,59.3
2640,SOL RESIDENCE | Apartament cu 2 camere | TIP AS1,"Cetate, Timisoara, Timis",103780,1750,2,59.3
2651,SOL RESIDENCE | Apartament cu 2 camere | TIP AS6,"Cetate, Timisoara, Timis",103780,1750,2,59.3
2637,SOL RESIDENCE | Apartament cu 2 camere | TIP AS1,"Cetate, Timisoara, Timis",103805,1750,2,59.32
213,"Apartament cu 3 camere si 2 bai, decomandat, etaj intermediar, zona Bu","Circumvalatiunii, Timisoara, Timis",104000,1300,2,80
1672,BUCOVINA - 3 cam - decomandat - centrala - clima - rulouri - 2 bai - d,"Circumvalatiunii, Timisoara, Timis",104000,1300,3,80
2439,"Apartament cu 3 camere, la parter, curte individuala, in zona Iosefin","Iosefin, Timisoara, Timis",104000,1300,3,80
1734,Ap. 2 camere mobilat si utilat | Complexul Studentesc | Sala Olimpia,"Campus Universitar, Timisoara, Timis",104000,1857,2,56
3169,"Apartament 2 camere, complet renovat, Complexul Studentesc","Campus Universitar, Timisoara, Timis",104000,1857,2,56
615,Comision 0! Zona Take Ionescu. Mobilat si utilat. Pretabil investitie.,"Cetate, Timisoara, Timis",104000,1891,2,55
413,vand apartament 2 camere langa Sala Olimpia,"Cetate, Timisoara, Timis",104000,1926,2,54
893,Apartament cu 2 camere si parcare subterana | Campeador,"Torontalului, Timisoara, Timis",104000,2419,2,43
2652,SOL RESIDENCE | Apartament cu 2 camere | TIP AS6,"Cetate, Timisoara, Timis",104329,1750,2,59.62
1603,DEZVOLTATOR | 3 CAMERE | PISCINA | PARC | CARTIER MAGHERU | TIMISOARA,"Strada General Magheru, Campului, Timisoara, Timis",104436,1271,3,82.19
1615,"Apartament 3 camere, 70 mp utili, etaj intermediar, zona Aradului","Strada Constantin Diamandi, Araduluri Est, Timisoara, Timis",104699,1496,3,70
1299,"Apartament 3 camere, 72 mp, zona Baba-Dochia","Fabric, Timisoara, Timis",104800,1622,3,64.6
123,Apart. 3 camere decomandat renovat nou/centrala termica Matei Basarab!,"Bucovina, Timisoara, Timis",104900,1362,3,77
2416,Complex - 3 camere - decomandat - centrala proprie,"Campus Universitar, Timisoara, Timis",104980,1346,3,78
2519,"Apartament cu 3 camere, Zona Complex Studentesc","Campus Universitar, Timisoara, Timis",104980,1346,3,78
2020,Apartament 4 camere LUX,"Cetate, Timisoara, Timis",104990,1312,4,80
424,"Apartament 3 camere cu garaj, zona Dambovita - ID V5237","Calea Sagului, Timisoara, Timis",104990,1500,3,70
2902,"Apartament 4 camere, decomandat, etaj intermediar, zona Fabric","Fabric, Timisoara, Timis",105000,1167,4,90
2628,"Locuinta pe 2 niveluri, 76 mp, Giroc","Calea Urseni, Ciarda Rosie, Timisoara, Timis",105000,1382,3,76
2253,Apartament 3 camereunitatea militara,"Circumvalatiunii, Timisoara, Timis",105000,1400,3,75
4,Apartament 3 camere- decomandat- etaj 1-Andrei Saguna- Dorobantilor,"Cetate, Timisoara, Timis",105000,1479,3,71
164,Apartament 3 camera cu garaj,"Cetate, Timisoara, Timis",105000,1500,3,70
192,"Girocului, 3 camere, Renovat","Strada Drubeta, Plavat, Timisoara, Timis",105000,1500,3,70
212,Apartament de vânzare,"Cetate, Timisoara, Timis",105000,1500,3,70
738,Dâmbovița 3 camere si garaj sub bloc 105000 euro,"Campus Universitar, Timisoara, Timis",105000,1500,3,70
3190,"3 camere, 2 bai, 2 balcoane, boxa, centrala termica, Complexul Studete","Campus Universitar, Timisoara, Timis",105000,1500,3,70
478,Bloc tip asociatie. La 5 minute de Centru. Mihai Viteazul. Renovat.,"Campus Universitar, Timisoara, Timis",105000,1567,3,67
1940,"Etajul 1, langa Parcul Bucovina, decomandat, centrala PROPRIE.","Aradului West, Timisoara, Timis",105000,1567,3,67
3228,"3 cam amenajat CENTRALA, parter pretabil SAD Lidia\/Martirilor","Strada Maresal Constantin Prezan, Zona Timisoara Sud, Timisoara, Timis",105000,1641,3,64
1209,Tipografilor. 3 camere. Etaj 2. Centrala proprie.,"Cetate, Timisoara, Timis",105000,1667,3,63
239,"Apartament 2 camere, decomandat, 55mp utili, zona Aradului","Strada Ion Barbu, Araduluri Est, Timisoara, Timis",105000,1909,2,55
288,Apartament cu 2 camere la cheie si 2 locuri de parcare in zona Toronta,"Bucovina, Timisoara, Timis",105000,1927,2,54.5
858,"Apartament cu 2 camere, open space, Torontalului","Circumvalatiunii, Timisoara, Timis",105000,1944,2,54
415,Apartament spatios cu 4 camere | 102mp | Zona Modern,"Bulevardul Barnutiu Simion, Telegrafului, Timisoara, Timis",105500,1034,4,102
3068,Comision 0%! Apartamente in bloc nou zona Ciarda Rosie,"Ciarda Rosie, Timisoara, Timis",105760,1450,3,72.94
1502,"Apartament de 4 camere, 83 mp, zona Sagului","Calea Sagului, Calea Sagului, Timisoara, Timis",106000,1277,4,83
466,Apartament decomandat in zona Steaua,"Steaua, Timisoara, Timis",106000,1413,3,75
3219,Apartament duplex 75 mp utili - Mosnita Noua (2-3 dormitoare ),"Cetate, Timisoara, Timis",106000,1413,3,75
2331,"Apartament de 3 camere, 74 mp, zona Girocului.","Strada Maresal Alexandru Averescu, Plavat, Timisoara, Timis",106000,1432,3,74
706,Central-Universitate. Etajul 1. Cu garaj.,"Elisabetin, Timisoara, Timis",106000,1767,3,60
237,"Apartament de 3 camere, 68 mp utili, zona Braytim","Strada Alexandru Rogojan, Zona Timisoara Sud, Timisoara, Timis",106100,1560,3,68
2438,"Apartament cu 4 camere, etajul 1, Dacia","Araduluri Est, Timisoara, Timis",106500,1566,4,68
3055,Dacia- ETAJ 1- 4 camere- centrala proprie,"Araduluri Est, Timisoara, Timis",106900,1527,4,70
909,DEZVOLTATOR | 3 CAMERE | GRADINA PROPRIE | PISCINA | CARTIER MAGHERU,"Strada General Magheru, Campului, Timisoara, Timis",106920,1364,3,78.4
2927,DACIA - 4 cam ET 1 - centrala - clima - mobilat - BOXA,"Araduluri Est, Timisoara, Timis",106990,1528,4,70
68,"Proprietar vând apartament 3 camere cu garaj, zona Mircea cel Batrân","Strada Martir Spiru Blanaru, Mircea Cel Batran, Timisoara, Timis",107000,1372,3,78
766,"APARTAMENT 3 CAMERE PLUS GARAJ, ZONA MIRCEA CEL BATRAN","Strada Martir Spiru Blanaru, Mircea Cel Batran, Timisoara, Timis",107000,1372,3,78
1657,"Mircea cel batran, 3 camere, 2 bai, Decomandat","Strada Macilor, Mehala, Timisoara, Timis",107000,1372,3,78
2145,Complex Studentesc. Decomandat. Centrala proprie.,"Campus Universitar, Timisoara, Timis",107000,1372,3,78
1212,"SX164 Dacia, Centrala proprie, Boxa","Bucovina, Timisoara, Timis",107000,1529,4,70
1329,"Dacia, 4 camere, Renovat","Strada Burebista, Circumvalatiunii, Timisoara, Timis",107000,1529,4,70
3225,De vânzare si 3 camere,"Campus Universitar, Timisoara, Timis",107000,1529,3,70
1762,"Apartament 4 camere, zona Dacia","Circumvalatiunii, Timisoara, Timis",107000,1646,4,65
2165,Aproape de Punctele Cardinale. Model mare. Centrala proprie.,"Cetate, Timisoara, Timis",107000,1783,2,60
1737,"Apartament modern, 2 camere, 56mp, Complex","Strada Diana, Stadion, Timisoara, Timis",107000,1911,2,56
917,Semicentral- 2 cam- et 1- centrala proprie- decomandat,"Cetate, Timisoara, Timis",107000,2140,2,50
1003,"AX422 Elisabetin, renovat complet, etaj intermediar","Elisabetin, Timisoara, Timis",107000,2140,2,50
1965,"Apartament tip Penthouse cu 2 camere, NOU de vanzare, in Timisoara","Cetate, Timisoara, Timis",107270,854,2,125.56
2798,"Apartamente 3 camere+loc de parcare, zona Torontalului! Comision 0%!","Strada Arthur Rubenstein, Torontalului, Timisoara, Timis",107500,1581,3,68
3235,"Imopark Residence, apartamente 3 camere+terasa, comision 0%.","Strada Arthur Rubenstein, Torontalului, Timisoara, Timis",107500,1581,3,68
189,"Apartament de 3 camere, 67.3 mp utili, cochet, Torontalului","Strada Pelbartus, Aradului West, Timisoara, Timis",107500,1597,3,67.3
849,Apartament 3 camere complex nou Torontalului,"Aradului West, Timisoara, Timis",107500,1604,3,67
2485,"Apartamente 3 camere+loc de parcare, zona Torontalului! Comision 0%!","Strada Arthur Rubenstein, Torontalului, Timisoara, Timis",107500,1604,3,67
2716,"3 camere, loc de parcare inclus, suprafete utile intre 67,3 si 71,25 m","Circumvalatiunii, Timisoara, Timis",107500,1604,3,67
173,"Apartament cu 2 camere + Gradina, 53 mp, Dumbravita","Strada Tristan Tzara, Timisoara, Timis",107900,2036,2,53
3090,COMISION 0% - Apartament 4 camere - Garaj + Boxa - zona Modern - ID V4,"Fabric, Timisoara, Timis",107990,1109,4,97.4
231,Apartament 4 camere STEAUA 90 mp,"Strada Arhitect Victor Vlad, Steaua, Timisoara, Timis",108000,1200,4,90
1753,"Apartament cu 4 camere,decomandat,situat la etajul 1 in zona Steaua","Steaua, Timisoara, Timis",108000,1200,4,90
2422,FABRIC - 4 cam - dec - centrala - 10 min de CENTRUL ORASULUI,"Fabric, Timisoara, Timis",108000,1200,4,90
1895,Apartamente la bloc nou Soarelui,"Ciarda Rosie, Timisoara, Timis",108000,1714,3,63
41,Ap. 2 cam. complet mobilat si utilat+terasa 32mp | Braytim | Timisoara,"Cetate, Timisoara, Timis",108000,2077,2,52
43,"AX475 Braytim-Muzicescu, mobilat-utilat, terasa generoasa","Zona Timisoara Sud, Timisoara, Timis",108000,2077,2,52
136,Apartament zona Braytim,"Cetate, Timisoara, Timis",108000,2077,2,52
1218,Apartament Deosebit cu 2 Camere | De Vanzare | Zona Aradului,"Strada Armoniei, Araduluri Est, Timisoara, Timis",108000,2077,2,52
2552,"Apartamente cu 3 camere, loc de parcare inclus","Steaua, Timisoara, Timis",108500,1428,3,76
1784,"AX369 Aradului, bloc nou, mobilat-utilat","Araduluri Est, Timisoara, Timis",108500,2047,2,53
2373,"Aradului, 2 camere, BLOC NOU, zona linistita","Araduluri Est, Timisoara, Timis",108500,2047,2,53
1330,"Apartament 2 camere, zona Aradului","Araduluri Est, Timisoara, Timis",108500,2087,2,52
2607,"Apartament cu 4 camere in zona Lipovei, etaj 2, decomandat, garaj incl","Lipovei / Calea Sever Bocu, Timisoara, Timis",109000,1329,4,82
2465,Fabric 3 Camere | 78mp Utili Etaj 3 | Bloc Complet Renovat | Boxa Incl,"Strada Andrei Saguna, Fabric, Timisoara, Timis",109000,1397,3,78
3168,"Apartament 3 camere, semidecomandat, Complexul Studentesc","Campus Universitar, Timisoara, Timis",109000,1535,3,71
3173,Apartament 3 decomandate parter/4 Lapus,"Stadion, Timisoara, Timis",109000,1557,3,70
1608,"Apartament de 3 camere, cu o suprafata de 65 mp, zona Dacia","Strada Ulmului, Circumvalatiunii, Timisoara, Timis",109000,1677,3,65
2362,Lipovei-4 cam- dec- centrala proprie!,"Araduluri Est, Timisoara, Timis",109500,1369,4,80
2299,"Apartament cu 4 camere, in Dacia, 70 mp","Strada Burebista, Circumvalatiunii, Timisoara, Timis",109500,1564,4,70
1441,"Apartament 3 camere, 66 mp , Bucovina","Strada Antenei, Antene, Timisoara, Timis",109500,1659,3,66
975,Apartament spatios cu 3 camere | Aradului,"Strada Carei, Aradului West, Timisoara, Timis",109850,1664,3,66
1944,Apartament 4 camere decomandat centrala termica Et 2 /garaj / Lipovei!,"Lipovei / Calea Sever Bocu, Timisoara, Timis",109900,1278,4,86
2938,"Apartament 3 camere, 80mp, zona Traian","Fabric, Timisoara, Timis",109900,1374,3,80
1647,"Girocului, 4 camere, Renovat","Strada Dr. Ioan Muresan, Calea Girocului, Timisoara, Timis",109900,1526,4,72
976,Apartament superb cu 4 camere | Girocului,"Intrarea Visinului, Calea Girocului, Timisoara, Timis",109900,1570,4,70
1727,SAGULUI - 3 cam - centrala proprie - ETAJ 2 - BLOC IZOLAT - 2 bai - 1,"Steaua, Timisoara, Timis",109900,1570,3,70
2283,"Apartamente 3 camere zona Torontalului, comision 0%","Strada Arthur Rubenstein, Torontalului, Timisoara, Timis",109900,1570,3,70
227,"Apartament cu 3 camere, 69 mp, semidecomandat, Complexul Studentesc","Strada Nicolint, Fabric, Timisoara, Timis",109900,1593,3,69
814,Apartament 2 Camere - Complet Mobilat și Utilat - 0% Comision,"Strada Armoniei, Araduluri Est, Timisoara, Timis",109900,1665,2,66
3134,Apartament cu o camera Nord One mobilat utilat vedere spre Parcul Bota,"Circumvalatiunii, Timisoara, Timis",109900,2892,1,38
885,CM455 Apartament 3 camere | Girocului,"Calea Girocului, Timisoara, Timis",109990,1528,3,72
1748,"AX370 Girocului, renovat complet, etaj intermediar","Elisabetin, Timisoara, Timis",109990,1528,4,72
1851,Apartament 3 camere renovat complet | Calea Girocului,"Calea Girocului, Timisoara, Timis",109990,1528,3,72
1426,"Apartament cu 3 camere mobilat, zona Dambovita COMISION 0% - ID V5024","Dambovita, Timisoara, Timis",109990,1571,3,70
996,"Apartament zona torontalului, 96 mp","Strada Constantin Stere, Bucovina, Timisoara, Timis",110000,1000,4,110
775,Apartament Timisoara,"Cetate, Timisoara, Timis",110000,1100,2,100
1428,Apartament decomandat spatios langa Complexul Studentesc,"Lunei, Timisoara, Timis",110000,1170,3,94
105,"apartament 4 camere decomandat, parter, 90mp, Shopping City,","Aleea Boboc Nicolae, Steaua, Timisoara, Timis",110000,1222,4,90
666,Apartament de Vanzare - 5 camere - zona Sagului/Dambovita (proprietar),"Cetate, Timisoara, Timis",110000,1222,2,90
1542,"Apartament 3 camere, in cladire deosebita, zona Iosefin","Odobescu, Timisoara, Timis",110000,1222,3,90
229,"Apartament cu 3 camere, 80 mp, parter, Iosefin","Splaiul Nicolae Titulescu, Iosefin, Timisoara, Timis",110000,1375,3,80
875,"Apartament cu 3 camere in cladire istorica, zona Traian","Fabric, Timisoara, Timis",110000,1375,3,80
1052,"Girocului, 3 camere, Renovat","Strada Martir Ioan Stanciu, Calea Girocului, Timisoara, Timis",110000,1375,3,80
1417,"Apartament de 4 camere, 80 mp utili, parter inalt, in zona...","Strada Dej, Aradului West, Timisoara, Timis",110000,1375,4,80
1602,Apartament 2 Camere | Superb | Cladire Istorica | Zona Traian | 79mp,"Fabric, Timisoara, Timis",110000,1392,2,79
208,Se vinde apartament,"Cetate, Timisoara, Timis",110000,1410,3,78
2025,Apartament Spatios cu 3 Camere | De Vanzare | Zona Telegrafului,"Strada Telegrafului, Telegrafului, Timisoara, Timis",110000,1429,3,77
2272,Apartament renovat,"Steaua, Timisoara, Timis",110000,1429,3,77
175,Apartament cu 2 camere de 76mp in Complexul Studentesc,"Bulevardul Eroilor de La Tisa, Fabric, Timisoara, Timis",110000,1447,2,76
1557,"Apartament de 2 camere, 76 mp, boxa, zona Garii","Bulevardul General Ion Dragalina, Iosefin, Timisoara, Timis",110000,1447,2,76
695,Vand apartament 3 camere,"Cetate, Timisoara, Timis",110000,1467,3,75
2350,"Apartament complet renovat cu 3 camere, decomandat, mobilat si utilat,","Iosefin, Timisoara, Timis",110000,1467,3,75
1810,"Apartament 3 camere cu centrala proprie,la parter in zona Centrala.","Cetate, Timisoara, Timis",110000,1528,3,72
2900,"Apartament 3 camere, semidecomandat, Complexul Studentesc","Campus Universitar, Timisoara, Timis",110000,1528,3,72
295,"Apartament cu 4 camere si 2 bai, centrala proprie, zona Lipovei","Lipovei / Calea Sever Bocu, Timisoara, Timis",110000,1571,4,70
328,"Lipovei- 4 camere, decomandat, LOC DE PARCARE, MOBILAT si UTILAT","Cetate, Timisoara, Timis",110000,1571,4,70
356,PROPRIETAR - Vand apartament 4 camere,"Cetate, Timisoara, Timis",110000,1571,4,70
616,Apartament 3camere/ Zona Fabric Fabrica de bere / Apartament renovat,"Strada Stefan cel Mare, Fabric, Timisoara, Timis",110000,1571,3,70
1398,"Apartament cu 3 camere, 2 bai, 2 locuri de parcare Calea Aradului","Calea Aradului, Araduluri Est, Timisoara, Timis",110000,1571,3,70
1754,Vând apartament cu 3 camere în Timișoara,"Calea Sagului, Timisoara, Timis",110000,1571,3,70
2260,Dambovita- 3 cam- mobilat- renovat!,"Iosefin, Timisoara, Timis",110000,1571,3,70
1853,"Ap. 2 cam, parcare subterana, bloc nou | Fabric | Complexul Studentesc","Campus Universitar, Timisoara, Timis",110000,1594,2,69
1315,"Bucovina, 3 camere, Decomandat","Strada Matei Basarab, Bucovina, Timisoara, Timis",110000,1618,3,68
3137,Torontalului-3 cam- et 3- mobilat!,"Circumvalatiunii, Timisoara, Timis",110000,1618,3,68
795,Vand Apartament Lipovei,"Cetate, Timisoara, Timis",110000,1692,3,65
1467,"Apartament 3 camere, 65mp, boxa, Calea Sagului","Strada Mures, Calea Sagului, Timisoara, Timis",110000,1692,3,65
2837,"Apartament 2 camere, decomandat, Medicina - Punctele Cardinale","Araduluri Est, Timisoara, Timis",110000,1719,2,64
2234,"Apartament deosebit, complet mobilat, in Piata Maria.","Cetate, Timisoara, Timis",110000,1774,2,62
1478,"Apartament 3 camere, 60 mp, Take Ionescu","Aleea Teodor Mihaly, Tipografilor, Timisoara, Timis",110000,1833,3,60
3178,"Apartament 2 camere, decomandat, Piata Unirii","Cetate, Timisoara, Timis",110000,1833,2,60
96,Ap. 2 camere+dressing+loc parcare subteran | Timisoara | XCity Towers,"Bucovina, Timisoara, Timis",110000,2037,2,54
344,Apartament 2 camere X - CityTower 2,"Cetate, Timisoara, Timis",110000,2037,2,54
1401,"Oportunitate! Penthouse cu 2 camere, terasa de 40mp, 2 locuri de...","Strada Grigore Alexandrescu, Aradului West, Timisoara, Timis",110000,2037,2,54
114,"Apartament cu 2 camere, open space, zona Tipografilor","Cetate, Timisoara, Timis",110071,2117,2,52
1972,"Dezvoltator vand apartament cu 3 camere, Imobil Nou in Timisoara","Cetate, Timisoara, Timis",110282,1470,3,75
2759,"Stefan cel Mare, 4 camere, Decomandat","Strada Stefan cel Mare, Fabric, Timisoara, Timis",111000,1110,4,100
1393,"Apartament 4 camere, semidecomandat, SAGULUI, 88mp","Strada Bujorilor, Fratelia, Timisoara, Timis",111000,1261,4,88
1829,"Mehala, 3 camere, BLOC NOU, CENTRALA PRORPIE","Mehala, Timisoara, Timis",111000,1820,3,61
118,"Apartament cu 2 camere, open space, zona Tipografilor","Cetate, Timisoara, Timis",111044,2177,2,51
1954,"Apartament de 2 camere, 61mp, terasa de 17 mp,Torontalului, rate...","Strada Carei, Aradului West, Timisoara, Timis",111200,1794,2,62
2517,"3 camere, loc de parcare si tva inclus, Torontalului","Circumvalatiunii, Timisoara, Timis",111450,1527,3,73
3006,Zona Braytim - 3 Camere - 2 Bai - Bloc Nou,"Cetate, Timisoara, Timis",111700,1432,3,78
547,Torontalului-3 Camere-Etaj1,"Aradului West, Timisoara, Timis",111900,1453,3,77
2367,ARADULUI - 3 cam - dec - centrala - 2 bai - GARAJ CF,"Araduluri Est, Timisoara, Timis",111999,1723,3,65
2427,Residence apartamente 88mp utili cu loc parcare privată,"Calea Sagului, Timisoara, Timis",112000,1273,3,88
1422,"Apartament de 3 camere, 78 mp, zona Braytim","Strada Claude Debussy, Zona Timisoara Sud, Timisoara, Timis",112000,1436,3,78
1777,"Torontal, 3 camere, Renovat","Calea Torontalului, Torontalului, Timisoara, Timis",112000,1514,3,74
244,"Apartament 3 camere, zona Torontalului 70 mp","Strada Orsova, Aradului West, Timisoara, Timis",112000,1600,3,70
687,Proprietar Vând urgent apartament 3 camere,"Cetate, Timisoara, Timis",112000,1600,3,70
446,"Apartament cu 3 camere, 68 mp, etaj intermediar, Calea Urseni","Strada Anton Golopentia, Ciarda Rosie, Timisoara, Timis",112000,1647,3,68
2257,Aradului- 3 cam- et 3- Garaj,"Araduluri Est, Timisoara, Timis",112000,1723,3,65
1705,"AX375 Circumvalatiunii, mobilat-utilat complet,lift","Circumvalatiunii, Timisoara, Timis",112000,1806,3,62
117,"apartament 2 camere, open space, zona Tipografilor","Cetate, Timisoara, Timis",112081,2155,2,52
2668,Braytim-3 camere-decomandat-centrala proprie,"Cetate, Timisoara, Timis",112500,1442,3,78
2092,SAGULUI - 3 cam - centrala proiprie - decomandat - clima - 2 bai - ETA,"Steaua, Timisoara, Timis",112500,1607,3,70
826,Apartament 3 Camere | Decomandat | Zona Tipografilor - Iulius Mall,"Cetate, Timisoara, Timis",112500,1679,3,67
2126,Circumvalatiunii- 3 cam- mobilat complet- centrala proprie,"Circumvalatiunii, Timisoara, Timis",112500,1679,3,67
1007,"Apartament 3 camere, decomandat situat in zona Centrala.","Cetate, Timisoara, Timis",112500,1786,3,63
1066,Ap.3 camere complet mobilat si utilat |zona TIPOGRAFILOR| Iullius Mall,"Tipografilor, Timisoara, Timis",112500,1815,3,62
9,"3 camere, suprafete cuprinse intre 61,5 si 85 utili, bucatarie inchisa","Mehala, Timisoara, Timis",112600,1816,3,62
2867,CIRCUMVALATIUNII - 3 cam - centrala - clima - LIFT,"Circumvalatiunii, Timisoara, Timis",112900,1526,3,74
2749,Iosefin Cladire Istorica | 3 Camere | Etaj 1 | 90mp Utili,"Bulevardul 16 Decembrie 1989, Iosefin, Timisoara, Timis",113000,1314,3,86
3148,Fabric 3 Camere | 78mp Utili Etaj 3 | Bloc Complet Renovat,"Strada Andrei Saguna, Fabric, Timisoara, Timis",113200,1451,3,78
2817,"Apartamente cu 3 camere, complex nou, zona Plopi","Calea Buziasului, Timisoara, Timis",113800,1497,3,76
524,"Apartament cu 5 camere, decomandat, cu 2 bai si 2 balcoane situat in z","Iosefin, Timisoara, Timis",114000,1140,5,100
843,"AX432 Dechatlon-Dumbravita, mobilat, 2 locuri de parcare","Timisoara, Timis",114000,1676,2,68
564,"Apartament cu 2 camere, Piata Maria","Cetate, Timisoara, Timis",114500,1487,2,77
2262,"Apartament cu 3 camere, 70 mp, etaj intermediar, Aradului","Calea Aradului, Araduluri Est, Timisoara, Timis",114500,1636,3,70
1763,Apartament spatios zona Aradului,"Aradului West, Timisoara, Timis",114500,1789,3,64
856,"Penthouse cu vedere catre apus, pe Calea Torontalului","Calea Torontalului, Torontalului, Timisoara, Timis",114600,2029,3,56.47
2578,Sinaia- P-ța Al. Mocioni- Apart. 4 Camere - 100 mp utili,"Elisabetin, Timisoara, Timis",114900,1143,4,100.49
2806,GHEORGE LAZAR - 4 cam - ETAJ 1 - dec - centrala - BOXA,"Circumvalatiunii, Timisoara, Timis",114900,1473,4,78
942,Apartament superb cu 3 camere | Zona Medicina,"Cetate, Timisoara, Timis",114900,1641,3,70
1880,SAGULUI - 4 cam RENOVAT - dec - centrala - clima - 2 bai - ETAJ 2 - BL,"Steaua, Timisoara, Timis",114990,1402,4,82
541,Apartament 5 camere | 110 mp | Zona Dambovita,"Dambovita, Timisoara, Timis",114999,1045,5,110
1684,Model mare-104 mp utili. 2 bai. 2 balcoane. Mobilat si utilat. Fabric.,"Lunei, Timisoara, Timis",115000,1106,3,104
276,COMISION 0% Apartament 4 camere spatios calea Aradului colt Linistei,"Strada Linistei, Araduluri Est, Timisoara, Timis",115000,1127,4,102
2125,Aradului. Spatios. Vedere pe 2 parti. Centrala proprie.,"Aradului West, Timisoara, Timis",115000,1211,4,95
1030,"Apartament cu 4 camere, centrala proprie, zona Aradului","Araduluri Est, Timisoara, Timis",115000,1250,4,92
2914,"Apartament spatios cu 4 camere complet mobilat si utilat, situat in zo","Iosefin, Timisoara, Timis",115000,1278,4,90
1391,"Apartament de VANZARE, 87mp, zona Steaua","Strada Bujorilor, Steaua, Timisoara, Timis",115000,1322,4,87
1766,"Langa Scoala Gen. 30, centrala proprie, etaj intermediar. Soarelui.","Zona Soarelui, Timisoara, Timis",115000,1322,4,87
1879,"CS005 Apartament 4 camere, decomandat, Et.2, Calea Sagului","Elisabetin, Timisoara, Timis",115000,1402,4,82
1883,"Sagului, 4 camere, Renovat","Strada Ana Ipatescu, Calea Sagului, Timisoara, Timis",115000,1402,4,82
1890,"Apartament cu 4 camere decomandat in Timisoara, zona Sagului, 82mp","Cetate, Timisoara, Timis",115000,1402,4,82
2492,Fabric 3 Camere | 82mp Utili Etaj 2 | Bloc Complet Renovat | Boxa Prop,"Strada Andrei Saguna, Fabric, Timisoara, Timis",115000,1402,3,82
1228,Apartament spatios cu 4 camere | Zona Gheorghe Lazar,"Aleea Cascadei, Circumvalatiunii, Timisoara, Timis",115000,1438,4,80
1300,"AX393 Dambovita,zona linistita, etaj intermediar","Dambovita, Timisoara, Timis",115000,1474,4,78
2736,"Apartament 3 camere, ultracentral, langa piata Unirii","Intrarea Doinei, Cetate, Timisoara, Timis",115000,1533,3,75
1765,Torontalului- 3 cam- centrala p- et 1- spatios!,"Circumvalatiunii, Timisoara, Timis",115000,1554,3,74
1877,"Apartament 2 camere, confort 1 sporit, in zona Complexului Stundentes","Campus Universitar, Timisoara, Timis",115000,1554,2,74
11,"Apartamente noi cu 3 camere, Aradului","Araduluri Est, Timisoara, Timis",115000,1597,3,72
186,Apartament 3 camere Timisoara,"Cetate, Timisoara, Timis",115000,1597,3,72
188,Vand apartament!,"Calea Girocului, Timisoara, Timis",115000,1643,2,70
681,"Apartament cu 3 camere, etaj intermediar,2 bai, situat in zona Sagului","Steaua, Timisoara, Timis",115000,1643,3,70
823,"Apartament cu 3 camere, 2 bai, Adora Forest","Lipovei / Calea Sever Bocu, Timisoara, Timis",115000,1643,3,70
1068,Medicina. Amenajat frumos. Mobilat si utilat.,"Cetate, Timisoara, Timis",115000,1643,3,70
2246,Medicina- 3 cam- renovat- zona frumoasa!,"Araduluri Est, Timisoara, Timis",115000,1643,3,70
2213,"Modern, 3 camere, Renovat","Strada Telegrafului, Telegrafului, Timisoara, Timis",115000,1691,3,68
2384,"Apartament cu 3 camere,complet mobilat in zona Medicinei","Araduluri Est, Timisoara, Timis",115000,1691,3,68
2487,"Apartament cu 2 camere in zona Torontalului, decomandat","Circumvalatiunii, Timisoara, Timis",115000,1691,2,68
2979,"Torontalului, 2 camere, MODEL DEOSEBIT","Circumvalatiunii, Timisoara, Timis",115000,1691,2,68
147,"Proprietar, vand apartamen","Ghiroda, Timisoara, Timis",115000,1716,3,67
3063,"AX238 Torontalului/Toronto Residence, spation","Aradului West, Timisoara, Timis",115000,1716,2,67
2261,"Oportunitate! Apartament 3 camere,renovat total, zona Medicina","Splaiul Nistrului, Cetate, Timisoara, Timis",115000,1769,3,65
180,Proprietar vând apartament la casa,"Cetate, Timisoara, Timis",115000,1855,2,62
3211,"Soarelui, 2 camere, Bloc nou","Aleea Cristalului, Zona Soarelui, Timisoara, Timis",115000,1885,2,61
3120,"Oportunitate! Apartament 2 camere, gradina, zona Buziasului","Strada Azaleelor, Ciarda Rosie, Timisoara, Timis",115000,1917,2,60
1651,"Apartament 3 camere, etajul 1, zona Complexului Studentesc","Iosefin, Timisoara, Timis",115000,1990,3,57.8
624,"Apartament lux cu 2 camere, mobilat si utilat+ loc de parcare- Zona Ar","Strada Dr. Grigore T. Popa, Araduluri Est, Timisoara, Timis",115000,2091,2,55
988,"AX425 Aradului, mobilat-utilat, loc de parcare","Araduluri Est, Timisoara, Timis",115000,2091,2,55
1809,"Ap2cam complet mobilat+utilat|loc de parcare,bloc nou| Calea Aradului","Araduluri Est, Timisoara, Timis",115000,2091,2,55
2406,Aradului – Apartament 2 Camere,"Calea Aradului, Araduluri Est, Timisoara, Timis",115000,2091,2,55
2589,Aradului 2 Camere | 55mp Utili Etaj 8\/10 | Bloc Nou - Vedere Panoram,"Strada Dr. Grigore T. Popa, Araduluri Est, Timisoara, Timis",115000,2091,2,55
3049,"Aradului, 2 camere, EFICIENT ENERGETIC, LIFT","Araduluri Est, Timisoara, Timis",115000,2091,2,55
450,"Apartament LUX de vanzare, 53mp, zona Aradului","Strada Armoniei, Araduluri Est, Timisoara, Timis",115000,2170,2,53
2816,"Lipovei, 2 camere, BLOC NOU, LUX","Lipovei / Calea Sever Bocu, Timisoara, Timis",115000,2170,2,53
1344,"APARTAMENT 1 CAMERA, BLOC NOU, CALEA ARADULUI","Strada Augustin Coman, Aradului West, Timisoara, Timis",115235,2680,1,43
565,Apartament de Lux Mobilat și Utilat Complet,"Cetate, Timisoara, Timis",115500,1991,2,58
3216,SOL RESIDENCE | Apartament cu 3 camere | TIP AR3,"Cetate, Timisoara, Timis",115632,1700,3,68.02
2656,SOL RESIDENCE | Apartament cu 3 camere | TIP AR1,"Cetate, Timisoara, Timis",115875,1700,3,68.16
2184,Gh. Lazar. Decomandat. Etajul 1. Centrala proprie.,"Circumvalatiunii, Timisoara, Timis",116000,1184,4,98
2365,Lipovei- 4 cam- dec- et 1- centrala p!,"Lipovei / Calea Sever Bocu, Timisoara, Timis",116000,1450,4,80
1902,Ap. 3 camere complet mobilat si utilat | Calea Circumvalatiunii,"Circumvalatiunii, Timisoara, Timis",116000,1813,3,64
2865,"Circumvalatiunii, 3 camere, Renovat","Calea Circumvalatiunii, Circumvalatiunii, Timisoara, Timis",116000,1871,3,62
2659,SOL RESIDENCE | Apartament cu 3 camere | TIP AR1,"Cetate, Timisoara, Timis",116270,1700,3,68.4
2603,"Apartamente noi cu 3 camere, Torontalului","Circumvalatiunii, Timisoara, Timis",116280,1710,3,68
679,Apartament decomandat cu 3 camere in zona Punctele Cardinale,"Cetate, Timisoara, Timis",116500,1494,3,78
278,"Ap.3cam decomandate|s=74mp2|locuri parcare, zona CENTRALA|Take Ionescu","Cetate, Timisoara, Timis",116900,1461,3,80
15,Apartament 3 Camere | Decomandat | 78MP | Take Ionescu,"Tipografilor, Timisoara, Timis",116990,1581,3,74
2256,Apartament 4 camere in Lipovei,"Lipovei / Calea Sever Bocu, Timisoara, Timis",117000,1345,4,87
2371,"Apartament cu 4 camere, 2 bai, 2 balcoane, zona Lipovei","Lipovei / Calea Sever Bocu, Timisoara, Timis",117000,1463,4,80
411,Proprietar vand apartament central,"Cetate, Timisoara, Timis",117000,1500,2,78
645,APARTAMENT 4 CAMERE ZONA ARADULUI,"Strada Dej, Aradului West, Timisoara, Timis",117000,1671,4,70
1183,"Apartament 3 camere, mobilat modern in zona Aradului","Aradului West, Timisoara, Timis",117000,1773,3,66
1144,"SX168, Dumbravita, Mobilat Utilat, Loc Parcare","Araduluri Est, Timisoara, Timis",117000,2089,2,56
1778,SOARELUI - 4 cam spatios - LIFT - decomandat - centrala proprie,"Ciarda Rosie, Timisoara, Timis",117500,1237,4,95
2710,"Soarelui, 4 camere, Decomandat","Aleea Cristalului, Zona Soarelui, Timisoara, Timis",117500,1306,4,90
236,"Apartament 4 camere, 100 mp, Dorobantilor","Strada Matasarilor, Modern, Timisoara, Timis",118000,1180,4,100
2756,"Girocului, 3 camere, Renovat","Strada Vladeasa, Elisabetin, Timisoara, Timis",118000,1532,3,77
1702,Buziasului - 3 Camere - 2 Bai - Terasa 45 mp - Dressing - Panouri sola,"Cetate, Timisoara, Timis",118000,1662,3,71
26,"Apartament cu 3 camere, 2 bai, decomandat, situat in Braytim","Cetate, Timisoara, Timis",118000,1761,3,67
45,Apartament 3 camere complet mobilat si utilat | Braytim | Timisoara,"Cetate, Timisoara, Timis",118000,1761,3,67
102,Apartament de vanzare 3 camere Braytim,"Cetate, Timisoara, Timis",118000,1761,3,67
2358,Apartament 3 camere| 62 mp | Calea Circumvalatiunii,"Circumvalatiunii, Timisoara, Timis",118000,1903,3,62
3141,"Apartament cu 3 camere superb 82 mp, Zona Shopping City","Bulevardul General Ion Dragalina, Iosefin, Timisoara, Timis",118080,1440,3,82
2657,SOL RESIDENCE | Apartament cu 3 camere | TIP AR1,"Cetate, Timisoara, Timis",118082,1700,3,69.46
2658,SOL RESIDENCE | Apartament cu 3 camere | TIP AR1,"Cetate, Timisoara, Timis",118252,1700,3,69.56
2812,"Apartament 4 camere, decomandat, etaj intermediar, zona Steaua","Strada Bujorilor, Fratelia, Timisoara, Timis",118500,1077,4,110
1863,"ap. 3 camere, Baile Neptun, 84 mp, cladire istorica","Piata Romailor, Fabric, Timisoara, Timis",118500,1411,3,84
3175,"Fabric, 3 camere, Renovat","Strada Andrei Saguna, Fabric, Timisoara, Timis",118500,1519,3,78
2778,Dumbravita Kaufland apartament 3 camere cu priveliste catre padure - I,"Lipovei / Calea Sever Bocu, Timisoara, Timis",118990,1700,3,70
1690,"Proprietar-Apartament 4 Camere, Aradului-Piata Verde, 95mp Utili+ Balc","Calea Aradului, Araduluri Est, Timisoara, Timis",119000,1253,4,95
2300,"Oportunitate! Apartament 4 camere, 95 mp priveliste fabuloasa zona...","Strada Uranus, Zona Soarelui, Timisoara, Timis",119000,1253,4,95
3029,DACIA - 4 cam ETAJ 1 - centrala - LIFT,"Araduluri Est, Timisoara, Timis",119000,1253,4,95
698,Apartament 2 camere si loc de parcare in zona Telegrafului,"Telegrafului, Timisoara, Timis",119000,2164,2,55
1180,"Apartament cu 2 camere open space, Take Ionescu","Cetate, Timisoara, Timis",119000,2164,2,55
1907,CENTRAL - 2 cam - ETAJ 2 - dec - centrala - clima - LOC PARCARE IN CUR,"Cetate, Timisoara, Timis",119000,2164,2,55
1179,"Apartament cu 2 camere open space, Take Ionescu","Cetate, Timisoara, Timis",119000,2204,2,54
697,"Apartament 2 camere, loc de parcare, etaj 6 in zona Telegrafului","Telegrafului, Timisoara, Timis",119000,2245,2,53
2488,"Apartament cu 2 camere, parcare subterana inclusa, Torontalului","Circumvalatiunii, Timisoara, Timis",119000,2288,2,52
2926,"Apartament cu 2 camere, in zona Centrala, pretabil atat pentru locuint","Cetate, Timisoara, Timis",119000,2644,2,45
2874,"Apartament 3 camere, bloc renovat complet, zona Fabric","Fabric, Timisoara, Timis",119045,1452,3,82
869,Apartament renovat Facultatea de Mecanica,"Cetate, Timisoara, Timis",119490,3414,2,35
774,"Ap. 3 camere ,loc de parcare in curte si centrala pe gaz-Ultracentral","Cetate, Timisoara, Timis",119500,1532,3,78
1279,"SX153 Sagului (Shopping City), Centrala Proprie","Steaua, Timisoara, Timis",119900,1262,4,95
1976,Freidorf 4 Camere 2 Bai | 91mp Utili - Etajul 1 | Decomandat,"Strada Ion Slavici, Freidorf, Timisoara, Timis",119900,1318,4,91
127,"Apartament 4 camere, Calea Martirilor","Elisabetin, Timisoara, Timis",119900,1480,4,81
1197,"Girocului, spatios, decomandat, la etaj intermediar.","Plavat, Timisoara, Timis",119900,1480,4,81
2231,"Segmentul Lux, Design Italian | Vedere Panoramica & Semineu | 3 camere","Bulevardul Iuliu Maniu, Iosefin, Timisoara, Timis",119900,1649,3,72.71
1414,"Apartament de 3 camere, cochet, 63.9mp utili, zona Mircea Cel Batran.","Strada Martir Petre Domasneanu, Mircea Cel Batran, Timisoara, Timis",119900,1876,3,63.9
367,Apartament 2 camere| 55 mp| parcare subterana+boxa| Take Ionescu,"Cetate, Timisoara, Timis",119900,2180,2,55
2789,"Apartamet 2 camere+parcare subterana+boxa, zona Telegrafului.","Fabric, Timisoara, Timis",119900,2180,2,55
428,Apartament 2 camere| parcare subterana+boxa| Take Ionescu,"Cetate, Timisoara, Timis",119900,2262,2,53
1764,Iosefin in Piata Maria de vanzare apartament cu 3 camere,"Iosefin, Timisoara, Timis",120000,1200,3,100
389,"Apartament decomandat , mobilat si utilat langa Mall","Steaua, Timisoara, Timis",120000,1212,4,99
956,Apartament spatios cu 4 camere | Gheorghe Lazar,"Strada Gheorghe Lazar, Circumvalatiunii, Timisoara, Timis",120000,1224,4,98
2263,"Oportunitate! Apartament 3 camere, 92 mp, zona Balcescu","Bulevardul Mihai Viteazu, Elisabetin, Timisoara, Timis",120000,1304,3,92
3089,"Soarelui, 4 camere, Decomandat","Aleea Cristalului, Zona Soarelui, Timisoara, Timis",120000,1333,4,90
2140,Spatios. Etaj 1. Model cu 2 bai. Centrala proprie. Lipovei.,"Lipovei / Calea Sever Bocu, Timisoara, Timis",120000,1395,4,86
1668,Vând apartament 2 camere badea cartan 120000euro,"Cetate, Timisoara, Timis",120000,1412,2,85
2769,COMISION 0% - Apartamente de lux in cel mai nou bloc din Sagului,"Fratelia, Timisoara, Timis",120000,1434,3,83.66
1819,Vand apartament semidecomandat Badea Cartan,"Cetate, Timisoara, Timis",120000,1446,2,83
1999,Bloc izolat exterior. GARAJ SI BOXA cu CF. Plavat 2.,"Zona Timisoara Sud, Timisoara, Timis",120000,1463,3,82
2228,Apartament Spatios Regele Carol,"Bulevardul Regele Carol I, Iosefin, Timisoara, Timis",120000,1463,2,82
592,Zona Bastion - Medicina - Tribunal et.1,"Cetate, Timisoara, Timis",120000,1500,3,80
2266,"Apartament nou, cu 3 camere, decomandat, situat in zona Calea Sagului","Steaua, Timisoara, Timis",120000,1500,3,80
3170,"Complexul Studentesc, 3 camere, Decomandat","Strada Daliei, Campus Universitar, Timisoara, Timis",120000,1500,3,80
2229,Complex - 4 camere - centrala - zona excelenta- garaj!,"Campus Universitar, Timisoara, Timis",120000,1538,4,78
3223,"Bucovina, 3 camere, Decomandat","Strada Ioan Plavosin, Bucovina, Timisoara, Timis",120000,1579,3,76
865,"Apartament 3 camere, pozitie excelenta, Punctele Cardinale","Bulevardul Take Ionescu, Tipografilor, Timisoara, Timis",120000,1667,3,72
1479,"Apartament de 2 camere, cochet, in cladire istorica, zona Iosefin","Bulevardul Constantin Brancoveanu, Odobescu, Timisoara, Timis",120000,1714,2,70
2742,"Apartament 3 camere, bloc nou, calea Aradului","Araduluri Est, Timisoara, Timis",120000,1791,3,67
2821,"Mehala - Mircea cel Batran - Apartament 3 camere, Etaj 2, 2 balcoane","Strada Martir Petre Domasneanu, Mircea Cel Batran, Timisoara, Timis",120000,1878,3,63.9
249,Ocazie pentru persoane juridice! Apartament 2 camere Girocului,"Strada Maresal Alexandru Averescu, Plavat, Timisoara, Timis",120000,1935,2,62
2832,"ap. 3 camere, cf.1, zona Medicina, mobilat, utilat","Strada Medicinei, Cetate, Timisoara, Timis",120000,1935,3,62
1110,AV110 | Lux Apartament 2 camere | Circumvalatiunii | Iulius Mall,"Circumvalatiunii, Timisoara, Timis",120000,2143,2,56
2368,Ap2cam+terasa si curte 60mp | complet mobilat+utilat | TORONTALULUI,"Bucovina, Timisoara, Timis",120000,2182,2,55
2012,"Apartament cu 2 camere, 53 mp, parter, Ciarda Rosie","Calea Buziasului, Ciarda Rosie, Timisoara, Timis",120000,2264,2,53
2744,Dacia 2 Camere Lux | Etajul 4\/10 | 52mp Utili,"Strada Burebista, Circumvalatiunii, Timisoara, Timis",120000,2308,2,52
1363,"Apartament cu 2 camere, in Piata Unirii","Strada Proclam. de La Timisoara, Cetate, Timisoara, Timis",120000,2667,2,45
2698,"Apartament cu 3 camere in zona Torontalului, bloc nou","Circumvalatiunii, Timisoara, Timis",120800,1858,3,65
899,Apartament cu 3 camere decomandat si complet renovat | Fabric,"Strada Andrei Saguna, Fabric, Timisoara, Timis",121000,1476,3,82
316,Apartament 3 camere Take Ionescu,"Cetate, Timisoara, Timis",121000,1635,3,74
2932,"Apartament cu 2 camere in zona Torontalului, open space cu terasa gene","Circumvalatiunii, Timisoara, Timis",121000,1779,2,68
404,Grand Park Tower Timisoara | 3 camere | TORONTALULUI,"Calea Torontalului, Torontalului, Timisoara, Timis",121100,1807,3,67
1447,"ANSAMBLU NOU, apartament 3 camere, terasa, parcare , zona Nord","Strada Vasile Lochita, Aradului West, Timisoara, Timis",121413,1785,3,68
23,"Gheorghe lazar, 4 camere, Decomandat","Strada Pavel Rotariu, Circumvalatiunii, Timisoara, Timis",122000,1488,4,82
49,Apartament 4 camere Circumvalațiunii-Gheorghe Lazar,"Cetate, Timisoara, Timis",122000,1488,4,82
879,"Apartament 3 camere decomandat, etaj intermediar langa Bastion.","Cetate, Timisoara, Timis",122000,1544,3,79
33,"Sx221 Timisoara-Gheorghe Lazar, Mobilat Utilat","Circumvalatiunii, Timisoara, Timis",122000,1564,4,78
2580,"Apartament cu 3 camere, garaj și boxa","Cetate, Timisoara, Timis",122000,1627,3,75
1100,Grand Park Tower Timisoara | 3 camere | TORONTALULUI,"Calea Torontalului, Torontalului, Timisoara, Timis",122200,1746,3,70
1088,Apartament 2 camere + centrala proprie-Zona Ultracentrala,"Piata Victoriei, Cetate, Timisoara, Timis",122999,2460,2,50
1294,Aradului - Ap. 4 camere - etajul 1 - loc parcare inlcus,"Araduluri Est, Timisoara, Timis",123000,1355,4,90.8
1910,"3 camere, loc de parcare inclus, 84 mp utili","Steaua, Timisoara, Timis",123000,1464,3,84
377,Apartament 4 Camere 2 Bai 80mp+ Garaj | Etaj 3 | Zona Timocului,"Strada Timocului, Fabric, Timisoara, Timis",123000,1538,4,80
2079,Steaua. Decomandat-model spatios. Aproape de Shopping City,"Dambovita, Timisoara, Timis",123000,1640,3,75
1304,"Apartament cu 3 camere, 2 bai, loc de parcare inclus, Torontalului","Circumvalatiunii, Timisoara, Timis",123000,2085,3,59
958,"SX180 Girocului (Eso), Mobilat Utilat, Loc Parcare","Fratelia, Timisoara, Timis",123000,2103,3,58.5
1145,CM408 ULTRACENTRAL | 2 camere,"Cetate, Timisoara, Timis",123000,2365,2,52
1257,"Ap. ULTRACENTRAL, 2 camere complet mobilat si utilat | Piata Victoriei","Cetate, Timisoara, Timis",123000,2365,2,52
7,"3 camere, 88 mp utili, loc de parcare subteran si tva inclus Torontalu","Circumvalatiunii, Timisoara, Timis",124000,1409,3,88
259,"Apartament la casa, 70mp utili, terasa 16mp, boxa 20mp,Balcescu","Strada Coriolan Baran, Elisabetin, Timisoara, Timis",124000,1771,2,70
3146,Dambovita- 4 cam- et 1- spatios- centrala p,"Iosefin, Timisoara, Timis",124500,1383,4,90
2794,"Apartament 3 camere, etaj retras, terasa , zona Torontalului!","Mehala, Timisoara, Timis",124900,1419,3,88
1949,SAGULUI | 3 Camere - 2 Bai - Bloc NOU - Pozitionare excelenta,"Steaua, Timisoara, Timis",124900,1561,3,80
1842,"Apartament cu 2 camere decomandate, centrala proprie, in Piata Unirii.","Cetate, Timisoara, Timis",124900,2776,2,45
256,"Ocazie, aparatament SAD, 64 mp utili, parter, cu terasa, zona Aradului","Strada Dr. Grigore T. Popa, Araduluri Est, Timisoara, Timis",124950,1952,2,64
1918,FREIDORF - 5 cam LUX - dec - centrala -clima - ETAJ 3 - BLOC IZOLAT,"Freidorf, Timisoara, Timis",124990,1250,5,100
3028,SAGULUI - 4 cam ETAJ 1 - dec - centrala - clima - BOXA,"Steaua, Timisoara, Timis",124990,1389,4,90
861,"Apartament 4 camere decomandat 82mp utili, centrala proprie - ID V5182","Calea Girocului, Timisoara, Timis",124990,1524,4,82
2420,SAGULUI - ETAJ 2 - decomandat - 3 camere - 2 bai - clima - incalzire p,"Steaua, Timisoara, Timis",124990,1984,3,63
2208,Apartament de vanzare cu 2 camere- Zona Piata Unirii,"Piata Unirii, Cetate, Timisoara, Timis",124990,2500,2,50
2727,"Apartament cu 3 camere, 2 bai, bloc nou, zona Dambovita","Iosefin, Timisoara, Timis",124999,1984,3,63
1593,Bloc nou. Apartament pe 2 nivele. Mobilat si utilat. Elisabetin.,"Calea Girocului, Timisoara, Timis",125000,1126,3,111
2495,"Apartament cu 3 camere si 2 bai, zona Braytim","Cetate, Timisoara, Timis",125000,1214,3,103
1925,"Freidorf, 5 camere, Renovat","Strada Mircea Hoinic, Freidorf, Timisoara, Timis",125000,1250,5,100
1929,Apartament de vânzare 5 camere Freidorf Liceul Auto,"Cetate, Timisoara, Timis",125000,1250,2,100
2905,"Apartament de 2 camere, 95 mp, mobilat/utilat, in zona Operei","Strada Alba Iulia, Cetate, Timisoara, Timis",125000,1316,2,95
1057,Vând apartament 3 camere Piata Unirii 125000,"Cetate, Timisoara, Timis",125000,1330,3,94
1418,"Apartament 4 camere,decomandat, zona Piata Verde","Strada Liege, Aradului West, Timisoara, Timis",125000,1374,4,91
3158,"Dezvolatator, apartament 3 camere+terasa !!! comison 0%","Timisoara, Timis",125000,1471,3,85
1235,Apartament 2 camere zona Badea Cartan,"Cetate, Timisoara, Timis",125000,1506,2,83
326,"AX470 Girocului, etaj intermediar, decomandat, spatios","Calea Girocului, Timisoara, Timis",125000,1524,4,82
1107,"RL040 Apartament 4 camere, Renovat, Et.1, Girocului","Cetate, Timisoara, Timis",125000,1524,4,82
1108,Apartament cu 4 camere \/ Girocului \/ Etajul 1,"Intrarea Martir Ewinger Slobodanca, Calea Girocului, Timisoara, Timis",125000,1524,4,82
2207,"Girocului, 3 camere, Decomandat","Strada Crivaia, Plavat, Timisoara, Timis",125000,1524,3,82
1903,Apartament 4 camere utilat si mobilat partial | Calea Girocului,"Calea Girocului, Timisoara, Timis",125000,1563,4,80
2098,"Un apartament amenajat, cu centrala proprie in Girocului.","Elisabetin, Timisoara, Timis",125000,1563,4,80
2099,"Spatios, frumos, la etajul 1 in Girocului.","Calea Girocului, Timisoara, Timis",125000,1563,4,80
2679,Sagului-3 cam- et 2- Bloc Nou,"Steaua, Timisoara, Timis",125000,1563,3,80
1111,AV116 | Apartament 4 camere | 78 mp,"Calea Girocului, Timisoara, Timis",125000,1603,4,78
3149,"Apartamente noi cu 3 camere, loc de parcare inclus, Aradului","Araduluri Est, Timisoara, Timis",125000,1667,3,75
2453,"Imopark Residence, apartament 3 camere, 2 bai, comision 0","Strada Arthur Rubenstein, Torontalului, Timisoara, Timis",125000,1761,3,71
13,"Proprietar, vand apartament 2 camere decomandat, 70mp utili, bloc nou","Cetate, Timisoara, Timis",125000,1786,2,70
448,"Apartament 3 camere, etaj intermediar, 70 mp, zona Complexului...","Bulevardul Eroilor de La Tisa, Stadion, Timisoara, Timis",125000,1786,3,70
2882,"AX237 Timisoara/Iulius Mall, mobilat-utilat,izolat termic","Aradului West, Timisoara, Timis",125000,1786,3,70
55,"Apartament 2 camere, confort 1 sporit in zona Ultracentrala.","Cetate, Timisoara, Timis",125000,1923,2,65
670,"Girocului, 3 camere, Bloc nou","Strada Gospodarilor, Fratelia, Timisoara, Timis",125000,1923,3,65
937,Apartament luminos cu 3 camere | Calea Torontalului,"Strada Arthur Rubenstein, Torontalului, Timisoara, Timis",125000,2083,3,60
135,CM484 Torontalului | 2 Camere | Decomandat,"Bucovina, Timisoara, Timis",125000,2315,2,54
376,Torontal Bloc Nou 2 Camere Lux | 54mp Utili Etaj 1\/15 | Complet Mobi,"Calea Torontalului, Torontalului, Timisoara, Timis",125000,2315,2,54
561,"Vând apartament 2 camere, zona Torontalului","Cetate, Timisoara, Timis",125000,2315,2,54
111,"Ap.2.5cam complet mobilat+utilat LUX | et.1,loc parcare| XCity Towers","Calea Torontalului, Torontalului, Timisoara, Timis",125000,2323,2,53.8
498,Grand Park Tower Timisoara | 3 camere | TORONTALULUI,"Calea Torontalului, Torontalului, Timisoara, Timis",125500,1494,3,84
2325,"Apartament 2 camere, 75 mp, mobilat/utilat, zona Garii","Bulevardul General Ion Dragalina, Iosefin, Timisoara, Timis",125500,1673,2,75
2984,LUNEI - 3 cam - dec - ETAJ 1- GARAJ+BOXA,"Lunei, Timisoara, Timis",126990,1411,3,90
2108,Etaj 1. Decomandat. Aproape de Casa de Pensii. Fabric.,"Fabric, Timisoara, Timis",127000,1411,3,90
1500,"Apartament de 3 camere, semidecomandat, 75 mp, cochet, zona Lipovei","Strada Aurora, Araduluri Est, Timisoara, Timis",127000,1693,3,75
699,AV126 | Penthouse 3 camere | 71 mp Buziasului,"Ciarda Rosie, Timisoara, Timis",127000,1789,3,71
969,Penthouse cu 3 camere si terasa de 46mp | Buziasului,"Calea Buziasului, Timisoara, Timis",127000,1814,3,70
1011,Proprietar Vand Apartament 2 Camere Vivalia Soarelui,"Cetate, Timisoara, Timis",127000,1984,2,64
1372,"Apartament DE VANZARE, 2 camere, 60mp utili, zona Freidorf","Strada Ion Slavici, Freidorf, Timisoara, Timis",127000,2117,2,60
1923,Ultracentral. Etaj intermediar. Cu centrala proprie,"Cetate, Timisoara, Timis",127000,2117,2,60
143,"AX473 Soarelui/Vivalia, mobilat-utilat, etaj intermediar","Elisabetin, Timisoara, Timis",127000,2228,2,57
1058,Apartament ultracentral modern,"Piata Victoriei, Cetate, Timisoara, Timis",127000,3629,1,35
1142,Ap.ULTRACENTRAL cu 1 cam. complet mobilat si utilat | Piata Victoriei,"Cetate, Timisoara, Timis",127000,3629,1,35
2034,"Gradina 230 mp, langa Padurea Verde-Dumbravita, 2 niveluri.","Lipovei / Calea Sever Bocu, Timisoara, Timis",127300,1299,4,98
3030,Central – Apartament 3 Camere – Renovat – Imobil Istoric,"Elisabetin, Timisoara, Timis",127900,1505,3,85
1278,Apartament cu 4 camere intre Dumbravita si Lipovei - ID V4986,"Araduluri Est, Timisoara, Timis",127990,1488,4,86
1357,"Apartament cu 4 camere, in zona Lipovei","Strada Perlei, Araduluri Est, Timisoara, Timis",128000,1471,4,87
3165,"Apartament cu 3 camere, panorama superba, zona Soarelui","Ciarda Rosie, Timisoara, Timis",128000,2032,3,63
2554,Lipovei 2.5 Camere | 53mp Etaj 9\/11 Bloc Nou | Vedere Panoramica,"Strada Ion Ionescu de La Brad, Lipovei / Calea Sever Bocu, Timisoara, Timis",128000,2327,3,55
1429,Ap 2cam mobilat+utilat | bloc nou - Complex rezidential |zona CENTRALA,"Cetate, Timisoara, Timis",128000,2344,2,54.6
274,Apartament doua camere LUX,"Cetate, Timisoara, Timis",128000,2370,2,54
2610,"Apartament 3 camere, 80 mp, zona Tipografilor","Strada Aurel Popovici, Tipografilor, Timisoara, Timis",128800,1610,3,80
183,Ap3cam complet mobilat+utilat LUX | Aradului | Iullius Mall |,"Araduluri Est, Timisoara, Timis",129000,1767,3,73
349,Apartament 4 camere Aradului/Piata verde/LUX,"Araduluri Est, Timisoara, Timis",129000,1767,3,73
3218,SOL RESIDENCE | Apartament cu 3 camere | TIP AR3,"Cetate, Timisoara, Timis",129819,1926,3,67.4
434,"Apartament 3 camere, 120 mp, zona Josefin","Strada Iancu Vacarescu, Iosefin, Timisoara, Timis",129900,1083,3,120
1801,IOSEFIN - ETAJ 1 - CLADIRE ISTORICA - 3 cam 115mp - centrala - decoman,"Iosefin, Timisoara, Timis",129900,1130,3,115
1905,FABRIC - ETAJ 2 - 4 cam 100mp - dec - centrala proprie - clima - 2 bai,"Fabric, Timisoara, Timis",129900,1299,4,100
1669,TAKE IONESCU - LIFT - 3 cam spatios 95mp - decomandat - centrala - cli,"Cetate, Timisoara, Timis",129990,1368,3,95
1659,Apartament 3 Camere | Zona Centrala | Cladire Istorica,"Iosefin, Timisoara, Timis",129990,1781,2,73
1871,"AX358 Aradului, Amenajari Moderne, Etaj Intermediar","Aradului West, Timisoara, Timis",129990,1912,4,68
492,"Apartament 3 camere, circular, confort 1 sporit situat in zona Sinaia.","Blascovici, Timisoara, Timis",130000,1300,3,100
2704,"Apartamente premium cu 3 camere, loc de parcare inclus","Circumvalatiunii, Timisoara, Timis",130000,1512,3,86
864,"Apartament 4 camere, renovat integral, superb, Calea Girocului","Strada Martir Ioan Stanciu, Calea Girocului, Timisoara, Timis",130000,1585,4,82
2669,Apartament superb cu 3 camere in apropiere de Universitati.,"Cetate, Timisoara, Timis",130000,1625,3,80
2829,"Dacia, 3 camere, Renovat","Bulevardul General Ion Dragalina, Iosefin, Timisoara, Timis",130000,1625,3,80
190,CM500 4 Camere | Centrala Proprie | Garaj | Elisabetin,"Campus Universitar, Timisoara, Timis",130000,1667,4,78
2441,Apartament cu 4 camere de vânzare în zona Girocului (Judetean),"Strada Martir I. Claudiu Varcus, Calea Girocului, Timisoara, Timis",130000,1695,4,76.7
112,"Apartament 3 camere, 76 mp + 8 mp terasa, bloc nou, zona Martirilor","Strada Martir Dumitru Juganaru, Plavat, Timisoara, Timis",130000,1711,3,76
1332,"Apartament 3 camere, spatios, Piata Libertatii","Strada Coriolan Brediceanu, Cetate, Timisoara, Timis",130000,1757,3,74
1655,Torontal 3 Camere | 74mp Utili 2 Bai | Etaj 5\/9 | Complex Rezidentia,"Strada Vasile Lochita, Aradului West, Timisoara, Timis",130000,1757,3,74
1090,CM406 3 CAMERE | Cladire istorica | SINAIA,"Elisabetin, Timisoara, Timis",130000,1781,3,73
1635,"Apartament 3 camere, decomandat, situat in zona Sinaia","Blascovici, Timisoara, Timis",130000,1781,3,73
1818,"Apartament modern cu 4 camere, etaj intermediar, zona Aradului","Araduluri Est, Timisoara, Timis",130000,1912,4,68
821,"Proprietar, vand apartament 3 camere in Tipografilor","Cetate, Timisoara, Timis",130000,2167,3,60
113,"Apartament 2 camere, open space, zona Torontal","Circumvalatiunii, Timisoara, Timis",130000,2281,2,57
133,Torontalului 2 Camere Lux | 57mp Utili etaj 13\/15 | Vedere Panoramic,"Calea Torontalului, Torontalului, Timisoara, Timis",130000,2281,2,57
2347,"Apartament ultracentral Piata Victoriei, Catedrala","Cetate, Timisoara, Timis",130000,2549,2,51
1335,"Apartament ultracentral, 2 camere, etaj intermediar, P-ta Victoriei","Bulevardul Mihai Eminescu, Cetate, Timisoara, Timis",130000,2600,2,50
1626,Apartament superb etajul intai,"Zona Soarelui, Timisoara, Timis",131500,1241,3,106
886,COMISION 0% | Grand Park Tower | Torontalului,"Bucovina, Timisoara, Timis",131670,1899,3,69.33
1221,"Apartament cu 2 camere, in cladire istorica complet reabilitata, zona","Cetate, Timisoara, Timis",132000,1467,2,90
1318,"Apartament 3 camere, confort 1 situat in Piata Libertatii","Cetate, Timisoara, Timis",132000,1808,3,73
2801,Apartament cu 3 camere,"Cetate, Timisoara, Timis",134300,1815,3,74
1365,"Apartament de 3 camere, 75mp utili, terasa de 18 mp, Zona Torontalului","Strada Pelbartus, Aradului West, Timisoara, Timis",134400,1792,3,75
210,"Apartament 3 camere, decomandat, parter inalt, Zona Lipovei","Strada Lucerna, Lipovei / Calea Sever Bocu, Timisoara, Timis",134599,1584,3,85
1897,Aradului- 4 cam- renovat- et 2- mobilat complet!,"Araduluri Est, Timisoara, Timis",134900,1848,4,73
1613,"Apartament 4 camere, etaj intermediar,130 mp utili, zona Sinaia","Strada Virgil Madgearu, Elisabetin, Timisoara, Timis",135000,1038,4,130
1770,FABRIC - Model mare. Acces auto. Etaj 1.,"Fabric, Timisoara, Timis",135000,1164,3,116
2486,"Apartament cu 3 camere, Take Ionescu, 0%COMISION","Bulevardul Take Ionescu, Tipografilor, Timisoara, Timis",135000,1250,3,108
2859,Apartament 3 camere Comision 0,"Calea Buziasului, Timisoara, Timis",135000,1274,3,106
952,Apartament superb cu 4 camere | Zona Modern,"Strada Andrei Saguna, Fabric, Timisoara, Timis",135000,1350,4,100
2625,"Apartament de 2 camere, 93 mp, in cladire istorica, zona Centrala","Splaiul Tudor Vladimirescu, Elisabetin, Timisoara, Timis",135000,1452,2,93
2235,"Apartament 2 camere, cu loc de parcare in curte, in Piata Victoriei","Cetate, Timisoara, Timis",135000,1552,2,87
2711,Dumbravita cu terasa si curte,"Cetate, Timisoara, Timis",135000,1588,3,85
1524,"Apartament 3 camere, 81 mp, 2 bai, Girocului","Strada Ioachim Miloia, Calea Sagului, Timisoara, Timis",135000,1667,3,81
1848,Ap. 3 camere complet mobilat si utilat | P-ta Maria | Cladire Istorica,"Elisabetin, Timisoara, Timis",135000,1731,3,78
2015,"Comision 0%. Apartament cu 3 camere de lux situat in Braytim, CF de Ti","Cetate, Timisoara, Timis",135000,1753,3,77
936,Apartament renovat cu 4 camere de lux | Iulius Mall | Calea Aradului,"Strada Academician Romulus Radulet, Araduluri Est, Timisoara, Timis",135000,1849,4,73
3171,"Apartament 3 camere, decomandat, Complexul Studentesc","Campus Universitar, Timisoara, Timis",135000,1929,3,70
781,Penthouse - 3 camere decomandate - 3 terase,"Strada Claude Debussy, Zona Timisoara Sud, Timisoara, Timis",135000,1957,3,69
2162,Central. Piata Unirii! Pozitie excelenta !,"Cetate, Timisoara, Timis",135000,2596,2,52
1532,"Apartament 2 camere, 50 mp, etaj intermediar, zona Piata Unirii","Piata Unirii, Cetate, Timisoara, Timis",135000,2700,2,50
2661,SOL RESIDENCE | Apartament cu 3 camere | TIP AR2,"Cetate, Timisoara, Timis",135915,1700,3,79.95
578,Apartament 2 camere LUX Soarelui,"Strada Maresal Constantin Prezan, Zona Timisoara Sud, Timisoara, Timis",137000,2740,2,50
1054,"Vand apartament superb, mobilat si utilat lux, zona soarelui/lidia","Cetate, Timisoara, Timis",137000,2740,2,50
1872,"Dorobantilor, 4 camere, Renovat","Strada Andrei Saguna, Fabric, Timisoara, Timis",137500,1375,4,100
1382,"Apartament cu 4 camere, 2 bai, 2 balcoane in zona Fabric","Strada Andrei Saguna, Fabric, Timisoara, Timis",137500,1528,4,90
2840,Apartament cu 3 camere de vanzare in centru - ID V3903,"Cetate, Timisoara, Timis",137990,1533,3,90
1206,Aproape de Punctele Cardinale. Suprafata mare. 2 bai.,"Cetate, Timisoara, Timis",138000,1624,3,85
2622,"Apartament spatios, 3 camere, 85 mp, Take Ionescu","Bulevardul Take Ionescu, Cetate, Timisoara, Timis",138000,1624,3,85
2287,"Apartament 2 camere, Piata Operei, 3 locuri de parcare","Cetate, Timisoara, Timis",138000,2875,2,48
2653,SOL RESIDENCE | Apartament cu 2 camere | TIP AS7,"Cetate, Timisoara, Timis",138814,2373,2,58.5
628,"Vand apartament 4 camere, etaj 1, dec , Calea Torontarului str. Orsova","Cetate, Timisoara, Timis",139000,1635,4,85
855,Decomandat Etaj 1 Torontalului,"Strada Orsova, Aradului West, Timisoara, Timis",139000,1738,4,80
2805,COMPLEXUL STUDENTESC - 3 cam spatios - ET 1 - dec -centrala - clima -,"Campus Universitar, Timisoara, Timis",139900,1320,3,106
2660,SOL RESIDENCE | Apartament cu 3 camere | TIP AR2,"Cetate, Timisoara, Timis",139912,1750,3,79.95
1904,ARADULUI - 4 cam - ETAJ 2 - decomandat - centrala - 2 bai - 2 clime -,"Araduluri Est, Timisoara, Timis",139990,1346,4,104
1736,2 Apartamente la curte comuna in zona Printul Turcesc.,"Fabric, Timisoara, Timis",140000,892,5,157
1506,"Apartament 4 camere, 108 mp, zona Aleea Scurta","Strada Martir Dan Carpin, Araduluri Est, Timisoara, Timis",140000,1359,4,103
1149,"Apartament cu 3 camere modern, in zona Complexului Studentesc.","Campus Universitar, Timisoara, Timis",140000,1373,3,102
2139,"Lipovei. Apartament spatios, la 2 minute de Iulius Mall.","Lipovei / Calea Sever Bocu, Timisoara, Timis",140000,1474,4,95
494,Proprietar Vand apartament 3 camere braytim,"Cetate, Timisoara, Timis",140000,1750,3,80
1462,"Apartament 3 camere, 75 mp, centrala proprie, Complex Studentesc","Strada Carpati, Stadion, Timisoara, Timis",140000,1867,3,75
2901,"Apartament 2 camere, decomandat, Piata Unirii","Cetate, Timisoara, Timis",140000,2333,2,60
731,Proprietar vand apartament zona ultracentrală,"Cetate, Timisoara, Timis",142899,2464,2,58
1138,"SX170 Calea Aradului (OMV), Curte proprie, Apollo Nord","Araduluri Est, Timisoara, Timis",143000,2554,2,56
2461,"Aradului, 2 camere, BLOC NOU, GRADINA PROPRIE","Araduluri Est, Timisoara, Timis",143000,2554,2,56
1975,"Apartament tip Samantha, pe 2 nivele, zona Fabric","Fabric, Timisoara, Timis",145000,1160,5,125
1804,Sinaia- 3 cam- 121 m2 utili- zona foarte buna!,"Cetate, Timisoara, Timis",145000,1198,3,121
1730,"Apartament cu 3 camere,decomandat si circular ,situat la etajul 1,Elis","Campus Universitar, Timisoara, Timis",145000,1208,3,120
941,Apartament spatios cu 4 camere | Lipovei | Iulius Mall,"Strada Antenei, Antene, Timisoara, Timis",145000,1408,4,103
1353,"APARTAMENT 4 CAMERE, 2 BAI, LIPOVEI, 116 MP + GARAJ","Calea Sever Bocu, Lipovei / Calea Sever Bocu, Timisoara, Timis",145000,1408,4,103
2281,Balcescu-4 cam- dec-Garaj-Central P,"Elisabetin, Timisoara, Timis",145000,1593,4,91
765,Proprietar vand ap.3 cam.Girocului,"Cetate, Timisoara, Timis",145000,1813,3,80
1885,"AX357 Girocului-Lidia, mobilat-utilat, gradina,loc parcare","Zona Timisoara Sud, Timisoara, Timis",145000,1813,3,80
3221,"Ideal pentru investitie, Ultracentral, Piata Unirii, Centru, parter","Piata Unirii, Cetate, Timisoara, Timis",145000,1813,3,80
27,Oportunitate de investitie in Piata Unirii.,"Cetate, Timisoara, Timis",145000,1859,4,78
1924,"Circumvalatiunii, 3 camere, Renovat","Calea Circumvalatiunii, Blascovici, Timisoara, Timis",145000,2266,3,64
2344,Apartament 2 Camere Lux Renovat | Etaj 1 | 62 mp | Odobescu,"Elisabetin, Timisoara, Timis",145000,2339,2,62
426,Apartament 2 camere X City Tower 1,"Cetate, Timisoara, Timis",145000,2685,2,54
2605,"OX487 Ateneo, Mobilat si Utilat, Amenajari Premium","Aradului West, Timisoara, Timis",145000,2832,2,51.2
544,Spatios cu Gradina Proprie zona Odobescu,"Bulevardul Constantin Brancoveanu, Odobescu, Timisoara, Timis",149000,1146,4,130
953,Apartament cu 4 camere si vedere catre Bega | Badea Cartan,"Splaiul Nistrului, Fabric, Timisoara, Timis",149000,1528,4,97.5
1582,"Apartament 2 camere, lux, decomandat, mobilat si utilat, 61 mp...","Strada Tristan Tzara, Araduluri Est, Timisoara, Timis",149000,2443,2,61
964,Apartament cu 3 camere CLADIRE ISTORICA | ULTRACENTRAL,"Cetate, Timisoara, Timis",149500,1846,3,81
2883,"Apartament 4 camere, 97 mp, zona Badea Cartan - V4024","Fabric, Timisoara, Timis",149990,1538,4,97.5
3026,Central- 4 cam- centrala proprie- zona superba,"Cetate, Timisoara, Timis",150000,1230,4,122
1758,OFERTĂ!!!!APARTAMENT 5 CAMERE SPITALUL JUDETEAN COMISON 0 CUMPARATOR,"Strada Uranus, Zona Soarelui, Timisoara, Timis",150000,1250,5,120
1152,"Apartament 112 mp, imobil nou, zona Torontalului","Strada Arthur Rubenstein, Torontalului, Timisoara, Timis",150000,1339,5,112
2330,Super Oferta! Apartament de 110 mp in zona Iosefin.,"Bulevardul General Ion Dragalina, Iosefin, Timisoara, Timis",150000,1364,3,110
1775,"ap. 4 camere, zona Bucovina, modelul mare, mobilat, utilat lux","Bucovina, Timisoara, Timis",150000,1429,4,105
2091,Central - Piata Maria. Apartament Deosebit.,"Cetate, Timisoara, Timis",150000,1500,3,100
3032,Central - ap. 3 cam - 87mp utili - centrala proprie,"Cetate, Timisoara, Timis",150000,1724,3,87
1172,"Apartament 3 camere, confort 1 sporit in zona Ultracentrala.","Cetate, Timisoara, Timis",150000,1875,3,80
2956,"Soarelui, 3 camere, Bloc nou","Strada Cerna, Stadion, Timisoara, Timis",150000,2000,3,75
462,"Oportunitate, apartament 3 camere, parter cu terasa,ansamblu...","Strada Doamna Chiajna, Blascovici, Timisoara, Timis",150000,2206,3,68
2290,"Apartament 3 camere , Zona Medicinei","Cetate, Timisoara, Timis",150000,2239,3,67
432,"Apartament 2 camere, 50 mp, etaj intermediar, Ultracentral","Strada Marasesti, Cetate, Timisoara, Timis",152000,3040,2,50
2800,"Penthouse cu terasa de 94 mp, living-bucatarie, 2 dormitoare, 2...","Strada Vasile Lochita, Timisoara, Timis",152400,2275,3,67
2682,"Apartament deosebit la casa cu terasa si gradina, zona Aradului comisi","Araduluri Est, Timisoara, Timis",155000,1325,3,117
1519,"Apartament 3 camere, 64 mp, zona Dacia","Strada Timis, Circumvalatiunii, Timisoara, Timis",155000,2422,3,64
2436,"Apartament exclusivist cu 3 camere 82mp , bloc de lux, zona Lipovei -","Antene, Timisoara, Timis",157990,1927,3,82
425,Proprietar vand ap 123 mp Balcescu parcul Carmen Sylva,"Bulevardul Mihai Viteazu, Elisabetin, Timisoara, Timis",158000,1285,3,123
3230,Apartament Balcescu Mihai Viteazul Carmen Sylva 123 mp,"Strada Arhitect Laszlo Szekely, Elisabetin, Timisoara, Timis",158000,1285,4,123
1272,Apartament spațios lansa Parcul Rozelor.,"Cetate, Timisoara, Timis",158700,1653,3,96
1091,"Bălcescu (Putna), 3 camere lux","Elisabetin, Timisoara, Timis",159900,1950,3,82
504,Vand apartament cu 3 camere,"Cetate, Timisoara, Timis",160000,1569,3,102
1409,"Apartament de 3 camere, 85mp utili, cochet, Torontalului","Strada Augustin Coman, Aradului West, Timisoara, Timis",160000,1882,3,85
2712,"Apartament de 3 camere, 82 mp, ultracentral","Strada Lucian Blaga, Cetate, Timisoara, Timis",160000,1951,3,82
3037,Apartament 3 camere | zona Stadion,"Cetate, Timisoara, Timis",160000,2133,3,75
792,Aradului Penthouse Iris Sedako 2 Camere | Etaj 11\/11 65mp Utili 35mp,"Strada Armoniei, Araduluri Est, Timisoara, Timis",160000,2462,2,65
1625,"Apartament 2 camere | mobilat si utilat LUX | Calea Aradului, SEDAKO","Araduluri Est, Timisoara, Timis",160000,2462,2,65
2353,"Apartament cu 2 camere si terasa, zona Aradului, loc de parcare subter","Araduluri Est, Timisoara, Timis",160000,2462,2,65
99,"SX215 Timisoara-Torontalului, Loc parcare, Finisate la cheie","Timisoara, Timis",160380,1500,3,106.92
680,"Apartament lux Dumbravita-hotel Galaxy, complet mobilat si utilat","Cetate, Timisoara, Timis",162400,1562,3,104
1251,"SX158 Campeador Residence, Penthouse, Parcare Subterana","Timisoara, Timis",163000,1523,3,107
368,"Lux, Deosebit, 3 Camere, Spatios 100mp, Priveliste, Comision 0","Cetate, Timisoara, Timis",163000,1630,3,100
315,"APARTAMENT RENOVAT, IMOBIL ISTORIC, LA 350M DE CATEDRALA, COMISION 0%","Elisabetin, Timisoara, Timis",163000,2397,3,68
690,"Comision 0%. Apartament 4 cam, 2 bai, etaj 1, de vînzare în Timisoara.","Cetate, Timisoara, Timis",164000,1491,4,110
1988,Compartimentare ideala. Instalatii schimbate. Garii.,"Iosefin, Timisoara, Timis",164000,1505,3,109
667,Apartament spatios cu 4 camere | C.D. Loga | ULTRACENTRAL,"Bulevardul Constantin D. Loga, Cetate, Timisoara, Timis",164000,1519,4,108
2684,"Apartament 2 camere, etaj 1, Complexul Studentesc","Campus Universitar, Timisoara, Timis",164000,1562,2,105
2431,"Oportunitate! Apartament 2 camere,100 mp, Semicentral","Strada Johan Heinrich Pestalozzi, Campus Universitar, Timisoara, Timis",164000,1640,2,100
2482,"Imopark Residence, apartamente cu terase generoase, comision 0%","Strada Arthur Rubenstein, Torontalului, Timisoara, Timis",164000,1843,3,89
2746,"Apt. pe doua niveluri, 106.94 mp utili, TERASA 18 mp, Shopping City!","Strada Podgoriei, Freidorf, Timisoara, Timis",164556,1539,3,106.94
2329,"Oportunitate! Apartament de 3 camere, 108mp utili, cladire...","Splaiul Nicolae Titulescu, Iosefin, Timisoara, Timis",164999,1528,3,108
965,Apartament deosebit cu 3 camere | Central,"Splaiul Nicolae Titulescu, Iosefin, Timisoara, Timis",165000,1514,3,109
1055,"Apartament 3 camere, confort 1 sporit in zona Iosefin.","Iosefin, Timisoara, Timis",165000,1528,3,108
1595,Apartament 3 Camere | Etaj 2/3 | Vedere inspre Bega | Zona Iosefin,"Blascovici, Timisoara, Timis",165000,1528,3,108
2404,Apartament 3 Camere in Centrul Timisoarei,"Cetate, Timisoara, Timis",165000,1602,3,103
629,"Apartament cu 2 camere, decomandat zona Centrala","Cetate, Timisoara, Timis",165000,1650,2,100
447,Penthouse 2 camere Aradului,"Strada Lucian Blaga, Cetate, Timisoara, Timis",165000,2538,2,65
1027,"Penthouse nou, Calea Torontalului","Calea Girocului, Timisoara, Timis",165189,949,3,174
475,"SUPER OFERTA! Penthouse 3 camere, TERASA de 97 mp, zona TORONTALULUI","Calea Torontalului, Torontalului, Timisoara, Timis",165200,2294,3,72
2251,ARADULUI - Bloc 2018 LIFT - LUX 3 cam -decomandat - incalzire pardosea,"Araduluri Est, Timisoara, Timis",168000,2049,3,82
1610,"Apartament 4 camere, zona Spitalul Judetean, 110 mp utili","Strada Severin, Elisabetin, Timisoara, Timis",169000,1536,4,110
1732,COMISION 0% |Ap.3camere | mobilat si utilat LUX | BLOC NOU | ARADULUI,"Araduluri Est, Timisoara, Timis",169000,2061,3,82
2472,"Penthouse 74 mp utili si terasa imensa de 105 mp 2 dormitoare, 2...","Calea Torontalului, Bucovina, Timisoara, Timis",169200,2286,3,74
2477,Penthouse 74 mp si terasa SUPERBA de 105 mp - Calea Torontalului,"Calea Torontalului, Torontalului, Timisoara, Timis",169200,2286,3,74
2561,TORONTAL - 4 cam LUX - ETAJ 2 - dec - centrala - clima - renovat compl,"Circumvalatiunii, Timisoara, Timis",169900,1888,4,90
2192,"Apartament SPECTACULOS, 3 camere | Terasa 250 mp | Vedere Panoramica","Ghiroda, Timisoara, Timis",169900,2039,3,83.33
1644,Etajul 2. Centrala proprie. Mobilat si utilat. Langa Iulius Town.,"Circumvalatiunii, Timisoara, Timis",170000,1889,4,90
437,"Oportunitate! Apartament de 3 camere, lux, Ciarda Rosie","Strada Petuniei, Ciarda Rosie, Timisoara, Timis",170000,2208,3,77
88,"Apartament cu 2 camere, open space, zona Take Ionescu","Cetate, Timisoara, Timis",170000,3333,2,51
291,Proprietar-3 camere-MEDICINA-Et.2-Centrala Proprie,"Cetate, Timisoara, Timis",174990,2917,3,60
1262,Apartament istoric cu 3 camere in zona Iosefin,"Elisabetin, Timisoara, Timis",175000,1268,3,138
168,Spatiu Comercial-Girocului-5 Cam-Vitrina 12 M-135 MP Utili-175.000Euro,"Strada Maresal Alexandru Averescu, Plavat, Timisoara, Timis",175000,1296,5,135
668,Apartament spatios cu 4 camere | C.D. Loga | ULTRACENTRAL,"Bulevardul Constantin D. Loga, Cetate, Timisoara, Timis",175000,1620,4,108
392,"Apartament cu 4 camere decomandat Piata Unirii, Park Botanic","Cetate, Timisoara, Timis",175000,1842,4,95
828,"Apartament 3 camere, confort 1 sporit langa Medicina.","Araduluri Est, Timisoara, Timis",175000,1842,3,95
1445,"Apartament 3 camere, 95 mp, Medicina","Strada Vasile Goldis, Cetate, Timisoara, Timis",175000,1842,3,95
1742,"Apartament 4 camere, decomandat, Piata Marasti","Cetate, Timisoara, Timis",175000,1842,4,95
1799,"Apartament cu 4 camere, 2 bai, 2 balcoane, Ultracentral, garaj inclus","Strada Popa Sapca, Tipografilor, Timisoara, Timis",175000,1842,5,95
302,"Balcescu, 4 camere,2 bai,2 balcoane, 112 mp utili,centrala proprie","Piata Nicolae Balcescu, Elisabetin, Timisoara, Timis",177000,1580,4,112
3145,"Apartament cu 3 camere, 2 bai si 2 balcoane in zona centrala","Cetate, Timisoara, Timis",178500,2625,3,68
1695,"Apartament 3 camere, Bastion Timisoara - Medicina","Iosefin, Timisoara, Timis",179000,1884,3,95
1882,"Apartament cu 1 camera complet mobilat si utilat, finisaje de lux, sit","Cetate, Timisoara, Timis",179000,3978,1,45
2403,PROPIETAR Circumvalatiunii langa CATEDRALA-BEGA nou Modern 2bai LIBER!,"Cetate, Timisoara, Timis",179800,2335,3,77
1224,"SX165 City of Mara, Perfect Pentru Investitie.","Circumvalatiunii, Timisoara, Timis",179800,2644,3,68
850,"Oportunitate! apartament 4 camere la 5 minute de centru, 115 mp...","Bulevardul Constantin D. Loga, Cetate, Timisoara, Timis",180000,1565,4,115
438,"Apartament 4 camere, zona Elisabetin","Cetate, Timisoara, Timis",180000,1800,4,100
3031,Torontal 3 Camere | 89mp Etaj 2\/9| Parcare Subterana | Complex Rezid,"Calea Torontalului, Torontalului, Timisoara, Timis",180000,2535,3,71
1109,Proprietar vand apartament spatios cu gradina de 175 mp zona Aradului,"Cetate, Timisoara, Timis",182000,1916,3,95
182,Apartament spatios/ penthouse 5 camere zona Odobescu,"Cetate, Timisoara, Timis",184800,924,4,200
1078,"Penthouse pe 3 nivele, spatios in zona Odobescu","Elisabetin, Timisoara, Timis",184800,924,6,200
1094,AV114 | Apartament 6 camere | Odobescu| 200mp,"Cetate, Timisoara, Timis",184800,924,6,200
451,"PENTHOUSE CU TERASA, 140 MP UTILI SI 2 LOCURI DE PARCARE","Calea Buziasului, Timisoara, Timis",185000,1321,4,140
1807,"Aparatament 3 camere, centrala proprie in Piata Balcescu.","Elisabetin, Timisoara, Timis",185000,1542,3,120
2868,"SAD, Central, Piata 700-Centru,103 mp + terasa+ Garaj","Strada Colonel Ion Enescu, Cetate, Timisoara, Timis",185000,1796,3,103
1408,"Penthouse de 4 camere decomandat 98.4 mp, terasa 36.5 mp Torontalului","Strada Nicolae Table, Aradului West, Timisoara, Timis",186000,1890,4,98.4
514,"Apartament 3 camere, 95 mp utili, decomandat, etajul 3, zona...","Strada D. Mendeleev, Circumvalatiunii, Timisoara, Timis",186000,1958,3,95
1761,"Apartament 3 camere, 115mp, pozitie excelenta, Piata Balcescu","Piata Crucii, Elisabetin, Timisoara, Timis",187000,1626,3,115
1004,Apartament in Braytim - 4 camere - 130 de mp - mobilat - locatie excel,"Cetate, Timisoara, Timis",189000,1454,4,130
1113,4 Camere \/ etajul 1 \/ Soarelui - Braytime,"Intrarea Vasile Voiculescu, Zona Timisoara Sud, Timisoara, Timis",189000,1454,4,130
2248,"Apartament renovat, cu 4 camere, complet mobilat si utilat, situat in","Cetate, Timisoara, Timis",189000,1890,4,100
2615,"Apartament de 3 camere, 114 mp, la mansarda, Piata Unirii","Strada Paul Chinezu, Cetate, Timisoara, Timis",190000,1667,3,114
2925,"Penthouse cu 3 camere, decomandat, in zona Piata Unirii.","Cetate, Timisoara, Timis",190000,1667,3,114
2904,Aradului Penthouse 3 Camere | 106mp Utili 125mp Terasa | Parcare Subte,"Strada Vasile Lochita, Aradului West, Timisoara, Timis",190000,1792,3,106
2381,"Ultracentral, 2 camere, POZITIE EXCELENTA","Cetate, Timisoara, Timis",196990,2558,2,77
2397,PIATA UNIRII - 2 cam - ETAJ 2 - dec - centrala - clima - BOXA,"Cetate, Timisoara, Timis",196990,2558,2,77
2388,Ultracentral - Apartament 2 Camere - Piata Unirii,"Strada Florimund Mercy, Cetate, Timisoara, Timis",197000,2463,2,80
1891,Apartament 3 camere complet mobilat | P-ta Unirii | Cladire Istorica,"Cetate, Timisoara, Timis",197000,2558,3,77
2385,"Apartament cu 2 camere, in Piata Unirii","Cetate, Timisoara, Timis",197000,2558,2,77
1488,"Apartament tip penthouse, 177 mp, terasa, Lipovei","Strada Divizia 9 Cavalerie, Lipovei / Calea Sever Bocu, Timisoara, Timis",199000,1124,5,177
2708,Apartament tip Penthouse in Timisoara,"Lipovei / Calea Sever Bocu, Timisoara, Timis",199000,1309,5,152
2740,"Penthouse cu doua nivele, Zona Lipovei","Antene, Timisoara, Timis",199000,1327,6,150
1258,"Proprietar - Ap. 5 camere 143mp, în complex (la 20m de Fac de Drept)","Cetate, Timisoara, Timis",199000,1392,4,143
2930,"APARTAMENT IN ASOCIATIE, 150 MP, CENTRALA TERMICA, COMPLEX!","Strada Cozia, Elisabetin, Timisoara, Timis",199000,1531,5,130
2629,"Oportunitate! Penthouse spatios, 110 mp, luminos, zona Odobescu","Strada Romulus, Odobescu, Timisoara, Timis",199000,1809,3,110
137,"Penthouse pe 2 niveluri, zona Odobescu","Elisabetin, Timisoara, Timis",199000,1860,3,107
181,Penthouse Odobescu - 3 camere,"Cetate, Timisoara, Timis",199000,1860,3,107
2332,Apartament Elegant 4 Camere – Balcescu,"Strada Ghirlandei, Elisabetin, Timisoara, Timis",200000,1869,4,107
1876,"Penthouse deosebit cu 3 camere, in Piata Unirii","Cetate, Timisoara, Timis",200000,2222,3,90
2496,"Apartament deosebit in vila, 90 mp, garaj si terasa, zona Centrala","Strada Semenic, Cetate, Timisoara, Timis",200000,2222,2,90
750,Vand apartament 3 camere zona Torontalului - ID : RH-37425-property,"Cetate, Timisoara, Timis",200000,2439,3,81.99
241,"Apartament de 4 camere, semidecomandat, 100mp utili, zona Aradului","Strada Dr. Grigore T. Popa, Araduluri Est, Timisoara, Timis",201110,2011,4,100
2701,De vanzare apartament cu 3 camere - Balcon cu vedere spre Piata Operei,"Bulevardul Republicii, Cetate, Timisoara, Timis",205000,1864,3,110
435,"Penthouse superb, 2 camere, 86 mp, 2 terase, in Complexul Studentesc","Pasaj Michelangelo, Cetate, Timisoara, Timis",205000,2384,2,86
345,"OX517 Apartament Exclusivist, COMISION 0%","Araduluri Est, Timisoara, Timis",205000,3796,2,54
2662,SOL RESIDENCE | Apartament cu 3 camere | TIP P1,"Cetate, Timisoara, Timis",208190,2074,3,100.37
3065,Spatiu in zona Maria-Sinaia-Maria,"Elisabetin, Timisoara, Timis",210000,1034,6,203
1407,"Penthouse de 4 camere, decomandat,102.3 mp, terasa 89mp, Torontalului","Strada Augustin Coman, Aradului West, Timisoara, Timis",211000,2063,4,102.3
2573,Apartament 4 Camere - Semicentral - Zona Sinaia,"Piata Alexandru Mocioni, Elisabetin, Timisoara, Timis",219900,1349,4,163
966,Apartament spatios cu 5 camere | Terasa de 35mp | Sinaia,"Bulevardul Regele Carol I, Iosefin, Timisoara, Timis",220000,1517,5,145
2445,"Apartament cu 4 camere,in zona Ultracentrala, la parter cu 2 fronturi","Cetate, Timisoara, Timis",220000,1692,3,130
2848,Central | Apartament 4 Camere | Cladire Istorica,"Bulevardul General Ion Dragalina, Iosefin, Timisoara, Timis",220000,2056,4,107
3078,Central - Apartament 4 Camere - Bulevardul 3 August!,"Strada Episcop Joseph Nischbach, Fabric, Timisoara, Timis",220000,2056,4,107
3172,"Central, 4 camere, Renovat","Bulevardul Constantin D. Loga, Cetate, Timisoara, Timis",220000,2056,4,107
2567,"Proprietar. Vand ap. In vila, zona Medicinei","Cetate, Timisoara, Timis",220000,2200,2,100
2945,"Piata Libert&#259;&#539;ii, 3 camere, Ultracentral","Strada Lucian Blaga, Cetate, Timisoara, Timis",220000,2683,3,82
205,"Penthouse superb& apartamente Samanta- zona de nord a orașului,Lipovei","Lipovei / Calea Sever Bocu, Timisoara, Timis",222000,1897,3,117
3217,SOL RESIDENCE | Apartament cu 3 camere | TIP P2,"Cetate, Timisoara, Timis",222158,2162,3,102.76
1359,"Apartament de 3 camere, 155mp utili, balcon si 2 boxe, zona Neptun","Strada Episcop Joseph Nischbach, Fabric, Timisoara, Timis",223000,1439,3,155
2188,"Apartament Unic | 4 cam, 140 mp | Lift&Terasa 37 mp | Singur pe nivel","Strada Silistra, Lipovei / Calea Sever Bocu, Timisoara, Timis",228000,1900,4,120
1015,Central. Apartament in Zona 0 a orasului !,"Cetate, Timisoara, Timis",230000,1917,3,120
1375,"Apartament decomandat, 4 camere, cochet, 107mp utili, zona Neptun!","Bulevardul Revolutiei din 1989, Cetate, Timisoara, Timis",230000,2150,4,107
1573,"Ansamblu de vanzare construit compus din hala si anexa cu etaj,...","Strada Emile Zola, Fratelia, Timisoara, Timis",235000,1119,4,210
2910,Ultracentral 4 Camere 2 Bai | 135mp Utlil | Etaj 3\/3 Cladire Istoric,"Piata Sfantul Gheorghe, Cetate, Timisoara, Timis",235000,1741,4,135
2596,"Apartament de lux in cladire istorica in centrul Timisoarei, zona Nept","Piata Traian, Fabric, Timisoara, Timis",239000,2490,3,96
265,Penthouse spatios de 250mp utili | zona Modern,"Bulevardul Simion Barnutiu, Dorobantilor, Timisoara, Timis",240000,960,6,250
1044,"Apartament 5 camere decomandat, in zona Ultracentrala","Cetate, Timisoara, Timis",240000,1714,4,140
2177,"Ultracentral, apartament deosebit cu pozitie unica.","Cetate, Timisoara, Timis",240000,1778,4,135
1868,Ultracentral - Apartament cu 4 camere - Piata Unirii,"Strada Vasile Alecsandri, Cetate, Timisoara, Timis",240000,2034,4,118
3053,Ultracentral Piata Unirii 4 Camere | 118mp Utili Etajul 2,"Strada Vasile Alecsandri, Cetate, Timisoara, Timis",240000,2034,4,118
3139,"Piata Unirii, 4 camere, Ultracentral","Strada Vasile Alecsandri, Cetate, Timisoara, Timis",240000,2051,4,117
1844,"Apartament de vanzare, confort 1 sporit, in Piata Victoriei.","Cetate, Timisoara, Timis",240000,2286,2,105
1165,Pta Unirii. Complet mobilat si utilat. Amenajat. Investitie ideala.,"Cetate, Timisoara, Timis",250000,1953,3,128
1589,"Penthouse cu terasa de 127 mp, imobil nou, zona Torontalului","Strada Felix, Aradului West, Timisoara, Timis",250000,2315,3,108
2954,"Ultracentral, apartament 5camere, Lux","Strada Vasile Alecsandri, Cetate, Timisoara, Timis",255000,1378,5,185
436,"Apartament modern, 4 camere, 134 mp, zona Sinaia","Bulevardul General Ion Dragalina, Iosefin, Timisoara, Timis",258000,1925,4,134
1738,Sinaia-4 cam- renovat lux- mobilat!,"Blascovici, Timisoara, Timis",258000,1925,4,134
2542,"Apartament deosebit in cladire istorica, zona Iosefin","Iosefin, Timisoara, Timis",258000,1925,4,134
1460,"Apartament spatios, 128 mp, Ultracentral","Bulevardul Revolutiei din 1989, Cetate, Timisoara, Timis",259999,2031,4,128
634,"Apartament 3 camere renovat, mobilat complet | Baile Neptun","Strada Profesor Dionisie Lintia, Fabric, Timisoara, Timis",260000,2097,3,124
626,"Medicina, 3 camere, Renovat","Strada Profesor Dionisie Lintia, Fabric, Timisoara, Timis",260000,2114,3,123
832,"LX003 Ultracentral, Elegant si Spatios","Cetate, Timisoara, Timis",260000,2600,3,100
2908,Central Cladire Istorica 3 Camere | Etajul 2 | 110mp Utili,"Splaiul Tudor Vladimirescu, Iosefin, Timisoara, Timis",263000,2391,3,110
1151,"Penthouse 2 niveluri, 220 mp, 2 locuri parcare, zona Torontalului","Strada Arthur Rubenstein, Torontalului, Timisoara, Timis",265000,1205,5,220
1572,"Apartament 5 camere, 3 balcoane, zona istorica Elisabetin","Bulevardul Mihai Viteazu, Elisabetin, Timisoara, Timis",265000,1472,5,180
2191,"Apartament Unic | 4 cam, 140 mp | Lift&Terasa 37 mp | Singur pe nivel","Strada Silistra, Lipovei / Calea Sever Bocu, Timisoara, Timis",266000,1900,4,140
3079,"Apartament exclusivist 5 camere, in zona Centrala","Cetate, Timisoara, Timis",269000,1620,5,166
1215,Ultracentral Unirii Etaj 1,"Piata Unirii, Cetate, Timisoara, Timis",270000,2455,3,110
1508,"Apartament 3 camere, 90 mp, zona Cetatii","Strada Lucian Blaga, Cetate, Timisoara, Timis",280000,3111,3,90
1075,"Apartament exclusivist cu 3 camere, in zona Ultracentrala.","Araduluri Est, Timisoara, Timis",287000,2609,3,110
1811,"Medicina, 4 camere, Circular","Strada Semenic, Cetate, Timisoara, Timis",290000,2101,4,138
3140,"Ocazie investitii! Apartament cu boxa, 220 mp vila istorica in...","Strada Zlatna, Fabric, Timisoara, Timis",295000,1553,5,190
82,"Apartament 4 camere,circular, cochet, 147mp utili, zona Unirii","Strada 9 Mai, Cetate, Timisoara, Timis",295000,2007,4,147
642,Vând apartament ultracentral Piața Unirii,"Cetate, Timisoara, Timis",295000,2007,4,147
1358,"Apartament cu 3 camere, 2 bai, terasa, cladire istorica","Bulevardul 16 Decembrie 1989, Elisabetin, Timisoara, Timis",300000,1667,3,180
455,"Apartament de 3 camere, 82 mp, lux, Ultracentral","Strada Acad. Alexandru Borza, Cetate, Timisoara, Timis",319000,3890,3,82
1425,"Apartament de 4 camere, decomandat, 220 mp si teren, zona Neptun","Strada Sfetca Petru, Fabric, Timisoara, Timis",340000,1545,4,220
1324,Apartament cu 5 camere si spatiu comercial in Complexul Studentesc,"Campus Universitar, Timisoara, Timis",350000,2381,6,147
2514,"Ansamblu de 4 apartamente, 350 mp,10 camere,etaj intermediar, Iosefin","Bulevardul Iuliu Maniu, Iosefin, Timisoara, Timis",354999,1014,5,350
2324,"Imobil cu 4 apartamente, 350 mp, zona Iosefin","Bulevardul Regele Carol I, Iosefin, Timisoara, Timis",360000,1029,5,350
2506,"Apartament 4 camere, Cladire monument istoric, Zona Fabric","Fabric, Timisoara, Timis",363000,1650,4,220
545,Apartament 3 camere ultracentral 140 mp,"Cetate, Timisoara, Timis",365000,2607,3,140
1248,"Apartament exclusivist, finisaje premium, Ultracentral.","Cetate, Timisoara, Timis",365000,2607,3,140
2226,"Cladire istorica, oportunitate de investitie in Piata Unirii","Cetate, Timisoara, Timis",390000,677,6,576
2432,"Oportunitate! Apartament 5 camere, 576 mp, in P-ța Unirii","Strada Gheorghe Lazar, Cetate, Timisoara, Timis",390000,2294,5,170
1938,Apartament 4 camere la isho - fara agentii,"Cetate, Timisoara, Timis",399000,3410,4,117
1067,Penthouse exclusivist in zona Iosefin.,"Iosefin, Timisoara, Timis",429000,2246,4,191
1311,Penthouse exclusivist in Palatul Gemeinhardt,"Iosefin, Timisoara, Timis",430000,2251,4,191
1637,Iosefin Penthouse Exclusivist | 4 Camere 4 Bai | 191mp Utili,"Bulevardul General Ion Dragalina, Iosefin, Timisoara, Timis",430000,2251,4,191
